time,service,memory_mb,cpu_cores,restarts,latency_s,label
2026-10-02T17:31:32,loadgenerator,56.21484375,0.00877392458382623,0.0,0.0629,cpu_hog_recommendationservice_1
2026-10-02T17:31:32,redis-cart,6.6484375,0.0038463600162563396,0.0,0.0629,cpu_hog_recommendationservice_1
2026-10-02T17:31:32,checkoutservice,13.0,0.0010501097535867707,0.0,0.0629,cpu_hog_recommendationservice_1
2026-10-02T17:31:32,shippingservice,12.48828125,0.0015319542355252283,0.0,0.0629,cpu_hog_recommendationservice_1
2026-10-02T17:31:32,recommendationservice,34.23046875,0.013140777194832799,1.0,0.0629,cpu_hog_recommendationservice_1
2026-10-02T17:31:32,adservice,109.84765625,0.0036667171542325715,0.0,0.0629,cpu_hog_recommendationservice_1
2026-10-02T17:31:32,frontend,15.44140625,0.02219474413969331,0.0,0.0629,cpu_hog_recommendationservice_1
2026-10-02T17:31:32,emailservice,37.26953125,0.0058270005956677935,0.0,0.0629,cpu_hog_recommendationservice_1
2026-10-02T17:31:32,paymentservice,37.84765625,0.0007042076089695583,0.0,0.0629,cpu_hog_recommendationservice_1
2026-10-02T17:31:32,productcatalogservice,12.875,0.01180774494290717,0.0,0.0629,cpu_hog_recommendationservice_1
2026-10-02T17:31:32,currencyservice,34.1015625,0.011081821309332773,0.0,0.0629,cpu_hog_recommendationservice_1
2026-10-02T17:31:32,cartservice,41.484375,0.011887018037398655,0.0,0.0629,cpu_hog_recommendationservice_1
2026-10-02T17:31:37,loadgenerator,55.96484375,0.00851853539092296,0.0,0.0577,cpu_hog_recommendationservice_1
2026-10-02T17:31:37,redis-cart,5.91015625,0.0047456412243319255,0.0,0.0577,cpu_hog_recommendationservice_1
2026-10-02T17:31:37,checkoutservice,12.99609375,0.000820813079982256,0.0,0.0577,cpu_hog_recommendationservice_1
2026-10-02T17:31:37,shippingservice,12.74609375,0.0014125775022143356,0.0,0.0577,cpu_hog_recommendationservice_1
2026-10-02T17:31:37,recommendationservice,34.484375,0.016734087344175103,1.0,0.0577,cpu_hog_recommendationservice_1
2026-10-02T17:31:37,adservice,109.84765625,0.003501868643548733,0.0,0.0577,cpu_hog_recommendationservice_1
2026-10-02T17:31:37,frontend,15.44140625,0.02248661362448213,0.0,0.0577,cpu_hog_recommendationservice_1
2026-10-02T17:31:37,emailservice,36.73828125,0.0072583520896774755,0.0,0.0577,cpu_hog_recommendationservice_1
2026-10-02T17:31:37,paymentservice,37.87109375,0.0007468504360934984,0.0,0.0577,cpu_hog_recommendationservice_1
2026-10-02T17:31:37,productcatalogservice,12.875,0.010023923467976394,0.0,0.0577,cpu_hog_recommendationservice_1
2026-10-02T17:31:37,currencyservice,34.421875,0.017366901332178098,0.0,0.0577,cpu_hog_recommendationservice_1
2026-10-02T17:31:37,cartservice,41.484375,0.010353542512880632,0.0,0.0577,cpu_hog_recommendationservice_1
2026-10-02T17:31:43,loadgenerator,55.96484375,0.008632567625589746,0.0,0.0638,cpu_hog_recommendationservice_1
2026-10-02T17:31:43,redis-cart,5.91015625,0.004746651678175947,0.0,0.0638,cpu_hog_recommendationservice_1
2026-10-02T17:31:43,checkoutservice,12.99609375,0.0006840747410025452,0.0,0.0638,cpu_hog_recommendationservice_1
2026-10-02T17:31:43,shippingservice,12.74609375,0.0014125775022143358,0.0,0.0638,cpu_hog_recommendationservice_1
2026-10-02T17:31:43,recommendationservice,34.484375,0.016734087344175103,1.0,0.0638,cpu_hog_recommendationservice_1
2026-10-02T17:31:43,adservice,109.84765625,0.0028109499601765677,0.0,0.0638,cpu_hog_recommendationservice_1
2026-10-02T17:31:43,frontend,15.44140625,0.016928484901850758,0.0,0.0638,cpu_hog_recommendationservice_1
2026-10-02T17:31:43,emailservice,36.73828125,0.0072583520896774755,0.0,0.0638,cpu_hog_recommendationservice_1
2026-10-02T17:31:43,paymentservice,37.87109375,0.0007468504360934984,0.0,0.0638,cpu_hog_recommendationservice_1
2026-10-02T17:31:43,productcatalogservice,12.875,0.009650528941047728,0.0,0.0638,cpu_hog_recommendationservice_1
2026-10-02T17:31:43,currencyservice,34.421875,0.01523033829578689,0.0,0.0638,cpu_hog_recommendationservice_1
2026-10-02T17:31:43,cartservice,41.484375,0.008335780876321764,0.0,0.0638,cpu_hog_recommendationservice_1
2026-10-02T17:31:48,loadgenerator,55.96484375,0.008632567625589746,0.0,0.0679,cpu_hog_recommendationservice_1
2026-10-02T17:31:48,redis-cart,5.91015625,0.004560439781720167,0.0,0.0679,cpu_hog_recommendationservice_1
2026-10-02T17:31:48,checkoutservice,12.99609375,0.001042420422313232,0.0,0.0679,cpu_hog_recommendationservice_1
2026-10-02T17:31:48,shippingservice,12.23828125,0.001426016799678629,0.0,0.0679,cpu_hog_recommendationservice_1
2026-10-02T17:31:48,recommendationservice,34.50390625,0.016776847168089564,1.0,0.0679,cpu_hog_recommendationservice_1
2026-10-02T17:31:48,adservice,110.0859375,0.003419854475937913,0.0,0.0679,cpu_hog_recommendationservice_1
2026-10-02T17:31:48,frontend,16.078125,0.03008860247190489,0.0,0.0679,cpu_hog_recommendationservice_1
2026-10-02T17:31:48,emailservice,37.7265625,0.006701055317175006,0.0,0.0679,cpu_hog_recommendationservice_1
2026-10-02T17:31:48,paymentservice,37.87109375,0.0005344782922773763,0.0,0.0679,cpu_hog_recommendationservice_1
2026-10-02T17:31:48,productcatalogservice,13.1171875,0.013205234838903306,0.0,0.0679,cpu_hog_recommendationservice_1
2026-10-02T17:31:48,currencyservice,34.76953125,0.019774033491833827,0.0,0.0679,cpu_hog_recommendationservice_1
2026-10-02T17:31:48,cartservice,42.734375,0.012317213721841861,0.0,0.0679,cpu_hog_recommendationservice_1
2026-10-02T17:31:53,loadgenerator,55.96484375,0.008632567625589746,0.0,0.0905,cpu_hog_recommendationservice_1
2026-10-02T17:31:53,redis-cart,5.91015625,0.004560439781720168,0.0,0.0905,cpu_hog_recommendationservice_1
2026-10-02T17:31:53,checkoutservice,12.99609375,0.0010047675185144845,0.0,0.0905,cpu_hog_recommendationservice_1
2026-10-02T17:31:53,shippingservice,12.23828125,0.0015911953991511094,0.0,0.0905,cpu_hog_recommendationservice_1
2026-10-02T17:31:53,recommendationservice,34.50390625,0.01383902014855635,1.0,0.0905,cpu_hog_recommendationservice_1
2026-10-02T17:31:53,adservice,110.0859375,0.003569998756683086,0.0,0.0905,cpu_hog_recommendationservice_1
2026-10-02T17:31:53,frontend,16.078125,0.03008860247190489,0.0,0.0905,cpu_hog_recommendationservice_1
2026-10-02T17:31:53,emailservice,37.7265625,0.006701055317175006,0.0,0.0905,cpu_hog_recommendationservice_1
2026-10-02T17:31:53,paymentservice,37.87109375,0.0004784425856633652,0.0,0.0905,cpu_hog_recommendationservice_1
2026-10-02T17:31:53,productcatalogservice,13.1171875,0.013205234838903306,0.0,0.0905,cpu_hog_recommendationservice_1
2026-10-02T17:31:53,currencyservice,34.76953125,0.02100156220708618,0.0,0.0905,cpu_hog_recommendationservice_1
2026-10-02T17:31:53,cartservice,42.734375,0.01254888159293292,0.0,0.0905,cpu_hog_recommendationservice_1
2026-10-02T17:31:58,loadgenerator,56.45703125,0.008038534756273334,0.0,0.1355,cpu_hog_recommendationservice_1
2026-10-02T17:31:58,redis-cart,5.91015625,0.004356854719107987,0.0,0.1355,cpu_hog_recommendationservice_1
2026-10-02T17:31:58,checkoutservice,12.625,0.0011783556159829698,0.0,0.1355,cpu_hog_recommendationservice_1
2026-10-02T17:31:58,shippingservice,12.23828125,0.001591195399151109,0.0,0.1355,cpu_hog_recommendationservice_1
2026-10-02T17:31:58,recommendationservice,33.98046875,0.01488405174363371,1.0,0.1355,cpu_hog_recommendationservice_1
2026-10-02T17:31:58,adservice,110.0859375,0.003569998756683086,0.0,0.1355,cpu_hog_recommendationservice_1
2026-10-02T17:31:58,frontend,15.9921875,0.028721369905470175,0.0,0.1355,cpu_hog_recommendationservice_1
2026-10-02T17:31:58,emailservice,37.7265625,0.006701055317175006,0.0,0.1355,cpu_hog_recommendationservice_1
2026-10-02T17:31:58,paymentservice,37.76171875,0.0007876882235181448,0.0,0.1355,cpu_hog_recommendationservice_1
2026-10-02T17:31:58,productcatalogservice,12.640625,0.011132560870939874,0.0,0.1355,cpu_hog_recommendationservice_1
2026-10-02T17:31:58,currencyservice,33.5234375,0.020497464274619154,0.0,0.1355,cpu_hog_recommendationservice_1
2026-10-02T17:31:58,cartservice,43.18359375,0.011882103194467633,0.0,0.1355,cpu_hog_recommendationservice_1
2026-10-02T17:32:03,loadgenerator,56.45703125,0.008038534756273334,0.0,0.0763,cpu_hog_recommendationservice_1
2026-10-02T17:32:03,redis-cart,5.91015625,0.004356854719107987,0.0,0.0763,cpu_hog_recommendationservice_1
2026-10-02T17:32:03,checkoutservice,12.625,0.00137243638435239,0.0,0.0763,cpu_hog_recommendationservice_1
2026-10-02T17:32:03,shippingservice,12.23828125,0.0010599250000000282,0.0,0.0763,cpu_hog_recommendationservice_1
2026-10-02T17:32:03,recommendationservice,33.98046875,0.014884051743633712,1.0,0.0763,cpu_hog_recommendationservice_1
2026-10-02T17:32:03,adservice,110.0859375,0.002740866545443439,0.0,0.0763,cpu_hog_recommendationservice_1
2026-10-02T17:32:03,frontend,15.9921875,0.028721369905470175,0.0,0.0763,cpu_hog_recommendationservice_1
2026-10-02T17:32:03,emailservice,37.7265625,0.005235510977706086,0.0,0.0763,cpu_hog_recommendationservice_1
2026-10-02T17:32:03,paymentservice,37.76171875,0.0006711999999999386,0.0,0.0763,cpu_hog_recommendationservice_1
2026-10-02T17:32:03,productcatalogservice,12.640625,0.011132560870939874,0.0,0.0763,cpu_hog_recommendationservice_1
2026-10-02T17:32:03,currencyservice,33.5234375,0.02025522448363491,0.0,0.0763,cpu_hog_recommendationservice_1
2026-10-02T17:32:03,cartservice,43.18359375,0.012702618959793452,0.0,0.0763,cpu_hog_recommendationservice_1
2026-10-02T17:32:08,loadgenerator,56.45703125,0.008038534756273334,0.0,0.0978,cpu_hog_recommendationservice_1
2026-10-02T17:32:08,redis-cart,6.65234375,0.004445323375389505,0.0,0.0978,cpu_hog_recommendationservice_1
2026-10-02T17:32:08,checkoutservice,12.625,0.00137243638435239,0.0,0.0978,cpu_hog_recommendationservice_1
2026-10-02T17:32:08,shippingservice,12.2421875,0.0014427556726182243,0.0,0.0978,cpu_hog_recommendationservice_1
2026-10-02T17:32:08,recommendationservice,33.98046875,0.01488405174363371,1.0,0.0978,cpu_hog_recommendationservice_1
2026-10-02T17:32:08,adservice,109.83984375,0.003414074481890662,0.0,0.0978,cpu_hog_recommendationservice_1
2026-10-02T17:32:08,frontend,15.9921875,0.029448886319209385,0.0,0.0978,cpu_hog_recommendationservice_1
2026-10-02T17:32:08,emailservice,36.734375,0.006455724748180071,0.0,0.0978,cpu_hog_recommendationservice_1
2026-10-02T17:32:08,paymentservice,37.79296875,0.0007792245826668867,0.0,0.0978,cpu_hog_recommendationservice_1
2026-10-02T17:32:08,productcatalogservice,12.640625,0.011132560870939874,0.0,0.0978,cpu_hog_recommendationservice_1
2026-10-02T17:32:08,currencyservice,33.625,0.022239864600453976,0.0,0.0978,cpu_hog_recommendationservice_1
2026-10-02T17:32:08,cartservice,43.18359375,0.012702618959793452,0.0,0.0978,cpu_hog_recommendationservice_1
2026-10-02T17:32:13,loadgenerator,56.45703125,0.006148608247283838,0.0,0.0704,cpu_hog_recommendationservice_1
2026-10-02T17:32:13,redis-cart,6.65234375,0.004422627955701664,0.0,0.0704,cpu_hog_recommendationservice_1
2026-10-02T17:32:13,checkoutservice,12.625,0.001107011751180672,0.0,0.0704,cpu_hog_recommendationservice_1
2026-10-02T17:32:13,shippingservice,12.2421875,0.0014427556726182241,0.0,0.0704,cpu_hog_recommendationservice_1
2026-10-02T17:32:13,recommendationservice,33.98046875,0.011017071826579367,1.0,0.0704,cpu_hog_recommendationservice_1
2026-10-02T17:32:13,adservice,109.83984375,0.003210722423267322,0.0,0.0704,cpu_hog_recommendationservice_1
2026-10-02T17:32:13,frontend,15.9921875,0.029448886319209385,0.0,0.0704,cpu_hog_recommendationservice_1
2026-10-02T17:32:13,emailservice,36.734375,0.005456718873734748,0.0,0.0704,cpu_hog_recommendationservice_1
2026-10-02T17:32:13,paymentservice,37.79296875,0.0007792245826668865,0.0,0.0704,cpu_hog_recommendationservice_1
2026-10-02T17:32:13,productcatalogservice,12.640625,0.009618939943924305,0.0,0.0704,cpu_hog_recommendationservice_1
2026-10-02T17:32:13,currencyservice,33.625,0.023574351025042004,0.0,0.0704,cpu_hog_recommendationservice_1
2026-10-02T17:32:13,cartservice,43.18359375,0.01023545279232757,0.0,0.0704,cpu_hog_recommendationservice_1
2026-10-02T17:32:19,loadgenerator,56.22265625,0.007758181818181974,0.0,0.1593,cpu_hog_recommendationservice_1
2026-10-02T17:32:19,redis-cart,5.91015625,0.004446110613747135,0.0,0.1593,cpu_hog_recommendationservice_1
2026-10-02T17:32:19,checkoutservice,12.87109375,0.0012695122505568112,0.0,0.1593,cpu_hog_recommendationservice_1
2026-10-02T17:32:19,shippingservice,12.2421875,0.0014427556726182243,0.0,0.1593,cpu_hog_recommendationservice_1
2026-10-02T17:32:19,recommendationservice,35.00390625,0.01476226584520231,1.0,0.1593,cpu_hog_recommendationservice_1
2026-10-02T17:32:19,adservice,109.83984375,0.003210722423267322,0.0,0.1593,cpu_hog_recommendationservice_1
2026-10-02T17:32:19,frontend,15.15625,0.0287170886075966,0.0,0.1593,cpu_hog_recommendationservice_1
2026-10-02T17:32:19,emailservice,37.9609375,0.006730498979253091,0.0,0.1593,cpu_hog_recommendationservice_1
2026-10-02T17:32:19,paymentservice,37.79296875,0.0007792245826668865,0.0,0.1593,cpu_hog_recommendationservice_1
2026-10-02T17:32:19,productcatalogservice,13.12109375,0.012369096844396047,0.0,0.1593,cpu_hog_recommendationservice_1
2026-10-02T17:32:19,currencyservice,33.9296875,0.01922948214597319,0.0,0.1593,cpu_hog_recommendationservice_1
2026-10-02T17:32:19,cartservice,43.77734375,0.01457279879042736,0.0,0.1593,cpu_hog_recommendationservice_1
2026-10-02T17:32:24,loadgenerator,56.22265625,0.007758181818181975,0.0,0.1038,cpu_hog_recommendationservice_1
2026-10-02T17:32:24,redis-cart,5.91015625,0.003716355658344105,0.0,0.1038,cpu_hog_recommendationservice_1
2026-10-02T17:32:24,checkoutservice,12.87109375,0.0012695122505568112,0.0,0.1038,cpu_hog_recommendationservice_1
2026-10-02T17:32:24,shippingservice,12.2421875,0.001094065252880428,0.0,0.1038,cpu_hog_recommendationservice_1
2026-10-02T17:32:24,recommendationservice,35.00390625,0.012467184575507509,1.0,0.1038,cpu_hog_recommendationservice_1
2026-10-02T17:32:24,adservice,109.83984375,0.002376461246387146,0.0,0.1038,cpu_hog_recommendationservice_1
2026-10-02T17:32:24,frontend,15.15625,0.022137902803119756,0.0,0.1038,cpu_hog_recommendationservice_1
2026-10-02T17:32:24,emailservice,37.9609375,0.00673049897925309,0.0,0.1038,cpu_hog_recommendationservice_1
2026-10-02T17:32:24,paymentservice,37.79296875,0.0005920555931700173,0.0,0.1038,cpu_hog_recommendationservice_1
2026-10-02T17:32:24,productcatalogservice,13.12109375,0.007246949999999687,0.0,0.1038,cpu_hog_recommendationservice_1
2026-10-02T17:32:24,currencyservice,33.9296875,0.017904596383718423,0.0,0.1038,cpu_hog_recommendationservice_1
2026-10-02T17:32:24,cartservice,43.77734375,0.012206378666845156,0.0,0.1038,cpu_hog_recommendationservice_1
2026-10-02T17:32:29,loadgenerator,56.46484375,0.008023000266927597,0.0,0.1731,cpu_hog_recommendationservice_1
2026-10-02T17:32:29,redis-cart,6.6484375,0.003940174384977737,0.0,0.1731,cpu_hog_recommendationservice_1
2026-10-02T17:32:29,checkoutservice,12.87109375,0.0009109827468747214,0.0,0.1731,cpu_hog_recommendationservice_1
2026-10-02T17:32:29,shippingservice,12.23828125,0.0014918743451193559,0.0,0.1731,cpu_hog_recommendationservice_1
2026-10-02T17:32:29,recommendationservice,34.9609375,0.014610051292418307,1.0,0.1731,cpu_hog_recommendationservice_1
2026-10-02T17:32:29,adservice,110.09375,0.003068616829179837,0.0,0.1731,cpu_hog_recommendationservice_1
2026-10-02T17:32:29,frontend,15.5,0.02902524607717803,0.0,0.1731,cpu_hog_recommendationservice_1
2026-10-02T17:32:29,emailservice,36.73046875,0.0059903704173802485,0.0,0.1731,cpu_hog_recommendationservice_1
2026-10-02T17:32:29,paymentservice,37.80078125,0.0007548736686943009,0.0,0.1731,cpu_hog_recommendationservice_1
2026-10-02T17:32:29,productcatalogservice,12.875,0.011265412468934338,0.0,0.1731,cpu_hog_recommendationservice_1
2026-10-02T17:32:29,currencyservice,34.09375,0.021810383143339274,0.0,0.1731,cpu_hog_recommendationservice_1
2026-10-02T17:32:29,cartservice,45.26953125,0.01260394858735793,0.0,0.1731,cpu_hog_recommendationservice_1
2026-10-02T17:32:34,loadgenerator,56.46484375,0.006767969970208472,0.0,0.1346,cpu_hog_recommendationservice_1
2026-10-02T17:32:34,redis-cart,6.6484375,0.0047219133774699905,0.0,0.1346,cpu_hog_recommendationservice_1
2026-10-02T17:32:34,checkoutservice,12.87109375,0.0008152450826918848,0.0,0.1346,cpu_hog_recommendationservice_1
2026-10-02T17:32:34,shippingservice,12.23828125,0.001497074104457109,0.0,0.1346,cpu_hog_recommendationservice_1
2026-10-02T17:32:34,recommendationservice,34.9609375,0.012546422130840033,1.0,0.1346,cpu_hog_recommendationservice_1
2026-10-02T17:32:34,adservice,110.09375,0.003068616829179837,0.0,0.1346,cpu_hog_recommendationservice_1
2026-10-02T17:32:34,frontend,15.5,0.029025246077178022,0.0,0.1346,cpu_hog_recommendationservice_1
2026-10-02T17:32:34,emailservice,36.73046875,0.006925194763897989,0.0,0.1346,cpu_hog_recommendationservice_1
2026-10-02T17:32:34,paymentservice,37.80078125,0.0006126343566969446,0.0,0.1346,cpu_hog_recommendationservice_1
2026-10-02T17:32:34,productcatalogservice,12.875,0.009638467858733325,0.0,0.1346,cpu_hog_recommendationservice_1
2026-10-02T17:32:34,currencyservice,34.09375,0.014786000000000037,0.0,0.1346,cpu_hog_recommendationservice_1
2026-10-02T17:32:34,cartservice,45.26953125,0.012750427040084614,0.0,0.1346,cpu_hog_recommendationservice_1
2026-10-02T17:32:39,loadgenerator,56.46484375,0.008366760887510781,0.0,0.091,cpu_hog_recommendationservice_1
2026-10-02T17:32:39,redis-cart,6.6484375,0.0047219133774699905,0.0,0.091,cpu_hog_recommendationservice_1
2026-10-02T17:32:39,checkoutservice,12.625,0.0011541663266140556,0.0,0.091,cpu_hog_recommendationservice_1
2026-10-02T17:32:39,shippingservice,12.23828125,0.001497074104457109,0.0,0.091,cpu_hog_recommendationservice_1
2026-10-02T17:32:39,recommendationservice,36.12109375,0.015087891354337052,1.0,0.091,cpu_hog_recommendationservice_1
2026-10-02T17:32:39,adservice,109.83984375,0.0034600490864464617,0.0,0.091,cpu_hog_recommendationservice_1
2026-10-02T17:32:39,frontend,15.5,0.030740493478783992,0.0,0.091,cpu_hog_recommendationservice_1
2026-10-02T17:32:39,emailservice,36.98046875,0.006866610491661586,0.0,0.091,cpu_hog_recommendationservice_1
2026-10-02T17:32:39,paymentservice,37.8515625,0.0006992243904452158,0.0,0.091,cpu_hog_recommendationservice_1
2026-10-02T17:32:39,productcatalogservice,13.87109375,0.011992300251499126,0.0,0.091,cpu_hog_recommendationservice_1
2026-10-02T17:32:39,currencyservice,33.91015625,0.02083117334201672,0.0,0.091,cpu_hog_recommendationservice_1
2026-10-02T17:32:39,cartservice,45.26953125,0.011493578757484493,0.0,0.091,cpu_hog_recommendationservice_1
2026-10-02T17:32:45,loadgenerator,56.46484375,0.008366760887510781,0.0,0.0893,cpu_hog_recommendationservice_1
2026-10-02T17:32:45,redis-cart,6.6484375,0.0037135225428591772,0.0,0.0893,cpu_hog_recommendationservice_1
2026-10-02T17:32:45,checkoutservice,12.625,0.0011541663266140556,0.0,0.0893,cpu_hog_recommendationservice_1
2026-10-02T17:32:45,shippingservice,12.23828125,0.001164935738765762,0.0,0.0893,cpu_hog_recommendationservice_1
2026-10-02T17:32:45,recommendationservice,36.12109375,0.014235160990042146,1.0,0.0893,cpu_hog_recommendationservice_1
2026-10-02T17:32:45,adservice,109.83984375,0.003639991424721348,0.0,0.0893,cpu_hog_recommendationservice_1
2026-10-02T17:32:45,frontend,15.5,0.024150628274659174,0.0,0.0893,cpu_hog_recommendationservice_1
2026-10-02T17:32:45,emailservice,36.98046875,0.007028113955231755,0.0,0.0893,cpu_hog_recommendationservice_1
2026-10-02T17:32:45,paymentservice,37.8515625,0.0006992243904452158,0.0,0.0893,cpu_hog_recommendationservice_1
2026-10-02T17:32:45,productcatalogservice,13.87109375,0.013293109549567821,0.0,0.0893,cpu_hog_recommendationservice_1
2026-10-02T17:32:45,currencyservice,33.91015625,0.017671952311588697,0.0,0.0893,cpu_hog_recommendationservice_1
2026-10-02T17:32:45,cartservice,45.26953125,0.011937718354306709,0.0,0.0893,cpu_hog_recommendationservice_1
2026-10-02T17:32:50,loadgenerator,56.2265625,0.00832113157843002,0.0,0.0829,cpu_hog_recommendationservice_1
2026-10-02T17:32:50,redis-cart,6.6484375,0.004605532654066441,0.0,0.0829,cpu_hog_recommendationservice_1
2026-10-02T17:32:50,checkoutservice,12.62109375,0.0009327398202782335,0.0,0.0829,cpu_hog_recommendationservice_1
2026-10-02T17:32:50,shippingservice,12.4921875,0.0016778718898886591,0.0,0.0829,cpu_hog_recommendationservice_1
2026-10-02T17:32:50,recommendationservice,36.12109375,0.012832519005225857,1.0,0.0829,cpu_hog_recommendationservice_1
2026-10-02T17:32:50,adservice,109.83984375,0.0036399914247213475,0.0,0.0829,cpu_hog_recommendationservice_1
2026-10-02T17:32:50,frontend,15.890625,0.029875448957453903,0.0,0.0829,cpu_hog_recommendationservice_1
2026-10-02T17:32:50,emailservice,36.98046875,0.005974560628264985,0.0,0.0829,cpu_hog_recommendationservice_1
2026-10-02T17:32:50,paymentservice,37.8515625,0.0008200401304238867,0.0,0.0829,cpu_hog_recommendationservice_1
2026-10-02T17:32:50,productcatalogservice,13.87109375,0.011195161460211583,0.0,0.0829,cpu_hog_recommendationservice_1
2026-10-02T17:32:50,currencyservice,33.91015625,0.013992288888888914,0.0,0.0829,cpu_hog_recommendationservice_1
2026-10-02T17:32:50,cartservice,45.3046875,0.022591158251258948,0.0,0.0829,cpu_hog_recommendationservice_1
2026-10-02T17:32:55,loadgenerator,56.2265625,0.0066002444444443935,0.0,0.0539,cpu_hog_recommendationservice_1
2026-10-02T17:32:55,redis-cart,6.6484375,0.0036311938416599015,0.0,0.0539,cpu_hog_recommendationservice_1
2026-10-02T17:32:55,checkoutservice,12.62109375,0.0008806561637162577,0.0,0.0539,cpu_hog_recommendationservice_1
2026-10-02T17:32:55,shippingservice,12.4921875,0.0016778718898886591,0.0,0.0539,cpu_hog_recommendationservice_1
2026-10-02T17:32:55,recommendationservice,36.12109375,0.009425025000000177,1.0,0.0539,cpu_hog_recommendationservice_1
2026-10-02T17:32:55,adservice,109.83984375,0.0027785874540610404,0.0,0.0539,cpu_hog_recommendationservice_1
2026-10-02T17:32:55,frontend,15.890625,0.024378449336640604,0.0,0.0539,cpu_hog_recommendationservice_1
2026-10-02T17:32:55,emailservice,36.98046875,0.005374125426023019,0.0,0.0539,cpu_hog_recommendationservice_1
2026-10-02T17:32:55,paymentservice,37.8515625,0.000658478557394874,0.0,0.0539,cpu_hog_recommendationservice_1
2026-10-02T17:32:55,productcatalogservice,13.87109375,0.008250100000000059,0.0,0.0539,cpu_hog_recommendationservice_1
2026-10-02T17:32:55,currencyservice,33.91015625,0.014901841191210364,0.0,0.0539,cpu_hog_recommendationservice_1
2026-10-02T17:32:55,cartservice,45.3046875,0.022591158251258948,0.0,0.0539,cpu_hog_recommendationservice_1
2026-10-02T17:33:00,loadgenerator,56.2265625,0.006876452966370557,0.0,0.0989,cpu_hog_recommendationservice_1
2026-10-02T17:33:00,redis-cart,6.15625,0.004064729018517041,0.0,0.0989,cpu_hog_recommendationservice_1
2026-10-02T17:33:00,checkoutservice,12.62109375,0.0007188979734449918,0.0,0.0989,cpu_hog_recommendationservice_1
2026-10-02T17:33:00,shippingservice,12.4921875,0.001337417701164501,0.0,0.0989,cpu_hog_recommendationservice_1
2026-10-02T17:33:00,recommendationservice,35.3046875,0.10127870044082003,1.0,0.0989,cpu_hog_recommendationservice_1
2026-10-02T17:33:00,adservice,110.2109375,0.0038685554226359203,0.0,0.0989,cpu_hog_recommendationservice_1
2026-10-02T17:33:00,frontend,14.95703125,0.027975447260528592,0.0,0.0989,cpu_hog_recommendationservice_1
2026-10-02T17:33:00,emailservice,36.734375,0.006407603156921586,0.0,0.0989,cpu_hog_recommendationservice_1
2026-10-02T17:33:00,paymentservice,37.8828125,0.0007326931870141663,0.0,0.0989,cpu_hog_recommendationservice_1
2026-10-02T17:33:00,productcatalogservice,12.859375,0.012292048524659925,0.0,0.0989,cpu_hog_recommendationservice_1
2026-10-02T17:33:00,currencyservice,34.890625,0.02171792964648225,0.0,0.0989,cpu_hog_recommendationservice_1
2026-10-02T17:33:00,cartservice,45.3046875,0.01974231171307719,0.0,0.0989,cpu_hog_recommendationservice_1
2026-10-02T17:33:05,loadgenerator,56.2265625,0.006122521025156568,0.0,0.1083,cpu_hog_recommendationservice_1
2026-10-02T17:33:05,redis-cart,6.15625,0.003662574631300917,0.0,0.1083,cpu_hog_recommendationservice_1
2026-10-02T17:33:05,checkoutservice,12.62109375,0.0006429707345299219,0.0,0.1083,cpu_hog_recommendationservice_1
2026-10-02T17:33:05,shippingservice,12.4921875,0.0011927571797246007,0.0,0.1083,cpu_hog_recommendationservice_1
2026-10-02T17:33:05,recommendationservice,35.3046875,0.11477643146406974,1.0,0.1083,cpu_hog_recommendationservice_1
2026-10-02T17:33:05,adservice,110.2109375,0.0038685554226359203,0.0,0.1083,cpu_hog_recommendationservice_1
2026-10-02T17:33:05,frontend,14.95703125,0.023965477734034707,0.0,0.1083,cpu_hog_recommendationservice_1
2026-10-02T17:33:05,emailservice,36.734375,0.006407603156921586,0.0,0.1083,cpu_hog_recommendationservice_1
2026-10-02T17:33:05,paymentservice,37.8828125,0.0005798895514223658,0.0,0.1083,cpu_hog_recommendationservice_1
2026-10-02T17:33:05,productcatalogservice,12.859375,0.009756881805607284,0.0,0.1083,cpu_hog_recommendationservice_1
2026-10-02T17:33:05,currencyservice,34.890625,0.017619205910189385,0.0,0.1083,cpu_hog_recommendationservice_1
2026-10-02T17:33:05,cartservice,45.3046875,0.01761823963658611,0.0,0.1083,cpu_hog_recommendationservice_1
2026-10-02T17:33:10,loadgenerator,55.96484375,0.00876523571769075,0.0,0.0864,cpu_hog_recommendationservice_1
2026-10-02T17:33:10,redis-cart,6.640625,0.003772103173177504,0.0,0.0864,cpu_hog_recommendationservice_1
2026-10-02T17:33:10,checkoutservice,12.62109375,0.0006972181301906613,0.0,0.0864,cpu_hog_recommendationservice_1
2026-10-02T17:33:10,shippingservice,12.74609375,0.0013539521824215087,0.0,0.0864,cpu_hog_recommendationservice_1
2026-10-02T17:33:10,recommendationservice,34.58203125,0.13184184553174258,1.0,0.0864,cpu_hog_recommendationservice_1
2026-10-02T17:33:10,adservice,109.96875,0.0036107327230924875,0.0,0.0864,cpu_hog_recommendationservice_1
2026-10-02T17:33:10,frontend,15.51171875,0.026813353679893757,0.0,0.0864,cpu_hog_recommendationservice_1
2026-10-02T17:33:10,emailservice,36.734375,0.005260659990730281,0.0,0.0864,cpu_hog_recommendationservice_1
2026-10-02T17:33:10,paymentservice,37.90625,0.000687069364302608,0.0,0.0864,cpu_hog_recommendationservice_1
2026-10-02T17:33:10,productcatalogservice,13.140625,0.011739829768660023,0.0,0.0864,cpu_hog_recommendationservice_1
2026-10-02T17:33:10,currencyservice,33.6796875,0.021011437160969777,0.0,0.0864,cpu_hog_recommendationservice_1
2026-10-02T17:33:10,cartservice,45.26171875,0.020600443980849974,0.0,0.0864,cpu_hog_recommendationservice_1
2026-10-02T17:33:15,loadgenerator,55.96484375,0.0073094518043672835,0.0,0.0699,cpu_hog_recommendationservice_1
2026-10-02T17:33:15,redis-cart,6.640625,0.004401035612385196,0.0,0.0699,cpu_hog_recommendationservice_1
2026-10-02T17:33:15,checkoutservice,12.62109375,0.00023407708837755206,0.0,0.0699,cpu_hog_recommendationservice_1
2026-10-02T17:33:15,shippingservice,12.74609375,0.0013539521824215087,0.0,0.0699,cpu_hog_recommendationservice_1
2026-10-02T17:33:15,recommendationservice,34.58203125,0.1476080958407598,1.0,0.0699,cpu_hog_recommendationservice_1
2026-10-02T17:33:15,adservice,109.96875,0.0036107327230924884,0.0,0.0699,cpu_hog_recommendationservice_1
2026-10-02T17:33:15,frontend,15.51171875,0.026813353679893764,0.0,0.0699,cpu_hog_recommendationservice_1
2026-10-02T17:33:15,emailservice,36.734375,0.004651609421394757,0.0,0.0699,cpu_hog_recommendationservice_1
2026-10-02T17:33:15,paymentservice,37.90625,0.0005741895933257254,0.0,0.0699,cpu_hog_recommendationservice_1
2026-10-02T17:33:15,productcatalogservice,13.140625,0.011739829768660023,0.0,0.0699,cpu_hog_recommendationservice_1
2026-10-02T17:33:15,currencyservice,33.6796875,0.02101143716096978,0.0,0.0699,cpu_hog_recommendationservice_1
2026-10-02T17:33:15,cartservice,45.26171875,0.020600443980849974,0.0,0.0699,cpu_hog_recommendationservice_1
2026-10-02T17:33:21,loadgenerator,55.96484375,0.006467185743932935,0.0,0.1131,cpu_hog_recommendationservice_1
2026-10-02T17:33:21,redis-cart,6.640625,0.00357713729554884,0.0,0.1131,cpu_hog_recommendationservice_1
2026-10-02T17:33:21,checkoutservice,12.87890625,0.000529567864297292,0.0,0.1131,cpu_hog_recommendationservice_1
2026-10-02T17:33:21,shippingservice,12.48828125,0.00148492947290283,0.0,0.1131,cpu_hog_recommendationservice_1
2026-10-02T17:33:21,recommendationservice,34.58203125,0.16294324091936654,1.0,0.1131,cpu_hog_recommendationservice_1
2026-10-02T17:33:21,adservice,109.96875,0.0027091235659603627,0.0,0.1131,cpu_hog_recommendationservice_1
2026-10-02T17:33:21,frontend,15.51171875,0.02257922720768654,0.0,0.1131,cpu_hog_recommendationservice_1
2026-10-02T17:33:21,emailservice,37.23828125,0.0063069156685010815,0.0,0.1131,cpu_hog_recommendationservice_1
2026-10-02T17:33:21,paymentservice,37.765625,0.0007953376245743601,0.0,0.1131,cpu_hog_recommendationservice_1
2026-10-02T17:33:21,productcatalogservice,13.140625,0.010763525720262571,0.0,0.1131,cpu_hog_recommendationservice_1
2026-10-02T17:33:21,currencyservice,33.6796875,0.020931052662409865,0.0,0.1131,cpu_hog_recommendationservice_1
2026-10-02T17:33:21,cartservice,46.06640625,0.017456621934289686,0.0,0.1131,cpu_hog_recommendationservice_1
2026-10-02T17:33:26,loadgenerator,55.96484375,0.0057408501649632345,0.0,0.0488,cpu_hog_recommendationservice_1
2026-10-02T17:33:26,redis-cart,6.640625,0.0032776905865556007,0.0,0.0488,cpu_hog_recommendationservice_1
2026-10-02T17:33:26,checkoutservice,12.87890625,0.00043473255695456397,0.0,0.0488,cpu_hog_recommendationservice_1
2026-10-02T17:33:26,shippingservice,12.48828125,0.0014442479057505528,0.0,0.0488,cpu_hog_recommendationservice_1
2026-10-02T17:33:26,recommendationservice,34.58203125,0.13942440575366835,1.0,0.0488,cpu_hog_recommendationservice_1
2026-10-02T17:33:26,adservice,109.96875,0.0024355119441014936,0.0,0.0488,cpu_hog_recommendationservice_1
2026-10-02T17:33:26,frontend,15.51171875,0.020050023406420158,0.0,0.0488,cpu_hog_recommendationservice_1
2026-10-02T17:33:26,emailservice,37.23828125,0.006162187595139837,0.0,0.0488,cpu_hog_recommendationservice_1
2026-10-02T17:33:26,paymentservice,37.765625,0.0007953376245743601,0.0,0.0488,cpu_hog_recommendationservice_1
2026-10-02T17:33:26,productcatalogservice,13.140625,0.00850906041012974,0.0,0.0488,cpu_hog_recommendationservice_1
2026-10-02T17:33:26,currencyservice,33.6796875,0.016710480318473768,0.0,0.0488,cpu_hog_recommendationservice_1
2026-10-02T17:33:26,cartservice,46.06640625,0.01041194760328203,0.0,0.0488,cpu_hog_recommendationservice_1
2026-10-02T17:33:31,loadgenerator,56.23046875,0.008713038467080037,0.0,0.2003,cpu_hog_recommendationservice_1
2026-10-02T17:33:31,redis-cart,5.90625,0.004492363797104825,0.0,0.2003,cpu_hog_recommendationservice_1
2026-10-02T17:33:31,checkoutservice,12.87109375,0.0011548400189405983,0.0,0.2003,cpu_hog_recommendationservice_1
2026-10-02T17:33:31,shippingservice,12.50390625,0.001712190140191281,0.0,0.2003,cpu_hog_recommendationservice_1
2026-10-02T17:33:31,recommendationservice,35.8125,0.19450166144524494,1.0,0.2003,cpu_hog_recommendationservice_1
2026-10-02T17:33:31,adservice,110.4609375,0.0032314794932360937,0.0,0.2003,cpu_hog_recommendationservice_1
2026-10-02T17:33:31,frontend,15.01171875,0.02928569463233471,0.0,0.2003,cpu_hog_recommendationservice_1
2026-10-02T17:33:31,emailservice,37.21875,0.006318379923374625,0.0,0.2003,cpu_hog_recommendationservice_1
2026-10-02T17:33:31,paymentservice,38.015625,0.0008221139563899918,0.0,0.2003,cpu_hog_recommendationservice_1
2026-10-02T17:33:31,productcatalogservice,13.64453125,0.012613854106323309,0.0,0.2003,cpu_hog_recommendationservice_1
2026-10-02T17:33:31,currencyservice,34.30078125,0.02253300216812586,0.0,0.2003,cpu_hog_recommendationservice_1
2026-10-02T17:33:31,cartservice,46.06640625,0.01041194760328203,0.0,0.2003,cpu_hog_recommendationservice_1
2026-10-02T17:33:36,loadgenerator,56.46484375,0.008492323070771924,0.0,0.0532,cpu_hog_recommendationservice_1
2026-10-02T17:33:36,redis-cart,5.90625,0.004420943213533053,0.0,0.0532,cpu_hog_recommendationservice_1
2026-10-02T17:33:36,checkoutservice,12.87109375,0.0011548400189405985,0.0,0.0532,cpu_hog_recommendationservice_1
2026-10-02T17:33:36,shippingservice,12.50390625,0.0017121901401912813,0.0,0.0532,cpu_hog_recommendationservice_1
2026-10-02T17:33:36,recommendationservice,35.8125,0.1978144388130807,1.0,0.0532,cpu_hog_recommendationservice_1
2026-10-02T17:33:36,adservice,110.4453125,0.0024754655595687304,0.0,0.0532,cpu_hog_recommendationservice_1
2026-10-02T17:33:36,frontend,15.01171875,0.02928569463233471,0.0,0.0532,cpu_hog_recommendationservice_1
2026-10-02T17:33:36,emailservice,37.21875,0.0065880586525248926,0.0,0.0532,cpu_hog_recommendationservice_1
2026-10-02T17:33:36,paymentservice,38.015625,0.0009216021113094908,0.0,0.0532,cpu_hog_recommendationservice_1
2026-10-02T17:33:36,productcatalogservice,13.64453125,0.013486437556575035,0.0,0.0532,cpu_hog_recommendationservice_1
2026-10-02T17:33:36,currencyservice,34.30078125,0.022533002168125864,0.0,0.0532,cpu_hog_recommendationservice_1
2026-10-02T17:33:36,cartservice,45.1171875,0.010328403644371523,0.0,0.0532,cpu_hog_recommendationservice_1
2026-10-02T17:33:41,loadgenerator,56.46484375,0.008492323070771924,0.0,0.0889,cpu_hog_recommendationservice_1
2026-10-02T17:33:41,redis-cart,5.90625,0.0035786430077746683,0.0,0.0889,cpu_hog_recommendationservice_1
2026-10-02T17:33:41,checkoutservice,12.87109375,0.0011548400189405985,0.0,0.0889,cpu_hog_recommendationservice_1
2026-10-02T17:33:41,shippingservice,12.50390625,0.0013190500000000327,0.0,0.0889,cpu_hog_recommendationservice_1
2026-10-02T17:33:41,recommendationservice,35.8125,0.1963007241896581,1.0,0.0889,cpu_hog_recommendationservice_1
2026-10-02T17:33:41,adservice,110.4453125,0.0029117985762144687,0.0,0.0889,cpu_hog_recommendationservice_1
2026-10-02T17:33:41,frontend,15.01171875,0.025856594169131105,0.0,0.0889,cpu_hog_recommendationservice_1
2026-10-02T17:33:41,emailservice,37.21875,0.005542616095102348,0.0,0.0889,cpu_hog_recommendationservice_1
2026-10-02T17:33:41,paymentservice,38.015625,0.000780389627804094,0.0,0.0889,cpu_hog_recommendationservice_1
2026-10-02T17:33:41,productcatalogservice,13.64453125,0.010197825951894031,0.0,0.0889,cpu_hog_recommendationservice_1
2026-10-02T17:33:41,currencyservice,34.30078125,0.022533002168125864,0.0,0.0889,cpu_hog_recommendationservice_1
2026-10-02T17:33:41,cartservice,45.1171875,0.008597151413940948,0.0,0.0889,cpu_hog_recommendationservice_1
2026-10-02T17:33:46,loadgenerator,56.46484375,0.00831385612126451,0.0,0.2469,cpu_hog_recommendationservice_1
2026-10-02T17:33:46,redis-cart,6.40234375,0.004612207813661412,0.0,0.2469,cpu_hog_recommendationservice_1
2026-10-02T17:33:46,checkoutservice,12.65234375,0.0015602886815701432,0.0,0.2469,cpu_hog_recommendationservice_1
2026-10-02T17:33:46,shippingservice,12.74609375,0.001966318572965339,0.0,0.2469,cpu_hog_recommendationservice_1
2026-10-02T17:33:46,recommendationservice,34.3203125,0.19923623918471248,1.0,0.2469,cpu_hog_recommendationservice_1
2026-10-02T17:33:46,adservice,110.4453125,0.0024021367654243958,0.0,0.2469,cpu_hog_recommendationservice_1
2026-10-02T17:33:46,frontend,16.17578125,0.0302130918056076,0.0,0.2469,cpu_hog_recommendationservice_1
2026-10-02T17:33:46,emailservice,37.23046875,0.006521950997358539,0.0,0.2469,cpu_hog_recommendationservice_1
2026-10-02T17:33:46,paymentservice,37.859375,0.0009358013860864646,0.0,0.2469,cpu_hog_recommendationservice_1
2026-10-02T17:33:46,productcatalogservice,12.94140625,0.013429734182994861,0.0,0.2469,cpu_hog_recommendationservice_1
2026-10-02T17:33:46,currencyservice,34.33984375,0.021537638778563926,0.0,0.2469,cpu_hog_recommendationservice_1
2026-10-02T17:33:46,cartservice,45.5625,0.009295513773125704,0.0,0.2469,cpu_hog_recommendationservice_1
2026-10-02T17:33:52,loadgenerator,56.46484375,0.0066500456649964505,0.0,0.1528,cpu_hog_recommendationservice_1
2026-10-02T17:33:52,redis-cart,6.40234375,0.004612207813661412,0.0,0.1528,cpu_hog_recommendationservice_1
2026-10-02T17:33:52,checkoutservice,12.65234375,0.0015602886815701432,0.0,0.1528,cpu_hog_recommendationservice_1
2026-10-02T17:33:52,shippingservice,12.74609375,0.0019663185729653387,0.0,0.1528,cpu_hog_recommendationservice_1
2026-10-02T17:33:52,recommendationservice,34.3203125,0.16681933654162506,1.0,0.1528,cpu_hog_recommendationservice_1
2026-10-02T17:33:52,adservice,110.4453125,0.002175266867110016,0.0,0.1528,cpu_hog_recommendationservice_1
2026-10-02T17:33:52,frontend,16.17578125,0.029645541478864047,0.0,0.1528,cpu_hog_recommendationservice_1
2026-10-02T17:33:52,emailservice,37.23046875,0.00652195099735854,0.0,0.1528,cpu_hog_recommendationservice_1
2026-10-02T17:33:52,paymentservice,37.859375,0.0010154527341155342,0.0,0.1528,cpu_hog_recommendationservice_1
2026-10-02T17:33:52,productcatalogservice,12.94140625,0.014872453974168826,0.0,0.1528,cpu_hog_recommendationservice_1
2026-10-02T17:33:52,currencyservice,34.33984375,0.022042006116870082,0.0,0.1528,cpu_hog_recommendationservice_1
2026-10-02T17:33:52,cartservice,45.5625,0.009295513773125702,0.0,0.1528,cpu_hog_recommendationservice_1
2026-10-02T17:33:57,loadgenerator,56.43359375,0.00789042488708173,0.0,0.0811,cpu_hog_recommendationservice_1
2026-10-02T17:33:57,redis-cart,6.15625,0.004560450558291847,0.0,0.0811,cpu_hog_recommendationservice_1
2026-10-02T17:33:57,checkoutservice,13.18359375,0.0016044415279409302,0.0,0.0811,cpu_hog_recommendationservice_1
2026-10-02T17:33:57,shippingservice,12.74609375,0.0019663185729653387,0.0,0.0811,cpu_hog_recommendationservice_1
2026-10-02T17:33:57,recommendationservice,35.3046875,0.20034335017371455,1.0,0.0811,cpu_hog_recommendationservice_1
2026-10-02T17:33:57,adservice,111.19140625,0.0029036804308795244,0.0,0.0811,cpu_hog_recommendationservice_1
2026-10-02T17:33:57,frontend,14.23828125,0.027379149567046915,0.0,0.0811,cpu_hog_recommendationservice_1
2026-10-02T17:33:57,emailservice,36.734375,0.0056675637935752286,0.0,0.0811,cpu_hog_recommendationservice_1
2026-10-02T17:33:57,paymentservice,37.859375,0.0010154527341155342,0.0,0.0811,cpu_hog_recommendationservice_1
2026-10-02T17:33:57,productcatalogservice,12.7734375,0.01350178744164539,0.0,0.0811,cpu_hog_recommendationservice_1
2026-10-02T17:33:57,currencyservice,34.48046875,0.020337993487993488,0.0,0.0811,cpu_hog_recommendationservice_1
2026-10-02T17:33:57,cartservice,45.5625,0.009295513773125704,0.0,0.0811,cpu_hog_recommendationservice_1
2026-10-02T17:34:02,loadgenerator,56.43359375,0.007525907042921582,0.0,0.0541,cpu_hog_recommendationservice_1
2026-10-02T17:34:02,redis-cart,6.15625,0.004560450558291847,0.0,0.0541,cpu_hog_recommendationservice_1
2026-10-02T17:34:02,checkoutservice,13.18359375,0.001720815767510595,0.0,0.0541,cpu_hog_recommendationservice_1
2026-10-02T17:34:02,shippingservice,12.74609375,0.0016063078657320058,0.0,0.0541,cpu_hog_recommendationservice_1
2026-10-02T17:34:02,recommendationservice,35.3046875,0.20034335017371455,1.0,0.0541,cpu_hog_recommendationservice_1
2026-10-02T17:34:02,adservice,111.19140625,0.0029036804308795244,0.0,0.0541,cpu_hog_recommendationservice_1
2026-10-02T17:34:02,frontend,14.23828125,0.027379149567046915,0.0,0.0541,cpu_hog_recommendationservice_1
2026-10-02T17:34:02,emailservice,36.734375,0.005546675679508938,0.0,0.0541,cpu_hog_recommendationservice_1
2026-10-02T17:34:02,paymentservice,37.859375,0.0007777349981352961,0.0,0.0541,cpu_hog_recommendationservice_1
2026-10-02T17:34:02,productcatalogservice,12.7734375,0.01350178744164539,0.0,0.0541,cpu_hog_recommendationservice_1
2026-10-02T17:34:02,currencyservice,34.48046875,0.020337993487993488,0.0,0.0541,cpu_hog_recommendationservice_1
2026-10-02T17:34:02,cartservice,45.5625,0.007212209916652653,0.0,0.0541,cpu_hog_recommendationservice_1
2026-10-02T17:34:07,loadgenerator,56.43359375,0.007525907042921582,0.0,0.0732,cpu_hog_recommendationservice_1
2026-10-02T17:34:07,redis-cart,6.15625,0.004561769514927492,0.0,0.0732,cpu_hog_recommendationservice_1
2026-10-02T17:34:07,checkoutservice,13.18359375,0.001720815767510595,0.0,0.0732,cpu_hog_recommendationservice_1
2026-10-02T17:34:07,shippingservice,12.23828125,0.001930980697991855,0.0,0.0732,cpu_hog_recommendationservice_1
2026-10-02T17:34:07,recommendationservice,35.3046875,0.19615955939350357,1.0,0.0732,cpu_hog_recommendationservice_1
2026-10-02T17:34:07,adservice,110.4609375,0.0027138530720873144,0.0,0.0732,cpu_hog_recommendationservice_1
2026-10-02T17:34:07,frontend,14.4921875,0.023247801220743637,0.0,0.0732,cpu_hog_recommendationservice_1
2026-10-02T17:34:07,emailservice,37.47265625,0.006645401514211563,0.0,0.0732,cpu_hog_recommendationservice_1
2026-10-02T17:34:07,paymentservice,38.5625,0.0010656093627228241,0.0,0.0732,cpu_hog_recommendationservice_1
2026-10-02T17:34:07,productcatalogservice,13.03515625,0.012268732801010396,0.0,0.0732,cpu_hog_recommendationservice_1
2026-10-02T17:34:07,currencyservice,33.49609375,0.013907025185638277,0.0,0.0732,cpu_hog_recommendationservice_1
2026-10-02T17:34:07,cartservice,45.08984375,0.00889470094796425,0.0,0.0732,cpu_hog_recommendationservice_1
2026-10-02T17:34:12,loadgenerator,56.43359375,0.005783283267133089,0.0,0.0879,cpu_hog_recommendationservice_1
2026-10-02T17:34:12,redis-cart,6.15625,0.0037989276077937425,0.0,0.0879,cpu_hog_recommendationservice_1
2026-10-02T17:34:12,checkoutservice,13.18359375,0.001338922640957299,0.0,0.0879,cpu_hog_recommendationservice_1
2026-10-02T17:34:12,shippingservice,12.23828125,0.0017958552752234765,0.0,0.0879,cpu_hog_recommendationservice_1
2026-10-02T17:34:12,recommendationservice,35.3046875,0.1504867994327398,1.0,0.0879,cpu_hog_recommendationservice_1
2026-10-02T17:34:12,adservice,110.4609375,0.0027138530720873144,0.0,0.0879,cpu_hog_recommendationservice_1
2026-10-02T17:34:12,frontend,14.4921875,0.023247801220743637,0.0,0.0879,cpu_hog_recommendationservice_1
2026-10-02T17:34:12,emailservice,37.47265625,0.00578675871037553,0.0,0.0879,cpu_hog_recommendationservice_1
2026-10-02T17:34:12,paymentservice,38.5625,0.001065609362722824,0.0,0.0879,cpu_hog_recommendationservice_1
2026-10-02T17:34:12,productcatalogservice,13.03515625,0.012268732801010396,0.0,0.0879,cpu_hog_recommendationservice_1
2026-10-02T17:34:12,currencyservice,33.49609375,0.017122250988648315,0.0,0.0879,cpu_hog_recommendationservice_1
2026-10-02T17:34:12,cartservice,45.08984375,0.00889470094796425,0.0,0.0879,cpu_hog_recommendationservice_1
2026-10-02T17:34:17,loadgenerator,56.67578125,0.007581436226008196,0.0,0.1021,cpu_hog_recommendationservice_1
2026-10-02T17:34:17,redis-cart,6.65625,0.004491447795071346,0.0,0.1021,cpu_hog_recommendationservice_1
2026-10-02T17:34:17,checkoutservice,12.6875,0.001395140042965508,0.0,0.1021,cpu_hog_recommendationservice_1
2026-10-02T17:34:17,shippingservice,12.23828125,0.0016770856218418738,0.0,0.1021,cpu_hog_recommendationservice_1
2026-10-02T17:34:17,recommendationservice,35.078125,0.19943323878817845,1.0,0.1021,cpu_hog_recommendationservice_1
2026-10-02T17:34:17,adservice,110.4609375,0.0027138530720873144,0.0,0.1021,cpu_hog_recommendationservice_1
2026-10-02T17:34:17,frontend,14.4921875,0.020004991259352355,0.0,0.1021,cpu_hog_recommendationservice_1
2026-10-02T17:34:17,emailservice,36.73046875,0.006777058279371394,0.0,0.1021,cpu_hog_recommendationservice_1
2026-10-02T17:34:17,paymentservice,37.83203125,0.001956579157995812,0.0,0.1021,cpu_hog_recommendationservice_1
2026-10-02T17:34:17,productcatalogservice,13.03515625,0.012268732801010398,0.0,0.1021,cpu_hog_recommendationservice_1
2026-10-02T17:34:17,currencyservice,34.37890625,0.018339115985377238,0.0,0.1021,cpu_hog_recommendationservice_1
2026-10-02T17:34:17,cartservice,45.13671875,0.008707320293075771,0.0,0.1021,cpu_hog_recommendationservice_1
2026-10-02T17:34:23,loadgenerator,56.67578125,0.007581436226008196,0.0,0.0855,cpu_hog_recommendationservice_1
2026-10-02T17:34:23,redis-cart,6.65625,0.00438832536503435,0.0,0.0855,cpu_hog_recommendationservice_1
2026-10-02T17:34:23,checkoutservice,12.6875,0.001395140042965508,0.0,0.0855,cpu_hog_recommendationservice_1
2026-10-02T17:34:23,shippingservice,12.23828125,0.0012908982858267904,0.0,0.0855,cpu_hog_recommendationservice_1
2026-10-02T17:34:23,recommendationservice,35.078125,0.20044635064079397,1.0,0.0855,cpu_hog_recommendationservice_1
2026-10-02T17:34:23,adservice,110.4609375,0.0022474596771262694,0.0,0.0855,cpu_hog_recommendationservice_1
2026-10-02T17:34:23,frontend,14.4921875,0.01363719999999944,0.0,0.0855,cpu_hog_recommendationservice_1
2026-10-02T17:34:23,emailservice,36.73046875,0.006777058279371393,0.0,0.0855,cpu_hog_recommendationservice_1
2026-10-02T17:34:23,paymentservice,37.83203125,0.001956579157995812,0.0,0.0855,cpu_hog_recommendationservice_1
2026-10-02T17:34:23,productcatalogservice,13.03515625,0.0074872749999997275,0.0,0.0855,cpu_hog_recommendationservice_1
2026-10-02T17:34:23,currencyservice,34.37890625,0.016046688280713445,0.0,0.0855,cpu_hog_recommendationservice_1
2026-10-02T17:34:23,cartservice,45.13671875,0.008707320293075771,0.0,0.0855,cpu_hog_recommendationservice_1
2026-10-02T17:34:28,loadgenerator,56.26953125,0.007581773568835511,0.0,0.1776,cpu_hog_recommendationservice_1
2026-10-02T17:34:28,redis-cart,6.65625,0.0036748567994358485,0.0,0.1776,cpu_hog_recommendationservice_1
2026-10-02T17:34:28,checkoutservice,12.6875,0.0013544067849266966,0.0,0.1776,cpu_hog_recommendationservice_1
2026-10-02T17:34:28,shippingservice,12.9921875,0.001552291902026282,0.0,0.1776,cpu_hog_recommendationservice_1
2026-10-02T17:34:28,recommendationservice,34.3359375,0.20026144046611236,1.0,0.1776,cpu_hog_recommendationservice_1
2026-10-02T17:34:28,adservice,110.23828125,0.003072897123958018,0.0,0.1776,cpu_hog_recommendationservice_1
2026-10-02T17:34:28,frontend,15.92578125,0.024411455810751662,0.0,0.1776,cpu_hog_recommendationservice_1
2026-10-02T17:34:28,emailservice,36.73046875,0.005847756072997089,0.0,0.1776,cpu_hog_recommendationservice_1
2026-10-02T17:34:28,paymentservice,37.83203125,0.002531299399304494,0.0,0.1776,cpu_hog_recommendationservice_1
2026-10-02T17:34:28,productcatalogservice,13.61328125,0.011585053416397683,0.0,0.1776,cpu_hog_recommendationservice_1
2026-10-02T17:34:28,currencyservice,33.79296875,0.015046429781276174,0.0,0.1776,cpu_hog_recommendationservice_1
2026-10-02T17:34:28,cartservice,45.13671875,0.006343375000000018,0.0,0.1776,cpu_hog_recommendationservice_1
2026-10-02T17:34:33,loadgenerator,56.26953125,0.006631117704691121,0.0,0.0814,cpu_hog_recommendationservice_1
2026-10-02T17:34:33,redis-cart,6.65625,0.0032992161481889075,0.0,0.0814,cpu_hog_recommendationservice_1
2026-10-02T17:34:33,checkoutservice,12.6875,0.001130348399168594,0.0,0.0814,cpu_hog_recommendationservice_1
2026-10-02T17:34:33,shippingservice,12.9921875,0.001552291902026282,0.0,0.0814,cpu_hog_recommendationservice_1
2026-10-02T17:34:33,recommendationservice,34.3359375,0.20026144046611236,1.0,0.0814,cpu_hog_recommendationservice_1
2026-10-02T17:34:33,adservice,110.23828125,0.003188025774118585,0.0,0.0814,cpu_hog_recommendationservice_1
2026-10-02T17:34:33,frontend,15.92578125,0.02038363341157711,0.0,0.0814,cpu_hog_recommendationservice_1
2026-10-02T17:34:33,emailservice,36.73046875,0.005255079652037917,0.0,0.0814,cpu_hog_recommendationservice_1
2026-10-02T17:34:33,paymentservice,37.83203125,0.0021298564087364625,0.0,0.0814,cpu_hog_recommendationservice_1
2026-10-02T17:34:33,productcatalogservice,13.61328125,0.00976282105611013,0.0,0.0814,cpu_hog_recommendationservice_1
2026-10-02T17:34:33,currencyservice,33.79296875,0.017713360757491005,0.0,0.0814,cpu_hog_recommendationservice_1
2026-10-02T17:34:33,cartservice,45.13671875,0.0070651570007404345,0.0,0.0814,cpu_hog_recommendationservice_1
2026-10-02T17:34:38,loadgenerator,56.9453125,0.007727143236522466,0.0,0.0525,cpu_hog_recommendationservice_1
2026-10-02T17:34:38,redis-cart,6.15234375,0.004448432377910383,0.0,0.0525,cpu_hog_recommendationservice_1
2026-10-02T17:34:38,checkoutservice,12.69921875,0.0014250809276751496,0.0,0.0525,cpu_hog_recommendationservice_1
2026-10-02T17:34:38,shippingservice,12.9921875,0.001552291902026282,0.0,0.0525,cpu_hog_recommendationservice_1
2026-10-02T17:34:38,recommendationservice,34.3359375,0.1707534379552498,1.0,0.0525,cpu_hog_recommendationservice_1
2026-10-02T17:34:38,adservice,110.20703125,0.0030137100405223825,0.0,0.0525,cpu_hog_recommendationservice_1
2026-10-02T17:34:38,frontend,16.125,0.0249218127998363,0.0,0.0525,cpu_hog_recommendationservice_1
2026-10-02T17:34:38,emailservice,36.73046875,0.006971623764223307,0.0,0.0525,cpu_hog_recommendationservice_1
2026-10-02T17:34:38,paymentservice,38.2734375,0.001909560114789936,0.0,0.0525,cpu_hog_recommendationservice_1
2026-10-02T17:34:38,productcatalogservice,12.6328125,0.011093057937513738,0.0,0.0525,cpu_hog_recommendationservice_1
2026-10-02T17:34:38,currencyservice,33.79296875,0.014803461516219257,0.0,0.0525,cpu_hog_recommendationservice_1
2026-10-02T17:34:38,cartservice,45.59765625,0.00884271858542049,0.0,0.0525,cpu_hog_recommendationservice_1
2026-10-02T17:34:43,loadgenerator,56.9453125,0.007727143236522466,0.0,0.2052,cpu_hog_recommendationservice_1
2026-10-02T17:34:43,redis-cart,6.15234375,0.00445572078907439,0.0,0.2052,cpu_hog_recommendationservice_1
2026-10-02T17:34:43,checkoutservice,12.69921875,0.001295141229091388,0.0,0.2052,cpu_hog_recommendationservice_1
2026-10-02T17:34:43,shippingservice,12.9921875,0.000775424999999963,0.0,0.2052,cpu_hog_recommendationservice_1
2026-10-02T17:34:43,recommendationservice,34.3359375,0.15100529782515615,1.0,0.2052,cpu_hog_recommendationservice_1
2026-10-02T17:34:43,adservice,110.20703125,0.0030137100405223825,0.0,0.2052,cpu_hog_recommendationservice_1
2026-10-02T17:34:43,frontend,16.125,0.0249218127998363,0.0,0.2052,cpu_hog_recommendationservice_1
2026-10-02T17:34:43,emailservice,36.73046875,0.006971623764223307,0.0,0.2052,cpu_hog_recommendationservice_1
2026-10-02T17:34:43,paymentservice,38.2734375,0.0019095601147899363,0.0,0.2052,cpu_hog_recommendationservice_1
2026-10-02T17:34:43,productcatalogservice,12.6328125,0.011093057937513738,0.0,0.2052,cpu_hog_recommendationservice_1
2026-10-02T17:34:43,currencyservice,33.79296875,0.01205988888888893,0.0,0.2052,cpu_hog_recommendationservice_1
2026-10-02T17:34:43,cartservice,45.59765625,0.00737568700899205,0.0,0.2052,cpu_hog_recommendationservice_1
2026-10-02T17:34:48,loadgenerator,56.484375,0.007829379562043742,0.0,0.0821,cpu_hog_recommendationservice_1
2026-10-02T17:34:48,redis-cart,6.39453125,0.004546936159498401,0.0,0.0821,cpu_hog_recommendationservice_1
2026-10-02T17:34:48,checkoutservice,12.69921875,0.0010269066877029859,0.0,0.0821,cpu_hog_recommendationservice_1
2026-10-02T17:34:48,shippingservice,12.26953125,0.0013408913016033242,0.0,0.0821,cpu_hog_recommendationservice_1
2026-10-02T17:34:48,recommendationservice,35.81640625,0.196911883007044,1.0,0.0821,cpu_hog_recommendationservice_1
2026-10-02T17:34:48,adservice,110.20703125,0.0031695791786378676,0.0,0.0821,cpu_hog_recommendationservice_1
2026-10-02T17:34:48,frontend,16.125,0.020033122310117304,0.0,0.0821,cpu_hog_recommendationservice_1
2026-10-02T17:34:48,emailservice,37.47265625,0.006962986335282917,0.0,0.0821,cpu_hog_recommendationservice_1
2026-10-02T17:34:48,paymentservice,38.2734375,0.001621399999999973,0.0,0.0821,cpu_hog_recommendationservice_1
2026-10-02T17:34:48,productcatalogservice,12.4140625,0.010844181192749222,0.0,0.0821,cpu_hog_recommendationservice_1
2026-10-02T17:34:48,currencyservice,34.046875,0.020734241374994845,0.0,0.0821,cpu_hog_recommendationservice_1
2026-10-02T17:34:48,cartservice,45.328125,0.008811555473645432,0.0,0.0821,cpu_hog_recommendationservice_1
2026-10-02T17:34:54,loadgenerator,56.484375,0.007721236296537868,0.0,0.0669,cpu_hog_recommendationservice_1
2026-10-02T17:34:54,redis-cart,6.39453125,0.004546936159498401,0.0,0.0669,cpu_hog_recommendationservice_1
2026-10-02T17:34:54,checkoutservice,12.69921875,0.000915502956313975,0.0,0.0669,cpu_hog_recommendationservice_1
2026-10-02T17:34:54,shippingservice,12.26953125,0.001340891301603324,0.0,0.0669,cpu_hog_recommendationservice_1
2026-10-02T17:34:54,recommendationservice,35.81640625,0.1976187219524546,1.0,0.0669,cpu_hog_recommendationservice_1
2026-10-02T17:34:54,adservice,110.20703125,0.0024294956470058363,0.0,0.0669,cpu_hog_recommendationservice_1
2026-10-02T17:34:54,frontend,16.125,0.018940715377301354,0.0,0.0669,cpu_hog_recommendationservice_1
2026-10-02T17:34:54,emailservice,37.47265625,0.006962986335282917,0.0,0.0669,cpu_hog_recommendationservice_1
2026-10-02T17:34:54,paymentservice,38.2734375,0.0017532558872304848,0.0,0.0669,cpu_hog_recommendationservice_1
2026-10-02T17:34:54,productcatalogservice,12.4140625,0.010393899363516581,0.0,0.0669,cpu_hog_recommendationservice_1
2026-10-02T17:34:54,currencyservice,34.046875,0.020734241374994845,0.0,0.0669,cpu_hog_recommendationservice_1
2026-10-02T17:34:54,cartservice,45.328125,0.008811555473645432,0.0,0.0669,cpu_hog_recommendationservice_1
2026-10-02T17:34:59,loadgenerator,56.484375,0.006569742590180854,0.0,0.0728,cpu_hog_recommendationservice_1
2026-10-02T17:34:59,redis-cart,6.15625,0.004508336774726135,0.0,0.0728,cpu_hog_recommendationservice_1
2026-10-02T17:34:59,checkoutservice,12.71484375,0.001097085880101253,0.0,0.0728,cpu_hog_recommendationservice_1
2026-10-02T17:34:59,shippingservice,12.26953125,0.0013019032513876918,0.0,0.0728,cpu_hog_recommendationservice_1
2026-10-02T17:34:59,recommendationservice,35.81640625,0.19595825154275934,1.0,0.0728,cpu_hog_recommendationservice_1
2026-10-02T17:34:59,adservice,110.58984375,0.002961574063621974,0.0,0.0728,cpu_hog_recommendationservice_1
2026-10-02T17:34:59,frontend,15.21484375,0.025277724918067724,0.0,0.0728,cpu_hog_recommendationservice_1
2026-10-02T17:34:59,emailservice,37.47265625,0.005604024160551491,0.0,0.0728,cpu_hog_recommendationservice_1
2026-10-02T17:34:59,paymentservice,38.109375,0.0021645616470044016,0.0,0.0728,cpu_hog_recommendationservice_1
2026-10-02T17:34:59,productcatalogservice,12.3828125,0.010435110577747443,0.0,0.0728,cpu_hog_recommendationservice_1
2026-10-02T17:34:59,currencyservice,34.50390625,0.0198634203194144,0.0,0.0728,cpu_hog_recommendationservice_1
2026-10-02T17:34:59,cartservice,46.3359375,0.00841537231335869,0.0,0.0728,cpu_hog_recommendationservice_1
2026-10-02T17:35:04,loadgenerator,56.484375,0.005910735072271348,0.0,0.0711,cpu_hog_recommendationservice_1
2026-10-02T17:35:04,redis-cart,6.15625,0.0038802753693759533,0.0,0.0711,cpu_hog_recommendationservice_1
2026-10-02T17:35:04,checkoutservice,12.71484375,0.001097085880101253,0.0,0.0711,cpu_hog_recommendationservice_1
2026-10-02T17:35:04,shippingservice,12.26953125,0.0013036844836533288,0.0,0.0711,cpu_hog_recommendationservice_1
2026-10-02T17:35:04,recommendationservice,35.81640625,0.19475802296914582,1.0,0.0711,cpu_hog_recommendationservice_1
2026-10-02T17:35:04,adservice,110.58984375,0.0016101250000001954,0.0,0.0711,cpu_hog_recommendationservice_1
2026-10-02T17:35:04,frontend,15.21484375,0.023803853049318226,0.0,0.0711,cpu_hog_recommendationservice_1
2026-10-02T17:35:04,emailservice,37.47265625,0.004926876294918727,0.0,0.0711,cpu_hog_recommendationservice_1
2026-10-02T17:35:04,paymentservice,38.109375,0.0012059311224490263,0.0,0.0711,cpu_hog_recommendationservice_1
2026-10-02T17:35:04,productcatalogservice,12.3828125,0.00997404350308876,0.0,0.0711,cpu_hog_recommendationservice_1
2026-10-02T17:35:04,currencyservice,34.50390625,0.019250205889554194,0.0,0.0711,cpu_hog_recommendationservice_1
2026-10-02T17:35:04,cartservice,46.3359375,0.00841537231335869,0.0,0.0711,cpu_hog_recommendationservice_1
2026-10-02T17:35:09,loadgenerator,56.49609375,0.007442594940197989,0.0,0.0871,cpu_hog_recommendationservice_1
2026-10-02T17:35:09,redis-cart,6.15625,0.003494587158298133,0.0,0.0871,cpu_hog_recommendationservice_1
2026-10-02T17:35:09,checkoutservice,12.7265625,0.0009716960374452247,0.0,0.0871,cpu_hog_recommendationservice_1
2026-10-02T17:35:09,shippingservice,12.26953125,0.0012104056330025316,0.0,0.0871,cpu_hog_recommendationservice_1
2026-10-02T17:35:09,recommendationservice,34.828125,0.1996111905518488,1.0,0.0871,cpu_hog_recommendationservice_1
2026-10-02T17:35:09,adservice,110.0859375,0.0033511215927165437,0.0,0.0871,cpu_hog_recommendationservice_1
2026-10-02T17:35:09,frontend,15.21484375,0.01929510573361424,0.0,0.0871,cpu_hog_recommendationservice_1
2026-10-02T17:35:09,emailservice,36.73046875,0.006597847047106052,0.0,0.0871,cpu_hog_recommendationservice_1
2026-10-02T17:35:09,paymentservice,37.890625,0.0009977527069665946,0.0,0.0871,cpu_hog_recommendationservice_1
2026-10-02T17:35:09,productcatalogservice,12.3828125,0.00997404350308876,0.0,0.0871,cpu_hog_recommendationservice_1
2026-10-02T17:35:09,currencyservice,34.50390625,0.019250205889554194,0.0,0.0871,cpu_hog_recommendationservice_1
2026-10-02T17:35:09,cartservice,46.3359375,0.007122093221034884,0.0,0.0871,cpu_hog_recommendationservice_1
2026-10-02T17:35:14,loadgenerator,56.49609375,0.006083659799617171,0.0,0.0891,cpu_hog_recommendationservice_1
2026-10-02T17:35:14,redis-cart,6.15625,0.002470599999999834,0.0,0.0891,cpu_hog_recommendationservice_1
2026-10-02T17:35:14,checkoutservice,12.7265625,0.0009716960374452248,0.0,0.0891,cpu_hog_recommendationservice_1
2026-10-02T17:35:14,shippingservice,12.26953125,0.0011554419092576745,0.0,0.0891,cpu_hog_recommendationservice_1
2026-10-02T17:35:14,recommendationservice,34.828125,0.16066776203855637,1.0,0.0891,cpu_hog_recommendationservice_1
2026-10-02T17:35:14,adservice,110.0859375,0.0027776143668074705,0.0,0.0891,cpu_hog_recommendationservice_1
2026-10-02T17:35:14,frontend,15.21484375,0.017258686105245065,0.0,0.0891,cpu_hog_recommendationservice_1
2026-10-02T17:35:14,emailservice,36.73046875,0.006545605026687045,0.0,0.0891,cpu_hog_recommendationservice_1
2026-10-02T17:35:14,paymentservice,37.890625,0.0009977527069665946,0.0,0.0891,cpu_hog_recommendationservice_1
2026-10-02T17:35:14,productcatalogservice,12.3828125,0.007921385350153094,0.0,0.0891,cpu_hog_recommendationservice_1
2026-10-02T17:35:14,currencyservice,34.50390625,0.01586335775421157,0.0,0.0891,cpu_hog_recommendationservice_1
2026-10-02T17:35:14,cartservice,46.3359375,0.00655611470538373,0.0,0.0891,cpu_hog_recommendationservice_1
2026-10-02T17:35:19,loadgenerator,56.0078125,0.007512088624489983,0.0,0.0815,cpu_hog_recommendationservice_1
2026-10-02T17:35:19,redis-cart,6.39453125,0.004207236842105405,0.0,0.0815,cpu_hog_recommendationservice_1
2026-10-02T17:35:19,checkoutservice,12.7265625,0.0007524541531823073,0.0,0.0815,cpu_hog_recommendationservice_1
2026-10-02T17:35:19,shippingservice,12.26953125,0.0009408185746130614,0.0,0.0815,cpu_hog_recommendationservice_1
2026-10-02T17:35:19,recommendationservice,35.5625,0.20024018066174704,1.0,0.0815,cpu_hog_recommendationservice_1
2026-10-02T17:35:19,adservice,110.57421875,0.003259363771469499,0.0,0.0815,cpu_hog_recommendationservice_1
2026-10-02T17:35:19,frontend,15.4609375,0.021807391064534973,0.0,0.0815,cpu_hog_recommendationservice_1
2026-10-02T17:35:19,emailservice,37.21875,0.006747590162126463,0.0,0.0815,cpu_hog_recommendationservice_1
2026-10-02T17:35:19,paymentservice,37.82421875,0.0016298815527148653,0.0,0.0815,cpu_hog_recommendationservice_1
2026-10-02T17:35:19,productcatalogservice,13.1171875,0.01037722231577956,0.0,0.0815,cpu_hog_recommendationservice_1
2026-10-02T17:35:19,currencyservice,33.796875,0.018100241052459567,0.0,0.0815,cpu_hog_recommendationservice_1
2026-10-02T17:35:19,cartservice,45.66015625,0.00846367337164752,0.0,0.0815,cpu_hog_recommendationservice_1
2026-10-02T17:35:24,loadgenerator,56.0078125,0.00754584058973654,0.0,0.2513,cpu_hog_recommendationservice_1
2026-10-02T17:35:24,redis-cart,6.39453125,0.003548079696637547,0.0,0.2513,cpu_hog_recommendationservice_1
2026-10-02T17:35:24,checkoutservice,12.7265625,0.0007524541531823073,0.0,0.2513,cpu_hog_recommendationservice_1
2026-10-02T17:35:24,shippingservice,12.26953125,0.0005491999999998497,0.0,0.2513,cpu_hog_recommendationservice_1
2026-10-02T17:35:24,recommendationservice,35.5625,0.20036573458621543,1.0,0.2513,cpu_hog_recommendationservice_1
2026-10-02T17:35:24,adservice,110.57421875,0.0034609905582243567,0.0,0.2513,cpu_hog_recommendationservice_1
2026-10-02T17:35:24,frontend,15.4609375,0.021807391064534973,0.0,0.2513,cpu_hog_recommendationservice_1
2026-10-02T17:35:24,emailservice,37.21875,0.006747590162126463,0.0,0.2513,cpu_hog_recommendationservice_1
2026-10-02T17:35:24,paymentservice,37.82421875,0.0016298815527148653,0.0,0.2513,cpu_hog_recommendationservice_1
2026-10-02T17:35:24,productcatalogservice,13.1171875,0.01037722231577956,0.0,0.2513,cpu_hog_recommendationservice_1
2026-10-02T17:35:24,currencyservice,33.796875,0.012101731866220733,0.0,0.2513,cpu_hog_recommendationservice_1
2026-10-02T17:35:24,cartservice,45.66015625,0.007124155999361438,0.0,0.2513,cpu_hog_recommendationservice_1
2026-10-02T17:35:30,loadgenerator,56.01953125,0.0073897753913636,0.0,0.1103,cpu_hog_recommendationservice_1
2026-10-02T17:35:30,redis-cart,7.125,0.004088390441839392,0.0,0.1103,cpu_hog_recommendationservice_1
2026-10-02T17:35:30,checkoutservice,12.9765625,0.000805133156896691,0.0,0.1103,cpu_hog_recommendationservice_1
2026-10-02T17:35:30,shippingservice,12.3046875,0.0011623792090347642,0.0,0.1103,cpu_hog_recommendationservice_1
2026-10-02T17:35:30,recommendationservice,35.5625,0.19990020806846212,1.0,0.1103,cpu_hog_recommendationservice_1
2026-10-02T17:35:30,adservice,110.57421875,0.0034609905582243567,0.0,0.1103,cpu_hog_recommendationservice_1
2026-10-02T17:35:30,frontend,14.7109375,0.023052881983918742,0.0,0.1103,cpu_hog_recommendationservice_1
2026-10-02T17:35:30,emailservice,37.21875,0.006747590162126463,0.0,0.1103,cpu_hog_recommendationservice_1
2026-10-02T17:35:30,paymentservice,37.828125,0.0019032246257457389,0.0,0.1103,cpu_hog_recommendationservice_1
2026-10-02T17:35:30,productcatalogservice,13.1171875,0.01037722231577956,0.0,0.1103,cpu_hog_recommendationservice_1
2026-10-02T17:35:30,currencyservice,34.3671875,0.019411593852111737,0.0,0.1103,cpu_hog_recommendationservice_1
2026-10-02T17:35:30,cartservice,45.16796875,0.00824876026552619,0.0,0.1103,cpu_hog_recommendationservice_1
2026-10-02T17:35:35,loadgenerator,56.01953125,0.007152527764781293,0.0,0.0918,cpu_hog_recommendationservice_1
2026-10-02T17:35:35,redis-cart,7.125,0.004088390441839392,0.0,0.0918,cpu_hog_recommendationservice_1
2026-10-02T17:35:35,checkoutservice,12.9765625,0.0009602780850053712,0.0,0.0918,cpu_hog_recommendationservice_1
2026-10-02T17:35:35,shippingservice,12.3046875,0.0010479664805244644,0.0,0.0918,cpu_hog_recommendationservice_1
2026-10-02T17:35:35,recommendationservice,35.5625,0.19990020806846212,1.0,0.0918,cpu_hog_recommendationservice_1
2026-10-02T17:35:35,adservice,110.57421875,0.003058951307726174,0.0,0.0918,cpu_hog_recommendationservice_1
2026-10-02T17:35:35,frontend,14.7109375,0.01855586929079677,0.0,0.0918,cpu_hog_recommendationservice_1
2026-10-02T17:35:35,emailservice,37.21875,0.00545888745055749,0.0,0.0918,cpu_hog_recommendationservice_1
2026-10-02T17:35:35,paymentservice,37.828125,0.0019631252281853986,0.0,0.0918,cpu_hog_recommendationservice_1
2026-10-02T17:35:35,productcatalogservice,13.1171875,0.00827732800680991,0.0,0.0918,cpu_hog_recommendationservice_1
2026-10-02T17:35:35,currencyservice,34.3671875,0.019411593852111737,0.0,0.0918,cpu_hog_recommendationservice_1
2026-10-02T17:35:35,cartservice,45.16796875,0.007087082774687546,0.0,0.0918,cpu_hog_recommendationservice_1
2026-10-02T17:35:40,loadgenerator,56.01953125,0.006077999545051662,0.0,0.0462,cpu_hog_recommendationservice_1
2026-10-02T17:35:40,redis-cart,6.3984375,0.004073605048191203,0.0,0.0462,cpu_hog_recommendationservice_1
2026-10-02T17:35:40,checkoutservice,12.7265625,0.0011869627197718057,0.0,0.0462,cpu_hog_recommendationservice_1
2026-10-02T17:35:40,shippingservice,12.3203125,0.0014185617824439248,0.0,0.0462,cpu_hog_recommendationservice_1
2026-10-02T17:35:40,recommendationservice,2.26171875,0.16920062556567034,1.0,0.0462,cpu_hog_recommendationservice_1
2026-10-02T17:35:40,adservice,109.8359375,0.0034342364469003048,0.0,0.0462,cpu_hog_recommendationservice_1
2026-10-02T17:35:40,frontend,15.19140625,0.0239226693991466,0.0,0.0462,cpu_hog_recommendationservice_1
2026-10-02T17:35:40,emailservice,36.73046875,0.006640738581146813,0.0,0.0462,cpu_hog_recommendationservice_1
2026-10-02T17:35:40,paymentservice,37.828125,0.0016871098211025315,0.0,0.0462,cpu_hog_recommendationservice_1
2026-10-02T17:35:40,productcatalogservice,12.6328125,0.010687934542040207,0.0,0.0462,cpu_hog_recommendationservice_1
2026-10-02T17:35:40,currencyservice,34.0546875,0.019982744358732582,0.0,0.0462,cpu_hog_recommendationservice_1
2026-10-02T17:35:40,cartservice,45.16796875,0.006381126375296263,0.0,0.0462,cpu_hog_recommendationservice_1
2026-10-02T17:35:45,loadgenerator,56.01953125,0.005590049180332744,0.0,0.0877,cpu_hog_recommendationservice_1
2026-10-02T17:35:45,redis-cart,6.3984375,0.004073605048191203,0.0,0.0877,cpu_hog_recommendationservice_1
2026-10-02T17:35:45,checkoutservice,12.7265625,0.0011869627197718057,0.0,0.0877,cpu_hog_recommendationservice_1
2026-10-02T17:35:45,shippingservice,12.3203125,0.0012768086248030432,0.0,0.0877,cpu_hog_recommendationservice_1
2026-10-02T17:35:45,recommendationservice,2.26171875,0.1507427644693519,1.0,0.0877,cpu_hog_recommendationservice_1
2026-10-02T17:35:45,adservice,109.8359375,0.0027092977515967074,0.0,0.0877,cpu_hog_recommendationservice_1
2026-10-02T17:35:45,frontend,15.19140625,0.0239226693991466,0.0,0.0877,cpu_hog_recommendationservice_1
2026-10-02T17:35:45,emailservice,36.73046875,0.006875645398504585,0.0,0.0877,cpu_hog_recommendationservice_1
2026-10-02T17:35:45,paymentservice,37.828125,0.0015187063952780272,0.0,0.0877,cpu_hog_recommendationservice_1
2026-10-02T17:35:45,productcatalogservice,12.6328125,0.010718356018778408,0.0,0.0877,cpu_hog_recommendationservice_1
2026-10-02T17:35:45,currencyservice,34.0546875,0.02188818172670548,0.0,0.0877,cpu_hog_recommendationservice_1
2026-10-02T17:35:45,cartservice,45.16796875,0.005836093237072308,0.0,0.0877,cpu_hog_recommendationservice_1
2026-10-02T17:35:50,loadgenerator,56.6875,0.006838885704459063,0.0,0.0869,cpu_hog_recommendationservice_1
2026-10-02T17:35:50,redis-cart,6.3984375,0.0028345499999996807,0.0,0.0869,cpu_hog_recommendationservice_1
2026-10-02T17:35:50,checkoutservice,12.7265625,0.0012293973722950825,0.0,0.0869,cpu_hog_recommendationservice_1
2026-10-02T17:35:50,shippingservice,12.3203125,0.0011493521546012075,0.0,0.0869,cpu_hog_recommendationservice_1
2026-10-02T17:35:50,adservice,110.0859375,0.002915336822295062,0.0,0.0869,cpu_hog_recommendationservice_1
2026-10-02T17:35:50,frontend,15.19140625,0.022738134052931368,0.0,0.0869,cpu_hog_recommendationservice_1
2026-10-02T17:35:50,emailservice,36.9765625,0.00656538694278252,0.0,0.0869,cpu_hog_recommendationservice_1
2026-10-02T17:35:50,paymentservice,37.83203125,0.001906692952685196,0.0,0.0869,cpu_hog_recommendationservice_1
2026-10-02T17:35:50,productcatalogservice,12.41015625,0.009257354156337922,0.0,0.0869,cpu_hog_recommendationservice_1
2026-10-02T17:35:50,currencyservice,34.59765625,0.01830997036845171,0.0,0.0869,cpu_hog_recommendationservice_1
2026-10-02T17:35:50,cartservice,45.65234375,0.007933035810071458,0.0,0.0869,cpu_hog_recommendationservice_1
2026-10-02T17:35:50,recommendationservice,2.26171875,0.1336325574146096,0.0,0.0869,cpu_hog_recommendationservice_1
2026-10-02T17:35:55,loadgenerator,56.6875,0.006838885704459064,0.0,0.0687,cpu_hog_recommendationservice_1
2026-10-02T17:35:55,redis-cart,6.3984375,0.0032602950354999652,0.0,0.0687,cpu_hog_recommendationservice_1
2026-10-02T17:35:55,checkoutservice,12.7265625,0.0011051328363646904,0.0,0.0687,cpu_hog_recommendationservice_1
2026-10-02T17:35:55,shippingservice,12.3203125,0.0011988223348215823,0.0,0.0687,cpu_hog_recommendationservice_1
2026-10-02T17:35:55,adservice,110.0859375,0.00231336025928033,0.0,0.0687,cpu_hog_recommendationservice_1
2026-10-02T17:35:55,frontend,15.19140625,0.02093386093055224,0.0,0.0687,cpu_hog_recommendationservice_1
2026-10-02T17:35:55,emailservice,36.9765625,0.00656538694278252,0.0,0.0687,cpu_hog_recommendationservice_1
2026-10-02T17:35:55,paymentservice,37.83203125,0.0016171192568654447,0.0,0.0687,cpu_hog_recommendationservice_1
2026-10-02T17:35:55,productcatalogservice,12.41015625,0.006779648528203802,0.0,0.0687,cpu_hog_recommendationservice_1
2026-10-02T17:35:55,currencyservice,34.59765625,0.01412553333333335,0.0,0.0687,cpu_hog_recommendationservice_1
2026-10-02T17:35:55,cartservice,45.65234375,0.00784498247849635,0.0,0.0687,cpu_hog_recommendationservice_1
2026-10-02T17:35:55,recommendationservice,2.26171875,0.0750259730296525,0.0,0.0687,cpu_hog_recommendationservice_1
2026-10-02T17:36:01,loadgenerator,56.6875,0.004982910949280773,0.0,0.0671,cpu_hog_recommendationservice_1
2026-10-02T17:36:01,redis-cart,6.6484375,0.0041630737611325725,0.0,0.0671,cpu_hog_recommendationservice_1
2026-10-02T17:36:01,checkoutservice,12.75,0.0017851145216214905,0.0,0.0671,cpu_hog_recommendationservice_1
2026-10-02T17:36:01,shippingservice,12.6171875,0.0016684042148594023,0.0,0.0671,cpu_hog_recommendationservice_1
2026-10-02T17:36:01,adservice,110.30078125,0.0036257943880458124,0.0,0.0671,cpu_hog_recommendationservice_1
2026-10-02T17:36:01,frontend,14.74609375,0.025927720852950857,0.0,0.0671,cpu_hog_recommendationservice_1
2026-10-02T17:36:01,emailservice,36.9765625,0.005317205763460958,0.0,0.0671,cpu_hog_recommendationservice_1
2026-10-02T17:36:01,paymentservice,38.171875,0.004152914251598295,0.0,0.0671,cpu_hog_recommendationservice_1
2026-10-02T17:36:01,productcatalogservice,12.41015625,0.007112594030668208,0.0,0.0671,cpu_hog_recommendationservice_1
2026-10-02T17:36:01,currencyservice,34.140625,0.02085092169388339,0.0,0.0671,cpu_hog_recommendationservice_1
2026-10-02T17:36:01,cartservice,45.88671875,0.00851393810536264,0.0,0.0671,cpu_hog_recommendationservice_1
2026-10-02T17:36:01,recommendationservice,1.6640625,0.0898091917205508,0.0,0.0671,cpu_hog_recommendationservice_1
2026-10-02T17:36:06,loadgenerator,56.6875,0.004441188374157831,0.0,0.0743,cpu_hog_recommendationservice_1
2026-10-02T17:36:06,redis-cart,6.6484375,0.0041630737611325725,0.0,0.0743,cpu_hog_recommendationservice_1
2026-10-02T17:36:06,checkoutservice,12.75,0.0016899531520282336,0.0,0.0743,cpu_hog_recommendationservice_1
2026-10-02T17:36:06,shippingservice,12.6171875,0.001295128405188005,0.0,0.0743,cpu_hog_recommendationservice_1
2026-10-02T17:36:06,adservice,110.30078125,0.0035853388973788557,0.0,0.0743,cpu_hog_recommendationservice_1
2026-10-02T17:36:06,frontend,14.74609375,0.020359382692545593,0.0,0.0743,cpu_hog_recommendationservice_1
2026-10-02T17:36:06,emailservice,36.9765625,0.004783299698239052,0.0,0.0743,cpu_hog_recommendationservice_1
2026-10-02T17:36:06,paymentservice,38.171875,0.004152914251598295,0.0,0.0743,cpu_hog_recommendationservice_1
2026-10-02T17:36:06,productcatalogservice,12.41015625,0.006392384782311135,0.0,0.0743,cpu_hog_recommendationservice_1
2026-10-02T17:36:06,currencyservice,34.140625,0.02045426725049198,0.0,0.0743,cpu_hog_recommendationservice_1
2026-10-02T17:36:06,cartservice,45.88671875,0.00851393810536264,0.0,0.0743,cpu_hog_recommendationservice_1
2026-10-02T17:36:06,recommendationservice,1.6640625,0.07502940254187204,0.0,0.0743,cpu_hog_recommendationservice_1
2026-10-02T17:36:11,loadgenerator,56.3046875,0.007001315604003506,0.0,0.1077,cpu_hog_recommendationservice_1
2026-10-02T17:36:11,redis-cart,6.39453125,0.004225051395734572,0.0,0.1077,cpu_hog_recommendationservice_1
2026-10-02T17:36:11,checkoutservice,13.015625,0.0018193386088316205,0.0,0.1077,cpu_hog_recommendationservice_1
2026-10-02T17:36:11,shippingservice,13.5390625,0.0016921377239086258,0.0,0.1077,cpu_hog_recommendationservice_1
2026-10-02T17:36:11,adservice,110.30078125,0.0032254796616695215,0.0,0.1077,cpu_hog_recommendationservice_1
2026-10-02T17:36:11,frontend,15.71875,0.025031096212822467,0.0,0.1077,cpu_hog_recommendationservice_1
2026-10-02T17:36:11,emailservice,36.96484375,0.006596667460128098,0.0,0.1077,cpu_hog_recommendationservice_1
2026-10-02T17:36:11,paymentservice,38.171875,0.0034112614456274443,0.0,0.1077,cpu_hog_recommendationservice_1
2026-10-02T17:36:11,productcatalogservice,12.13671875,0.007499639761587468,0.0,0.1077,cpu_hog_recommendationservice_1
2026-10-02T17:36:11,currencyservice,34.640625,0.019972851072827896,0.0,0.1077,cpu_hog_recommendationservice_1
2026-10-02T17:36:11,cartservice,45.88671875,0.0066257769258026185,0.0,0.1077,cpu_hog_recommendationservice_1
2026-10-02T17:36:11,recommendationservice,1.6640625,0.05795478965161565,0.0,0.1077,cpu_hog_recommendationservice_1
2026-10-02T17:36:16,loadgenerator,56.28125,0.008129952988582512,0.0,0.0983,cpu_hog_recommendationservice_1
2026-10-02T17:36:16,redis-cart,6.39453125,0.004225051395734572,0.0,0.0983,cpu_hog_recommendationservice_1
2026-10-02T17:36:16,checkoutservice,13.015625,0.0015404643224078798,0.0,0.0983,cpu_hog_recommendationservice_1
2026-10-02T17:36:16,shippingservice,13.5390625,0.0016921377239086258,0.0,0.0983,cpu_hog_recommendationservice_1
2026-10-02T17:36:16,adservice,110.5859375,0.004353380539058879,0.0,0.0983,cpu_hog_recommendationservice_1
2026-10-02T17:36:16,frontend,15.71875,0.021180687837885053,0.0,0.0983,cpu_hog_recommendationservice_1
2026-10-02T17:36:16,emailservice,36.73828125,0.005917105526292297,0.0,0.0983,cpu_hog_recommendationservice_1
2026-10-02T17:36:16,paymentservice,37.90625,0.0035718179819740755,0.0,0.0983,cpu_hog_recommendationservice_1
2026-10-02T17:36:16,productcatalogservice,12.13671875,0.0058452097924560865,0.0,0.0983,cpu_hog_recommendationservice_1
2026-10-02T17:36:16,currencyservice,34.4453125,0.020428469241774046,0.0,0.0983,cpu_hog_recommendationservice_1
2026-10-02T17:36:16,cartservice,45.40625,0.009586132177681455,0.0,0.0983,cpu_hog_recommendationservice_1
2026-10-02T17:36:16,recommendationservice,2.1328125,0,0.0,0.0983,cpu_hog_recommendationservice_1
2026-10-02T17:36:21,loadgenerator,56.28125,0.008129952988582512,0.0,0.0774,cpu_hog_recommendationservice_1
2026-10-02T17:36:21,redis-cart,6.39453125,0.003382916498787533,0.0,0.0774,cpu_hog_recommendationservice_1
2026-10-02T17:36:21,checkoutservice,13.015625,0.0014375837065599638,0.0,0.0774,cpu_hog_recommendationservice_1
2026-10-02T17:36:21,shippingservice,13.5390625,0.0014224839449542214,0.0,0.0774,cpu_hog_recommendationservice_1
2026-10-02T17:36:21,adservice,110.5859375,0.004353380539058879,0.0,0.0774,cpu_hog_recommendationservice_1
2026-10-02T17:36:21,frontend,15.71875,0.014677649999998722,0.0,0.0774,cpu_hog_recommendationservice_1
2026-10-02T17:36:21,emailservice,36.73828125,0.006940637479481762,0.0,0.0774,cpu_hog_recommendationservice_1
2026-10-02T17:36:21,paymentservice,37.90625,0.003571817981974075,0.0,0.0774,cpu_hog_recommendationservice_1
2026-10-02T17:36:21,productcatalogservice,12.13671875,0.004582985447856799,0.0,0.0774,cpu_hog_recommendationservice_1
2026-10-02T17:36:21,currencyservice,34.4453125,0.020428469241774046,0.0,0.0774,cpu_hog_recommendationservice_1
2026-10-02T17:36:21,cartservice,45.40625,0.00906185652345288,0.0,0.0774,cpu_hog_recommendationservice_1
2026-10-02T17:36:21,recommendationservice,2.1328125,0,2.0,0.0774,cpu_hog_recommendationservice_1
2026-10-02T17:36:26,loadgenerator,56.75390625,0.00892554516428516,0.0,0.2128,cpu_hog_recommendationservice_1
2026-10-02T17:36:26,redis-cart,6.89453125,0.004478988688712711,0.0,0.2128,cpu_hog_recommendationservice_1
2026-10-02T17:36:26,checkoutservice,13.03515625,0.0020980806232108484,0.0,0.2128,cpu_hog_recommendationservice_1
2026-10-02T17:36:26,shippingservice,12.8203125,0.001776148521082551,0.0,0.2128,cpu_hog_recommendationservice_1
2026-10-02T17:36:26,adservice,110.5859375,0.0046343849720029235,0.0,0.2128,cpu_hog_recommendationservice_1
2026-10-02T17:36:26,frontend,14.53125,0.023341599783567174,0.0,0.2128,cpu_hog_recommendationservice_1
2026-10-02T17:36:26,emailservice,36.73828125,0.006940637479481762,0.0,0.2128,cpu_hog_recommendationservice_1
2026-10-02T17:36:26,paymentservice,37.828125,0.003924357720474213,0.0,0.2128,cpu_hog_recommendationservice_1
2026-10-02T17:36:26,productcatalogservice,12.3984375,0.005733457241219076,0.0,0.2128,cpu_hog_recommendationservice_1
2026-10-02T17:36:26,currencyservice,34.52734375,0.01926038808700144,0.0,0.2128,cpu_hog_recommendationservice_1
2026-10-02T17:36:26,cartservice,45.40625,0.011051044540796195,0.0,0.2128,cpu_hog_recommendationservice_1
2026-10-02T17:36:26,recommendationservice,2.1328125,0,2.0,0.2128,cpu_hog_recommendationservice_1
2026-10-02T17:36:31,loadgenerator,56.75390625,0.008925545164285158,0.0,0.074,cpu_hog_recommendationservice_1
2026-10-02T17:36:31,redis-cart,6.89453125,0.00447898868871271,0.0,0.074,cpu_hog_recommendationservice_1
2026-10-02T17:36:31,checkoutservice,13.03515625,0.0020980806232108484,0.0,0.074,cpu_hog_recommendationservice_1
2026-10-02T17:36:31,shippingservice,12.8203125,0.0018823153590596933,0.0,0.074,cpu_hog_recommendationservice_1
2026-10-02T17:36:31,adservice,110.5859375,0.0035989475096331706,0.0,0.074,cpu_hog_recommendationservice_1
2026-10-02T17:36:31,frontend,14.53125,0.023341599783567174,0.0,0.074,cpu_hog_recommendationservice_1
2026-10-02T17:36:31,emailservice,36.73828125,0.005521836221835811,0.0,0.074,cpu_hog_recommendationservice_1
2026-10-02T17:36:31,paymentservice,37.828125,0.003924357720474213,0.0,0.074,cpu_hog_recommendationservice_1
2026-10-02T17:36:31,productcatalogservice,12.3984375,0.005680078029748823,0.0,0.074,cpu_hog_recommendationservice_1
2026-10-02T17:36:31,currencyservice,34.52734375,0.019260388087001444,0.0,0.074,cpu_hog_recommendationservice_1
2026-10-02T17:36:31,cartservice,45.40625,0.0084833343417422,0.0,0.074,cpu_hog_recommendationservice_1
2026-10-02T17:36:31,recommendationservice,2.1328125,0,2.0,0.074,cpu_hog_recommendationservice_1
2026-10-02T17:36:37,loadgenerator,56.28515625,0.008568555826138281,0.0,0.074,cpu_hog_recommendationservice_1
2026-10-02T17:36:37,redis-cart,6.15234375,0.004657971619365694,0.0,0.074,cpu_hog_recommendationservice_1
2026-10-02T17:36:37,checkoutservice,13.03515625,0.0015017461923846618,0.0,0.074,cpu_hog_recommendationservice_1
2026-10-02T17:36:37,shippingservice,12.8203125,0.0015360948206833138,0.0,0.074,cpu_hog_recommendationservice_1
2026-10-02T17:36:37,adservice,110.08203125,0.0032006337605984428,0.0,0.074,cpu_hog_recommendationservice_1
2026-10-02T17:36:37,frontend,14.49609375,0.021874785170634205,0.0,0.074,cpu_hog_recommendationservice_1
2026-10-02T17:36:37,emailservice,37.22265625,0.007504378837125104,0.0,0.074,cpu_hog_recommendationservice_1
2026-10-02T17:36:37,paymentservice,37.828125,0.003924357720474213,0.0,0.074,cpu_hog_recommendationservice_1
2026-10-02T17:36:37,productcatalogservice,12.140625,0.005217449426936827,0.0,0.074,cpu_hog_recommendationservice_1
2026-10-02T17:36:37,currencyservice,33.58203125,0.01949501950610926,0.0,0.074,cpu_hog_recommendationservice_1
2026-10-02T17:36:37,cartservice,45.82421875,0.010868396586988422,0.0,0.074,cpu_hog_recommendationservice_1
2026-10-02T17:36:37,recommendationservice,2.921875,0,2.0,0.074,cpu_hog_recommendationservice_1
2026-10-02T17:36:42,loadgenerator,56.28515625,0.008717494180543597,0.0,0.0858,cpu_hog_recommendationservice_1
2026-10-02T17:36:42,redis-cart,6.15234375,0.004657971619365694,0.0,0.0858,cpu_hog_recommendationservice_1
2026-10-02T17:36:42,checkoutservice,13.03515625,0.0013367397795590224,0.0,0.0858,cpu_hog_recommendationservice_1
2026-10-02T17:36:42,shippingservice,12.8203125,0.0013748745101798512,0.0,0.0858,cpu_hog_recommendationservice_1
2026-10-02T17:36:42,adservice,110.08203125,0.0032006337605984423,0.0,0.0858,cpu_hog_recommendationservice_1
2026-10-02T17:36:42,frontend,14.49609375,0.0218747851706342,0.0,0.0858,cpu_hog_recommendationservice_1
2026-10-02T17:36:42,emailservice,37.22265625,0.007504378837125104,0.0,0.0858,cpu_hog_recommendationservice_1
2026-10-02T17:36:42,paymentservice,37.828125,0.0010911350220264814,0.0,0.0858,cpu_hog_recommendationservice_1
2026-10-02T17:36:42,productcatalogservice,12.140625,0.005217449426936826,0.0,0.0858,cpu_hog_recommendationservice_1
2026-10-02T17:36:42,currencyservice,33.58203125,0.013768104166666776,0.0,0.0858,cpu_hog_recommendationservice_1
2026-10-02T17:36:42,cartservice,45.82421875,0.010995435496356419,0.0,0.0858,cpu_hog_recommendationservice_1
2026-10-02T17:36:42,recommendationservice,2.921875,0,2.0,0.0858,cpu_hog_recommendationservice_1
2026-10-02T17:36:47,loadgenerator,56.28515625,0.008717494180543597,0.0,0.1158,cpu_hog_recommendationservice_1
2026-10-02T17:36:47,redis-cart,6.15234375,0.004657971619365694,0.0,0.1158,cpu_hog_recommendationservice_1
2026-10-02T17:36:47,checkoutservice,12.796875,0.0017891072548608944,0.0,0.1158,cpu_hog_recommendationservice_1
2026-10-02T17:36:47,shippingservice,12.8359375,0.001769562159310696,0.0,0.1158,cpu_hog_recommendationservice_1
2026-10-02T17:36:47,adservice,109.94921875,0.003164464618626892,0.0,0.1158,cpu_hog_recommendationservice_1
2026-10-02T17:36:47,frontend,14.49609375,0.02101955117306915,0.0,0.1158,cpu_hog_recommendationservice_1
2026-10-02T17:36:47,emailservice,36.98828125,0.007369907820398564,0.0,0.1158,cpu_hog_recommendationservice_1
2026-10-02T17:36:47,paymentservice,37.8359375,0.0012134510689151524,0.0,0.1158,cpu_hog_recommendationservice_1
2026-10-02T17:36:47,productcatalogservice,12.140625,0.004917386231038728,0.0,0.1158,cpu_hog_recommendationservice_1
2026-10-02T17:36:47,currencyservice,34.484375,0.018889264616861946,0.0,0.1158,cpu_hog_recommendationservice_1
2026-10-02T17:36:47,cartservice,45.82421875,0.010995435496356419,0.0,0.1158,cpu_hog_recommendationservice_1
2026-10-02T17:36:47,recommendationservice,2.921875,0,3.0,0.1158,cpu_hog_recommendationservice_1
2026-10-02T17:36:52,loadgenerator,56.28515625,0.007179364978171517,0.0,0.0729,cpu_hog_recommendationservice_1
2026-10-02T17:36:52,redis-cart,6.15234375,0.003907882922927172,0.0,0.0729,cpu_hog_recommendationservice_1
2026-10-02T17:36:52,checkoutservice,12.796875,0.001967519740157884,0.0,0.0729,cpu_hog_recommendationservice_1
2026-10-02T17:36:52,shippingservice,12.8359375,0.001769562159310696,0.0,0.0729,cpu_hog_recommendationservice_1
2026-10-02T17:36:52,adservice,109.94921875,0.0025231541856826378,0.0,0.0729,cpu_hog_recommendationservice_1
2026-10-02T17:36:52,frontend,14.49609375,0.02101955117306915,0.0,0.0729,cpu_hog_recommendationservice_1
2026-10-02T17:36:52,emailservice,36.98828125,0.007369907820398564,0.0,0.0729,cpu_hog_recommendationservice_1
2026-10-02T17:36:52,paymentservice,37.8359375,0.0012134510689151524,0.0,0.0729,cpu_hog_recommendationservice_1
2026-10-02T17:36:52,productcatalogservice,12.140625,0.004917386231038728,0.0,0.0729,cpu_hog_recommendationservice_1
2026-10-02T17:36:52,currencyservice,34.484375,0.016938223956693973,0.0,0.0729,cpu_hog_recommendationservice_1
2026-10-02T17:36:52,cartservice,45.82421875,0.00789083485299855,0.0,0.0729,cpu_hog_recommendationservice_1
2026-10-02T17:36:52,recommendationservice,2.921875,0,3.0,0.0729,cpu_hog_recommendationservice_1
2026-10-02T17:36:57,loadgenerator,56.296875,0.007731908519818419,0.0,0.0927,cpu_hog_recommendationservice_1
2026-10-02T17:36:57,redis-cart,6.15234375,0.00445693628904243,0.0,0.0927,cpu_hog_recommendationservice_1
2026-10-02T17:36:57,checkoutservice,13.046875,0.0017841229671424705,0.0,0.0927,cpu_hog_recommendationservice_1
2026-10-02T17:36:57,shippingservice,13.08984375,0.0017415528538721966,0.0,0.0927,cpu_hog_recommendationservice_1
2026-10-02T17:36:57,adservice,109.95703125,0.003107121296814099,0.0,0.0927,cpu_hog_recommendationservice_1
2026-10-02T17:36:57,frontend,14.74609375,0.020462650345928535,0.0,0.0927,cpu_hog_recommendationservice_1
2026-10-02T17:36:57,emailservice,36.98828125,0.007369907820398564,0.0,0.0927,cpu_hog_recommendationservice_1
2026-10-02T17:36:57,paymentservice,37.8359375,0.0007160962887263012,0.0,0.0927,cpu_hog_recommendationservice_1
2026-10-02T17:36:57,productcatalogservice,12.13671875,0.004572022000846151,0.0,0.0927,cpu_hog_recommendationservice_1
2026-10-02T17:36:57,currencyservice,33.8046875,0.01800827870454268,0.0,0.0927,cpu_hog_recommendationservice_1
2026-10-02T17:36:57,cartservice,46.37890625,0.009481264193792574,0.0,0.0927,cpu_hog_recommendationservice_1
2026-10-02T17:36:57,recommendationservice,4.20703125,0,3.0,0.0927,cpu_hog_recommendationservice_1
2026-10-02T17:37:02,loadgenerator,56.296875,0.007731908519818419,0.0,0.0472,cpu_hog_recommendationservice_1
2026-10-02T17:37:02,redis-cart,6.15234375,0.00445693628904243,0.0,0.0472,cpu_hog_recommendationservice_1
2026-10-02T17:37:02,checkoutservice,13.046875,0.0014591135786206847,0.0,0.0472,cpu_hog_recommendationservice_1
2026-10-02T17:37:02,shippingservice,13.08984375,0.0017415528538721966,0.0,0.0472,cpu_hog_recommendationservice_1
2026-10-02T17:37:02,adservice,109.95703125,0.003107121296814099,0.0,0.0472,cpu_hog_recommendationservice_1
2026-10-02T17:37:02,frontend,14.74609375,0.012824975000000904,0.0,0.0472,cpu_hog_recommendationservice_1
2026-10-02T17:37:02,emailservice,36.98828125,0.0060865443519698215,0.0,0.0472,cpu_hog_recommendationservice_1
2026-10-02T17:37:02,paymentservice,37.8359375,0.0006407286467297468,0.0,0.0472,cpu_hog_recommendationservice_1
2026-10-02T17:37:02,productcatalogservice,12.13671875,0.004142661486429457,0.0,0.0472,cpu_hog_recommendationservice_1
2026-10-02T17:37:02,currencyservice,33.8046875,0.016626666978069388,0.0,0.0472,cpu_hog_recommendationservice_1
2026-10-02T17:37:02,cartservice,46.37890625,0.009481264193792574,0.0,0.0472,cpu_hog_recommendationservice_1
2026-10-02T17:37:02,recommendationservice,4.20703125,0,3.0,0.0472,cpu_hog_recommendationservice_1
2026-10-02T17:37:07,loadgenerator,56.296875,0.007731908519818419,0.0,0.0854,cpu_hog_recommendationservice_1
2026-10-02T17:37:07,redis-cart,6.15234375,0.004297192876546801,0.0,0.0854,cpu_hog_recommendationservice_1
2026-10-02T17:37:07,checkoutservice,12.79296875,0.0012011075360606445,0.0,0.0854,cpu_hog_recommendationservice_1
2026-10-02T17:37:07,shippingservice,13.08984375,0.0016680766429490422,0.0,0.0854,cpu_hog_recommendationservice_1
2026-10-02T17:37:07,adservice,109.95703125,0.003107121296814099,0.0,0.0854,cpu_hog_recommendationservice_1
2026-10-02T17:37:07,frontend,15.70703125,0.019882326318171665,0.0,0.0854,cpu_hog_recommendationservice_1
2026-10-02T17:37:07,emailservice,36.9765625,0.007212717208377722,0.0,0.0854,cpu_hog_recommendationservice_1
2026-10-02T17:37:07,paymentservice,37.90234375,0.0008497239697008709,0.0,0.0854,cpu_hog_recommendationservice_1
2026-10-02T17:37:07,productcatalogservice,12.13671875,0.004142661486429457,0.0,0.0854,cpu_hog_recommendationservice_1
2026-10-02T17:37:07,currencyservice,34.125,0.016778255880665494,0.0,0.0854,cpu_hog_recommendationservice_1
2026-10-02T17:37:07,cartservice,46.83984375,0.009367566750439347,0.0,0.0854,cpu_hog_recommendationservice_1
2026-10-02T17:37:07,recommendationservice,4.20703125,0,3.0,0.0854,cpu_hog_recommendationservice_1
2026-10-02T17:37:13,loadgenerator,56.296875,0.0060159719865552335,0.0,0.1,cpu_hog_recommendationservice_1
2026-10-02T17:37:13,redis-cart,6.15234375,0.004297192876546801,0.0,0.1,cpu_hog_recommendationservice_1
2026-10-02T17:37:13,checkoutservice,12.79296875,0.0012011075360606445,0.0,0.1,cpu_hog_recommendationservice_1
2026-10-02T17:37:13,shippingservice,13.08984375,0.0016680766429490422,0.0,0.1,cpu_hog_recommendationservice_1
2026-10-02T17:37:13,adservice,109.95703125,0.0025921207099550768,0.0,0.1,cpu_hog_recommendationservice_1
2026-10-02T17:37:13,frontend,15.70703125,0.01988232631817166,0.0,0.1,cpu_hog_recommendationservice_1
2026-10-02T17:37:13,emailservice,36.9765625,0.007034368405185262,0.0,0.1,cpu_hog_recommendationservice_1
2026-10-02T17:37:13,paymentservice,37.90234375,0.0008476479768141767,0.0,0.1,cpu_hog_recommendationservice_1
2026-10-02T17:37:13,productcatalogservice,12.13671875,0.003363582210637818,0.0,0.1,cpu_hog_recommendationservice_1
2026-10-02T17:37:13,currencyservice,34.125,0.01154979166666677,0.0,0.1,cpu_hog_recommendationservice_1
2026-10-02T17:37:13,cartservice,46.83984375,0.008755677592815038,0.0,0.1,cpu_hog_recommendationservice_1
2026-10-02T17:37:13,recommendationservice,4.20703125,0,3.0,0.1,cpu_hog_recommendationservice_1
2026-10-02T17:37:18,loadgenerator,56.30078125,0.00727159495662458,0.0,0.0947,cpu_hog_recommendationservice_1
2026-10-02T17:37:18,redis-cart,6.15234375,0.0043857398849380495,0.0,0.0947,cpu_hog_recommendationservice_1
2026-10-02T17:37:18,checkoutservice,13.3125,0.0007298760988017066,0.0,0.0947,cpu_hog_recommendationservice_1
2026-10-02T17:37:18,shippingservice,13.37109375,0.0016516792771215307,0.0,0.0947,cpu_hog_recommendationservice_1
2026-10-02T17:37:18,adservice,110.1953125,0.0030715323854659925,0.0,0.0947,cpu_hog_recommendationservice_1
2026-10-02T17:37:18,frontend,15.70703125,0.019882326318171665,0.0,0.0947,cpu_hog_recommendationservice_1
2026-10-02T17:37:18,emailservice,36.9765625,0.007034368405185262,0.0,0.0947,cpu_hog_recommendationservice_1
2026-10-02T17:37:18,paymentservice,38.4296875,0.0009029763197914631,0.0,0.0947,cpu_hog_recommendationservice_1
2026-10-02T17:37:18,productcatalogservice,12.5078125,0.003905592283861822,0.0,0.0947,cpu_hog_recommendationservice_1
2026-10-02T17:37:18,currencyservice,35.0078125,0.014254052217031478,0.0,0.0947,cpu_hog_recommendationservice_1
2026-10-02T17:37:18,cartservice,46.83984375,0.00875567759281504,0.0,0.0947,cpu_hog_recommendationservice_1
2026-10-02T17:37:18,recommendationservice,0,0,4.0,0.0947,cpu_hog_recommendationservice_1
2026-10-02T17:37:23,loadgenerator,56.30078125,0.00727159495662458,0.0,0.1302,cpu_hog_recommendationservice_1
2026-10-02T17:37:23,redis-cart,6.15234375,0.004312195245834733,0.0,0.1302,cpu_hog_recommendationservice_1
2026-10-02T17:37:23,checkoutservice,13.3125,0.000899825673934578,0.0,0.1302,cpu_hog_recommendationservice_1
2026-10-02T17:37:23,shippingservice,13.37109375,0.0016501765801841132,0.0,0.1302,cpu_hog_recommendationservice_1
2026-10-02T17:37:23,adservice,110.1953125,0.0030715323854659925,0.0,0.1302,cpu_hog_recommendationservice_1
2026-10-02T17:37:23,frontend,15.70703125,0.01628999719116745,0.0,0.1302,cpu_hog_recommendationservice_1
2026-10-02T17:37:23,emailservice,36.9765625,0.005527313594111029,0.0,0.1302,cpu_hog_recommendationservice_1
2026-10-02T17:37:23,paymentservice,38.4296875,0.0008992825607064968,0.0,0.1302,cpu_hog_recommendationservice_1
2026-10-02T17:37:23,productcatalogservice,12.5078125,0.003905592283861822,0.0,0.1302,cpu_hog_recommendationservice_1
2026-10-02T17:37:23,currencyservice,35.0078125,0.012867703417504556,0.0,0.1302,cpu_hog_recommendationservice_1
2026-10-02T17:37:23,cartservice,46.83984375,0.007108369817706829,0.0,0.1302,cpu_hog_recommendationservice_1
2026-10-02T17:37:23,recommendationservice,0,0,4.0,0.1302,cpu_hog_recommendationservice_1
2026-10-02T17:37:28,loadgenerator,56.30859375,0.007661906868010579,0.0,0.1093,cpu_hog_recommendationservice_1
2026-10-02T17:37:28,redis-cart,6.39453125,0.00436214424641767,0.0,0.1093,cpu_hog_recommendationservice_1
2026-10-02T17:37:28,checkoutservice,13.3125,0.000899825673934578,0.0,0.1093,cpu_hog_recommendationservice_1
2026-10-02T17:37:28,shippingservice,12.3828125,0.001586526270549124,0.0,0.1093,cpu_hog_recommendationservice_1
2026-10-02T17:37:28,adservice,110.21484375,0.0031916420237030983,0.0,0.1093,cpu_hog_recommendationservice_1
2026-10-02T17:37:28,frontend,15.2421875,0.02082147499056748,0.0,0.1093,cpu_hog_recommendationservice_1
2026-10-02T17:37:28,emailservice,36.73046875,0.006842951690414003,0.0,0.1093,cpu_hog_recommendationservice_1
2026-10-02T17:37:28,paymentservice,38.0234375,0.0014975779887619297,0.0,0.1093,cpu_hog_recommendationservice_1
2026-10-02T17:37:28,productcatalogservice,12.99609375,0.004185249808494421,0.0,0.1093,cpu_hog_recommendationservice_1
2026-10-02T17:37:28,currencyservice,33.9453125,0.017283795736311253,0.0,0.1093,cpu_hog_recommendationservice_1
2026-10-02T17:37:28,cartservice,46.83203125,0.00894808673829065,0.0,0.1093,cpu_hog_recommendationservice_1
2026-10-02T17:37:28,recommendationservice,0,0,4.0,0.1093,cpu_hog_recommendationservice_1
2026-10-02T17:37:33,loadgenerator,56.30859375,0.007661906868010579,0.0,0.0843,cpu_hog_recommendationservice_1
2026-10-02T17:37:33,redis-cart,6.39453125,0.00436214424641767,0.0,0.0843,cpu_hog_recommendationservice_1
2026-10-02T17:37:33,checkoutservice,13.3125,0.0007288263021821163,0.0,0.0843,cpu_hog_recommendationservice_1
2026-10-02T17:37:33,shippingservice,12.3828125,0.0015865262705491237,0.0,0.0843,cpu_hog_recommendationservice_1
2026-10-02T17:37:33,adservice,110.21484375,0.0031916420237030987,0.0,0.0843,cpu_hog_recommendationservice_1
2026-10-02T17:37:33,frontend,15.2421875,0.020821474990567475,0.0,0.0843,cpu_hog_recommendationservice_1
2026-10-02T17:37:33,emailservice,36.73046875,0.006778802866020097,0.0,0.0843,cpu_hog_recommendationservice_1
2026-10-02T17:37:33,paymentservice,38.0234375,0.0014975779887619297,0.0,0.0843,cpu_hog_recommendationservice_1
2026-10-02T17:37:33,productcatalogservice,12.99609375,0.004185249808494421,0.0,0.0843,cpu_hog_recommendationservice_1
2026-10-02T17:37:33,currencyservice,33.9453125,0.01696252923655966,0.0,0.0843,cpu_hog_recommendationservice_1
2026-10-02T17:37:33,cartservice,46.83203125,0.00894808673829065,0.0,0.0843,cpu_hog_recommendationservice_1
2026-10-02T17:37:33,recommendationservice,0,0,4.0,0.0843,cpu_hog_recommendationservice_1
2026-10-02T17:37:38,loadgenerator,56.296875,0.007949946088415233,0.0,0.0934,cpu_hog_recommendationservice_1
2026-10-02T17:37:38,redis-cart,6.39453125,0.004535944327561334,0.0,0.0934,cpu_hog_recommendationservice_1
2026-10-02T17:37:38,checkoutservice,13.3046875,0.0008598815708872645,0.0,0.0934,cpu_hog_recommendationservice_1
2026-10-02T17:37:38,shippingservice,12.3828125,0.0015328620494183395,0.0,0.0934,cpu_hog_recommendationservice_1
2026-10-02T17:37:38,adservice,109.98046875,0.0031393255930226333,0.0,0.0934,cpu_hog_recommendationservice_1
2026-10-02T17:37:38,frontend,15.44921875,0.02152865519198073,0.0,0.0934,cpu_hog_recommendationservice_1
2026-10-02T17:37:38,emailservice,36.98828125,0.006808752250381059,0.0,0.0934,cpu_hog_recommendationservice_1
2026-10-02T17:37:38,paymentservice,37.87890625,0.001355640979796196,0.0,0.0934,cpu_hog_recommendationservice_1
2026-10-02T17:37:38,productcatalogservice,12.99609375,0.003671625724093557,0.0,0.0934,cpu_hog_recommendationservice_1
2026-10-02T17:37:38,currencyservice,33.8046875,0.01914817599113704,0.0,0.0934,cpu_hog_recommendationservice_1
2026-10-02T17:37:38,cartservice,46.83203125,0.00894808673829065,0.0,0.0934,cpu_hog_recommendationservice_1
2026-10-02T17:37:38,recommendationservice,0,0,4.0,0.0934,cpu_hog_recommendationservice_1
2026-10-02T17:37:43,loadgenerator,56.296875,0.007949946088415233,0.0,0.0594,cpu_hog_recommendationservice_1
2026-10-02T17:37:43,redis-cart,6.39453125,0.003767612057776539,0.0,0.0594,cpu_hog_recommendationservice_1
2026-10-02T17:37:43,checkoutservice,13.3046875,0.0008598815708872646,0.0,0.0594,cpu_hog_recommendationservice_1
2026-10-02T17:37:43,shippingservice,12.3828125,0.0012125513634167599,0.0,0.0594,cpu_hog_recommendationservice_1
2026-10-02T17:37:43,adservice,109.98046875,0.003093182159483191,0.0,0.0594,cpu_hog_recommendationservice_1
2026-10-02T17:37:43,frontend,15.44921875,0.02152865519198073,0.0,0.0594,cpu_hog_recommendationservice_1
2026-10-02T17:37:43,emailservice,36.98828125,0.006808752250381059,0.0,0.0594,cpu_hog_recommendationservice_1
2026-10-02T17:37:43,paymentservice,37.87890625,0.001428927460779722,0.0,0.0594,cpu_hog_recommendationservice_1
2026-10-02T17:37:43,productcatalogservice,12.99609375,0.003301548558075803,0.0,0.0594,cpu_hog_recommendationservice_1
2026-10-02T17:37:43,currencyservice,33.8046875,0.01569349999999995,0.0,0.0594,cpu_hog_recommendationservice_1
2026-10-02T17:37:43,cartservice,46.83203125,0.007127859477248617,0.0,0.0594,cpu_hog_recommendationservice_1
2026-10-02T17:37:43,recommendationservice,0,0,4.0,0.0594,cpu_hog_recommendationservice_1
2026-10-02T17:37:49,loadgenerator,56.296875,0.007949946088415233,0.0,0.1779,cpu_hog_recommendationservice_1
2026-10-02T17:37:49,redis-cart,6.15234375,0.0044605959593685685,0.0,0.1779,cpu_hog_recommendationservice_1
2026-10-02T17:37:49,checkoutservice,13.07421875,0.0008850631412786828,0.0,0.1779,cpu_hog_recommendationservice_1
2026-10-02T17:37:49,shippingservice,12.6796875,0.0014392091607733583,0.0,0.1779,cpu_hog_recommendationservice_1
2026-10-02T17:37:49,adservice,109.98046875,0.003093182159483191,0.0,0.1779,cpu_hog_recommendationservice_1
2026-10-02T17:37:49,frontend,15.44921875,0.021625426733194907,0.0,0.1779,cpu_hog_recommendationservice_1
2026-10-02T17:37:49,emailservice,36.98828125,0.006661017458457655,0.0,0.1779,cpu_hog_recommendationservice_1
2026-10-02T17:37:49,paymentservice,37.84375,0.0014275474703441618,0.0,0.1779,cpu_hog_recommendationservice_1
2026-10-02T17:37:49,productcatalogservice,13.01953125,0.004465664065777463,0.0,0.1779,cpu_hog_recommendationservice_1
2026-10-02T17:37:49,currencyservice,33.80078125,0.0199309649197316,0.0,0.1779,cpu_hog_recommendationservice_1
2026-10-02T17:37:49,cartservice,46.921875,0.00985866526904261,0.0,0.1779,cpu_hog_recommendationservice_1
2026-10-02T17:37:49,recommendationservice,0,0,4.0,0.1779,cpu_hog_recommendationservice_1
2026-10-02T17:37:54,loadgenerator,56.296875,0.005352024999999827,0.0,0.0798,cpu_hog_recommendationservice_1
2026-10-02T17:37:54,redis-cart,6.15234375,0.0044605959593685685,0.0,0.0798,cpu_hog_recommendationservice_1
2026-10-02T17:37:54,checkoutservice,13.07421875,0.0008850631412786827,0.0,0.0798,cpu_hog_recommendationservice_1
2026-10-02T17:37:54,shippingservice,12.6796875,0.0008562749999999398,0.0,0.0798,cpu_hog_recommendationservice_1
2026-10-02T17:37:54,adservice,109.98046875,0.002436241821844952,0.0,0.0798,cpu_hog_recommendationservice_1
2026-10-02T17:37:54,frontend,15.44921875,0.017310072828585866,0.0,0.0798,cpu_hog_recommendationservice_1
2026-10-02T17:37:54,emailservice,36.98828125,0.005492980292877695,0.0,0.0798,cpu_hog_recommendationservice_1
2026-10-02T17:37:54,paymentservice,37.84375,0.0014275474703441618,0.0,0.0798,cpu_hog_recommendationservice_1
2026-10-02T17:37:54,productcatalogservice,13.01953125,0.004688114309186381,0.0,0.0798,cpu_hog_recommendationservice_1
2026-10-02T17:37:54,currencyservice,33.80078125,0.01763664511127156,0.0,0.0798,cpu_hog_recommendationservice_1
2026-10-02T17:37:54,cartservice,46.921875,0.00985866526904261,0.0,0.0798,cpu_hog_recommendationservice_1
2026-10-02T17:37:54,recommendationservice,0,0,4.0,0.0798,cpu_hog_recommendationservice_1
2026-10-02T17:37:59,loadgenerator,56.3203125,0.008419785057620133,0.0,0.0963,cpu_hog_recommendationservice_1
2026-10-02T17:37:59,redis-cart,6.390625,0.003912937063628336,0.0,0.0963,cpu_hog_recommendationservice_1
2026-10-02T17:37:59,checkoutservice,13.07421875,0.0007412157957336391,0.0,0.0963,cpu_hog_recommendationservice_1
2026-10-02T17:37:59,shippingservice,12.6796875,0.0010146838096960213,0.0,0.0963,cpu_hog_recommendationservice_1
2026-10-02T17:37:59,adservice,110.20703125,0.003255537680980104,0.0,0.0963,cpu_hog_recommendationservice_1
2026-10-02T17:37:59,frontend,15.25,0.021376711753339408,0.0,0.0963,cpu_hog_recommendationservice_1
2026-10-02T17:37:59,emailservice,36.73046875,0.006948407202216394,0.0,0.0963,cpu_hog_recommendationservice_1
2026-10-02T17:37:59,paymentservice,37.87890625,0.0013721877545904194,0.0,0.0963,cpu_hog_recommendationservice_1
2026-10-02T17:37:59,productcatalogservice,12.99609375,0.004604489588623779,0.0,0.0963,cpu_hog_recommendationservice_1
2026-10-02T17:37:59,currencyservice,34.28515625,0.02016229819360609,0.0,0.0963,cpu_hog_recommendationservice_1
2026-10-02T17:37:59,cartservice,46.3984375,0.009873054526204348,0.0,0.0963,cpu_hog_recommendationservice_1
2026-10-02T17:37:59,recommendationservice,0,0,4.0,0.0963,cpu_hog_recommendationservice_1
2026-10-02T17:38:04,loadgenerator,56.3203125,0.0072106805350540554,0.0,0.2398,cpu_hog_recommendationservice_1
2026-10-02T17:38:04,redis-cart,6.390625,0.00461757973050311,0.0,0.2398,cpu_hog_recommendationservice_1
2026-10-02T17:38:04,checkoutservice,13.07421875,0.0006700769165169063,0.0,0.2398,cpu_hog_recommendationservice_1
2026-10-02T17:38:04,shippingservice,12.6796875,0.0008989833108004547,0.0,0.2398,cpu_hog_recommendationservice_1
2026-10-02T17:38:04,adservice,110.20703125,0.003255537680980104,0.0,0.2398,cpu_hog_recommendationservice_1
2026-10-02T17:38:04,frontend,15.25,0.01726475260518115,0.0,0.2398,cpu_hog_recommendationservice_1
2026-10-02T17:38:04,emailservice,36.73046875,0.0071943696373773505,0.0,0.2398,cpu_hog_recommendationservice_1
2026-10-02T17:38:04,paymentservice,37.87890625,0.0013721877545904194,0.0,0.2398,cpu_hog_recommendationservice_1
2026-10-02T17:38:04,productcatalogservice,12.99609375,0.004604489588623779,0.0,0.2398,cpu_hog_recommendationservice_1
2026-10-02T17:38:04,currencyservice,34.28515625,0.020162298193606095,0.0,0.2398,cpu_hog_recommendationservice_1
2026-10-02T17:38:04,cartservice,46.3984375,0.008643413850123365,0.0,0.2398,cpu_hog_recommendationservice_1
2026-10-02T17:38:04,recommendationservice,0,0,4.0,0.2398,cpu_hog_recommendationservice_1
2026-10-02T17:38:09,loadgenerator,56.796875,0.00865076346764544,0.0,0.1321,cpu_hog_recommendationservice_1
2026-10-02T17:38:09,redis-cart,6.390625,0.0038393636265889866,0.0,0.1321,cpu_hog_recommendationservice_1
2026-10-02T17:38:09,checkoutservice,13.125,0.001264745171734453,0.0,0.1321,cpu_hog_recommendationservice_1
2026-10-02T17:38:09,shippingservice,12.484375,0.0014786787198100115,0.0,0.1321,cpu_hog_recommendationservice_1
2026-10-02T17:38:09,adservice,110.20703125,0.002779532856219688,0.0,0.1321,cpu_hog_recommendationservice_1
2026-10-02T17:38:09,frontend,15.9921875,0.020710917540571642,0.0,0.1321,cpu_hog_recommendationservice_1
2026-10-02T17:38:09,emailservice,36.98046875,0.007334184397163102,0.0,0.1321,cpu_hog_recommendationservice_1
2026-10-02T17:38:09,paymentservice,37.87890625,0.0007270234921526847,0.0,0.1321,cpu_hog_recommendationservice_1
2026-10-02T17:38:09,productcatalogservice,12.99609375,0.004539475253428718,0.0,0.1321,cpu_hog_recommendationservice_1
2026-10-02T17:38:09,currencyservice,33.69921875,0.01789343193782901,0.0,0.1321,cpu_hog_recommendationservice_1
2026-10-02T17:38:09,cartservice,46.90625,0.010196477641768637,0.0,0.1321,cpu_hog_recommendationservice_1
2026-10-02T17:38:09,recommendationservice,3.8984375,0,4.0,0.1321,cpu_hog_recommendationservice_1
