time,service,memory_mb,cpu_cores,restarts,latency_s,latency_product_s,latency_cart_s,label
2026-10-04T21:58:28,frontend,15.42578125,0.04221258659543639,0.0,0.0248,0.0287,0.0166,mem_leak_cartservice_2
2026-10-04T21:58:28,loadgenerator,103.1484375,0.010002618710415457,0.0,0.0248,0.0287,0.0166,mem_leak_cartservice_2
2026-10-04T21:58:28,redis-cart,6.4296875,0.004652179665278841,0.0,0.0248,0.0287,0.0166,mem_leak_cartservice_2
2026-10-04T21:58:28,currencyservice,39.140625,0.018927980449311033,0.0,0.0248,0.0287,0.0166,mem_leak_cartservice_2
2026-10-04T21:58:28,shippingservice,11.8359375,0.002059754699280875,0.0,0.0248,0.0287,0.0166,mem_leak_cartservice_2
2026-10-04T21:58:28,cartservice,64.49609375,0.013148751976361594,0.0,0.0248,0.0287,0.0166,mem_leak_cartservice_2
2026-10-04T21:58:28,paymentservice,41.5859375,0.0010839274606439665,0.0,0.0248,0.0287,0.0166,mem_leak_cartservice_2
2026-10-04T21:58:28,emailservice,38.84765625,0.005829084380607835,0.0,0.0248,0.0287,0.0166,mem_leak_cartservice_2
2026-10-04T21:58:28,productcatalogservice,13.90234375,0.020138490244410865,0.0,0.0248,0.0287,0.0166,mem_leak_cartservice_2
2026-10-04T21:58:28,checkoutservice,10.78125,0.0026089412749336987,0.0,0.0248,0.0287,0.0166,mem_leak_cartservice_2
2026-10-04T21:58:28,adservice,112.85546875,0.004367177396374201,0.0,0.0248,0.0287,0.0166,mem_leak_cartservice_2
2026-10-04T21:58:28,recommendationservice,32.7734375,0.017249316495250817,4.0,0.0248,0.0287,0.0166,mem_leak_cartservice_2
2026-10-04T21:58:33,frontend,15.42578125,0.04221258659543639,0.0,0.2895,0.1172,0.0276,mem_leak_cartservice_2
2026-10-04T21:58:33,loadgenerator,103.1484375,0.010002618710415457,0.0,0.2895,0.1172,0.0276,mem_leak_cartservice_2
2026-10-04T21:58:33,redis-cart,6.4296875,0.00483315312880243,0.0,0.2895,0.1172,0.0276,mem_leak_cartservice_2
2026-10-04T21:58:33,currencyservice,39.140625,0.015581434639287635,0.0,0.2895,0.1172,0.0276,mem_leak_cartservice_2
2026-10-04T21:58:33,shippingservice,11.8359375,0.001990974125856228,0.0,0.2895,0.1172,0.0276,mem_leak_cartservice_2
2026-10-04T21:58:33,cartservice,64.49609375,0.011256463945407934,0.0,0.2895,0.1172,0.0276,mem_leak_cartservice_2
2026-10-04T21:58:33,paymentservice,41.5859375,0.0007681249999999195,0.0,0.2895,0.1172,0.0276,mem_leak_cartservice_2
2026-10-04T21:58:33,emailservice,38.84765625,0.005829084380607836,0.0,0.2895,0.1172,0.0276,mem_leak_cartservice_2
2026-10-04T21:58:33,productcatalogservice,13.90234375,0.020138490244410865,0.0,0.2895,0.1172,0.0276,mem_leak_cartservice_2
2026-10-04T21:58:33,checkoutservice,10.78125,0.001758899999999919,0.0,0.2895,0.1172,0.0276,mem_leak_cartservice_2
2026-10-04T21:58:33,adservice,112.85546875,0.004367177396374201,0.0,0.2895,0.1172,0.0276,mem_leak_cartservice_2
2026-10-04T21:58:33,recommendationservice,32.7734375,0.018194017371917733,4.0,0.2895,0.1172,0.0276,mem_leak_cartservice_2
2026-10-04T21:58:38,frontend,14.515625,0.0459187515794783,0.0,0.0611,0.0284,0.0173,mem_leak_cartservice_2
2026-10-04T21:58:38,loadgenerator,102.37109375,0.009688141781393845,0.0,0.0611,0.0284,0.0173,mem_leak_cartservice_2
2026-10-04T21:58:38,redis-cart,6.1796875,0.004874664317786281,0.0,0.0611,0.0284,0.0173,mem_leak_cartservice_2
2026-10-04T21:58:38,currencyservice,39.63671875,0.024192267599864325,0.0,0.0611,0.0284,0.0173,mem_leak_cartservice_2
2026-10-04T21:58:38,shippingservice,11.61328125,0.002882287901339853,0.0,0.0611,0.0284,0.0173,mem_leak_cartservice_2
2026-10-04T21:58:38,cartservice,65.4921875,0.013757548085155067,0.0,0.0611,0.0284,0.0173,mem_leak_cartservice_2
2026-10-04T21:58:38,paymentservice,42.33984375,0.0013241005494915978,0.0,0.0611,0.0284,0.0173,mem_leak_cartservice_2
2026-10-04T21:58:38,emailservice,38.85546875,0.005682295461363989,0.0,0.0611,0.0284,0.0173,mem_leak_cartservice_2
2026-10-04T21:58:38,productcatalogservice,14.11328125,0.021191538047378652,0.0,0.0611,0.0284,0.0173,mem_leak_cartservice_2
2026-10-04T21:58:38,checkoutservice,12.125,0.002970274150850214,0.0,0.0611,0.0284,0.0173,mem_leak_cartservice_2
2026-10-04T21:58:38,adservice,112.85546875,0.0043671773963742016,0.0,0.0611,0.0284,0.0173,mem_leak_cartservice_2
2026-10-04T21:58:38,recommendationservice,33.01953125,0.019551335470086584,4.0,0.0611,0.0284,0.0173,mem_leak_cartservice_2
2026-10-04T21:58:43,frontend,14.515625,0.03782072261601398,0.0,0.073,0.0408,0.0499,mem_leak_cartservice_2
2026-10-04T21:58:43,loadgenerator,102.37109375,0.00953243841274709,0.0,0.073,0.0408,0.0499,mem_leak_cartservice_2
2026-10-04T21:58:43,redis-cart,6.1796875,0.004874664317786281,0.0,0.073,0.0408,0.0499,mem_leak_cartservice_2
2026-10-04T21:58:43,currencyservice,39.63671875,0.026078858020132854,0.0,0.073,0.0408,0.0499,mem_leak_cartservice_2
2026-10-04T21:58:43,shippingservice,11.61328125,0.002882287901339853,0.0,0.073,0.0408,0.0499,mem_leak_cartservice_2
2026-10-04T21:58:43,cartservice,65.4921875,0.013154021152495627,0.0,0.073,0.0408,0.0499,mem_leak_cartservice_2
2026-10-04T21:58:43,paymentservice,42.33984375,0.0013241005494915978,0.0,0.073,0.0408,0.0499,mem_leak_cartservice_2
2026-10-04T21:58:43,emailservice,38.85546875,0.004792658036275601,0.0,0.073,0.0408,0.0499,mem_leak_cartservice_2
2026-10-04T21:58:43,productcatalogservice,14.11328125,0.021191538047378652,0.0,0.073,0.0408,0.0499,mem_leak_cartservice_2
2026-10-04T21:58:43,checkoutservice,12.125,0.002970274150850214,0.0,0.073,0.0408,0.0499,mem_leak_cartservice_2
2026-10-04T21:58:43,adservice,112.85546875,0.0036109349884639497,0.0,0.073,0.0408,0.0499,mem_leak_cartservice_2
2026-10-04T21:58:43,recommendationservice,33.01953125,0.016682822209386956,4.0,0.073,0.0408,0.0499,mem_leak_cartservice_2
2026-10-04T21:58:49,frontend,14.515625,0.03380970926831246,0.0,0.117,0.0451,0.1027,mem_leak_cartservice_2
2026-10-04T21:58:49,loadgenerator,102.61328125,0.00956154722271213,0.0,0.117,0.0451,0.1027,mem_leak_cartservice_2
2026-10-04T21:58:49,redis-cart,6.1796875,0.005035251728503531,0.0,0.117,0.0451,0.1027,mem_leak_cartservice_2
2026-10-04T21:58:49,currencyservice,39.63671875,0.026078858020132854,0.0,0.117,0.0451,0.1027,mem_leak_cartservice_2
2026-10-04T21:58:49,shippingservice,11.61328125,0.002707665916156787,0.0,0.117,0.0451,0.1027,mem_leak_cartservice_2
2026-10-04T21:58:49,cartservice,65.4921875,0.010971659426453666,0.0,0.117,0.0451,0.1027,mem_leak_cartservice_2
2026-10-04T21:58:49,paymentservice,41.5859375,0.001138761404984389,0.0,0.117,0.0451,0.1027,mem_leak_cartservice_2
2026-10-04T21:58:49,emailservice,38.8515625,0.005554965756990733,0.0,0.117,0.0451,0.1027,mem_leak_cartservice_2
2026-10-04T21:58:49,productcatalogservice,14.11328125,0.014759650000002011,0.0,0.117,0.0451,0.1027,mem_leak_cartservice_2
2026-10-04T21:58:49,checkoutservice,12.125,0.0033771911040410833,0.0,0.117,0.0451,0.1027,mem_leak_cartservice_2
2026-10-04T21:58:49,adservice,112.90625,0.004682828913619482,0.0,0.117,0.0451,0.1027,mem_leak_cartservice_2
2026-10-04T21:58:49,recommendationservice,33.01953125,0.01933020056704722,4.0,0.117,0.0451,0.1027,mem_leak_cartservice_2
2026-10-04T21:58:54,frontend,14.515625,0.029813687560856512,0.0,0.0616,0.0862,0.1003,mem_leak_cartservice_2
2026-10-04T21:58:54,loadgenerator,102.61328125,0.00956154722271213,0.0,0.0616,0.0862,0.1003,mem_leak_cartservice_2
2026-10-04T21:58:54,redis-cart,6.1796875,0.003983786266514316,0.0,0.0616,0.0862,0.1003,mem_leak_cartservice_2
2026-10-04T21:58:54,currencyservice,39.63671875,0.020879929011910957,0.0,0.0616,0.0862,0.1003,mem_leak_cartservice_2
2026-10-04T21:58:54,shippingservice,11.61328125,0.002707665916156787,0.0,0.0616,0.0862,0.1003,mem_leak_cartservice_2
2026-10-04T21:58:54,cartservice,65.4921875,0.010624355821722635,0.0,0.0616,0.0862,0.1003,mem_leak_cartservice_2
2026-10-04T21:58:54,paymentservice,41.5859375,0.0011768527078975003,0.0,0.0616,0.0862,0.1003,mem_leak_cartservice_2
2026-10-04T21:58:54,emailservice,38.8515625,0.0055549657569907325,0.0,0.0616,0.0862,0.1003,mem_leak_cartservice_2
2026-10-04T21:58:54,productcatalogservice,14.11328125,0.016446751548432854,0.0,0.0616,0.0862,0.1003,mem_leak_cartservice_2
2026-10-04T21:58:54,checkoutservice,12.125,0.00260174581166445,0.0,0.0616,0.0862,0.1003,mem_leak_cartservice_2
2026-10-04T21:58:54,adservice,112.90625,0.004682828913619482,0.0,0.0616,0.0862,0.1003,mem_leak_cartservice_2
2026-10-04T21:58:54,recommendationservice,33.01953125,0.015568758316706132,4.0,0.0616,0.0862,0.1003,mem_leak_cartservice_2
2026-10-04T21:58:59,frontend,14.02734375,0.052367857028267926,0.0,0.1471,0.1372,0.0478,mem_leak_cartservice_2
2026-10-04T21:58:59,loadgenerator,102.61328125,0.006214800000003607,0.0,0.1471,0.1372,0.0478,mem_leak_cartservice_2
2026-10-04T21:58:59,redis-cart,6.6796875,0.004742670076275891,0.0,0.1471,0.1372,0.0478,mem_leak_cartservice_2
2026-10-04T21:58:59,currencyservice,39.296875,0.024234158191624805,0.0,0.1471,0.1372,0.0478,mem_leak_cartservice_2
2026-10-04T21:58:59,shippingservice,11.61328125,0.002979965955217502,0.0,0.1471,0.1372,0.0478,mem_leak_cartservice_2
2026-10-04T21:58:59,cartservice,64.984375,0.014072047008034022,0.0,0.1471,0.1372,0.0478,mem_leak_cartservice_2
2026-10-04T21:58:59,paymentservice,41.5859375,0.0011768527078975003,0.0,0.1471,0.1372,0.0478,mem_leak_cartservice_2
2026-10-04T21:58:59,emailservice,38.8515625,0.004456874987786786,0.0,0.1471,0.1372,0.0478,mem_leak_cartservice_2
2026-10-04T21:58:59,productcatalogservice,14.84375,0.02014255912674345,0.0,0.1471,0.1372,0.0478,mem_leak_cartservice_2
2026-10-04T21:58:59,checkoutservice,11.48828125,0.0021274115340967938,0.0,0.1471,0.1372,0.0478,mem_leak_cartservice_2
2026-10-04T21:58:59,adservice,113.39453125,0.004802285230639646,0.0,0.1471,0.1372,0.0478,mem_leak_cartservice_2
2026-10-04T21:58:59,recommendationservice,33.28125,0.018675162978091905,4.0,0.1471,0.1372,0.0478,mem_leak_cartservice_2
2026-10-04T21:59:05,frontend,14.02734375,0.043192790277511106,0.0,0.0541,0.0555,0.0656,mem_leak_cartservice_2
2026-10-04T21:59:05,loadgenerator,102.61328125,0.006959317314124218,0.0,0.0541,0.0555,0.0656,mem_leak_cartservice_2
2026-10-04T21:59:05,redis-cart,6.6796875,0.004566590490699549,0.0,0.0541,0.0555,0.0656,mem_leak_cartservice_2
2026-10-04T21:59:05,currencyservice,39.296875,0.02758513725262677,0.0,0.0541,0.0555,0.0656,mem_leak_cartservice_2
2026-10-04T21:59:05,shippingservice,11.61328125,0.0023487594998031812,0.0,0.0541,0.0555,0.0656,mem_leak_cartservice_2
2026-10-04T21:59:05,cartservice,64.984375,0.012000446243354081,0.0,0.0541,0.0555,0.0656,mem_leak_cartservice_2
2026-10-04T21:59:05,paymentservice,41.5859375,0.0008132406298842427,0.0,0.0541,0.0555,0.0656,mem_leak_cartservice_2
2026-10-04T21:59:05,emailservice,38.8515625,0.004219507699290222,0.0,0.0541,0.0555,0.0656,mem_leak_cartservice_2
2026-10-04T21:59:05,productcatalogservice,14.84375,0.016439965098376093,0.0,0.0541,0.0555,0.0656,mem_leak_cartservice_2
2026-10-04T21:59:05,checkoutservice,11.48828125,0.0021274115340967938,0.0,0.0541,0.0555,0.0656,mem_leak_cartservice_2
2026-10-04T21:59:05,adservice,113.39453125,0.004802285230639646,0.0,0.0541,0.0555,0.0656,mem_leak_cartservice_2
2026-10-04T21:59:05,recommendationservice,33.28125,0.015023182982273316,4.0,0.0541,0.0555,0.0656,mem_leak_cartservice_2
2026-10-04T21:59:10,frontend,15.07421875,0.051087121054599754,0.0,0.0515,0.0623,0.1882,mem_leak_cartservice_2
2026-10-04T21:59:10,loadgenerator,103.10546875,0.008784488692234582,0.0,0.0515,0.0623,0.1882,mem_leak_cartservice_2
2026-10-04T21:59:10,redis-cart,6.1875,0.004547387820180903,0.0,0.0515,0.0623,0.1882,mem_leak_cartservice_2
2026-10-04T21:59:10,currencyservice,39.296875,0.02152261371293072,0.0,0.0515,0.0623,0.1882,mem_leak_cartservice_2
2026-10-04T21:59:10,shippingservice,12.140625,0.0029305969495094816,0.0,0.0515,0.0623,0.1882,mem_leak_cartservice_2
2026-10-04T21:59:10,cartservice,64.72265625,0.013981846008947998,0.0,0.0515,0.0623,0.1882,mem_leak_cartservice_2
2026-10-04T21:59:10,paymentservice,41.85546875,0.0008379816859795185,0.0,0.0515,0.0623,0.1882,mem_leak_cartservice_2
2026-10-04T21:59:10,emailservice,38.86328125,0.004994256844287019,0.0,0.0515,0.0623,0.1882,mem_leak_cartservice_2
2026-10-04T21:59:10,productcatalogservice,13.12109375,0.02086074862227432,0.0,0.0515,0.0623,0.1882,mem_leak_cartservice_2
2026-10-04T21:59:10,checkoutservice,11.48828125,0.0021274115340967938,0.0,0.0515,0.0623,0.1882,mem_leak_cartservice_2
2026-10-04T21:59:10,adservice,113.39453125,0.004094419590320025,0.0,0.0515,0.0623,0.1882,mem_leak_cartservice_2
2026-10-04T21:59:10,recommendationservice,33.52734375,0.018857038724376902,4.0,0.0515,0.0623,0.1882,mem_leak_cartservice_2
2026-10-04T21:59:15,frontend,15.07421875,0.0490746313572003,0.0,0.0509,0.0433,0.1278,mem_leak_cartservice_2
2026-10-04T21:59:15,loadgenerator,103.10546875,0.007078101763768016,0.0,0.0509,0.0433,0.1278,mem_leak_cartservice_2
2026-10-04T21:59:15,redis-cart,6.1875,0.004547387820180903,0.0,0.0509,0.0433,0.1278,mem_leak_cartservice_2
2026-10-04T21:59:15,currencyservice,39.296875,0.009794433333335443,0.0,0.0509,0.0433,0.1278,mem_leak_cartservice_2
2026-10-04T21:59:15,shippingservice,12.140625,0.0017492500000003018,0.0,0.0509,0.0433,0.1278,mem_leak_cartservice_2
2026-10-04T21:59:15,cartservice,64.72265625,0.013981846008948,0.0,0.0509,0.0433,0.1278,mem_leak_cartservice_2
2026-10-04T21:59:15,paymentservice,41.85546875,0.0005584266069713706,0.0,0.0509,0.0433,0.1278,mem_leak_cartservice_2
2026-10-04T21:59:15,emailservice,38.86328125,0.004994256844287019,0.0,0.0509,0.0433,0.1278,mem_leak_cartservice_2
2026-10-04T21:59:15,productcatalogservice,13.12109375,0.02086074862227432,0.0,0.0509,0.0433,0.1278,mem_leak_cartservice_2
2026-10-04T21:59:15,checkoutservice,11.48828125,0.0008002940330788887,0.0,0.0509,0.0433,0.1278,mem_leak_cartservice_2
2026-10-04T21:59:15,adservice,113.39453125,0.0036658222862437045,0.0,0.0509,0.0433,0.1278,mem_leak_cartservice_2
2026-10-04T21:59:15,recommendationservice,33.52734375,0.019323169040134733,4.0,0.0509,0.0433,0.1278,mem_leak_cartservice_2
2026-10-04T21:59:21,frontend,14.5,0.0489965785647063,0.0,0.0491,0.0606,0.0358,mem_leak_cartservice_2
2026-10-04T21:59:21,loadgenerator,102.62890625,0.007270437057569894,0.0,0.0491,0.0606,0.0358,mem_leak_cartservice_2
2026-10-04T21:59:21,redis-cart,6.1875,0.004331184991386481,0.0,0.0491,0.0606,0.0358,mem_leak_cartservice_2
2026-10-04T21:59:21,currencyservice,38.6171875,0.024430952943958455,0.0,0.0491,0.0606,0.0358,mem_leak_cartservice_2
2026-10-04T21:59:21,shippingservice,12.140625,0.0019371691379564326,0.0,0.0491,0.0606,0.0358,mem_leak_cartservice_2
2026-10-04T21:59:21,cartservice,64.58984375,0.012580944748256601,0.0,0.0491,0.0606,0.0358,mem_leak_cartservice_2
2026-10-04T21:59:21,paymentservice,41.85546875,0.0004541450916745253,0.0,0.0491,0.0606,0.0358,mem_leak_cartservice_2
2026-10-04T21:59:21,emailservice,38.84765625,0.004858573082364887,0.0,0.0491,0.0606,0.0358,mem_leak_cartservice_2
2026-10-04T21:59:21,productcatalogservice,14.35546875,0.018942574928580504,0.0,0.0491,0.0606,0.0358,mem_leak_cartservice_2
2026-10-04T21:59:21,checkoutservice,11.28515625,0.0008369360902255118,0.0,0.0491,0.0606,0.0358,mem_leak_cartservice_2
2026-10-04T21:59:21,adservice,112.40625,0.004636912193091581,0.0,0.0491,0.0606,0.0358,mem_leak_cartservice_2
2026-10-04T21:59:21,recommendationservice,33.52734375,0.019323169040134733,4.0,0.0491,0.0606,0.0358,mem_leak_cartservice_2
2026-10-04T21:59:26,frontend,14.5,0.048996578564706295,0.0,0.0533,0.0602,0.0401,mem_leak_cartservice_2
2026-10-04T21:59:26,loadgenerator,102.62890625,0.006549392848345043,0.0,0.0533,0.0602,0.0401,mem_leak_cartservice_2
2026-10-04T21:59:26,redis-cart,6.1875,0.0034021097175258182,0.0,0.0533,0.0602,0.0401,mem_leak_cartservice_2
2026-10-04T21:59:26,currencyservice,38.6171875,0.024430952943958455,0.0,0.0533,0.0602,0.0401,mem_leak_cartservice_2
2026-10-04T21:59:26,shippingservice,12.140625,0.001715853454959835,0.0,0.0533,0.0602,0.0401,mem_leak_cartservice_2
2026-10-04T21:59:26,cartservice,64.58984375,0.012580944748256601,0.0,0.0533,0.0602,0.0401,mem_leak_cartservice_2
2026-10-04T21:59:26,paymentservice,41.85546875,0.0004055433626477836,0.0,0.0533,0.0602,0.0401,mem_leak_cartservice_2
2026-10-04T21:59:26,emailservice,38.84765625,0.004858573082364887,0.0,0.0533,0.0602,0.0401,mem_leak_cartservice_2
2026-10-04T21:59:26,productcatalogservice,14.35546875,0.018942574928580504,0.0,0.0533,0.0602,0.0401,mem_leak_cartservice_2
2026-10-04T21:59:26,checkoutservice,11.28515625,0.0008369360902255117,0.0,0.0533,0.0602,0.0401,mem_leak_cartservice_2
2026-10-04T21:59:26,adservice,112.40625,0.003566578793603062,0.0,0.0533,0.0602,0.0401,mem_leak_cartservice_2
2026-10-04T21:59:26,recommendationservice,33.52734375,0.01378591019267863,4.0,0.0533,0.0602,0.0401,mem_leak_cartservice_2
2026-10-04T21:59:31,frontend,14.5,0.033057150000001916,0.0,0.0334,0.054,0.1112,mem_leak_cartservice_2
2026-10-04T21:59:31,loadgenerator,102.6640625,0.008543401991851893,0.0,0.0334,0.054,0.1112,mem_leak_cartservice_2
2026-10-04T21:59:31,redis-cart,6.18359375,0.004370147733062014,0.0,0.0334,0.054,0.1112,mem_leak_cartservice_2
2026-10-04T21:59:31,currencyservice,38.6171875,0.018233227364625258,0.0,0.0334,0.054,0.1112,mem_leak_cartservice_2
2026-10-04T21:59:31,shippingservice,12.21484375,0.002337005649717642,0.0,0.0334,0.054,0.1112,mem_leak_cartservice_2
2026-10-04T21:59:31,cartservice,64.54296875,0.012786688934013872,0.0,0.0334,0.054,0.1112,mem_leak_cartservice_2
2026-10-04T21:59:31,paymentservice,41.6328125,0.0005482061398101642,0.0,0.0334,0.054,0.1112,mem_leak_cartservice_2
2026-10-04T21:59:31,emailservice,38.84765625,0.004532915279605846,0.0,0.0334,0.054,0.1112,mem_leak_cartservice_2
2026-10-04T21:59:31,productcatalogservice,14.35546875,0.0158171553018921,0.0,0.0334,0.054,0.1112,mem_leak_cartservice_2
2026-10-04T21:59:31,checkoutservice,12.15625,0.00139134900920757,0.0,0.0334,0.054,0.1112,mem_leak_cartservice_2
2026-10-04T21:59:31,adservice,112.40625,0.0031875690580430638,0.0,0.0334,0.054,0.1112,mem_leak_cartservice_2
2026-10-04T21:59:31,recommendationservice,34.2734375,0.017423722966122025,4.0,0.0334,0.054,0.1112,mem_leak_cartservice_2
2026-10-04T21:59:36,frontend,15.26171875,0.046665518048199864,0.0,0.0536,0.0336,0.0217,mem_leak_cartservice_2
2026-10-04T21:59:36,loadgenerator,102.4140625,0.007786637479771819,0.0,0.0536,0.0336,0.0217,mem_leak_cartservice_2
2026-10-04T21:59:36,redis-cart,6.18359375,0.004474188876013894,0.0,0.0536,0.0336,0.0217,mem_leak_cartservice_2
2026-10-04T21:59:36,currencyservice,39.0390625,0.026294032399977747,0.0,0.0536,0.0336,0.0217,mem_leak_cartservice_2
2026-10-04T21:59:36,shippingservice,11.99609375,0.002307501498645865,0.0,0.0536,0.0336,0.0217,mem_leak_cartservice_2
2026-10-04T21:59:36,cartservice,67.6875,0.012461717719066743,0.0,0.0536,0.0336,0.0217,mem_leak_cartservice_2
2026-10-04T21:59:36,paymentservice,41.55859375,0.0008471108653580106,0.0,0.0536,0.0336,0.0217,mem_leak_cartservice_2
2026-10-04T21:59:36,emailservice,38.85546875,0.00461513336962314,0.0,0.0536,0.0336,0.0217,mem_leak_cartservice_2
2026-10-04T21:59:36,productcatalogservice,14.3828125,0.019422036848362405,0.0,0.0536,0.0336,0.0217,mem_leak_cartservice_2
2026-10-04T21:59:36,checkoutservice,12.15625,0.0015948425928658046,0.0,0.0536,0.0336,0.0217,mem_leak_cartservice_2
2026-10-04T21:59:36,adservice,112.43359375,0.004625893284997405,0.0,0.0536,0.0336,0.0217,mem_leak_cartservice_2
2026-10-04T21:59:36,recommendationservice,33.265625,0.017254573420838328,4.0,0.0536,0.0336,0.0217,mem_leak_cartservice_2
2026-10-04T21:59:42,frontend,15.26171875,0.046665518048199864,0.0,0.0673,0.1638,0.1008,mem_leak_cartservice_2
2026-10-04T21:59:42,loadgenerator,102.4140625,0.00778663747977182,0.0,0.0673,0.1638,0.1008,mem_leak_cartservice_2
2026-10-04T21:59:42,redis-cart,6.18359375,0.004474188876013894,0.0,0.0673,0.1638,0.1008,mem_leak_cartservice_2
2026-10-04T21:59:42,currencyservice,39.0390625,0.026294032399977744,0.0,0.0673,0.1638,0.1008,mem_leak_cartservice_2
2026-10-04T21:59:42,shippingservice,11.99609375,0.0023075014986458655,0.0,0.0673,0.1638,0.1008,mem_leak_cartservice_2
2026-10-04T21:59:42,cartservice,67.6875,0.010128918777940001,0.0,0.0673,0.1638,0.1008,mem_leak_cartservice_2
2026-10-04T21:59:42,paymentservice,41.55859375,0.0008471108653580106,0.0,0.0673,0.1638,0.1008,mem_leak_cartservice_2
2026-10-04T21:59:42,emailservice,38.85546875,0.00461513336962314,0.0,0.0673,0.1638,0.1008,mem_leak_cartservice_2
2026-10-04T21:59:42,productcatalogservice,14.3828125,0.0194220368483624,0.0,0.0673,0.1638,0.1008,mem_leak_cartservice_2
2026-10-04T21:59:42,checkoutservice,12.15625,0.0015948425928658046,0.0,0.0673,0.1638,0.1008,mem_leak_cartservice_2
2026-10-04T21:59:42,adservice,112.43359375,0.004701025536736079,0.0,0.0673,0.1638,0.1008,mem_leak_cartservice_2
2026-10-04T21:59:42,recommendationservice,33.265625,0.01725457342083833,4.0,0.0673,0.1638,0.1008,mem_leak_cartservice_2
2026-10-04T21:59:47,frontend,15.26171875,0.04550458685103127,0.0,0.0646,0.0487,0.0394,mem_leak_cartservice_2
2026-10-04T21:59:47,loadgenerator,102.4140625,0.00774374049147402,0.0,0.0646,0.0487,0.0394,mem_leak_cartservice_2
2026-10-04T21:59:47,redis-cart,6.1875,0.0043627300766091075,0.0,0.0646,0.0487,0.0394,mem_leak_cartservice_2
2026-10-04T21:59:47,currencyservice,38.828125,0.024282876531240297,0.0,0.0646,0.0487,0.0394,mem_leak_cartservice_2
2026-10-04T21:59:47,shippingservice,11.99609375,0.002070495299310925,0.0,0.0646,0.0487,0.0394,mem_leak_cartservice_2
2026-10-04T21:59:47,cartservice,74.8515625,0.01951903685792229,0.0,0.0646,0.0487,0.0394,mem_leak_cartservice_2
2026-10-04T21:59:47,paymentservice,41.55859375,0.0010183215130024474,0.0,0.0646,0.0487,0.0394,mem_leak_cartservice_2
2026-10-04T21:59:47,emailservice,38.85546875,0.0033389555555560133,0.0,0.0646,0.0487,0.0394,mem_leak_cartservice_2
2026-10-04T21:59:47,productcatalogservice,14.3828125,0.0179036062058939,0.0,0.0646,0.0487,0.0394,mem_leak_cartservice_2
2026-10-04T21:59:47,checkoutservice,11.7109375,0.0013816027185134334,0.0,0.0646,0.0487,0.0394,mem_leak_cartservice_2
2026-10-04T21:59:47,adservice,113.45703125,0.004580891639302603,0.0,0.0646,0.0487,0.0394,mem_leak_cartservice_2
2026-10-04T21:59:47,recommendationservice,33.265625,0.01725457342083833,4.0,0.0646,0.0487,0.0394,mem_leak_cartservice_2
2026-10-04T21:59:52,frontend,15.26171875,0.03697437284091503,0.0,0.0519,0.03,0.0648,mem_leak_cartservice_2
2026-10-04T21:59:52,loadgenerator,102.4140625,0.006455246604863505,0.0,0.0519,0.03,0.0648,mem_leak_cartservice_2
2026-10-04T21:59:52,redis-cart,6.1875,0.004288185729651439,0.0,0.0519,0.03,0.0648,mem_leak_cartservice_2
2026-10-04T21:59:52,currencyservice,38.828125,0.02246912726692494,0.0,0.0519,0.03,0.0648,mem_leak_cartservice_2
2026-10-04T21:59:52,shippingservice,11.99609375,0.0016866340978824263,0.0,0.0519,0.03,0.0648,mem_leak_cartservice_2
2026-10-04T21:59:52,cartservice,74.8515625,0.020798365712873818,0.0,0.0519,0.03,0.0648,mem_leak_cartservice_2
2026-10-04T21:59:52,paymentservice,41.55859375,0.0010183215130024474,0.0,0.0519,0.03,0.0648,mem_leak_cartservice_2
2026-10-04T21:59:52,emailservice,38.85546875,0.003748012898335674,0.0,0.0519,0.03,0.0648,mem_leak_cartservice_2
2026-10-04T21:59:52,productcatalogservice,14.3828125,0.0179036062058939,0.0,0.0519,0.03,0.0648,mem_leak_cartservice_2
2026-10-04T21:59:52,checkoutservice,11.7109375,0.0018153153153154056,0.0,0.0519,0.03,0.0648,mem_leak_cartservice_2
2026-10-04T21:59:52,adservice,113.45703125,0.004580891639302603,0.0,0.0519,0.03,0.0648,mem_leak_cartservice_2
2026-10-04T21:59:52,recommendationservice,33.265625,0.01359977214102125,4.0,0.0519,0.03,0.0648,mem_leak_cartservice_2
2026-10-04T21:59:58,frontend,14.546875,0.04427514480739568,0.0,0.0623,0.0555,0.021,mem_leak_cartservice_2
2026-10-04T21:59:58,loadgenerator,102.4140625,0.00790992767915497,0.0,0.0623,0.0555,0.021,mem_leak_cartservice_2
2026-10-04T21:59:58,redis-cart,6.1875,0.0035428990498380187,0.0,0.0623,0.0555,0.021,mem_leak_cartservice_2
2026-10-04T21:59:58,currencyservice,38.828125,0.022469127266924942,0.0,0.0623,0.0555,0.021,mem_leak_cartservice_2
2026-10-04T21:59:58,shippingservice,12.0703125,0.0021980865240417715,0.0,0.0623,0.0555,0.021,mem_leak_cartservice_2
2026-10-04T21:59:58,cartservice,74.3671875,0.022162954216001403,0.0,0.0623,0.0555,0.021,mem_leak_cartservice_2
2026-10-04T21:59:58,paymentservice,41.8125,0.0011012367099078619,0.0,0.0623,0.0555,0.021,mem_leak_cartservice_2
2026-10-04T21:59:58,emailservice,38.84765625,0.004855898062647646,0.0,0.0623,0.0555,0.021,mem_leak_cartservice_2
2026-10-04T21:59:58,productcatalogservice,14.6015625,0.018215533727401936,0.0,0.0623,0.0555,0.021,mem_leak_cartservice_2
2026-10-04T21:59:58,checkoutservice,11.5390625,0.001980370004236759,0.0,0.0623,0.0555,0.021,mem_leak_cartservice_2
2026-10-04T21:59:58,adservice,113.45703125,0.004746855921855924,0.0,0.0623,0.0555,0.021,mem_leak_cartservice_2
2026-10-04T21:59:58,recommendationservice,33.26171875,0.016864344444209416,4.0,0.0623,0.0555,0.021,mem_leak_cartservice_2
2026-10-04T22:00:03,frontend,14.546875,0.04427514480739568,0.0,0.0415,0.0268,0.0468,mem_leak_cartservice_2
2026-10-04T22:00:03,loadgenerator,102.4140625,0.00790992767915497,0.0,0.0415,0.0268,0.0468,mem_leak_cartservice_2
2026-10-04T22:00:03,redis-cart,6.1875,0.0031686833751637697,0.0,0.0415,0.0268,0.0468,mem_leak_cartservice_2
2026-10-04T22:00:03,currencyservice,38.828125,0.02246912726692494,0.0,0.0415,0.0268,0.0468,mem_leak_cartservice_2
2026-10-04T22:00:03,shippingservice,12.0703125,0.0022886320409656958,0.0,0.0415,0.0268,0.0468,mem_leak_cartservice_2
2026-10-04T22:00:03,cartservice,74.3671875,0.02382125651321323,0.0,0.0415,0.0268,0.0468,mem_leak_cartservice_2
2026-10-04T22:00:03,paymentservice,41.8125,0.001333539695174026,0.0,0.0415,0.0268,0.0468,mem_leak_cartservice_2
2026-10-04T22:00:03,emailservice,38.84765625,0.0040303953919975455,0.0,0.0415,0.0268,0.0468,mem_leak_cartservice_2
2026-10-04T22:00:03,productcatalogservice,14.6015625,0.019027469954737804,0.0,0.0415,0.0268,0.0468,mem_leak_cartservice_2
2026-10-04T22:00:03,checkoutservice,11.5390625,0.001980370004236759,0.0,0.0415,0.0268,0.0468,mem_leak_cartservice_2
2026-10-04T22:00:03,adservice,113.45703125,0.0036883861655474166,0.0,0.0415,0.0268,0.0468,mem_leak_cartservice_2
2026-10-04T22:00:03,recommendationservice,33.26171875,0.016864344444209416,4.0,0.0415,0.0268,0.0468,mem_leak_cartservice_2
2026-10-04T22:00:08,frontend,14.546875,0.04302321280706817,0.0,0.0674,0.0559,0.0487,mem_leak_cartservice_2
2026-10-04T22:00:08,loadgenerator,102.4140625,0.004824824999997191,0.0,0.0674,0.0559,0.0487,mem_leak_cartservice_2
2026-10-04T22:00:08,redis-cart,6.18359375,0.00435559212425496,0.0,0.0674,0.0559,0.0487,mem_leak_cartservice_2
2026-10-04T22:00:08,currencyservice,38.84375,0.021114842320525597,0.0,0.0674,0.0559,0.0487,mem_leak_cartservice_2
2026-10-04T22:00:08,shippingservice,11.8828125,0.0025050830700455184,0.0,0.0674,0.0559,0.0487,mem_leak_cartservice_2
2026-10-04T22:00:08,cartservice,80.33203125,0.0249957136908502,0.0,0.0674,0.0559,0.0487,mem_leak_cartservice_2
2026-10-04T22:00:08,paymentservice,41.5859375,0.0011960947410010441,0.0,0.0674,0.0559,0.0487,mem_leak_cartservice_2
2026-10-04T22:00:08,emailservice,39.83203125,0.004884202656344435,0.0,0.0674,0.0559,0.0487,mem_leak_cartservice_2
2026-10-04T22:00:08,productcatalogservice,13.6640625,0.01868890867154955,0.0,0.0674,0.0559,0.0487,mem_leak_cartservice_2
2026-10-04T22:00:08,checkoutservice,11.90234375,0.002603050847457664,0.0,0.0674,0.0559,0.0487,mem_leak_cartservice_2
2026-10-04T22:00:08,adservice,112.703125,0.004686214468462292,0.0,0.0674,0.0559,0.0487,mem_leak_cartservice_2
2026-10-04T22:00:08,recommendationservice,33.2734375,0.016865834023371266,4.0,0.0674,0.0559,0.0487,mem_leak_cartservice_2
2026-10-04T22:00:13,frontend,14.546875,0.03276325213290259,0.0,0.0452,0.0864,0.0513,mem_leak_cartservice_2
2026-10-04T22:00:13,loadgenerator,102.4140625,0.005372077782413557,0.0,0.0452,0.0864,0.0513,mem_leak_cartservice_2
2026-10-04T22:00:13,redis-cart,6.18359375,0.00435559212425496,0.0,0.0452,0.0864,0.0513,mem_leak_cartservice_2
2026-10-04T22:00:13,currencyservice,38.84375,0.02111484232052559,0.0,0.0452,0.0864,0.0513,mem_leak_cartservice_2
2026-10-04T22:00:13,shippingservice,11.8828125,0.002505083070045518,0.0,0.0452,0.0864,0.0513,mem_leak_cartservice_2
2026-10-04T22:00:13,cartservice,80.33203125,0.02451553270820303,0.0,0.0452,0.0864,0.0513,mem_leak_cartservice_2
2026-10-04T22:00:13,paymentservice,41.5859375,0.0011960947410010441,0.0,0.0452,0.0864,0.0513,mem_leak_cartservice_2
2026-10-04T22:00:13,emailservice,39.83203125,0.004195407976733461,0.0,0.0452,0.0864,0.0513,mem_leak_cartservice_2
2026-10-04T22:00:13,productcatalogservice,13.6640625,0.01868890867154955,0.0,0.0452,0.0864,0.0513,mem_leak_cartservice_2
2026-10-04T22:00:13,checkoutservice,11.90234375,0.0026285706899671496,0.0,0.0452,0.0864,0.0513,mem_leak_cartservice_2
2026-10-04T22:00:13,adservice,112.703125,0.004435927384368789,0.0,0.0452,0.0864,0.0513,mem_leak_cartservice_2
2026-10-04T22:00:13,recommendationservice,33.2734375,0.016865834023371266,4.0,0.0452,0.0864,0.0513,mem_leak_cartservice_2
2026-10-04T22:00:18,frontend,15.23046875,0.04445008897786431,0.0,0.0959,0.0859,0.0786,mem_leak_cartservice_2
2026-10-04T22:00:18,loadgenerator,102.42578125,0.00767403290547544,0.0,0.0959,0.0859,0.0786,mem_leak_cartservice_2
2026-10-04T22:00:18,redis-cart,6.6796875,0.0043356608969311065,0.0,0.0959,0.0859,0.0786,mem_leak_cartservice_2
2026-10-04T22:00:18,currencyservice,38.84375,0.02111484232052559,0.0,0.0959,0.0859,0.0786,mem_leak_cartservice_2
2026-10-04T22:00:18,shippingservice,11.8828125,0.002684479173232183,0.0,0.0959,0.0859,0.0786,mem_leak_cartservice_2
2026-10-04T22:00:18,cartservice,80.8125,0.027775769580254628,0.0,0.0959,0.0859,0.0786,mem_leak_cartservice_2
2026-10-04T22:00:18,paymentservice,41.5859375,0.0009127487042147866,0.0,0.0959,0.0859,0.0786,mem_leak_cartservice_2
2026-10-04T22:00:18,emailservice,39.83203125,0.0038353140654397077,0.0,0.0959,0.0859,0.0786,mem_leak_cartservice_2
2026-10-04T22:00:18,productcatalogservice,14.40234375,0.01616784023479503,0.0,0.0959,0.0859,0.0786,mem_leak_cartservice_2
2026-10-04T22:00:18,checkoutservice,11.90234375,0.0026285706899671496,0.0,0.0959,0.0859,0.0786,mem_leak_cartservice_2
2026-10-04T22:00:18,adservice,112.890625,0.00432857633269626,0.0,0.0959,0.0859,0.0786,mem_leak_cartservice_2
2026-10-04T22:00:18,recommendationservice,33.2734375,0.016865834023371266,4.0,0.0959,0.0859,0.0786,mem_leak_cartservice_2
2026-10-04T22:00:24,frontend,15.23046875,0.04445008897786431,0.0,0.2233,0.0566,0.0589,mem_leak_cartservice_2
2026-10-04T22:00:24,loadgenerator,102.42578125,0.00767403290547544,0.0,0.2233,0.0566,0.0589,mem_leak_cartservice_2
2026-10-04T22:00:24,redis-cart,6.6796875,0.004433129183876552,0.0,0.2233,0.0566,0.0589,mem_leak_cartservice_2
2026-10-04T22:00:24,currencyservice,38.84375,0.02111484232052559,0.0,0.2233,0.0566,0.0589,mem_leak_cartservice_2
2026-10-04T22:00:24,shippingservice,11.8828125,0.00216988688638335,0.0,0.2233,0.0566,0.0589,mem_leak_cartservice_2
2026-10-04T22:00:24,cartservice,80.8125,0.02854907616358112,0.0,0.2233,0.0566,0.0589,mem_leak_cartservice_2
2026-10-04T22:00:24,paymentservice,41.5859375,0.0008833697478675703,0.0,0.2233,0.0566,0.0589,mem_leak_cartservice_2
2026-10-04T22:00:24,emailservice,39.83203125,0.0034202421338155255,0.0,0.2233,0.0566,0.0589,mem_leak_cartservice_2
2026-10-04T22:00:24,productcatalogservice,14.40234375,0.018941261892837374,0.0,0.2233,0.0566,0.0589,mem_leak_cartservice_2
2026-10-04T22:00:24,checkoutservice,11.90234375,0.002051738153639109,0.0,0.2233,0.0566,0.0589,mem_leak_cartservice_2
2026-10-04T22:00:24,adservice,112.890625,0.0037256056495516715,0.0,0.2233,0.0566,0.0589,mem_leak_cartservice_2
2026-10-04T22:00:24,recommendationservice,33.2734375,0.014966930701266189,4.0,0.2233,0.0566,0.0589,mem_leak_cartservice_2
2026-10-04T22:00:29,frontend,15.23046875,0.036275717614835064,0.0,0.1241,0.2236,0.0248,mem_leak_cartservice_2
2026-10-04T22:00:29,loadgenerator,102.671875,0.007964096621447595,0.0,0.1241,0.2236,0.0248,mem_leak_cartservice_2
2026-10-04T22:00:29,redis-cart,6.6796875,0.004433129183876552,0.0,0.1241,0.2236,0.0248,mem_leak_cartservice_2
2026-10-04T22:00:29,currencyservice,39.6015625,0.023389461801318238,0.0,0.1241,0.2236,0.0248,mem_leak_cartservice_2
2026-10-04T22:00:29,shippingservice,12.15234375,0.00253191617729887,0.0,0.1241,0.2236,0.0248,mem_leak_cartservice_2
2026-10-04T22:00:29,cartservice,88.8203125,0.0310109194933012,0.0,0.1241,0.2236,0.0248,mem_leak_cartservice_2
2026-10-04T22:00:29,paymentservice,41.62109375,0.001034695629975177,0.0,0.1241,0.2236,0.0248,mem_leak_cartservice_2
2026-10-04T22:00:29,emailservice,38.84765625,0.00516520239950876,0.0,0.1241,0.2236,0.0248,mem_leak_cartservice_2
2026-10-04T22:00:29,productcatalogservice,14.85546875,0.01858491017964082,0.0,0.1241,0.2236,0.0248,mem_leak_cartservice_2
2026-10-04T22:00:29,checkoutservice,11.67578125,0.002254629629629568,0.0,0.1241,0.2236,0.0248,mem_leak_cartservice_2
2026-10-04T22:00:29,adservice,112.890625,0.00336166853809417,0.0,0.1241,0.2236,0.0248,mem_leak_cartservice_2
2026-10-04T22:00:29,recommendationservice,33.28125,0.017951438969387695,4.0,0.1241,0.2236,0.0248,mem_leak_cartservice_2
2026-10-04T22:00:35,frontend,15.23046875,0.034401184741691786,0.0,0.2101,0.0222,0.0781,mem_leak_cartservice_2
2026-10-04T22:00:35,loadgenerator,102.671875,0.007964096621447597,0.0,0.2101,0.0222,0.0781,mem_leak_cartservice_2
2026-10-04T22:00:35,redis-cart,6.6796875,0.003524503943526254,0.0,0.2101,0.0222,0.0781,mem_leak_cartservice_2
2026-10-04T22:00:35,currencyservice,39.6015625,0.023389461801318238,0.0,0.2101,0.0222,0.0781,mem_leak_cartservice_2
2026-10-04T22:00:35,shippingservice,12.15234375,0.002181411300183791,0.0,0.2101,0.0222,0.0781,mem_leak_cartservice_2
2026-10-04T22:00:35,cartservice,88.8203125,0.02871363416187794,0.0,0.2101,0.0222,0.0781,mem_leak_cartservice_2
2026-10-04T22:00:35,paymentservice,41.62109375,0.0008782065384050146,0.0,0.2101,0.0222,0.0781,mem_leak_cartservice_2
2026-10-04T22:00:35,emailservice,38.84765625,0.004253987819010983,0.0,0.2101,0.0222,0.0781,mem_leak_cartservice_2
2026-10-04T22:00:35,productcatalogservice,14.85546875,0.018428753484667475,0.0,0.2101,0.0222,0.0781,mem_leak_cartservice_2
2026-10-04T22:00:35,checkoutservice,11.67578125,0.002254629629629568,0.0,0.2101,0.0222,0.0781,mem_leak_cartservice_2
2026-10-04T22:00:35,adservice,112.890625,0.002971278177619881,0.0,0.2101,0.0222,0.0781,mem_leak_cartservice_2
2026-10-04T22:00:35,recommendationservice,33.28125,0.017951438969387695,4.0,0.2101,0.0222,0.0781,mem_leak_cartservice_2
2026-10-04T22:00:40,frontend,15.515625,0.04883197515461434,0.0,0.1323,0.0331,0.0248,mem_leak_cartservice_2
2026-10-04T22:00:40,loadgenerator,102.671875,0.008003257234260897,0.0,0.1323,0.0331,0.0248,mem_leak_cartservice_2
2026-10-04T22:00:40,redis-cart,6.67578125,0.0037753742388888893,0.0,0.1323,0.0331,0.0248,mem_leak_cartservice_2
2026-10-04T22:00:40,currencyservice,39.6015625,0.01792529370016694,0.0,0.1323,0.0331,0.0248,mem_leak_cartservice_2
2026-10-04T22:00:40,shippingservice,12.69140625,0.0029707653246271583,0.0,0.1323,0.0331,0.0248,mem_leak_cartservice_2
2026-10-04T22:00:40,cartservice,88.578125,0.03168290447484978,0.0,0.1323,0.0331,0.0248,mem_leak_cartservice_2
2026-10-04T22:00:40,paymentservice,41.6171875,0.0010505424118721382,0.0,0.1323,0.0331,0.0248,mem_leak_cartservice_2
2026-10-04T22:00:40,emailservice,38.83203125,0.005155026793394539,0.0,0.1323,0.0331,0.0248,mem_leak_cartservice_2
2026-10-04T22:00:40,productcatalogservice,14.85546875,0.015443141847205641,0.0,0.1323,0.0331,0.0248,mem_leak_cartservice_2
2026-10-04T22:00:40,checkoutservice,11.67578125,0.002208531238582297,0.0,0.1323,0.0331,0.0248,mem_leak_cartservice_2
2026-10-04T22:00:40,adservice,112.40234375,0.004747417178962441,0.0,0.1323,0.0331,0.0248,mem_leak_cartservice_2
2026-10-04T22:00:40,recommendationservice,33.28125,0.013973656102414229,4.0,0.1323,0.0331,0.0248,mem_leak_cartservice_2
2026-10-04T22:00:45,frontend,15.515625,0.04883197515461434,0.0,0.0677,0.1101,0.1158,mem_leak_cartservice_2
2026-10-04T22:00:45,loadgenerator,102.671875,0.006530824637682605,0.0,0.0677,0.1101,0.1158,mem_leak_cartservice_2
2026-10-04T22:00:45,redis-cart,6.67578125,0.0036759763951860406,0.0,0.0677,0.1101,0.1158,mem_leak_cartservice_2
2026-10-04T22:00:45,currencyservice,39.6015625,0.011451199999999061,0.0,0.0677,0.1101,0.1158,mem_leak_cartservice_2
2026-10-04T22:00:45,shippingservice,12.69140625,0.0029707653246271583,0.0,0.0677,0.1101,0.1158,mem_leak_cartservice_2
2026-10-04T22:00:45,cartservice,88.578125,0.030666531847561684,0.0,0.0677,0.1101,0.1158,mem_leak_cartservice_2
2026-10-04T22:00:45,paymentservice,41.6171875,0.0010505424118721382,0.0,0.0677,0.1101,0.1158,mem_leak_cartservice_2
2026-10-04T22:00:45,emailservice,38.83203125,0.005155026793394539,0.0,0.0677,0.1101,0.1158,mem_leak_cartservice_2
2026-10-04T22:00:45,productcatalogservice,14.85546875,0.013782404012345694,0.0,0.0677,0.1101,0.1158,mem_leak_cartservice_2
2026-10-04T22:00:45,checkoutservice,11.67578125,0.00170664251461447,0.0,0.0677,0.1101,0.1158,mem_leak_cartservice_2
2026-10-04T22:00:45,adservice,112.40234375,0.004038389576869232,0.0,0.0677,0.1101,0.1158,mem_leak_cartservice_2
2026-10-04T22:00:45,recommendationservice,33.28125,0.012377130829392487,4.0,0.0677,0.1101,0.1158,mem_leak_cartservice_2
2026-10-04T22:00:51,frontend,16.06640625,0.053826759605584334,0.0,0.1378,0.1387,0.1013,mem_leak_cartservice_2
2026-10-04T22:00:51,loadgenerator,102.45703125,0.008494818704380227,0.0,0.1378,0.1387,0.1013,mem_leak_cartservice_2
2026-10-04T22:00:51,redis-cart,5.9375,0.0046271637816265665,0.0,0.1378,0.1387,0.1013,mem_leak_cartservice_2
2026-10-04T22:00:51,currencyservice,38.953125,0.028193508424181623,0.0,0.1378,0.1387,0.1013,mem_leak_cartservice_2
2026-10-04T22:00:51,shippingservice,11.98046875,0.0030631844667561837,0.0,0.1378,0.1387,0.1013,mem_leak_cartservice_2
2026-10-04T22:00:51,cartservice,95.33984375,0.045704588618797996,0.0,0.1378,0.1387,0.1013,mem_leak_cartservice_2
2026-10-04T22:00:51,paymentservice,41.6171875,0.0010408942897163298,0.0,0.1378,0.1387,0.1013,mem_leak_cartservice_2
2026-10-04T22:00:51,emailservice,38.83203125,0.004398821264732283,0.0,0.1378,0.1387,0.1013,mem_leak_cartservice_2
2026-10-04T22:00:51,productcatalogservice,14.4375,0.022442714460935154,0.0,0.1378,0.1387,0.1013,mem_leak_cartservice_2
2026-10-04T22:00:51,checkoutservice,12.18359375,0.0022487237137945658,0.0,0.1378,0.1387,0.1013,mem_leak_cartservice_2
2026-10-04T22:00:51,adservice,112.91015625,0.004857756058905285,0.0,0.1378,0.1387,0.1013,mem_leak_cartservice_2
2026-10-04T22:00:51,recommendationservice,32.28125,0.01889152736432218,4.0,0.1378,0.1387,0.1013,mem_leak_cartservice_2
2026-10-04T22:00:56,frontend,16.06640625,0.053826759605584334,0.0,0.0262,0.0285,0.0182,mem_leak_cartservice_2
2026-10-04T22:00:56,loadgenerator,102.45703125,0.008535836391579461,0.0,0.0262,0.0285,0.0182,mem_leak_cartservice_2
2026-10-04T22:00:56,redis-cart,5.9375,0.0046271637816265665,0.0,0.0262,0.0285,0.0182,mem_leak_cartservice_2
2026-10-04T22:00:56,currencyservice,38.953125,0.022735715085067127,0.0,0.0262,0.0285,0.0182,mem_leak_cartservice_2
2026-10-04T22:00:56,shippingservice,11.98046875,0.0030507003842810934,0.0,0.0262,0.0285,0.0182,mem_leak_cartservice_2
2026-10-04T22:00:56,cartservice,95.33984375,0.0439217268393102,0.0,0.0262,0.0285,0.0182,mem_leak_cartservice_2
2026-10-04T22:00:56,paymentservice,41.6171875,0.0011012670636961813,0.0,0.0262,0.0285,0.0182,mem_leak_cartservice_2
2026-10-04T22:00:56,emailservice,38.83203125,0.003940597800927398,0.0,0.0262,0.0285,0.0182,mem_leak_cartservice_2
2026-10-04T22:00:56,productcatalogservice,14.4375,0.02244271446093515,0.0,0.0262,0.0285,0.0182,mem_leak_cartservice_2
2026-10-04T22:00:56,checkoutservice,12.18359375,0.0022487237137945658,0.0,0.0262,0.0285,0.0182,mem_leak_cartservice_2
2026-10-04T22:00:56,adservice,112.91015625,0.004857756058905285,0.0,0.0262,0.0285,0.0182,mem_leak_cartservice_2
2026-10-04T22:00:56,recommendationservice,32.28125,0.01569689999920212,4.0,0.0262,0.0285,0.0182,mem_leak_cartservice_2
2026-10-04T22:01:01,frontend,16.06640625,0.053826759605584334,0.0,0.0275,0.0184,0.0155,mem_leak_cartservice_2
2026-10-04T22:01:01,loadgenerator,102.45703125,0.006891158548846924,0.0,0.0275,0.0184,0.0155,mem_leak_cartservice_2
2026-10-04T22:01:01,redis-cart,5.9375,0.0038258252367457286,0.0,0.0275,0.0184,0.0155,mem_leak_cartservice_2
2026-10-04T22:01:01,currencyservice,39.21484375,0.028659334384065767,0.0,0.0275,0.0184,0.0155,mem_leak_cartservice_2
2026-10-04T22:01:01,shippingservice,11.98046875,0.0025585969897933504,0.0,0.0275,0.0184,0.0155,mem_leak_cartservice_2
2026-10-04T22:01:01,paymentservice,41.6171875,0.000949301386131639,0.0,0.0275,0.0184,0.0155,mem_leak_cartservice_2
2026-10-04T22:01:01,emailservice,38.84765625,0.0052903754094248195,0.0,0.0275,0.0184,0.0155,mem_leak_cartservice_2
2026-10-04T22:01:01,productcatalogservice,13.8828125,0.021422275544890904,0.0,0.0275,0.0184,0.0155,mem_leak_cartservice_2
2026-10-04T22:01:01,checkoutservice,12.18359375,0.0022487237137945658,0.0,0.0275,0.0184,0.0155,mem_leak_cartservice_2
2026-10-04T22:01:01,adservice,112.91015625,0.005116054661542901,0.0,0.0275,0.0184,0.0155,mem_leak_cartservice_2
2026-10-04T22:01:01,recommendationservice,32.27734375,0.020593834975744955,4.0,0.0275,0.0184,0.0155,mem_leak_cartservice_2
2026-10-04T22:01:01,cartservice,5.6640625,0.03748312412332043,0.0,0.0275,0.0184,0.0155,mem_leak_cartservice_2
2026-10-04T22:01:07,frontend,15.07421875,0.04937317808678386,0.0,0.0289,0.0262,0.0377,mem_leak_cartservice_2
2026-10-04T22:01:07,loadgenerator,102.48828125,0.008690434636327873,0.0,0.0289,0.0262,0.0377,mem_leak_cartservice_2
2026-10-04T22:01:07,redis-cart,5.93359375,0.004614874014875195,0.0,0.0289,0.0262,0.0377,mem_leak_cartservice_2
2026-10-04T22:01:07,currencyservice,39.4453125,0.02520246224872655,0.0,0.0289,0.0262,0.0377,mem_leak_cartservice_2
2026-10-04T22:01:07,shippingservice,12.4609375,0.002308278788298301,0.0,0.0289,0.0262,0.0377,mem_leak_cartservice_2
2026-10-04T22:01:07,paymentservice,41.80859375,0.0010394220934196782,0.0,0.0289,0.0262,0.0377,mem_leak_cartservice_2
2026-10-04T22:01:07,emailservice,39.84765625,0.005183269394714496,0.0,0.0289,0.0262,0.0377,mem_leak_cartservice_2
2026-10-04T22:01:07,productcatalogservice,13.8828125,0.021705734910769405,0.0,0.0289,0.0262,0.0377,mem_leak_cartservice_2
2026-10-04T22:01:07,checkoutservice,11.73046875,0.004334799309692157,0.0,0.0289,0.0262,0.0377,mem_leak_cartservice_2
2026-10-04T22:01:07,adservice,112.84765625,0.004523690468931183,0.0,0.0289,0.0262,0.0377,mem_leak_cartservice_2
2026-10-04T22:01:07,recommendationservice,32.77734375,0.016935682426408374,4.0,0.0289,0.0262,0.0377,mem_leak_cartservice_2
2026-10-04T22:01:07,cartservice,5.6640625,0.03392738818139543,0.0,0.0289,0.0262,0.0377,mem_leak_cartservice_2
2026-10-04T22:01:12,frontend,15.07421875,0.048150532201566065,0.0,0.0282,0.0351,0.0224,mem_leak_cartservice_2
2026-10-04T22:01:12,loadgenerator,102.48828125,0.00928351495184882,0.0,0.0282,0.0351,0.0224,mem_leak_cartservice_2
2026-10-04T22:01:12,redis-cart,5.93359375,0.004614874014875195,0.0,0.0282,0.0351,0.0224,mem_leak_cartservice_2
2026-10-04T22:01:12,currencyservice,39.4453125,0.02520246224872655,0.0,0.0282,0.0351,0.0224,mem_leak_cartservice_2
2026-10-04T22:01:12,shippingservice,12.4609375,0.002728014063186988,0.0,0.0282,0.0351,0.0224,mem_leak_cartservice_2
2026-10-04T22:01:12,paymentservice,41.80859375,0.0010394220934196782,0.0,0.0282,0.0351,0.0224,mem_leak_cartservice_2
2026-10-04T22:01:12,emailservice,39.84765625,0.005183269394714496,0.0,0.0282,0.0351,0.0224,mem_leak_cartservice_2
2026-10-04T22:01:12,productcatalogservice,13.8828125,0.017664247657800308,0.0,0.0282,0.0351,0.0224,mem_leak_cartservice_2
2026-10-04T22:01:12,checkoutservice,11.73046875,0.004334799309692157,0.0,0.0282,0.0351,0.0224,mem_leak_cartservice_2
2026-10-04T22:01:12,adservice,112.84765625,0.004022700039941364,0.0,0.0282,0.0351,0.0224,mem_leak_cartservice_2
2026-10-04T22:01:12,recommendationservice,32.77734375,0.016935682426408378,4.0,0.0282,0.0351,0.0224,mem_leak_cartservice_2
2026-10-04T22:01:12,cartservice,5.6640625,0.03625445496406901,0.0,0.0282,0.0351,0.0224,mem_leak_cartservice_2
2026-10-04T22:01:17,frontend,14.046875,0.03794893503469114,0.0,0.0274,0.0314,0.0347,mem_leak_cartservice_2
2026-10-04T22:01:17,loadgenerator,103.8359375,0.009354121723215616,0.0,0.0274,0.0314,0.0347,mem_leak_cartservice_2
2026-10-04T22:01:17,redis-cart,5.93359375,0.004215911206252769,0.0,0.0274,0.0314,0.0347,mem_leak_cartservice_2
2026-10-04T22:01:17,currencyservice,39.4453125,0.020819894077352165,0.0,0.0274,0.0314,0.0347,mem_leak_cartservice_2
2026-10-04T22:01:17,shippingservice,12.4609375,0.002728014063186988,0.0,0.0274,0.0314,0.0347,mem_leak_cartservice_2
2026-10-04T22:01:17,paymentservice,41.80859375,0.0010394220934196782,0.0,0.0274,0.0314,0.0347,mem_leak_cartservice_2
2026-10-04T22:01:17,emailservice,39.84765625,0.005183269394714496,0.0,0.0274,0.0314,0.0347,mem_leak_cartservice_2
2026-10-04T22:01:17,productcatalogservice,13.62109375,0.01698827006345897,0.0,0.0274,0.0314,0.0347,mem_leak_cartservice_2
2026-10-04T22:01:17,checkoutservice,11.8203125,0.0037600156256781983,0.0,0.0274,0.0314,0.0347,mem_leak_cartservice_2
2026-10-04T22:01:17,adservice,112.359375,0.002994403759973694,0.0,0.0274,0.0314,0.0347,mem_leak_cartservice_2
2026-10-04T22:01:17,recommendationservice,32.77734375,0.016935682426408378,4.0,0.0274,0.0314,0.0347,mem_leak_cartservice_2
2026-10-04T22:01:17,cartservice,20.30859375,0.08060052523404715,0.0,0.0274,0.0314,0.0347,mem_leak_cartservice_2
2026-10-04T22:01:22,frontend,14.046875,0.03794893503469114,0.0,0.0363,0.0259,0.0578,mem_leak_cartservice_2
2026-10-04T22:01:22,loadgenerator,103.8359375,0.009354121723215616,0.0,0.0363,0.0259,0.0578,mem_leak_cartservice_2
2026-10-04T22:01:22,redis-cart,5.93359375,0.004215911206252769,0.0,0.0363,0.0259,0.0578,mem_leak_cartservice_2
2026-10-04T22:01:22,currencyservice,39.4453125,0.012033600000000888,0.0,0.0363,0.0259,0.0578,mem_leak_cartservice_2
2026-10-04T22:01:22,shippingservice,12.4609375,0.0021952480722802537,0.0,0.0363,0.0259,0.0578,mem_leak_cartservice_2
2026-10-04T22:01:22,paymentservice,41.80859375,0.0007561427613713553,0.0,0.0363,0.0259,0.0578,mem_leak_cartservice_2
2026-10-04T22:01:22,emailservice,39.84765625,0.004300734945207772,0.0,0.0363,0.0259,0.0578,mem_leak_cartservice_2
2026-10-04T22:01:22,productcatalogservice,13.62109375,0.01698827006345897,0.0,0.0363,0.0259,0.0578,mem_leak_cartservice_2
2026-10-04T22:01:22,checkoutservice,11.8203125,0.0037600156256781983,0.0,0.0363,0.0259,0.0578,mem_leak_cartservice_2
2026-10-04T22:01:22,adservice,112.359375,0.002994403759973694,0.0,0.0363,0.0259,0.0578,mem_leak_cartservice_2
2026-10-04T22:01:22,recommendationservice,32.77734375,0.012343964196493635,4.0,0.0363,0.0259,0.0578,mem_leak_cartservice_2
2026-10-04T22:01:22,cartservice,20.30859375,0.08550557669744202,1.0,0.0363,0.0259,0.0578,mem_leak_cartservice_2
2026-10-04T22:01:27,frontend,15.4609375,0.035976052759611354,0.0,0.0678,0.0591,0.0882,mem_leak_cartservice_2
2026-10-04T22:01:27,loadgenerator,103.8359375,0.0092459081969407,0.0,0.0678,0.0591,0.0882,mem_leak_cartservice_2
2026-10-04T22:01:27,redis-cart,5.94140625,0.0034893042742199735,0.0,0.0678,0.0591,0.0882,mem_leak_cartservice_2
2026-10-04T22:01:27,currencyservice,39.265625,0.014739081610235747,0.0,0.0678,0.0591,0.0882,mem_leak_cartservice_2
2026-10-04T22:01:27,shippingservice,12.58203125,0.0017659349843849846,0.0,0.0678,0.0591,0.0882,mem_leak_cartservice_2
2026-10-04T22:01:27,paymentservice,41.31640625,0.004616428051443882,0.0,0.0678,0.0591,0.0882,mem_leak_cartservice_2
2026-10-04T22:01:27,emailservice,38.84765625,0.00514418830595352,0.0,0.0678,0.0591,0.0882,mem_leak_cartservice_2
2026-10-04T22:01:27,productcatalogservice,14.0,0.007949962111738595,0.0,0.0678,0.0591,0.0882,mem_leak_cartservice_2
2026-10-04T22:01:27,checkoutservice,11.8203125,0.002950795895637329,0.0,0.0678,0.0591,0.0882,mem_leak_cartservice_2
2026-10-04T22:01:27,adservice,112.359375,0.002994403759973694,0.0,0.0678,0.0591,0.0882,mem_leak_cartservice_2
2026-10-04T22:01:27,recommendationservice,33.01171875,0.01281865968877235,4.0,0.0678,0.0591,0.0882,mem_leak_cartservice_2
2026-10-04T22:01:27,cartservice,34.68359375,0.08276075690412626,1.0,0.0678,0.0591,0.0882,mem_leak_cartservice_2
2026-10-04T22:01:33,frontend,15.4609375,0.02678627609814416,0.0,0.1317,0.0895,0.1401,mem_leak_cartservice_2
2026-10-04T22:01:33,loadgenerator,103.8359375,0.0071559862228747165,0.0,0.1317,0.0895,0.1401,mem_leak_cartservice_2
2026-10-04T22:01:33,redis-cart,5.94140625,0.00403972850441452,0.0,0.1317,0.0895,0.1401,mem_leak_cartservice_2
2026-10-04T22:01:33,currencyservice,39.265625,0.012635609954988298,0.0,0.1317,0.0895,0.1401,mem_leak_cartservice_2
2026-10-04T22:01:33,shippingservice,12.58203125,0.0017659349843849846,0.0,0.1317,0.0895,0.1401,mem_leak_cartservice_2
2026-10-04T22:01:33,paymentservice,41.31640625,0.003911371253875862,0.0,0.1317,0.0895,0.1401,mem_leak_cartservice_2
2026-10-04T22:01:33,emailservice,38.84765625,0.004277394509089731,0.0,0.1317,0.0895,0.1401,mem_leak_cartservice_2
2026-10-04T22:01:33,productcatalogservice,14.0,0.009503492800043483,0.0,0.1317,0.0895,0.1401,mem_leak_cartservice_2
2026-10-04T22:01:33,checkoutservice,11.8203125,0.0026234770465102105,0.0,0.1317,0.0895,0.1401,mem_leak_cartservice_2
2026-10-04T22:01:33,adservice,112.359375,0.0016433842065659739,0.0,0.1317,0.0895,0.1401,mem_leak_cartservice_2
2026-10-04T22:01:33,recommendationservice,33.01171875,0.01281865968877235,4.0,0.1317,0.0895,0.1401,mem_leak_cartservice_2
2026-10-04T22:01:33,cartservice,34.68359375,0.08805372847300898,1.0,0.1317,0.0895,0.1401,mem_leak_cartservice_2
2026-10-04T22:01:38,frontend,15.4609375,0.022901001156430845,0.0,0.0196,0.0753,0.1031,mem_leak_cartservice_2
2026-10-04T22:01:38,loadgenerator,102.88671875,0.009003707345046637,0.0,0.0196,0.0753,0.1031,mem_leak_cartservice_2
2026-10-04T22:01:38,redis-cart,5.94140625,0.0032525761838612826,0.0,0.0196,0.0753,0.1031,mem_leak_cartservice_2
2026-10-04T22:01:38,currencyservice,39.35546875,0.015012995629989865,0.0,0.0196,0.0753,0.1031,mem_leak_cartservice_2
2026-10-04T22:01:38,shippingservice,11.83984375,0.0017719414759809983,0.0,0.0196,0.0753,0.1031,mem_leak_cartservice_2
2026-10-04T22:01:38,paymentservice,41.32421875,0.004782678501800502,0.0,0.0196,0.0753,0.1031,mem_leak_cartservice_2
2026-10-04T22:01:38,emailservice,39.34375,0.005555699238218925,0.0,0.0196,0.0753,0.1031,mem_leak_cartservice_2
2026-10-04T22:01:38,productcatalogservice,14.0,0.008225880186033192,0.0,0.0196,0.0753,0.1031,mem_leak_cartservice_2
2026-10-04T22:01:38,checkoutservice,11.91015625,0.0035081876152597215,0.0,0.0196,0.0753,0.1031,mem_leak_cartservice_2
2026-10-04T22:01:38,adservice,112.60546875,0.002990882028435964,0.0,0.0196,0.0753,0.1031,mem_leak_cartservice_2
2026-10-04T22:01:38,recommendationservice,32.3046875,0.011314944234359085,4.0,0.0196,0.0753,0.1031,mem_leak_cartservice_2
2026-10-04T22:01:38,cartservice,34.68359375,0.09937602419547446,1.0,0.0196,0.0753,0.1031,mem_leak_cartservice_2
2026-10-04T22:01:43,frontend,15.4609375,0.020569255822087393,0.0,0.055,0.0495,0.0258,mem_leak_cartservice_2
2026-10-04T22:01:43,loadgenerator,102.88671875,0.009003167803052168,0.0,0.055,0.0495,0.0258,mem_leak_cartservice_2
2026-10-04T22:01:43,redis-cart,5.94140625,0.002043599999998946,0.0,0.055,0.0495,0.0258,mem_leak_cartservice_2
2026-10-04T22:01:43,currencyservice,39.35546875,0.015012995629989865,0.0,0.055,0.0495,0.0258,mem_leak_cartservice_2
2026-10-04T22:01:43,shippingservice,11.83984375,0.0017719414759809983,0.0,0.055,0.0495,0.0258,mem_leak_cartservice_2
2026-10-04T22:01:43,paymentservice,41.32421875,0.004782678501800502,0.0,0.055,0.0495,0.0258,mem_leak_cartservice_2
2026-10-04T22:01:43,emailservice,39.34375,0.005555699238218925,0.0,0.055,0.0495,0.0258,mem_leak_cartservice_2
2026-10-04T22:01:43,productcatalogservice,14.0,0.007398601137789407,0.0,0.055,0.0495,0.0258,mem_leak_cartservice_2
2026-10-04T22:01:43,checkoutservice,11.91015625,0.0019099999999999894,0.0,0.055,0.0495,0.0258,mem_leak_cartservice_2
2026-10-04T22:01:43,adservice,112.60546875,0.002990882028435964,0.0,0.055,0.0495,0.0258,mem_leak_cartservice_2
2026-10-04T22:01:43,recommendationservice,32.3046875,0.011314944234359085,4.0,0.055,0.0495,0.0258,mem_leak_cartservice_2
2026-10-04T22:01:43,cartservice,34.68359375,0.11057609058911785,1.0,0.055,0.0495,0.0258,mem_leak_cartservice_2
2026-10-04T22:01:49,frontend,15.39453125,0.03455773916967316,0.0,0.1339,0.0228,0.0158,mem_leak_cartservice_2
2026-10-04T22:01:49,loadgenerator,102.88671875,0.009003167803052168,0.0,0.1339,0.0228,0.0158,mem_leak_cartservice_2
2026-10-04T22:01:49,redis-cart,6.4375,0.00458507218884761,0.0,0.1339,0.0228,0.0158,mem_leak_cartservice_2
2026-10-04T22:01:49,currencyservice,39.35546875,0.0161275432547439,0.0,0.1339,0.0228,0.0158,mem_leak_cartservice_2
2026-10-04T22:01:49,shippingservice,11.83984375,0.0018875482625488758,0.0,0.1339,0.0228,0.0158,mem_leak_cartservice_2
2026-10-04T22:01:49,paymentservice,41.61328125,0.00485219054757804,0.0,0.1339,0.0228,0.0158,mem_leak_cartservice_2
2026-10-04T22:01:49,emailservice,39.34375,0.004620088621507089,0.0,0.1339,0.0228,0.0158,mem_leak_cartservice_2
2026-10-04T22:01:49,productcatalogservice,13.78125,0.01292135362723484,0.0,0.1339,0.0228,0.0158,mem_leak_cartservice_2
2026-10-04T22:01:49,checkoutservice,12.25390625,0.0033575457884251663,0.0,0.1339,0.0228,0.0158,mem_leak_cartservice_2
2026-10-04T22:01:49,adservice,112.359375,0.003311951213919871,0.0,0.1339,0.0228,0.0158,mem_leak_cartservice_2
2026-10-04T22:01:49,recommendationservice,32.3046875,0.011314944234359086,4.0,0.1339,0.0228,0.0158,mem_leak_cartservice_2
2026-10-04T22:01:49,cartservice,41.8046875,0.13889127435396859,1.0,0.1339,0.0228,0.0158,mem_leak_cartservice_2
2026-10-04T22:01:54,frontend,15.39453125,0.03455773916967316,0.0,0.1416,0.0958,0.0358,mem_leak_cartservice_2
2026-10-04T22:01:54,loadgenerator,102.88671875,0.006750950350720308,0.0,0.1416,0.0958,0.0358,mem_leak_cartservice_2
2026-10-04T22:01:54,redis-cart,6.4375,0.003762280984558907,0.0,0.1416,0.0958,0.0358,mem_leak_cartservice_2
2026-10-04T22:01:54,currencyservice,39.35546875,0.012320435075170917,0.0,0.1416,0.0958,0.0358,mem_leak_cartservice_2
2026-10-04T22:01:54,shippingservice,11.83984375,0.0015248558639001097,0.0,0.1416,0.0958,0.0358,mem_leak_cartservice_2
2026-10-04T22:01:54,paymentservice,41.61328125,0.005914300311928541,0.0,0.1416,0.0958,0.0358,mem_leak_cartservice_2
2026-10-04T22:01:54,emailservice,39.34375,0.004348789073234368,0.0,0.1416,0.0958,0.0358,mem_leak_cartservice_2
2026-10-04T22:01:54,productcatalogservice,13.78125,0.0171715681453088,0.0,0.1416,0.0958,0.0358,mem_leak_cartservice_2
2026-10-04T22:01:54,checkoutservice,12.25390625,0.0033575457884251663,0.0,0.1416,0.0958,0.0358,mem_leak_cartservice_2
2026-10-04T22:01:54,adservice,112.359375,0.003311951213919871,0.0,0.1416,0.0958,0.0358,mem_leak_cartservice_2
2026-10-04T22:01:54,recommendationservice,32.3046875,0.011135257614381095,4.0,0.1416,0.0958,0.0358,mem_leak_cartservice_2
2026-10-04T22:01:54,cartservice,41.8046875,0.15422172192160064,1.0,0.1416,0.0958,0.0358,mem_leak_cartservice_2
2026-10-04T22:01:59,frontend,15.63671875,0.04347603827058455,0.0,0.0916,0.0343,0.0689,mem_leak_cartservice_2
2026-10-04T22:01:59,loadgenerator,102.84765625,0.00953416220571847,0.0,0.0916,0.0343,0.0689,mem_leak_cartservice_2
2026-10-04T22:01:59,redis-cart,6.18359375,0.005048027577628946,0.0,0.0916,0.0343,0.0689,mem_leak_cartservice_2
2026-10-04T22:01:59,currencyservice,39.42578125,0.01957060303650601,0.0,0.0916,0.0343,0.0689,mem_leak_cartservice_2
2026-10-04T22:01:59,shippingservice,12.09375,0.0021929381064995264,0.0,0.0916,0.0343,0.0689,mem_leak_cartservice_2
2026-10-04T22:01:59,paymentservice,41.61328125,0.0049075878271664375,0.0,0.0916,0.0343,0.0689,mem_leak_cartservice_2
2026-10-04T22:01:59,emailservice,38.84765625,0.005542541263007394,0.0,0.0916,0.0343,0.0689,mem_leak_cartservice_2
2026-10-04T22:01:59,productcatalogservice,14.61328125,0.01683187172212491,0.0,0.0916,0.0343,0.0689,mem_leak_cartservice_2
2026-10-04T22:01:59,checkoutservice,12.02734375,0.0029420857116970577,0.0,0.0916,0.0343,0.0689,mem_leak_cartservice_2
2026-10-04T22:01:59,adservice,112.85546875,0.004567576693034996,0.0,0.0916,0.0343,0.0689,mem_leak_cartservice_2
2026-10-04T22:01:59,recommendationservice,33.078125,0.015355296790681807,4.0,0.0916,0.0343,0.0689,mem_leak_cartservice_2
2026-10-04T22:01:59,cartservice,41.8046875,0.1592543145921901,1.0,0.0916,0.0343,0.0689,mem_leak_cartservice_2
2026-10-04T22:02:04,frontend,15.63671875,0.04347603827058455,0.0,0.0637,0.0849,0.086,mem_leak_cartservice_2
2026-10-04T22:02:04,loadgenerator,102.84765625,0.009534162205718469,0.0,0.0637,0.0849,0.086,mem_leak_cartservice_2
2026-10-04T22:02:04,redis-cart,6.18359375,0.004229433816721104,0.0,0.0637,0.0849,0.086,mem_leak_cartservice_2
2026-10-04T22:02:04,currencyservice,39.42578125,0.022528566196118583,0.0,0.0637,0.0849,0.086,mem_leak_cartservice_2
2026-10-04T22:02:04,shippingservice,12.09375,0.002839293703582031,0.0,0.0637,0.0849,0.086,mem_leak_cartservice_2
2026-10-04T22:02:04,paymentservice,41.61328125,0.004385650824638745,0.0,0.0637,0.0849,0.086,mem_leak_cartservice_2
2026-10-04T22:02:04,emailservice,38.84765625,0.005748207943168929,0.0,0.0637,0.0849,0.086,mem_leak_cartservice_2
2026-10-04T22:02:04,productcatalogservice,14.61328125,0.01683187172212491,0.0,0.0637,0.0849,0.086,mem_leak_cartservice_2
2026-10-04T22:02:04,checkoutservice,12.02734375,0.003216241422956555,0.0,0.0637,0.0849,0.086,mem_leak_cartservice_2
2026-10-04T22:02:04,adservice,112.85546875,0.004567576693034996,0.0,0.0637,0.0849,0.086,mem_leak_cartservice_2
2026-10-04T22:02:04,recommendationservice,33.078125,0.015355296790681804,4.0,0.0637,0.0849,0.086,mem_leak_cartservice_2
2026-10-04T22:02:04,cartservice,41.8046875,0.12480163430910218,1.0,0.0637,0.0849,0.086,mem_leak_cartservice_2
2026-10-04T22:02:10,frontend,15.63671875,0.049245268573533084,0.0,0.1588,0.1814,0.0406,mem_leak_cartservice_2
2026-10-04T22:02:10,loadgenerator,102.8125,0.008399683920941781,0.0,0.1588,0.1814,0.0406,mem_leak_cartservice_2
2026-10-04T22:02:10,redis-cart,6.1953125,0.004888308101977533,0.0,0.1588,0.1814,0.0406,mem_leak_cartservice_2
2026-10-04T22:02:10,currencyservice,38.83984375,0.025166115422124755,0.0,0.1588,0.1814,0.0406,mem_leak_cartservice_2
2026-10-04T22:02:10,shippingservice,12.09375,0.002839293703582031,0.0,0.1588,0.1814,0.0406,mem_leak_cartservice_2
2026-10-04T22:02:10,paymentservice,41.40234375,0.0016769769269233449,0.0,0.1588,0.1814,0.0406,mem_leak_cartservice_2
2026-10-04T22:02:10,emailservice,39.1015625,0.005659678786629099,0.0,0.1588,0.1814,0.0406,mem_leak_cartservice_2
2026-10-04T22:02:10,productcatalogservice,14.61328125,0.020461890095641283,0.0,0.1588,0.1814,0.0406,mem_leak_cartservice_2
2026-10-04T22:02:10,checkoutservice,12.02734375,0.0025762531613728605,0.0,0.1588,0.1814,0.0406,mem_leak_cartservice_2
2026-10-04T22:02:10,adservice,112.85546875,0.004567576693034996,0.0,0.1588,0.1814,0.0406,mem_leak_cartservice_2
2026-10-04T22:02:10,recommendationservice,33.078125,0.014946955205260013,4.0,0.1588,0.1814,0.0406,mem_leak_cartservice_2
2026-10-04T22:02:10,cartservice,42.4609375,0.1145906161453414,1.0,0.1588,0.1814,0.0406,mem_leak_cartservice_2
2026-10-04T22:02:15,frontend,15.63671875,0.03980454021074868,0.0,0.1949,0.0653,0.122,mem_leak_cartservice_2
2026-10-04T22:02:15,loadgenerator,102.8125,0.008273142152333834,0.0,0.1949,0.0653,0.122,mem_leak_cartservice_2
2026-10-04T22:02:15,redis-cart,6.1953125,0.004888308101977533,0.0,0.1949,0.0653,0.122,mem_leak_cartservice_2
2026-10-04T22:02:15,currencyservice,38.83984375,0.025166115422124755,0.0,0.1949,0.0653,0.122,mem_leak_cartservice_2
2026-10-04T22:02:15,shippingservice,12.09375,0.0021575201333998272,0.0,0.1949,0.0653,0.122,mem_leak_cartservice_2
2026-10-04T22:02:15,paymentservice,41.40234375,0.0014099323261185263,0.0,0.1949,0.0653,0.122,mem_leak_cartservice_2
2026-10-04T22:02:15,emailservice,39.1015625,0.005659678786629099,0.0,0.1949,0.0653,0.122,mem_leak_cartservice_2
2026-10-04T22:02:15,productcatalogservice,14.61328125,0.015906476555223745,0.0,0.1949,0.0653,0.122,mem_leak_cartservice_2
2026-10-04T22:02:15,checkoutservice,12.02734375,0.0024063340870771953,0.0,0.1949,0.0653,0.122,mem_leak_cartservice_2
2026-10-04T22:02:15,adservice,112.85546875,0.002682700000001148,0.0,0.1949,0.0653,0.122,mem_leak_cartservice_2
2026-10-04T22:02:15,recommendationservice,33.078125,0.013286782960177122,4.0,0.1949,0.0653,0.122,mem_leak_cartservice_2
2026-10-04T22:02:15,cartservice,42.4609375,0.11459061614534138,1.0,0.1949,0.0653,0.122,mem_leak_cartservice_2
2026-10-04T22:02:21,frontend,14.0078125,0.04668610871786901,0.0,0.0395,0.0275,0.0293,mem_leak_cartservice_2
2026-10-04T22:02:21,loadgenerator,102.8671875,0.00824881023887751,0.0,0.0395,0.0275,0.0293,mem_leak_cartservice_2
2026-10-04T22:02:21,redis-cart,6.1953125,0.0026493250000015683,0.0,0.0395,0.0275,0.0293,mem_leak_cartservice_2
2026-10-04T22:02:21,currencyservice,38.83984375,0.023995748686648357,0.0,0.0395,0.0275,0.0293,mem_leak_cartservice_2
2026-10-04T22:02:21,shippingservice,11.84765625,0.002519563649475594,0.0,0.0395,0.0275,0.0293,mem_leak_cartservice_2
2026-10-04T22:02:21,paymentservice,41.921875,0.0013175206037136275,0.0,0.0395,0.0275,0.0293,mem_leak_cartservice_2
2026-10-04T22:02:21,emailservice,39.1015625,0.00417031350429417,0.0,0.0395,0.0275,0.0293,mem_leak_cartservice_2
2026-10-04T22:02:21,productcatalogservice,13.58984375,0.01963601668589408,0.0,0.0395,0.0275,0.0293,mem_leak_cartservice_2
2026-10-04T22:02:21,checkoutservice,12.54296875,0.00283253123944615,0.0,0.0395,0.0275,0.0293,mem_leak_cartservice_2
2026-10-04T22:02:21,adservice,112.859375,0.004582345475010479,0.0,0.0395,0.0275,0.0293,mem_leak_cartservice_2
2026-10-04T22:02:21,recommendationservice,32.80859375,0.016890075563755106,4.0,0.0395,0.0275,0.0293,mem_leak_cartservice_2
2026-10-04T22:02:21,cartservice,42.0390625,0.09409561524577978,1.0,0.0395,0.0275,0.0293,mem_leak_cartservice_2
2026-10-04T22:02:26,frontend,14.0078125,0.04349092298873392,0.0,0.0436,0.0437,0.088,mem_leak_cartservice_2
2026-10-04T22:02:26,loadgenerator,102.8671875,0.008248810238877509,0.0,0.0436,0.0437,0.088,mem_leak_cartservice_2
2026-10-04T22:02:26,redis-cart,6.1953125,0.00302530309977232,0.0,0.0436,0.0437,0.088,mem_leak_cartservice_2
2026-10-04T22:02:26,currencyservice,38.83984375,0.018825364720678993,0.0,0.0436,0.0437,0.088,mem_leak_cartservice_2
2026-10-04T22:02:26,shippingservice,11.84765625,0.002519563649475594,0.0,0.0436,0.0437,0.088,mem_leak_cartservice_2
2026-10-04T22:02:26,paymentservice,41.921875,0.001120990446993011,0.0,0.0436,0.0437,0.088,mem_leak_cartservice_2
2026-10-04T22:02:26,emailservice,39.1015625,0.0037154275716181685,0.0,0.0436,0.0437,0.088,mem_leak_cartservice_2
2026-10-04T22:02:26,productcatalogservice,13.58984375,0.014222217063134915,0.0,0.0436,0.0437,0.088,mem_leak_cartservice_2
2026-10-04T22:02:26,checkoutservice,12.54296875,0.0028325312394461497,0.0,0.0436,0.0437,0.088,mem_leak_cartservice_2
2026-10-04T22:02:26,adservice,112.859375,0.004582345475010479,0.0,0.0436,0.0437,0.088,mem_leak_cartservice_2
2026-10-04T22:02:26,recommendationservice,32.80859375,0.016890075563755103,4.0,0.0436,0.0437,0.088,mem_leak_cartservice_2
2026-10-04T22:02:26,cartservice,42.0390625,0.09409561524577978,1.0,0.0436,0.0437,0.088,mem_leak_cartservice_2
2026-10-04T22:02:31,frontend,14.0078125,0.03612392305880063,0.0,0.0397,0.0476,0.0292,mem_leak_cartservice_2
2026-10-04T22:02:31,loadgenerator,102.8671875,0.00469987500000002,0.0,0.0397,0.0476,0.0292,mem_leak_cartservice_2
2026-10-04T22:02:31,redis-cart,6.19140625,0.00458850406652802,0.0,0.0397,0.0476,0.0292,mem_leak_cartservice_2
2026-10-04T22:02:31,currencyservice,39.7578125,0.025340865300403578,0.0,0.0397,0.0476,0.0292,mem_leak_cartservice_2
2026-10-04T22:02:31,shippingservice,12.34375,0.002815855387064356,0.0,0.0397,0.0476,0.0292,mem_leak_cartservice_2
2026-10-04T22:02:31,paymentservice,41.921875,0.000717875423728776,0.0,0.0397,0.0476,0.0292,mem_leak_cartservice_2
2026-10-04T22:02:31,emailservice,38.85546875,0.005204569672132419,0.0,0.0397,0.0476,0.0292,mem_leak_cartservice_2
2026-10-04T22:02:31,productcatalogservice,13.3828125,0.018172922311553867,0.0,0.0397,0.0476,0.0292,mem_leak_cartservice_2
2026-10-04T22:02:31,checkoutservice,12.54296875,0.002122317918554644,0.0,0.0397,0.0476,0.0292,mem_leak_cartservice_2
2026-10-04T22:02:31,adservice,113.10546875,0.0045931383662061315,0.0,0.0397,0.0476,0.0292,mem_leak_cartservice_2
2026-10-04T22:02:31,recommendationservice,33.0234375,0.018345611702125744,4.0,0.0397,0.0476,0.0292,mem_leak_cartservice_2
2026-10-04T22:02:31,cartservice,42.0390625,0.03699109740304706,1.0,0.0397,0.0476,0.0292,mem_leak_cartservice_2
2026-10-04T22:02:36,frontend,14.0078125,0.03242646975604177,0.0,0.0102,0.0273,0.0077,mem_leak_cartservice_2
2026-10-04T22:02:36,loadgenerator,102.8671875,0.005114532806618449,0.0,0.0102,0.0273,0.0077,mem_leak_cartservice_2
2026-10-04T22:02:36,redis-cart,6.19140625,0.004588504066528021,0.0,0.0102,0.0273,0.0077,mem_leak_cartservice_2
2026-10-04T22:02:36,currencyservice,39.7578125,0.024631931948307456,0.0,0.0102,0.0273,0.0077,mem_leak_cartservice_2
2026-10-04T22:02:36,shippingservice,12.34375,0.0028666607020363197,0.0,0.0102,0.0273,0.0077,mem_leak_cartservice_2
2026-10-04T22:02:36,paymentservice,41.921875,0.0006382623587570288,0.0,0.0102,0.0273,0.0077,mem_leak_cartservice_2
2026-10-04T22:02:36,emailservice,38.85546875,0.0053181933358677404,0.0,0.0102,0.0273,0.0077,mem_leak_cartservice_2
2026-10-04T22:02:36,productcatalogservice,13.3828125,0.018172922311553867,0.0,0.0102,0.0273,0.0077,mem_leak_cartservice_2
2026-10-04T22:02:36,checkoutservice,12.54296875,0.001657273847642685,0.0,0.0102,0.0273,0.0077,mem_leak_cartservice_2
2026-10-04T22:02:36,adservice,113.10546875,0.004603259598746845,0.0,0.0102,0.0273,0.0077,mem_leak_cartservice_2
2026-10-04T22:02:36,recommendationservice,33.0234375,0.01317427500000008,4.0,0.0102,0.0273,0.0077,mem_leak_cartservice_2
2026-10-04T22:02:36,cartservice,42.0390625,0.0331812242459218,1.0,0.0102,0.0273,0.0077,mem_leak_cartservice_2
2026-10-04T22:02:41,frontend,14.48828125,0.047219231658852924,0.0,0.0353,0.0336,0.0356,mem_leak_cartservice_2
2026-10-04T22:02:41,loadgenerator,103.46484375,0.0080847464903611,0.0,0.0353,0.0336,0.0356,mem_leak_cartservice_2
2026-10-04T22:02:41,redis-cart,5.94140625,0.004361646818341814,0.0,0.0353,0.0336,0.0356,mem_leak_cartservice_2
2026-10-04T22:02:41,currencyservice,39.7578125,0.024631931948307456,0.0,0.0353,0.0336,0.0356,mem_leak_cartservice_2
2026-10-04T22:02:41,shippingservice,12.34375,0.0028666607020363193,0.0,0.0353,0.0336,0.0356,mem_leak_cartservice_2
2026-10-04T22:02:41,paymentservice,41.48046875,0.0008855585831063159,0.0,0.0353,0.0336,0.0356,mem_leak_cartservice_2
2026-10-04T22:02:41,emailservice,38.85546875,0.00415173626420075,0.0,0.0353,0.0336,0.0356,mem_leak_cartservice_2
2026-10-04T22:02:41,productcatalogservice,13.3828125,0.01583686113763948,0.0,0.0353,0.0336,0.0356,mem_leak_cartservice_2
2026-10-04T22:02:41,checkoutservice,12.0390625,0.0016449824319108982,0.0,0.0353,0.0336,0.0356,mem_leak_cartservice_2
2026-10-04T22:02:41,adservice,113.10546875,0.003861265298757728,0.0,0.0353,0.0336,0.0356,mem_leak_cartservice_2
2026-10-04T22:02:41,recommendationservice,32.27734375,0.018189735737484336,4.0,0.0353,0.0336,0.0356,mem_leak_cartservice_2
2026-10-04T22:02:41,cartservice,4.0625,0.029316828301015677,1.0,0.0353,0.0336,0.0356,mem_leak_cartservice_2
2026-10-04T22:02:46,frontend,14.5234375,0.038403810919742785,0.0,0.0257,0.0341,0.024,mem_leak_cartservice_2
2026-10-04T22:02:46,loadgenerator,103.46484375,0.008084746490361101,0.0,0.0257,0.0341,0.024,mem_leak_cartservice_2
2026-10-04T22:02:46,redis-cart,5.94140625,0.004361646818341814,0.0,0.0257,0.0341,0.024,mem_leak_cartservice_2
2026-10-04T22:02:46,currencyservice,39.2890625,0.021581322763480796,0.0,0.0257,0.0341,0.024,mem_leak_cartservice_2
2026-10-04T22:02:46,shippingservice,12.0859375,0.0023462706330898055,0.0,0.0257,0.0341,0.024,mem_leak_cartservice_2
2026-10-04T22:02:46,paymentservice,41.35546875,0.000877759108799261,0.0,0.0257,0.0341,0.024,mem_leak_cartservice_2
2026-10-04T22:02:46,emailservice,39.09765625,0.005040121827412084,0.0,0.0257,0.0341,0.024,mem_leak_cartservice_2
2026-10-04T22:02:46,productcatalogservice,13.35546875,0.01601431525369392,0.0,0.0257,0.0341,0.024,mem_leak_cartservice_2
2026-10-04T22:02:46,checkoutservice,12.0390625,0.0016383467278989316,0.0,0.0257,0.0341,0.024,mem_leak_cartservice_2
2026-10-04T22:02:46,adservice,112.8046875,0.0038339264531436065,0.0,0.0257,0.0341,0.024,mem_leak_cartservice_2
2026-10-04T22:02:46,recommendationservice,32.5234375,0.014162862233892676,4.0,0.0257,0.0341,0.024,mem_leak_cartservice_2
2026-10-04T22:02:46,cartservice,16.33203125,0.033724704312276914,1.0,0.0257,0.0341,0.024,mem_leak_cartservice_2
2026-10-04T22:02:52,frontend,14.5234375,0.038403810919742785,0.0,0.026,0.0436,0.0245,mem_leak_cartservice_2
2026-10-04T22:02:52,loadgenerator,103.46484375,0.007546509495407376,0.0,0.026,0.0436,0.0245,mem_leak_cartservice_2
2026-10-04T22:02:52,redis-cart,5.94140625,0.0037524005755561127,0.0,0.026,0.0436,0.0245,mem_leak_cartservice_2
2026-10-04T22:02:52,currencyservice,39.2890625,0.02163336863160429,0.0,0.026,0.0436,0.0245,mem_leak_cartservice_2
2026-10-04T22:02:52,shippingservice,12.0859375,0.0023462706330898055,0.0,0.026,0.0436,0.0245,mem_leak_cartservice_2
2026-10-04T22:02:52,paymentservice,41.35546875,0.000877759108799261,0.0,0.026,0.0436,0.0245,mem_leak_cartservice_2
2026-10-04T22:02:52,emailservice,39.09765625,0.0049003363136736556,0.0,0.026,0.0436,0.0245,mem_leak_cartservice_2
2026-10-04T22:02:52,productcatalogservice,13.35546875,0.01601431525369392,0.0,0.026,0.0436,0.0245,mem_leak_cartservice_2
2026-10-04T22:02:52,checkoutservice,12.0390625,0.001307748837543026,0.0,0.026,0.0436,0.0245,mem_leak_cartservice_2
2026-10-04T22:02:52,adservice,112.8046875,0.0038339264531436065,0.0,0.026,0.0436,0.0245,mem_leak_cartservice_2
2026-10-04T22:02:52,recommendationservice,32.5234375,0.01100623807169883,4.0,0.026,0.0436,0.0245,mem_leak_cartservice_2
2026-10-04T22:02:52,cartservice,16.33203125,0.043315120050635016,0.0,0.026,0.0436,0.0245,mem_leak_cartservice_2
2026-10-04T22:02:57,frontend,14.5234375,0.03093541260037421,0.0,0.0313,0.031,0.04,mem_leak_cartservice_2
2026-10-04T22:02:57,loadgenerator,102.95703125,0.008604100246172674,0.0,0.0313,0.031,0.04,mem_leak_cartservice_2
2026-10-04T22:02:57,redis-cart,5.94140625,0.004106962423295281,0.0,0.0313,0.031,0.04,mem_leak_cartservice_2
2026-10-04T22:02:57,currencyservice,38.8046875,0.017324201385299873,0.0,0.0313,0.031,0.04,mem_leak_cartservice_2
2026-10-04T22:02:57,shippingservice,12.328125,0.0020008764882050428,0.0,0.0313,0.031,0.04,mem_leak_cartservice_2
2026-10-04T22:02:57,paymentservice,41.35546875,0.0008490827211989399,0.0,0.0313,0.031,0.04,mem_leak_cartservice_2
2026-10-04T22:02:57,emailservice,38.8515625,0.004952797487968979,0.0,0.0313,0.031,0.04,mem_leak_cartservice_2
2026-10-04T22:02:57,productcatalogservice,13.859375,0.01132044246827893,0.0,0.0313,0.031,0.04,mem_leak_cartservice_2
2026-10-04T22:02:57,checkoutservice,12.78125,0.0009237380665752025,0.0,0.0313,0.031,0.04,mem_leak_cartservice_2
2026-10-04T22:02:57,adservice,112.30859375,0.002126298900829077,0.0,0.0313,0.031,0.04,mem_leak_cartservice_2
2026-10-04T22:02:57,recommendationservice,32.5234375,0.013094047587108942,4.0,0.0313,0.031,0.04,mem_leak_cartservice_2
2026-10-04T22:02:57,cartservice,16.33203125,0.03547155,0.0,0.0313,0.031,0.04,mem_leak_cartservice_2
2026-10-04T22:03:02,frontend,14.5234375,0.028800054809860812,0.0,0.0248,0.033,0.0183,mem_leak_cartservice_2
2026-10-04T22:03:02,loadgenerator,102.95703125,0.008604100246172674,0.0,0.0248,0.033,0.0183,mem_leak_cartservice_2
2026-10-04T22:03:02,redis-cart,5.94140625,0.0023633499999988323,0.0,0.0248,0.033,0.0183,mem_leak_cartservice_2
2026-10-04T22:03:02,currencyservice,38.8046875,0.017324201385299876,0.0,0.0248,0.033,0.0183,mem_leak_cartservice_2
2026-10-04T22:03:02,shippingservice,12.328125,0.0020008764882050428,0.0,0.0248,0.033,0.0183,mem_leak_cartservice_2
2026-10-04T22:03:02,paymentservice,41.35546875,0.0008033306899287596,0.0,0.0248,0.033,0.0183,mem_leak_cartservice_2
2026-10-04T22:03:02,emailservice,38.8515625,0.003917420172172458,0.0,0.0248,0.033,0.0183,mem_leak_cartservice_2
2026-10-04T22:03:02,productcatalogservice,13.859375,0.01132044246827893,0.0,0.0248,0.033,0.0183,mem_leak_cartservice_2
2026-10-04T22:03:02,checkoutservice,12.78125,0.0009237380665752025,0.0,0.0248,0.033,0.0183,mem_leak_cartservice_2
2026-10-04T22:03:02,adservice,112.30859375,0.002551533165663236,0.0,0.0248,0.033,0.0183,mem_leak_cartservice_2
2026-10-04T22:03:02,recommendationservice,32.5234375,0.010682596862170787,4.0,0.0248,0.033,0.0183,mem_leak_cartservice_2
2026-10-04T22:03:02,cartservice,16.33203125,0.03547155,0.0,0.0248,0.033,0.0183,mem_leak_cartservice_2
2026-10-04T22:03:07,frontend,14.80078125,0.029698652474232486,0.0,0.0398,0.0277,0.0263,mem_leak_cartservice_2
2026-10-04T22:03:07,loadgenerator,102.95703125,0.008724148622809152,0.0,0.0398,0.0277,0.0263,mem_leak_cartservice_2
2026-10-04T22:03:07,redis-cart,6.1875,0.003496482344507026,0.0,0.0398,0.0277,0.0263,mem_leak_cartservice_2
2026-10-04T22:03:07,currencyservice,38.8046875,0.01089921444091624,0.0,0.0398,0.0277,0.0263,mem_leak_cartservice_2
2026-10-04T22:03:07,shippingservice,11.84375,0.0016545974691549445,0.0,0.0398,0.0277,0.0263,mem_leak_cartservice_2
2026-10-04T22:03:07,paymentservice,41.359375,0.0007268784832356918,0.0,0.0398,0.0277,0.0263,mem_leak_cartservice_2
2026-10-04T22:03:07,emailservice,38.8515625,0.0040467025806547674,0.0,0.0398,0.0277,0.0263,mem_leak_cartservice_2
2026-10-04T22:03:07,productcatalogservice,13.859375,0.01132044246827893,0.0,0.0398,0.0277,0.0263,mem_leak_cartservice_2
2026-10-04T22:03:07,checkoutservice,12.78125,0.0009237380665752025,0.0,0.0398,0.0277,0.0263,mem_leak_cartservice_2
2026-10-04T22:03:07,adservice,112.30859375,0.002551533165663236,0.0,0.0398,0.0277,0.0263,mem_leak_cartservice_2
2026-10-04T22:03:07,recommendationservice,32.5234375,0.011185407540672588,4.0,0.0398,0.0277,0.0263,mem_leak_cartservice_2
2026-10-04T22:03:07,cartservice,23.2265625,0.05436341774806556,0.0,0.0398,0.0277,0.0263,mem_leak_cartservice_2
2026-10-04T22:03:12,frontend,14.80078125,0.02969865247423249,0.0,0.0241,0.0127,0.0189,mem_leak_cartservice_2
2026-10-04T22:03:12,loadgenerator,102.95703125,0.008724148622809152,0.0,0.0241,0.0127,0.0189,mem_leak_cartservice_2
2026-10-04T22:03:12,redis-cart,6.1875,0.003496482344507026,0.0,0.0241,0.0127,0.0189,mem_leak_cartservice_2
2026-10-04T22:03:12,currencyservice,38.8046875,0.00877218732937793,0.0,0.0241,0.0127,0.0189,mem_leak_cartservice_2
2026-10-04T22:03:12,shippingservice,11.84375,0.0008539354838713705,0.0,0.0241,0.0127,0.0189,mem_leak_cartservice_2
2026-10-04T22:03:12,paymentservice,41.359375,0.000562169827905121,0.0,0.0241,0.0127,0.0189,mem_leak_cartservice_2
2026-10-04T22:03:12,emailservice,38.8515625,0.0036380778252731827,0.0,0.0241,0.0127,0.0189,mem_leak_cartservice_2
2026-10-04T22:03:12,productcatalogservice,13.859375,0.005800353181693797,0.0,0.0241,0.0127,0.0189,mem_leak_cartservice_2
2026-10-04T22:03:12,checkoutservice,12.78125,0.0007245762905129781,0.0,0.0241,0.0127,0.0189,mem_leak_cartservice_2
2026-10-04T22:03:12,adservice,112.30859375,0.0019994026513900924,0.0,0.0241,0.0127,0.0189,mem_leak_cartservice_2
2026-10-04T22:03:12,recommendationservice,32.5234375,0.00787196568256331,4.0,0.0241,0.0127,0.0189,mem_leak_cartservice_2
2026-10-04T22:03:12,cartservice,23.2265625,0.061504305807531995,0.0,0.0241,0.0127,0.0189,mem_leak_cartservice_2
2026-10-04T22:03:17,frontend,14.5703125,0.015269794388281898,0.0,0.1243,0.0447,0.0508,mem_leak_cartservice_2
2026-10-04T22:03:17,loadgenerator,103.6875,0.0077414765257538725,0.0,0.1243,0.0447,0.0508,mem_leak_cartservice_2
2026-10-04T22:03:17,redis-cart,6.1875,0.003496482344507026,0.0,0.1243,0.0447,0.0508,mem_leak_cartservice_2
2026-10-04T22:03:17,currencyservice,39.26171875,0.009744406097866759,0.0,0.1243,0.0447,0.0508,mem_leak_cartservice_2
2026-10-04T22:03:17,shippingservice,11.84375,0.0008539354838713705,0.0,0.1243,0.0447,0.0508,mem_leak_cartservice_2
2026-10-04T22:03:17,paymentservice,41.359375,0.000683542247610735,0.0,0.1243,0.0447,0.0508,mem_leak_cartservice_2
2026-10-04T22:03:17,emailservice,38.84765625,0.004890340544014309,0.0,0.1243,0.0447,0.0508,mem_leak_cartservice_2
2026-10-04T22:03:17,productcatalogservice,13.60546875,0.006363380535355974,0.0,0.1243,0.0447,0.0508,mem_leak_cartservice_2
2026-10-04T22:03:17,checkoutservice,12.03125,0.0011759648605941656,0.0,0.1243,0.0447,0.0508,mem_leak_cartservice_2
2026-10-04T22:03:17,adservice,113.0546875,0.001306985176496016,0.0,0.1243,0.0447,0.0508,mem_leak_cartservice_2
2026-10-04T22:03:17,recommendationservice,32.27734375,0.007120461365344414,4.0,0.1243,0.0447,0.0508,mem_leak_cartservice_2
2026-10-04T22:03:17,cartservice,23.2265625,0.06886221676535745,0.0,0.1243,0.0447,0.0508,mem_leak_cartservice_2
2026-10-04T22:03:23,frontend,14.5703125,0.015269794388281898,0.0,0.1119,0.0791,0.0907,mem_leak_cartservice_2
2026-10-04T22:03:23,loadgenerator,103.6875,0.0077414765257538725,0.0,0.1119,0.0791,0.0907,mem_leak_cartservice_2
2026-10-04T22:03:23,redis-cart,6.1875,0.002725918543933804,0.0,0.1119,0.0791,0.0907,mem_leak_cartservice_2
2026-10-04T22:03:23,currencyservice,39.26171875,0.009744406097866759,0.0,0.1119,0.0791,0.0907,mem_leak_cartservice_2
2026-10-04T22:03:23,shippingservice,11.84375,0.0006902407956992503,0.0,0.1119,0.0791,0.0907,mem_leak_cartservice_2
2026-10-04T22:03:23,paymentservice,41.359375,0.0005612014763876725,0.0,0.1119,0.0791,0.0907,mem_leak_cartservice_2
2026-10-04T22:03:23,emailservice,38.84765625,0.005101682062594765,0.0,0.1119,0.0791,0.0907,mem_leak_cartservice_2
2026-10-04T22:03:23,productcatalogservice,13.60546875,0.006363380535355974,0.0,0.1119,0.0791,0.0907,mem_leak_cartservice_2
2026-10-04T22:03:23,checkoutservice,12.03125,0.0011759648605941656,0.0,0.1119,0.0791,0.0907,mem_leak_cartservice_2
2026-10-04T22:03:23,adservice,113.0546875,0.001306985176496016,0.0,0.1119,0.0791,0.0907,mem_leak_cartservice_2
2026-10-04T22:03:23,recommendationservice,32.27734375,0.005063048181839291,4.0,0.1119,0.0791,0.0907,mem_leak_cartservice_2
2026-10-04T22:03:23,cartservice,23.2265625,0.05701116666666667,0.0,0.1119,0.0791,0.0907,mem_leak_cartservice_2
2026-10-04T22:03:28,frontend,14.5703125,0.015269794388281898,0.0,0.0425,0.0719,0.0179,mem_leak_cartservice_2
2026-10-04T22:03:28,loadgenerator,103.49609375,0.007567200290336437,0.0,0.0425,0.0719,0.0179,mem_leak_cartservice_2
2026-10-04T22:03:28,redis-cart,5.9453125,0.003490181705097398,0.0,0.0425,0.0719,0.0179,mem_leak_cartservice_2
2026-10-04T22:03:28,currencyservice,38.78125,0.010176063881586001,0.0,0.0425,0.0719,0.0179,mem_leak_cartservice_2
2026-10-04T22:03:28,shippingservice,11.5390625,0.0012946562382919909,0.0,0.0425,0.0719,0.0179,mem_leak_cartservice_2
2026-10-04T22:03:28,paymentservice,41.62890625,0.0007715085711983474,0.0,0.0425,0.0719,0.0179,mem_leak_cartservice_2
2026-10-04T22:03:28,emailservice,39.09375,0.0050934511173490946,0.0,0.0425,0.0719,0.0179,mem_leak_cartservice_2
2026-10-04T22:03:28,productcatalogservice,13.58984375,0.008735858482643627,0.0,0.0425,0.0719,0.0179,mem_leak_cartservice_2
2026-10-04T22:03:28,checkoutservice,12.2421875,0.0012121476550926256,0.0,0.0425,0.0719,0.0179,mem_leak_cartservice_2
2026-10-04T22:03:28,adservice,112.85546875,0.0016841659405548934,0.0,0.0425,0.0719,0.0179,mem_leak_cartservice_2
2026-10-04T22:03:28,recommendationservice,33.26171875,0.009105689863896944,4.0,0.0425,0.0719,0.0179,mem_leak_cartservice_2
2026-10-04T22:03:28,cartservice,30.49609375,0.07816603990056727,0.0,0.0425,0.0719,0.0179,mem_leak_cartservice_2
2026-10-04T22:03:33,frontend,14.5703125,0.012598681898987175,0.0,0.0545,0.0398,0.0696,mem_leak_cartservice_2
2026-10-04T22:03:33,loadgenerator,103.49609375,0.0060346628926122034,0.0,0.0545,0.0398,0.0696,mem_leak_cartservice_2
2026-10-04T22:03:33,redis-cart,5.9453125,0.003490181705097398,0.0,0.0545,0.0398,0.0696,mem_leak_cartservice_2
2026-10-04T22:03:33,currencyservice,38.78125,0.010176063881586001,0.0,0.0545,0.0398,0.0696,mem_leak_cartservice_2
2026-10-04T22:03:33,shippingservice,11.5390625,0.0012946562382919909,0.0,0.0545,0.0398,0.0696,mem_leak_cartservice_2
2026-10-04T22:03:33,paymentservice,41.62890625,0.000637396180154513,0.0,0.0545,0.0398,0.0696,mem_leak_cartservice_2
2026-10-04T22:03:33,emailservice,39.09375,0.0050934511173490946,0.0,0.0545,0.0398,0.0696,mem_leak_cartservice_2
2026-10-04T22:03:33,productcatalogservice,13.58984375,0.008735858482643627,0.0,0.0545,0.0398,0.0696,mem_leak_cartservice_2
2026-10-04T22:03:33,checkoutservice,12.2421875,0.0010529256514658024,0.0,0.0545,0.0398,0.0696,mem_leak_cartservice_2
2026-10-04T22:03:33,adservice,112.85546875,0.0016841659405548934,0.0,0.0545,0.0398,0.0696,mem_leak_cartservice_2
2026-10-04T22:03:33,recommendationservice,33.26171875,0.011011207205366018,4.0,0.0545,0.0398,0.0696,mem_leak_cartservice_2
2026-10-04T22:03:33,cartservice,30.49609375,0.0665964877213021,0.0,0.0545,0.0398,0.0696,mem_leak_cartservice_2
2026-10-04T22:03:38,frontend,15.25,0.029914230334358177,0.0,0.1331,0.1181,0.0893,mem_leak_cartservice_2
2026-10-04T22:03:38,loadgenerator,103.49609375,0.007514094093432991,0.0,0.1331,0.1181,0.0893,mem_leak_cartservice_2
2026-10-04T22:03:38,redis-cart,5.94921875,0.0038787051482075323,0.0,0.1331,0.1181,0.0893,mem_leak_cartservice_2
2026-10-04T22:03:38,currencyservice,39.359375,0.014628760926284422,0.0,0.1331,0.1181,0.0893,mem_leak_cartservice_2
2026-10-04T22:03:38,shippingservice,11.78125,0.0017893954520238218,0.0,0.1331,0.1181,0.0893,mem_leak_cartservice_2
2026-10-04T22:03:38,paymentservice,41.62890625,0.0005701716246600654,0.0,0.1331,0.1181,0.0893,mem_leak_cartservice_2
2026-10-04T22:03:38,emailservice,38.84765625,0.004923501210202495,0.0,0.1331,0.1181,0.0893,mem_leak_cartservice_2
2026-10-04T22:03:38,productcatalogservice,13.58984375,0.007843425000004345,0.0,0.1331,0.1181,0.0893,mem_leak_cartservice_2
2026-10-04T22:03:38,checkoutservice,12.2421875,0.0010144384364820889,0.0,0.1331,0.1181,0.0893,mem_leak_cartservice_2
2026-10-04T22:03:38,adservice,112.85546875,0.0016841659405548931,0.0,0.1331,0.1181,0.0893,mem_leak_cartservice_2
2026-10-04T22:03:38,recommendationservice,33.26171875,0.00945434485327399,4.0,0.1331,0.1181,0.0893,mem_leak_cartservice_2
2026-10-04T22:03:38,cartservice,37.44921875,0.09079559608540924,0.0,0.1331,0.1181,0.0893,mem_leak_cartservice_2
2026-10-04T22:03:44,frontend,15.25,0.03563831821738019,0.0,0.212,0.1032,0.0908,mem_leak_cartservice_2
2026-10-04T22:03:44,loadgenerator,103.49609375,0.005772796713456063,0.0,0.212,0.1032,0.0908,mem_leak_cartservice_2
2026-10-04T22:03:44,redis-cart,5.94921875,0.0038787051482075323,0.0,0.212,0.1032,0.0908,mem_leak_cartservice_2
2026-10-04T22:03:44,currencyservice,39.359375,0.016853465139937056,0.0,0.212,0.1032,0.0908,mem_leak_cartservice_2
2026-10-04T22:03:44,shippingservice,11.78125,0.0017893954520238218,0.0,0.212,0.1032,0.0908,mem_leak_cartservice_2
2026-10-04T22:03:44,paymentservice,41.62890625,0.0005096671965411214,0.0,0.212,0.1032,0.0908,mem_leak_cartservice_2
2026-10-04T22:03:44,emailservice,38.84765625,0.0049235012102024946,0.0,0.212,0.1032,0.0908,mem_leak_cartservice_2
2026-10-04T22:03:44,productcatalogservice,13.58984375,0.008512465737972822,0.0,0.212,0.1032,0.0908,mem_leak_cartservice_2
2026-10-04T22:03:44,checkoutservice,12.2421875,0.0008999394951140103,0.0,0.212,0.1032,0.0908,mem_leak_cartservice_2
2026-10-04T22:03:44,adservice,112.85546875,0.0016774759802031304,0.0,0.212,0.1032,0.0908,mem_leak_cartservice_2
2026-10-04T22:03:44,recommendationservice,33.26171875,0.0084503062762647,4.0,0.212,0.1032,0.0908,mem_leak_cartservice_2
2026-10-04T22:03:44,cartservice,37.44921875,0.10497331386861317,0.0,0.212,0.1032,0.0908,mem_leak_cartservice_2
2026-10-04T22:03:49,frontend,14.29296875,0.039170148852228706,0.0,0.1555,0.0834,0.1176,mem_leak_cartservice_2
2026-10-04T22:03:49,loadgenerator,103.5,0.007655039622472954,0.0,0.1555,0.0834,0.1176,mem_leak_cartservice_2
2026-10-04T22:03:49,redis-cart,5.94921875,0.004212137238050963,0.0,0.1555,0.0834,0.1176,mem_leak_cartservice_2
2026-10-04T22:03:49,currencyservice,39.359375,0.01352261183093322,0.0,0.1555,0.0834,0.1176,mem_leak_cartservice_2
2026-10-04T22:03:49,shippingservice,11.78125,0.0023504507901675716,0.0,0.1555,0.0834,0.1176,mem_leak_cartservice_2
2026-10-04T22:03:49,paymentservice,41.671875,0.0006104074952025612,0.0,0.1555,0.0834,0.1176,mem_leak_cartservice_2
2026-10-04T22:03:49,emailservice,39.3515625,0.005194612068964797,0.0,0.1555,0.0834,0.1176,mem_leak_cartservice_2
2026-10-04T22:03:49,productcatalogservice,14.62890625,0.015211284214349502,0.0,0.1555,0.0834,0.1176,mem_leak_cartservice_2
2026-10-04T22:03:49,checkoutservice,12.24609375,0.0012542959788772957,0.0,0.1555,0.0834,0.1176,mem_leak_cartservice_2
2026-10-04T22:03:49,adservice,112.8671875,0.0030214407552856854,0.0,0.1555,0.0834,0.1176,mem_leak_cartservice_2
2026-10-04T22:03:49,recommendationservice,32.5234375,0.015610642282158929,4.0,0.1555,0.0834,0.1176,mem_leak_cartservice_2
2026-10-04T22:03:49,cartservice,37.44921875,0.10497331386861317,0.0,0.1555,0.0834,0.1176,mem_leak_cartservice_2
2026-10-04T22:03:55,frontend,14.29296875,0.039170148852228706,0.0,0.1108,0.2024,0.0314,mem_leak_cartservice_2
2026-10-04T22:03:55,loadgenerator,103.5,0.0063015217761965055,0.0,0.1108,0.2024,0.0314,mem_leak_cartservice_2
2026-10-04T22:03:55,redis-cart,5.94921875,0.0033714999487669418,0.0,0.1108,0.2024,0.0314,mem_leak_cartservice_2
2026-10-04T22:03:55,currencyservice,39.359375,0.015760346395387873,0.0,0.1108,0.2024,0.0314,mem_leak_cartservice_2
2026-10-04T22:03:55,shippingservice,11.78125,0.0018143423455652253,0.0,0.1108,0.2024,0.0314,mem_leak_cartservice_2
2026-10-04T22:03:55,paymentservice,41.671875,0.0005571230913516167,0.0,0.1108,0.2024,0.0314,mem_leak_cartservice_2
2026-10-04T22:03:55,emailservice,39.3515625,0.005235468458568808,0.0,0.1108,0.2024,0.0314,mem_leak_cartservice_2
2026-10-04T22:03:55,productcatalogservice,14.62890625,0.019512208495954055,0.0,0.1108,0.2024,0.0314,mem_leak_cartservice_2
2026-10-04T22:03:55,checkoutservice,12.24609375,0.001040413516309757,0.0,0.1108,0.2024,0.0314,mem_leak_cartservice_2
2026-10-04T22:03:55,adservice,112.8671875,0.004404463919799801,0.0,0.1108,0.2024,0.0314,mem_leak_cartservice_2
2026-10-04T22:03:55,recommendationservice,32.5234375,0.013378623976076798,4.0,0.1108,0.2024,0.0314,mem_leak_cartservice_2
2026-10-04T22:03:55,cartservice,37.44921875,0.08540366383065695,0.0,0.1108,0.2024,0.0314,mem_leak_cartservice_2
2026-10-04T22:04:00,frontend,14.29296875,0.04262967218000299,0.0,0.0978,0.0878,0.055,mem_leak_cartservice_2
2026-10-04T22:04:00,loadgenerator,103.5,0.005632048424967134,0.0,0.0978,0.0878,0.055,mem_leak_cartservice_2
2026-10-04T22:04:00,redis-cart,6.44140625,0.004376571891384507,0.0,0.0978,0.0878,0.055,mem_leak_cartservice_2
2026-10-04T22:04:00,currencyservice,39.4765625,0.02503143795804934,0.0,0.0978,0.0878,0.055,mem_leak_cartservice_2
2026-10-04T22:04:00,shippingservice,12.2890625,0.0024188390245951687,0.0,0.0978,0.0878,0.055,mem_leak_cartservice_2
2026-10-04T22:04:00,paymentservice,41.671875,0.000498013480095262,0.0,0.0978,0.0878,0.055,mem_leak_cartservice_2
2026-10-04T22:04:00,emailservice,39.3515625,0.005235468458568808,0.0,0.0978,0.0878,0.055,mem_leak_cartservice_2
2026-10-04T22:04:00,productcatalogservice,13.85546875,0.019985354982491748,0.0,0.0978,0.0878,0.055,mem_leak_cartservice_2
2026-10-04T22:04:00,checkoutservice,12.24609375,0.0018524100075963603,0.0,0.0978,0.0878,0.055,mem_leak_cartservice_2
2026-10-04T22:04:00,adservice,112.60546875,0.004419301681314538,0.0,0.0978,0.0878,0.055,mem_leak_cartservice_2
2026-10-04T22:04:00,recommendationservice,33.28125,0.020629640363586006,4.0,0.0978,0.0878,0.055,mem_leak_cartservice_2
2026-10-04T22:04:00,cartservice,38.671875,0.09745963711767755,0.0,0.0978,0.0878,0.055,mem_leak_cartservice_2
2026-10-04T22:04:06,frontend,14.29296875,0.03806461460424565,0.0,0.0664,0.0275,0.03,mem_leak_cartservice_2
2026-10-04T22:04:06,loadgenerator,103.5,0.004977681655563173,0.0,0.0664,0.0275,0.03,mem_leak_cartservice_2
2026-10-04T22:04:06,redis-cart,6.44140625,0.004490138096223358,0.0,0.0664,0.0275,0.03,mem_leak_cartservice_2
2026-10-04T22:04:06,currencyservice,39.4765625,0.0198032049498781,0.0,0.0664,0.0275,0.03,mem_leak_cartservice_2
2026-10-04T22:04:06,shippingservice,12.2890625,0.00258582795376044,0.0,0.0664,0.0275,0.03,mem_leak_cartservice_2
2026-10-04T22:04:06,paymentservice,41.671875,0.00044023766976985173,0.0,0.0664,0.0275,0.03,mem_leak_cartservice_2
2026-10-04T22:04:06,emailservice,39.3515625,0.004102789400525387,0.0,0.0664,0.0275,0.03,mem_leak_cartservice_2
2026-10-04T22:04:06,productcatalogservice,13.85546875,0.019985354982491748,0.0,0.0664,0.0275,0.03,mem_leak_cartservice_2
2026-10-04T22:04:06,checkoutservice,12.24609375,0.0015414984245713745,0.0,0.0664,0.0275,0.03,mem_leak_cartservice_2
2026-10-04T22:04:06,adservice,112.60546875,0.004419301681314538,0.0,0.0664,0.0275,0.03,mem_leak_cartservice_2
2026-10-04T22:04:06,recommendationservice,33.28125,0.017502129579909802,4.0,0.0664,0.0275,0.03,mem_leak_cartservice_2
2026-10-04T22:04:06,cartservice,38.671875,0.111558331054183,0.0,0.0664,0.0275,0.03,mem_leak_cartservice_2
2026-10-04T22:04:11,frontend,14.6875,0.055162050728548497,0.0,0.0611,0.1092,0.0953,mem_leak_cartservice_2
2026-10-04T22:04:11,loadgenerator,103.984375,0.00863874053641367,0.0,0.0611,0.1092,0.0953,mem_leak_cartservice_2
2026-10-04T22:04:11,redis-cart,6.19140625,0.0045549911801567285,0.0,0.0611,0.1092,0.0953,mem_leak_cartservice_2
2026-10-04T22:04:11,currencyservice,39.9453125,0.029134842164889416,0.0,0.0611,0.1092,0.0953,mem_leak_cartservice_2
2026-10-04T22:04:11,shippingservice,11.546875,0.002766298563065647,0.0,0.0611,0.1092,0.0953,mem_leak_cartservice_2
2026-10-04T22:04:11,paymentservice,41.34375,0.000824503575320942,0.0,0.0611,0.1092,0.0953,mem_leak_cartservice_2
2026-10-04T22:04:11,emailservice,39.08984375,0.005218036175711654,0.0,0.0611,0.1092,0.0953,mem_leak_cartservice_2
2026-10-04T22:04:11,productcatalogservice,14.625,0.022035373399202713,0.0,0.0611,0.1092,0.0953,mem_leak_cartservice_2
2026-10-04T22:04:11,checkoutservice,12.24609375,0.0015528247963503068,0.0,0.0611,0.1092,0.0953,mem_leak_cartservice_2
2026-10-04T22:04:11,adservice,112.60546875,0.003632052190140368,0.0,0.0611,0.1092,0.0953,mem_leak_cartservice_2
2026-10-04T22:04:11,recommendationservice,32.99609375,0.02044931608421375,4.0,0.0611,0.1092,0.0953,mem_leak_cartservice_2
2026-10-04T22:04:11,cartservice,38.46875,0.09018438152970082,0.0,0.0611,0.1092,0.0953,mem_leak_cartservice_2
2026-10-04T22:04:16,frontend,14.6875,0.039157525000007354,0.0,0.0682,0.0485,0.1795,mem_leak_cartservice_2
2026-10-04T22:04:16,loadgenerator,103.984375,0.007066417769281912,0.0,0.0682,0.0485,0.1795,mem_leak_cartservice_2
2026-10-04T22:04:16,redis-cart,6.19140625,0.0045549911801567285,0.0,0.0682,0.0485,0.1795,mem_leak_cartservice_2
2026-10-04T22:04:16,currencyservice,39.9453125,0.023683227615135857,0.0,0.0682,0.0485,0.1795,mem_leak_cartservice_2
2026-10-04T22:04:16,shippingservice,11.546875,0.002766298563065647,0.0,0.0682,0.0485,0.1795,mem_leak_cartservice_2
2026-10-04T22:04:16,paymentservice,41.34375,0.000824503575320942,0.0,0.0682,0.0485,0.1795,mem_leak_cartservice_2
2026-10-04T22:04:16,emailservice,39.08984375,0.0044000220378992575,0.0,0.0682,0.0485,0.1795,mem_leak_cartservice_2
2026-10-04T22:04:16,productcatalogservice,14.625,0.022035373399202713,0.0,0.0682,0.0485,0.1795,mem_leak_cartservice_2
2026-10-04T22:04:16,checkoutservice,12.24609375,0.0013676946019087338,0.0,0.0682,0.0485,0.1795,mem_leak_cartservice_2
2026-10-04T22:04:16,adservice,112.60546875,0.003300397568443023,0.0,0.0682,0.0485,0.1795,mem_leak_cartservice_2
2026-10-04T22:04:16,recommendationservice,32.99609375,0.0193686861056538,4.0,0.0682,0.0485,0.1795,mem_leak_cartservice_2
2026-10-04T22:04:16,cartservice,38.46875,0.07651167775328542,0.0,0.0682,0.0485,0.1795,mem_leak_cartservice_2
2026-10-04T22:04:21,frontend,15.40234375,0.05187722886512004,0.0,0.0575,0.0305,0.0217,mem_leak_cartservice_2
2026-10-04T22:04:21,loadgenerator,103.5078125,0.008150833812534883,0.0,0.0575,0.0305,0.0217,mem_leak_cartservice_2
2026-10-04T22:04:21,redis-cart,6.19140625,0.004695284280933569,0.0,0.0575,0.0305,0.0217,mem_leak_cartservice_2
2026-10-04T22:04:21,currencyservice,38.71484375,0.026993656085181186,0.0,0.0575,0.0305,0.0217,mem_leak_cartservice_2
2026-10-04T22:04:21,shippingservice,11.546875,0.0023657863306694163,0.0,0.0575,0.0305,0.0217,mem_leak_cartservice_2
2026-10-04T22:04:21,paymentservice,41.34375,0.0013155170629033108,0.0,0.0575,0.0305,0.0217,mem_leak_cartservice_2
2026-10-04T22:04:21,emailservice,39.08984375,0.003952053632214412,0.0,0.0575,0.0305,0.0217,mem_leak_cartservice_2
2026-10-04T22:04:21,productcatalogservice,14.625,0.018218357051496374,0.0,0.0575,0.0305,0.0217,mem_leak_cartservice_2
2026-10-04T22:04:21,checkoutservice,12.24609375,0.0028388847846336786,0.0,0.0575,0.0305,0.0217,mem_leak_cartservice_2
2026-10-04T22:04:21,adservice,113.1015625,0.004562049770792985,0.0,0.0575,0.0305,0.0217,mem_leak_cartservice_2
2026-10-04T22:04:21,recommendationservice,32.99609375,0.015698320088632402,4.0,0.0575,0.0305,0.0217,mem_leak_cartservice_2
2026-10-04T22:04:21,cartservice,40.23046875,0.03821553883275526,0.0,0.0575,0.0305,0.0217,mem_leak_cartservice_2
2026-10-04T22:04:27,frontend,15.40234375,0.04277536906073472,0.0,0.0522,0.0753,0.0768,mem_leak_cartservice_2
2026-10-04T22:04:27,loadgenerator,103.5078125,0.008233667871004364,0.0,0.0522,0.0753,0.0768,mem_leak_cartservice_2
2026-10-04T22:04:27,redis-cart,6.1953125,0.004664292915209351,0.0,0.0522,0.0753,0.0768,mem_leak_cartservice_2
2026-10-04T22:04:27,currencyservice,38.71484375,0.023206596101186295,0.0,0.0522,0.0753,0.0768,mem_leak_cartservice_2
2026-10-04T22:04:27,shippingservice,12.02734375,0.002709160493275223,0.0,0.0522,0.0753,0.0768,mem_leak_cartservice_2
2026-10-04T22:04:27,paymentservice,41.6171875,0.0013141595865036957,0.0,0.0522,0.0753,0.0768,mem_leak_cartservice_2
2026-10-04T22:04:27,emailservice,39.09765625,0.005314175554102036,0.0,0.0522,0.0753,0.0768,mem_leak_cartservice_2
2026-10-04T22:04:27,productcatalogservice,13.84375,0.020783894407650855,0.0,0.0522,0.0753,0.0768,mem_leak_cartservice_2
2026-10-04T22:04:27,checkoutservice,12.24609375,0.0023085929355507106,0.0,0.0522,0.0753,0.0768,mem_leak_cartservice_2
2026-10-04T22:04:27,adservice,112.61328125,0.0035786642881929158,0.0,0.0522,0.0753,0.0768,mem_leak_cartservice_2
2026-10-04T22:04:27,recommendationservice,32.5234375,0.01873122705268859,4.0,0.0522,0.0753,0.0768,mem_leak_cartservice_2
2026-10-04T22:04:27,cartservice,39.61328125,0.03602760325888694,0.0,0.0522,0.0753,0.0768,mem_leak_cartservice_2
2026-10-04T22:04:32,frontend,15.40234375,0.03899509466308852,0.0,0.0444,0.0284,0.0531,mem_leak_cartservice_2
2026-10-04T22:04:32,loadgenerator,103.5078125,0.008233667871004364,0.0,0.0444,0.0284,0.0531,mem_leak_cartservice_2
2026-10-04T22:04:32,redis-cart,6.1953125,0.004664292915209351,0.0,0.0444,0.0284,0.0531,mem_leak_cartservice_2
2026-10-04T22:04:32,currencyservice,38.71484375,0.01600977500000056,0.0,0.0444,0.0284,0.0531,mem_leak_cartservice_2
2026-10-04T22:04:32,shippingservice,12.02734375,0.002709160493275223,0.0,0.0444,0.0284,0.0531,mem_leak_cartservice_2
2026-10-04T22:04:32,paymentservice,41.6171875,0.0013141595865036957,0.0,0.0444,0.0284,0.0531,mem_leak_cartservice_2
2026-10-04T22:04:32,emailservice,39.09765625,0.005314175554102036,0.0,0.0444,0.0284,0.0531,mem_leak_cartservice_2
2026-10-04T22:04:32,productcatalogservice,13.84375,0.020783894407650855,0.0,0.0444,0.0284,0.0531,mem_leak_cartservice_2
2026-10-04T22:04:32,checkoutservice,12.24609375,0.002061420700301938,0.0,0.0444,0.0284,0.0531,mem_leak_cartservice_2
2026-10-04T22:04:32,adservice,112.61328125,0.004313260471627416,0.0,0.0444,0.0284,0.0531,mem_leak_cartservice_2
2026-10-04T22:04:32,recommendationservice,32.5234375,0.018731227052688586,4.0,0.0444,0.0284,0.0531,mem_leak_cartservice_2
2026-10-04T22:04:32,cartservice,39.61328125,0.03602760325888694,0.0,0.0444,0.0284,0.0531,mem_leak_cartservice_2
2026-10-04T22:04:37,frontend,14.78125,0.04852158492307859,0.0,0.0696,0.0604,0.0872,mem_leak_cartservice_2
2026-10-04T22:04:37,loadgenerator,103.80078125,0.00796706927175983,0.0,0.0696,0.0604,0.0872,mem_leak_cartservice_2
2026-10-04T22:04:37,redis-cart,6.1953125,0.004658276863504045,0.0,0.0696,0.0604,0.0872,mem_leak_cartservice_2
2026-10-04T22:04:37,currencyservice,39.15625,0.025583082816136506,0.0,0.0696,0.0604,0.0872,mem_leak_cartservice_2
2026-10-04T22:04:37,shippingservice,11.8203125,0.002474058412137221,0.0,0.0696,0.0604,0.0872,mem_leak_cartservice_2
2026-10-04T22:04:37,paymentservice,41.6171875,0.0013141595865036957,0.0,0.0696,0.0604,0.0872,mem_leak_cartservice_2
2026-10-04T22:04:37,emailservice,38.84765625,0.0050198735742128155,0.0,0.0696,0.0604,0.0872,mem_leak_cartservice_2
2026-10-04T22:04:37,productcatalogservice,14.1328125,0.01953767858464763,0.0,0.0696,0.0604,0.0872,mem_leak_cartservice_2
2026-10-04T22:04:37,checkoutservice,12.24609375,0.0022958211240463244,0.0,0.0696,0.0604,0.0872,mem_leak_cartservice_2
2026-10-04T22:04:37,adservice,112.61328125,0.004451942779085473,0.0,0.0696,0.0604,0.0872,mem_leak_cartservice_2
2026-10-04T22:04:37,recommendationservice,34.0078125,0.01806978044507185,4.0,0.0696,0.0604,0.0872,mem_leak_cartservice_2
2026-10-04T22:04:37,cartservice,39.61328125,0.019029575593066984,0.0,0.0696,0.0604,0.0872,mem_leak_cartservice_2
2026-10-04T22:04:42,frontend,14.78125,0.03544357423694507,0.0,0.028,0.0182,0.0638,mem_leak_cartservice_2
2026-10-04T22:04:42,loadgenerator,103.80078125,0.0073387798093294135,0.0,0.028,0.0182,0.0638,mem_leak_cartservice_2
2026-10-04T22:04:42,redis-cart,6.1953125,0.003667636060019116,0.0,0.028,0.0182,0.0638,mem_leak_cartservice_2
2026-10-04T22:04:42,currencyservice,39.15625,0.025583082816136506,0.0,0.028,0.0182,0.0638,mem_leak_cartservice_2
2026-10-04T22:04:42,shippingservice,11.8203125,0.002474058412137221,0.0,0.028,0.0182,0.0638,mem_leak_cartservice_2
2026-10-04T22:04:42,paymentservice,41.6171875,0.001072176052833123,0.0,0.028,0.0182,0.0638,mem_leak_cartservice_2
2026-10-04T22:04:42,emailservice,38.84765625,0.0050198735742128155,0.0,0.028,0.0182,0.0638,mem_leak_cartservice_2
2026-10-04T22:04:42,productcatalogservice,14.1328125,0.01903906002678658,0.0,0.028,0.0182,0.0638,mem_leak_cartservice_2
2026-10-04T22:04:42,checkoutservice,12.24609375,0.0022958211240463244,0.0,0.028,0.0182,0.0638,mem_leak_cartservice_2
2026-10-04T22:04:42,adservice,112.61328125,0.004451942779085473,0.0,0.028,0.0182,0.0638,mem_leak_cartservice_2
2026-10-04T22:04:42,recommendationservice,34.0078125,0.01763854108699432,4.0,0.028,0.0182,0.0638,mem_leak_cartservice_2
2026-10-04T22:04:42,cartservice,39.61328125,0.015273295950792173,0.0,0.028,0.0182,0.0638,mem_leak_cartservice_2
2026-10-04T22:04:48,frontend,14.3203125,0.04298845966419724,0.0,0.0646,0.0733,0.0209,mem_leak_cartservice_2
2026-10-04T22:04:48,loadgenerator,103.80078125,0.0073387798093294135,0.0,0.0646,0.0733,0.0209,mem_leak_cartservice_2
2026-10-04T22:04:48,redis-cart,6.43359375,0.0045845546201000835,0.0,0.0646,0.0733,0.0209,mem_leak_cartservice_2
2026-10-04T22:04:48,currencyservice,39.140625,0.0233914099743313,0.0,0.0646,0.0733,0.0209,mem_leak_cartservice_2
2026-10-04T22:04:48,shippingservice,11.8203125,0.002474058412137221,0.0,0.0646,0.0733,0.0209,mem_leak_cartservice_2
2026-10-04T22:04:48,paymentservice,41.6796875,0.0011368300514179842,0.0,0.0646,0.0733,0.0209,mem_leak_cartservice_2
2026-10-04T22:04:48,emailservice,39.6015625,0.005278487619997943,0.0,0.0646,0.0733,0.0209,mem_leak_cartservice_2
2026-10-04T22:04:48,productcatalogservice,14.1328125,0.01903906002678658,0.0,0.0646,0.0733,0.0209,mem_leak_cartservice_2
2026-10-04T22:04:48,checkoutservice,12.24609375,0.0019472669610098544,0.0,0.0646,0.0733,0.0209,mem_leak_cartservice_2
2026-10-04T22:04:48,adservice,112.61328125,0.004448668844138548,0.0,0.0646,0.0733,0.0209,mem_leak_cartservice_2
2026-10-04T22:04:48,recommendationservice,34.0078125,0.01763854108699432,4.0,0.0646,0.0733,0.0209,mem_leak_cartservice_2
2026-10-04T22:04:48,cartservice,40.046875,0.01782769400865439,0.0,0.0646,0.0733,0.0209,mem_leak_cartservice_2
2026-10-04T22:04:53,frontend,14.3203125,0.04298845966419724,0.0,0.0666,0.0764,0.0348,mem_leak_cartservice_2
2026-10-04T22:04:53,loadgenerator,103.80078125,0.0073387798093294135,0.0,0.0666,0.0764,0.0348,mem_leak_cartservice_2
2026-10-04T22:04:53,redis-cart,6.43359375,0.004532880208781016,0.0,0.0666,0.0764,0.0348,mem_leak_cartservice_2
2026-10-04T22:04:53,currencyservice,39.140625,0.0233914099743313,0.0,0.0666,0.0764,0.0348,mem_leak_cartservice_2
2026-10-04T22:04:53,shippingservice,11.8203125,0.001825525380823212,0.0,0.0666,0.0764,0.0348,mem_leak_cartservice_2
2026-10-04T22:04:53,paymentservice,41.6796875,0.0011368300514179842,0.0,0.0666,0.0764,0.0348,mem_leak_cartservice_2
2026-10-04T22:04:53,emailservice,39.6015625,0.005278487619997943,0.0,0.0666,0.0764,0.0348,mem_leak_cartservice_2
2026-10-04T22:04:53,productcatalogservice,14.1328125,0.013514087652785733,0.0,0.0666,0.0764,0.0348,mem_leak_cartservice_2
2026-10-04T22:04:53,checkoutservice,12.24609375,0.001517592750897549,0.0,0.0666,0.0764,0.0348,mem_leak_cartservice_2
2026-10-04T22:04:53,adservice,112.61328125,0.0037112896258091285,0.0,0.0666,0.0764,0.0348,mem_leak_cartservice_2
2026-10-04T22:04:53,recommendationservice,34.0078125,0.013262331511584392,4.0,0.0666,0.0764,0.0348,mem_leak_cartservice_2
2026-10-04T22:04:53,cartservice,40.046875,0.016229893578859275,0.0,0.0666,0.0764,0.0348,mem_leak_cartservice_2
2026-10-04T22:04:58,frontend,14.3203125,0.04298845966419724,0.0,0.06,0.0394,0.0846,mem_leak_cartservice_2
2026-10-04T22:04:58,loadgenerator,103.74609375,0.00761479809518699,0.0,0.06,0.0394,0.0846,mem_leak_cartservice_2
2026-10-04T22:04:58,redis-cart,6.4375,0.004489622935495515,0.0,0.06,0.0394,0.0846,mem_leak_cartservice_2
2026-10-04T22:04:58,currencyservice,38.66015625,0.0229498061582052,0.0,0.06,0.0394,0.0846,mem_leak_cartservice_2
2026-10-04T22:04:58,shippingservice,12.3359375,0.002299739165329147,0.0,0.06,0.0394,0.0846,mem_leak_cartservice_2
2026-10-04T22:04:58,paymentservice,41.44140625,0.0009464741614577928,0.0,0.06,0.0394,0.0846,mem_leak_cartservice_2
2026-10-04T22:04:58,emailservice,39.6015625,0.005278487619997943,0.0,0.06,0.0394,0.0846,mem_leak_cartservice_2
2026-10-04T22:04:58,productcatalogservice,14.09375,0.018043781050391616,0.0,0.06,0.0394,0.0846,mem_leak_cartservice_2
2026-10-04T22:04:58,checkoutservice,12.24609375,0.0014300075996090786,0.0,0.06,0.0394,0.0846,mem_leak_cartservice_2
2026-10-04T22:04:58,adservice,113.05078125,0.004328789943963883,0.0,0.06,0.0394,0.0846,mem_leak_cartservice_2
2026-10-04T22:04:58,recommendationservice,33.0390625,0.016902124828641764,4.0,0.06,0.0394,0.0846,mem_leak_cartservice_2
2026-10-04T22:04:58,cartservice,40.046875,0.013688337327447633,0.0,0.06,0.0394,0.0846,mem_leak_cartservice_2
2026-10-04T22:05:03,frontend,14.3203125,0.04387303045087751,0.0,0.0697,0.0645,0.0869,mem_leak_cartservice_2
2026-10-04T22:05:03,loadgenerator,103.74609375,0.007614798095186989,0.0,0.0697,0.0645,0.0869,mem_leak_cartservice_2
2026-10-04T22:05:03,redis-cart,6.4375,0.004489622935495515,0.0,0.0697,0.0645,0.0869,mem_leak_cartservice_2
2026-10-04T22:05:03,currencyservice,38.66015625,0.023294845310118252,0.0,0.0697,0.0645,0.0869,mem_leak_cartservice_2
2026-10-04T22:05:03,shippingservice,12.3359375,0.0022997391653291474,0.0,0.0697,0.0645,0.0869,mem_leak_cartservice_2
2026-10-04T22:05:03,paymentservice,41.44140625,0.0009464741614577928,0.0,0.0697,0.0645,0.0869,mem_leak_cartservice_2
2026-10-04T22:05:03,emailservice,39.6015625,0.004362714076619595,0.0,0.0697,0.0645,0.0869,mem_leak_cartservice_2
2026-10-04T22:05:03,productcatalogservice,14.09375,0.018043781050391616,0.0,0.0697,0.0645,0.0869,mem_leak_cartservice_2
2026-10-04T22:05:03,checkoutservice,12.24609375,0.0014300075996090786,0.0,0.0697,0.0645,0.0869,mem_leak_cartservice_2
2026-10-04T22:05:03,adservice,113.05078125,0.004328789943963884,0.0,0.0697,0.0645,0.0869,mem_leak_cartservice_2
2026-10-04T22:05:03,recommendationservice,33.0390625,0.016902124828641764,4.0,0.0697,0.0645,0.0869,mem_leak_cartservice_2
2026-10-04T22:05:03,cartservice,40.046875,0.01220336513337244,0.0,0.0697,0.0645,0.0869,mem_leak_cartservice_2
