time,service,memory_mb,cpu_cores,restarts,latency_s,latency_product_s,latency_cart_s,label
2026-10-04T05:10:28,redis-cart,6.16796875,0.0037776537657022518,0.0,0.0816,0.03,0.0692,cpu_hog_currencyservice_2
2026-10-04T05:10:28,paymentservice,35.44140625,0.0011113906618290923,0.0,0.0816,0.03,0.0692,cpu_hog_currencyservice_2
2026-10-04T05:10:28,currencyservice,41.57421875,0.015273632406029277,0.0,0.0816,0.03,0.0692,cpu_hog_currencyservice_2
2026-10-04T05:10:28,productcatalogservice,13.41796875,0.013313665610022155,0.0,0.0816,0.03,0.0692,cpu_hog_currencyservice_2
2026-10-04T05:10:28,adservice,112.765625,0.0028009375681371886,0.0,0.0816,0.03,0.0692,cpu_hog_currencyservice_2
2026-10-04T05:10:28,recommendationservice,32.86328125,0.016762183846802902,4.0,0.0816,0.03,0.0692,cpu_hog_currencyservice_2
2026-10-04T05:10:28,emailservice,36.7421875,0.00613328890369751,0.0,0.0816,0.03,0.0692,cpu_hog_currencyservice_2
2026-10-04T05:10:28,shippingservice,11.71875,0.0021306588230095153,0.0,0.0816,0.03,0.0692,cpu_hog_currencyservice_2
2026-10-04T05:10:28,frontend,14.68359375,0.03417141180744389,0.0,0.0816,0.03,0.0692,cpu_hog_currencyservice_2
2026-10-04T05:10:28,loadgenerator,89.10546875,0.006472408006038874,0.0,0.0816,0.03,0.0692,cpu_hog_currencyservice_2
2026-10-04T05:10:28,cartservice,49.98828125,0.009370235355015752,0.0,0.0816,0.03,0.0692,cpu_hog_currencyservice_2
2026-10-04T05:10:28,checkoutservice,6.890625,0.0016984581176992483,0.0,0.0816,0.03,0.0692,cpu_hog_currencyservice_2
2026-10-04T05:10:33,redis-cart,6.4296875,0.004602087785631822,0.0,0.039,0.045,0.0445,cpu_hog_currencyservice_2
2026-10-04T05:10:33,paymentservice,35.44140625,0.0009572068178742856,0.0,0.039,0.045,0.0445,cpu_hog_currencyservice_2
2026-10-04T05:10:33,currencyservice,41.4375,0.02478308957695779,0.0,0.039,0.045,0.0445,cpu_hog_currencyservice_2
2026-10-04T05:10:33,productcatalogservice,14.03125,0.013649785476877514,0.0,0.039,0.045,0.0445,cpu_hog_currencyservice_2
2026-10-04T05:10:33,adservice,112.0390625,0.003105551755934184,0.0,0.039,0.045,0.0445,cpu_hog_currencyservice_2
2026-10-04T05:10:33,recommendationservice,32.86328125,0.013468065508742655,4.0,0.039,0.045,0.0445,cpu_hog_currencyservice_2
2026-10-04T05:10:33,emailservice,36.7421875,0.005985891674002006,0.0,0.039,0.045,0.0445,cpu_hog_currencyservice_2
2026-10-04T05:10:33,shippingservice,11.71875,0.0016633457049513804,0.0,0.039,0.045,0.0445,cpu_hog_currencyservice_2
2026-10-04T05:10:33,frontend,15.34765625,0.03772152655709416,0.0,0.039,0.045,0.0445,cpu_hog_currencyservice_2
2026-10-04T05:10:33,loadgenerator,89.09765625,0.007891610634609272,0.0,0.039,0.045,0.0445,cpu_hog_currencyservice_2
2026-10-04T05:10:33,cartservice,49.98828125,0.009630545402940558,0.0,0.039,0.045,0.0445,cpu_hog_currencyservice_2
2026-10-04T05:10:33,checkoutservice,6.66796875,0.0018577584301940164,0.0,0.039,0.045,0.0445,cpu_hog_currencyservice_2
2026-10-04T05:10:38,redis-cart,6.4296875,0.003990492074051589,0.0,0.06,0.1468,0.0984,cpu_hog_currencyservice_2
2026-10-04T05:10:38,paymentservice,35.44140625,0.0008578114463513705,0.0,0.06,0.1468,0.0984,cpu_hog_currencyservice_2
2026-10-04T05:10:38,currencyservice,41.4375,0.02478308957695779,0.0,0.06,0.1468,0.0984,cpu_hog_currencyservice_2
2026-10-04T05:10:38,productcatalogservice,14.03125,0.016566446423445246,0.0,0.06,0.1468,0.0984,cpu_hog_currencyservice_2
2026-10-04T05:10:38,adservice,112.0390625,0.002893433639190912,0.0,0.06,0.1468,0.0984,cpu_hog_currencyservice_2
2026-10-04T05:10:38,recommendationservice,32.86328125,0.011968967533376914,4.0,0.06,0.1468,0.0984,cpu_hog_currencyservice_2
2026-10-04T05:10:38,emailservice,36.7421875,0.005038258512099999,0.0,0.06,0.1468,0.0984,cpu_hog_currencyservice_2
2026-10-04T05:10:38,shippingservice,11.71875,0.001479842316701725,0.0,0.06,0.1468,0.0984,cpu_hog_currencyservice_2
2026-10-04T05:10:38,frontend,15.34765625,0.04289899929528135,0.0,0.06,0.1468,0.0984,cpu_hog_currencyservice_2
2026-10-04T05:10:38,loadgenerator,89.09765625,0.007891610634609272,0.0,0.06,0.1468,0.0984,cpu_hog_currencyservice_2
2026-10-04T05:10:38,cartservice,49.98828125,0.008636364821328802,0.0,0.06,0.1468,0.0984,cpu_hog_currencyservice_2
2026-10-04T05:10:38,checkoutservice,6.66796875,0.0022385486361296923,0.0,0.06,0.1468,0.0984,cpu_hog_currencyservice_2
2026-10-04T05:10:43,redis-cart,6.4296875,0.003561677389013098,0.0,0.0458,0.0888,0.2099,cpu_hog_currencyservice_2
2026-10-04T05:10:43,paymentservice,35.4453125,0.0010154064004531435,0.0,0.0458,0.0888,0.2099,cpu_hog_currencyservice_2
2026-10-04T05:10:43,currencyservice,41.4921875,0.023297299529275447,0.0,0.0458,0.0888,0.2099,cpu_hog_currencyservice_2
2026-10-04T05:10:43,productcatalogservice,14.03125,0.016566446423445246,0.0,0.0458,0.0888,0.2099,cpu_hog_currencyservice_2
2026-10-04T05:10:43,adservice,112.015625,0.0038922197021993084,0.0,0.0458,0.0888,0.2099,cpu_hog_currencyservice_2
2026-10-04T05:10:43,recommendationservice,32.62890625,0.016151101270920683,4.0,0.0458,0.0888,0.2099,cpu_hog_currencyservice_2
2026-10-04T05:10:43,emailservice,36.7421875,0.004855658552419675,0.0,0.0458,0.0888,0.2099,cpu_hog_currencyservice_2
2026-10-04T05:10:43,shippingservice,11.71484375,0.002118523626768496,0.0,0.0458,0.0888,0.2099,cpu_hog_currencyservice_2
2026-10-04T05:10:43,frontend,15.34765625,0.04289899929528135,0.0,0.0458,0.0888,0.2099,cpu_hog_currencyservice_2
2026-10-04T05:10:43,loadgenerator,89.36328125,0.007699995480839162,0.0,0.0458,0.0888,0.2099,cpu_hog_currencyservice_2
2026-10-04T05:10:43,cartservice,49.765625,0.011087082017209444,0.0,0.0458,0.0888,0.2099,cpu_hog_currencyservice_2
2026-10-04T05:10:43,checkoutservice,7.1796875,0.001975986805937328,0.0,0.0458,0.0888,0.2099,cpu_hog_currencyservice_2
2026-10-04T05:10:49,redis-cart,6.4296875,0.0031586466117092776,0.0,0.0276,0.0167,0.0114,cpu_hog_currencyservice_2
2026-10-04T05:10:49,paymentservice,35.4453125,0.0008223776437270009,0.0,0.0276,0.0167,0.0114,cpu_hog_currencyservice_2
2026-10-04T05:10:49,currencyservice,41.4921875,0.023297299529275447,0.0,0.0276,0.0167,0.0114,cpu_hog_currencyservice_2
2026-10-04T05:10:49,productcatalogservice,14.03125,0.012930249487219209,0.0,0.0276,0.0167,0.0114,cpu_hog_currencyservice_2
2026-10-04T05:10:49,adservice,112.015625,0.0037874440576828386,0.0,0.0276,0.0167,0.0114,cpu_hog_currencyservice_2
2026-10-04T05:10:49,recommendationservice,32.62890625,0.016151101270920683,4.0,0.0276,0.0167,0.0114,cpu_hog_currencyservice_2
2026-10-04T05:10:49,emailservice,36.7421875,0.00486545721762578,0.0,0.0276,0.0167,0.0114,cpu_hog_currencyservice_2
2026-10-04T05:10:49,shippingservice,11.71484375,0.0017296686150751386,0.0,0.0276,0.0167,0.0114,cpu_hog_currencyservice_2
2026-10-04T05:10:49,frontend,15.34765625,0.03474872566666908,0.0,0.0276,0.0167,0.0114,cpu_hog_currencyservice_2
2026-10-04T05:10:49,loadgenerator,89.36328125,0.00769999548083916,0.0,0.0276,0.0167,0.0114,cpu_hog_currencyservice_2
2026-10-04T05:10:49,cartservice,49.765625,0.00929202184372314,0.0,0.0276,0.0167,0.0114,cpu_hog_currencyservice_2
2026-10-04T05:10:49,checkoutservice,7.1796875,0.001975986805937328,0.0,0.0276,0.0167,0.0114,cpu_hog_currencyservice_2
2026-10-04T05:10:54,redis-cart,6.18359375,0.004369388433750082,0.0,0.0676,0.1029,0.1926,cpu_hog_currencyservice_2
2026-10-04T05:10:54,paymentservice,35.48828125,0.0011928238317311418,0.0,0.0676,0.1029,0.1926,cpu_hog_currencyservice_2
2026-10-04T05:10:54,currencyservice,41.4921875,0.022376577408438438,0.0,0.0676,0.1029,0.1926,cpu_hog_currencyservice_2
2026-10-04T05:10:54,productcatalogservice,13.7734375,0.014724674220101461,0.0,0.0676,0.1029,0.1926,cpu_hog_currencyservice_2
2026-10-04T05:10:54,adservice,112.015625,0.0031417058872037907,0.0,0.0676,0.1029,0.1926,cpu_hog_currencyservice_2
2026-10-04T05:10:54,recommendationservice,32.88671875,0.017421045802521105,4.0,0.0676,0.1029,0.1926,cpu_hog_currencyservice_2
2026-10-04T05:10:54,emailservice,36.98828125,0.005640865491859157,0.0,0.0676,0.1029,0.1926,cpu_hog_currencyservice_2
2026-10-04T05:10:54,shippingservice,12.22265625,0.0024061740583229975,0.0,0.0676,0.1029,0.1926,cpu_hog_currencyservice_2
2026-10-04T05:10:54,frontend,14.94921875,0.04608115491904098,0.0,0.0676,0.1029,0.1926,cpu_hog_currencyservice_2
2026-10-04T05:10:54,loadgenerator,89.36328125,0.0060135074664848,0.0,0.0676,0.1029,0.1926,cpu_hog_currencyservice_2
2026-10-04T05:10:54,cartservice,50.28515625,0.01212446570323631,0.0,0.0676,0.1029,0.1926,cpu_hog_currencyservice_2
2026-10-04T05:10:54,checkoutservice,6.70703125,0.002668672631169487,0.0,0.0676,0.1029,0.1926,cpu_hog_currencyservice_2
2026-10-04T05:10:59,redis-cart,5.93359375,0.004404101769550463,0.0,0.0272,0.029,0.0353,cpu_hog_currencyservice_2
2026-10-04T05:10:59,paymentservice,35.48828125,0.0010137182537753307,0.0,0.0272,0.029,0.0353,cpu_hog_currencyservice_2
2026-10-04T05:10:59,currencyservice,40.97265625,0.02529434358274991,0.0,0.0272,0.029,0.0353,cpu_hog_currencyservice_2
2026-10-04T05:10:59,productcatalogservice,13.36328125,0.01889316351984416,0.0,0.0272,0.029,0.0353,cpu_hog_currencyservice_2
2026-10-04T05:10:59,adservice,111.7890625,0.004247116770783012,0.0,0.0272,0.029,0.0353,cpu_hog_currencyservice_2
2026-10-04T05:10:59,recommendationservice,32.88671875,0.014671282147222072,4.0,0.0272,0.029,0.0353,cpu_hog_currencyservice_2
2026-10-04T05:10:59,emailservice,36.98828125,0.005448861411068362,0.0,0.0272,0.029,0.0353,cpu_hog_currencyservice_2
2026-10-04T05:10:59,shippingservice,12.22265625,0.0023085242271988276,0.0,0.0272,0.029,0.0353,cpu_hog_currencyservice_2
2026-10-04T05:10:59,frontend,14.94921875,0.046081154919040974,0.0,0.0272,0.029,0.0353,cpu_hog_currencyservice_2
2026-10-04T05:10:59,loadgenerator,88.8984375,0.0076198318231558764,0.0,0.0272,0.029,0.0353,cpu_hog_currencyservice_2
2026-10-04T05:10:59,cartservice,50.71484375,0.011831131051154398,0.0,0.0272,0.029,0.0353,cpu_hog_currencyservice_2
2026-10-04T05:10:59,checkoutservice,6.70703125,0.002668672631169487,0.0,0.0272,0.029,0.0353,cpu_hog_currencyservice_2
2026-10-04T05:11:05,redis-cart,5.93359375,0.004404101769550463,0.0,0.1289,0.0734,0.1088,cpu_hog_currencyservice_2
2026-10-04T05:11:05,paymentservice,35.48828125,0.0008592163283638171,0.0,0.1289,0.0734,0.1088,cpu_hog_currencyservice_2
2026-10-04T05:11:05,currencyservice,40.97265625,0.02529434358274991,0.0,0.1289,0.0734,0.1088,cpu_hog_currencyservice_2
2026-10-04T05:11:05,productcatalogservice,13.36328125,0.01889316351984416,0.0,0.1289,0.0734,0.1088,cpu_hog_currencyservice_2
2026-10-04T05:11:05,adservice,111.7890625,0.004247116770783012,0.0,0.1289,0.0734,0.1088,cpu_hog_currencyservice_2
2026-10-04T05:11:05,recommendationservice,32.88671875,0.013110487393601336,4.0,0.1289,0.0734,0.1088,cpu_hog_currencyservice_2
2026-10-04T05:11:05,emailservice,36.98828125,0.004389118409520133,0.0,0.1289,0.0734,0.1088,cpu_hog_currencyservice_2
2026-10-04T05:11:05,shippingservice,12.22265625,0.0023085242271988276,0.0,0.1289,0.0734,0.1088,cpu_hog_currencyservice_2
2026-10-04T05:11:05,frontend,14.94921875,0.036759897302979794,0.0,0.1289,0.0734,0.1088,cpu_hog_currencyservice_2
2026-10-04T05:11:05,loadgenerator,88.8984375,0.0076198318231558764,0.0,0.1289,0.0734,0.1088,cpu_hog_currencyservice_2
2026-10-04T05:11:05,cartservice,50.71484375,0.011831131051154398,0.0,0.1289,0.0734,0.1088,cpu_hog_currencyservice_2
2026-10-04T05:11:05,checkoutservice,6.70703125,0.0024174500000000046,0.0,0.1289,0.0734,0.1088,cpu_hog_currencyservice_2
2026-10-04T05:11:10,redis-cart,6.4296875,0.0043245188581048045,0.0,0.0457,0.0258,0.0476,cpu_hog_currencyservice_2
2026-10-04T05:11:10,paymentservice,35.76171875,0.0009338982336327717,0.0,0.0457,0.0258,0.0476,cpu_hog_currencyservice_2
2026-10-04T05:11:10,currencyservice,40.97265625,0.018092849999999317,0.0,0.0457,0.0258,0.0476,cpu_hog_currencyservice_2
2026-10-04T05:11:10,productcatalogservice,13.36328125,0.018548212446186787,0.0,0.0457,0.0258,0.0476,cpu_hog_currencyservice_2
2026-10-04T05:11:10,adservice,112.00390625,0.00426508223215082,0.0,0.0457,0.0258,0.0476,cpu_hog_currencyservice_2
2026-10-04T05:11:10,recommendationservice,32.6484375,0.018409357225335675,4.0,0.0457,0.0258,0.0476,cpu_hog_currencyservice_2
2026-10-04T05:11:10,emailservice,36.74609375,0.005388350240057811,0.0,0.0457,0.0258,0.0476,cpu_hog_currencyservice_2
2026-10-04T05:11:10,shippingservice,11.734375,0.002355321912803302,0.0,0.0457,0.0258,0.0476,cpu_hog_currencyservice_2
2026-10-04T05:11:10,frontend,15.14453125,0.036739335809350245,0.0,0.0457,0.0258,0.0476,cpu_hog_currencyservice_2
2026-10-04T05:11:10,loadgenerator,89.62109375,0.007638444201770746,0.0,0.0457,0.0258,0.0476,cpu_hog_currencyservice_2
2026-10-04T05:11:10,cartservice,50.71484375,0.012480331482907973,0.0,0.0457,0.0258,0.0476,cpu_hog_currencyservice_2
2026-10-04T05:11:10,checkoutservice,6.73828125,0.002373857873690328,0.0,0.0457,0.0258,0.0476,cpu_hog_currencyservice_2
2026-10-04T05:11:15,redis-cart,6.4296875,0.0043245188581048045,0.0,0.1554,0.1604,0.0327,cpu_hog_currencyservice_2
2026-10-04T05:11:15,paymentservice,35.76171875,0.0009338982336327716,0.0,0.1554,0.1604,0.0327,cpu_hog_currencyservice_2
2026-10-04T05:11:15,currencyservice,40.97265625,0.01951907651959308,0.0,0.1554,0.1604,0.0327,cpu_hog_currencyservice_2
2026-10-04T05:11:15,productcatalogservice,13.36328125,0.017986393147559735,0.0,0.1554,0.1604,0.0327,cpu_hog_currencyservice_2
2026-10-04T05:11:15,adservice,112.00390625,0.004514388232777937,0.0,0.1554,0.1604,0.0327,cpu_hog_currencyservice_2
2026-10-04T05:11:15,recommendationservice,32.6484375,0.02058375952405756,4.0,0.1554,0.1604,0.0327,cpu_hog_currencyservice_2
2026-10-04T05:11:15,emailservice,36.74609375,0.005360630792641732,0.0,0.1554,0.1604,0.0327,cpu_hog_currencyservice_2
2026-10-04T05:11:15,shippingservice,11.734375,0.002721784226146217,0.0,0.1554,0.1604,0.0327,cpu_hog_currencyservice_2
2026-10-04T05:11:15,frontend,15.14453125,0.044446553355096244,0.0,0.1554,0.1604,0.0327,cpu_hog_currencyservice_2
2026-10-04T05:11:15,loadgenerator,89.62109375,0.007638444201770746,0.0,0.1554,0.1604,0.0327,cpu_hog_currencyservice_2
2026-10-04T05:11:15,cartservice,50.71484375,0.009869203463571459,0.0,0.1554,0.1604,0.0327,cpu_hog_currencyservice_2
2026-10-04T05:11:15,checkoutservice,6.73828125,0.0023738578736903285,0.0,0.1554,0.1604,0.0327,cpu_hog_currencyservice_2
2026-10-04T05:11:20,redis-cart,6.4296875,0.0043245188581048045,0.0,0.1641,0.0624,0.0877,cpu_hog_currencyservice_2
2026-10-04T05:11:20,paymentservice,35.76171875,0.001110395691875617,0.0,0.1641,0.0624,0.0877,cpu_hog_currencyservice_2
2026-10-04T05:11:20,currencyservice,41.16796875,0.02362816201841485,0.0,0.1641,0.0624,0.0877,cpu_hog_currencyservice_2
2026-10-04T05:11:20,productcatalogservice,13.83203125,0.020144247583981572,0.0,0.1641,0.0624,0.0877,cpu_hog_currencyservice_2
2026-10-04T05:11:20,adservice,112.00390625,0.0037101374291412335,0.0,0.1641,0.0624,0.0877,cpu_hog_currencyservice_2
2026-10-04T05:11:20,recommendationservice,32.8828125,0.0200748987854246,4.0,0.1641,0.0624,0.0877,cpu_hog_currencyservice_2
2026-10-04T05:11:20,emailservice,36.74609375,0.005360630792641732,0.0,0.1641,0.0624,0.0877,cpu_hog_currencyservice_2
2026-10-04T05:11:20,shippingservice,12.28125,0.0031227009984235482,0.0,0.1641,0.0624,0.0877,cpu_hog_currencyservice_2
2026-10-04T05:11:20,frontend,14.2578125,0.04464498064159,0.0,0.1641,0.0624,0.0877,cpu_hog_currencyservice_2
2026-10-04T05:11:20,loadgenerator,89.62109375,0.007638444201770746,0.0,0.1641,0.0624,0.0877,cpu_hog_currencyservice_2
2026-10-04T05:11:20,cartservice,50.48046875,0.01198224327473528,0.0,0.1641,0.0624,0.0877,cpu_hog_currencyservice_2
2026-10-04T05:11:20,checkoutservice,7.12890625,0.002704656422775903,0.0,0.1641,0.0624,0.0877,cpu_hog_currencyservice_2
2026-10-04T05:11:26,redis-cart,6.4296875,0.002826299999999549,0.0,0.0498,0.0845,0.0313,cpu_hog_currencyservice_2
2026-10-04T05:11:26,paymentservice,35.76171875,0.0008931837879498818,0.0,0.0498,0.0845,0.0313,cpu_hog_currencyservice_2
2026-10-04T05:11:26,currencyservice,41.16796875,0.025377049681836635,0.0,0.0498,0.0845,0.0313,cpu_hog_currencyservice_2
2026-10-04T05:11:26,productcatalogservice,13.83203125,0.020144247583981572,0.0,0.0498,0.0845,0.0313,cpu_hog_currencyservice_2
2026-10-04T05:11:26,adservice,112.00390625,0.0032603964677844197,0.0,0.0498,0.0845,0.0313,cpu_hog_currencyservice_2
2026-10-04T05:11:26,recommendationservice,32.8828125,0.01734270506072831,4.0,0.0498,0.0845,0.0313,cpu_hog_currencyservice_2
2026-10-04T05:11:26,emailservice,36.74609375,0.004237720983268796,0.0,0.0498,0.0845,0.0313,cpu_hog_currencyservice_2
2026-10-04T05:11:26,shippingservice,12.28125,0.0031227009984235482,0.0,0.0498,0.0845,0.0313,cpu_hog_currencyservice_2
2026-10-04T05:11:26,frontend,14.2578125,0.04464498064159,0.0,0.0498,0.0845,0.0313,cpu_hog_currencyservice_2
2026-10-04T05:11:26,loadgenerator,89.62109375,0.006382161219837711,0.0,0.0498,0.0845,0.0313,cpu_hog_currencyservice_2
2026-10-04T05:11:26,cartservice,50.48046875,0.01198224327473528,0.0,0.0498,0.0845,0.0313,cpu_hog_currencyservice_2
2026-10-04T05:11:26,checkoutservice,7.12890625,0.0031559013576631704,0.0,0.0498,0.0845,0.0313,cpu_hog_currencyservice_2
2026-10-04T05:11:31,redis-cart,6.1796875,0.004310983767955015,0.0,0.3194,0.0947,0.0978,cpu_hog_currencyservice_2
2026-10-04T05:11:31,paymentservice,35.48828125,0.0008249294192648145,0.0,0.3194,0.0947,0.0978,cpu_hog_currencyservice_2
2026-10-04T05:11:31,currencyservice,41.68359375,0.020200977448398022,0.0,0.3194,0.0947,0.0978,cpu_hog_currencyservice_2
2026-10-04T05:11:31,productcatalogservice,14.0859375,0.021615933004080434,0.0,0.3194,0.0947,0.0978,cpu_hog_currencyservice_2
2026-10-04T05:11:31,adservice,112.0234375,0.0044871043237741035,0.0,0.3194,0.0947,0.0978,cpu_hog_currencyservice_2
2026-10-04T05:11:31,recommendationservice,32.8828125,0.015253419417393076,4.0,0.3194,0.0947,0.0978,cpu_hog_currencyservice_2
2026-10-04T05:11:31,emailservice,36.99609375,0.005493840938282457,0.0,0.3194,0.0947,0.0978,cpu_hog_currencyservice_2
2026-10-04T05:11:31,shippingservice,12.28125,0.002737055103123391,0.0,0.3194,0.0947,0.0978,cpu_hog_currencyservice_2
2026-10-04T05:11:31,frontend,15.734375,0.04536864075137186,0.0,0.3194,0.0947,0.0978,cpu_hog_currencyservice_2
2026-10-04T05:11:31,loadgenerator,88.87890625,0.00776808348912347,0.0,0.3194,0.0947,0.0978,cpu_hog_currencyservice_2
2026-10-04T05:11:31,cartservice,50.21484375,0.012615871659415788,0.0,0.3194,0.0947,0.0978,cpu_hog_currencyservice_2
2026-10-04T05:11:31,checkoutservice,7.12890625,0.0031559013576631712,0.0,0.3194,0.0947,0.0978,cpu_hog_currencyservice_2
2026-10-04T05:11:37,redis-cart,6.1796875,0.003576475958579857,0.0,0.3299,0.087,0.1018,cpu_hog_currencyservice_2
2026-10-04T05:11:37,paymentservice,35.48828125,0.0008249294192648143,0.0,0.3299,0.087,0.1018,cpu_hog_currencyservice_2
2026-10-04T05:11:37,currencyservice,41.68359375,0.01782864625397433,0.0,0.3299,0.087,0.1018,cpu_hog_currencyservice_2
2026-10-04T05:11:37,productcatalogservice,14.0859375,0.021615933004080434,0.0,0.3299,0.087,0.1018,cpu_hog_currencyservice_2
2026-10-04T05:11:37,adservice,112.0234375,0.0036999291194186774,0.0,0.3299,0.087,0.1018,cpu_hog_currencyservice_2
2026-10-04T05:11:37,recommendationservice,32.8828125,0.013421748568590203,4.0,0.3299,0.087,0.1018,cpu_hog_currencyservice_2
2026-10-04T05:11:37,emailservice,36.99609375,0.0053984352773823905,0.0,0.3299,0.087,0.1018,cpu_hog_currencyservice_2
2026-10-04T05:11:37,shippingservice,12.28125,0.0026820632468995066,0.0,0.3299,0.087,0.1018,cpu_hog_currencyservice_2
2026-10-04T05:11:37,frontend,15.734375,0.04536864075137186,0.0,0.3299,0.087,0.1018,cpu_hog_currencyservice_2
2026-10-04T05:11:37,loadgenerator,88.87890625,0.00776808348912347,0.0,0.3299,0.087,0.1018,cpu_hog_currencyservice_2
2026-10-04T05:11:37,cartservice,50.21484375,0.011797067703802254,0.0,0.3299,0.087,0.1018,cpu_hog_currencyservice_2
2026-10-04T05:11:37,checkoutservice,7.12890625,0.0014344423167643216,0.0,0.3299,0.087,0.1018,cpu_hog_currencyservice_2
2026-10-04T05:11:42,redis-cart,6.1796875,0.004342042521813443,0.0,0.2995,0.1033,0.1926,cpu_hog_currencyservice_2
2026-10-04T05:11:42,paymentservice,35.48828125,0.0009079345240495649,0.0,0.2995,0.1033,0.1926,cpu_hog_currencyservice_2
2026-10-04T05:11:42,currencyservice,41.5625,0.022113937149391475,0.0,0.2995,0.1033,0.1926,cpu_hog_currencyservice_2
2026-10-04T05:11:42,productcatalogservice,14.0859375,0.018547544894307554,0.0,0.2995,0.1033,0.1926,cpu_hog_currencyservice_2
2026-10-04T05:11:42,adservice,112.2578125,0.004565682130922357,0.0,0.2995,0.1033,0.1926,cpu_hog_currencyservice_2
2026-10-04T05:11:42,recommendationservice,33.10546875,0.015756418887796834,4.0,0.2995,0.1033,0.1926,cpu_hog_currencyservice_2
2026-10-04T05:11:42,emailservice,36.984375,0.005818924044316686,0.0,0.2995,0.1033,0.1926,cpu_hog_currencyservice_2
2026-10-04T05:11:42,shippingservice,11.83203125,0.0030513689222598987,0.0,0.2995,0.1033,0.1926,cpu_hog_currencyservice_2
2026-10-04T05:11:42,frontend,15.5390625,0.046060758397348606,0.0,0.2995,0.1033,0.1926,cpu_hog_currencyservice_2
2026-10-04T05:11:42,loadgenerator,88.87890625,0.007499704962533051,0.0,0.2995,0.1033,0.1926,cpu_hog_currencyservice_2
2026-10-04T05:11:42,cartservice,49.7265625,0.011409982282354797,0.0,0.2995,0.1033,0.1926,cpu_hog_currencyservice_2
2026-10-04T05:11:42,checkoutservice,7.6640625,0.0022923766082349802,0.0,0.2995,0.1033,0.1926,cpu_hog_currencyservice_2
2026-10-04T05:11:48,redis-cart,6.1796875,0.004342042521813443,0.0,0.093,0.0985,0.1011,cpu_hog_currencyservice_2
2026-10-04T05:11:48,paymentservice,35.48828125,0.0009079345240495649,0.0,0.093,0.0985,0.1011,cpu_hog_currencyservice_2
2026-10-04T05:11:48,currencyservice,41.5625,0.022113937149391475,0.0,0.093,0.0985,0.1011,cpu_hog_currencyservice_2
2026-10-04T05:11:48,productcatalogservice,14.0859375,0.014304021185364104,0.0,0.093,0.0985,0.1011,cpu_hog_currencyservice_2
2026-10-04T05:11:48,adservice,112.2578125,0.0039003607848440594,0.0,0.093,0.0985,0.1011,cpu_hog_currencyservice_2
2026-10-04T05:11:48,recommendationservice,33.10546875,0.015541323740796996,4.0,0.093,0.0985,0.1011,cpu_hog_currencyservice_2
2026-10-04T05:11:48,emailservice,36.984375,0.00612283362218493,0.0,0.093,0.0985,0.1011,cpu_hog_currencyservice_2
2026-10-04T05:11:48,shippingservice,11.83203125,0.0030513689222598987,0.0,0.093,0.0985,0.1011,cpu_hog_currencyservice_2
2026-10-04T05:11:48,frontend,15.5390625,0.04853152119142347,0.0,0.093,0.0985,0.1011,cpu_hog_currencyservice_2
2026-10-04T05:11:48,loadgenerator,88.87890625,0.005754461120210256,0.0,0.093,0.0985,0.1011,cpu_hog_currencyservice_2
2026-10-04T05:11:48,cartservice,49.7265625,0.01146656976744182,0.0,0.093,0.0985,0.1011,cpu_hog_currencyservice_2
2026-10-04T05:11:48,checkoutservice,7.6640625,0.0028169330417918328,0.0,0.093,0.0985,0.1011,cpu_hog_currencyservice_2
2026-10-04T05:11:53,redis-cart,6.1796875,0.003627040791992269,0.0,0.4179,0.0876,0.1747,cpu_hog_currencyservice_2
2026-10-04T05:11:53,paymentservice,35.48828125,0.0010381777546456747,0.0,0.4179,0.0876,0.1747,cpu_hog_currencyservice_2
2026-10-04T05:11:53,currencyservice,41.8359375,0.10244860230138958,0.0,0.4179,0.0876,0.1747,cpu_hog_currencyservice_2
2026-10-04T05:11:53,productcatalogservice,14.59765625,0.020863862128024397,0.0,0.4179,0.0876,0.1747,cpu_hog_currencyservice_2
2026-10-04T05:11:53,adservice,112.3828125,0.0051290546641668934,0.0,0.4179,0.0876,0.1747,cpu_hog_currencyservice_2
2026-10-04T05:11:53,recommendationservice,32.375,0.01957936507936517,4.0,0.4179,0.0876,0.1747,cpu_hog_currencyservice_2
2026-10-04T05:11:53,emailservice,36.984375,0.006122833622184931,0.0,0.4179,0.0876,0.1747,cpu_hog_currencyservice_2
2026-10-04T05:11:53,shippingservice,11.859375,0.0029870439901731782,0.0,0.4179,0.0876,0.1747,cpu_hog_currencyservice_2
2026-10-04T05:11:53,frontend,15.5390625,0.0395852744989089,0.0,0.4179,0.0876,0.1747,cpu_hog_currencyservice_2
2026-10-04T05:11:53,loadgenerator,88.8359375,0.007664539312922574,0.0,0.4179,0.0876,0.1747,cpu_hog_currencyservice_2
2026-10-04T05:11:53,cartservice,49.7265625,0.009062667118863018,0.0,0.4179,0.0876,0.1747,cpu_hog_currencyservice_2
2026-10-04T05:11:53,checkoutservice,7.6640625,0.0028732154778580337,0.0,0.4179,0.0876,0.1747,cpu_hog_currencyservice_2
2026-10-04T05:11:59,redis-cart,6.4375,0.004448925321963429,0.0,0.1307,0.1017,0.0848,cpu_hog_currencyservice_2
2026-10-04T05:11:59,paymentservice,35.76171875,0.000922730711777488,0.0,0.1307,0.1017,0.0848,cpu_hog_currencyservice_2
2026-10-04T05:11:59,currencyservice,41.8359375,0.118048225738598,0.0,0.1307,0.1017,0.0848,cpu_hog_currencyservice_2
2026-10-04T05:11:59,productcatalogservice,14.63671875,0.023162809849297247,0.0,0.1307,0.1017,0.0848,cpu_hog_currencyservice_2
2026-10-04T05:11:59,adservice,112.16015625,0.0050230143816634215,0.0,0.1307,0.1017,0.0848,cpu_hog_currencyservice_2
2026-10-04T05:11:59,recommendationservice,32.87890625,0.019756066910080188,4.0,0.1307,0.1017,0.0848,cpu_hog_currencyservice_2
2026-10-04T05:11:59,emailservice,36.98828125,0.005681264331639068,0.0,0.1307,0.1017,0.0848,cpu_hog_currencyservice_2
2026-10-04T05:11:59,shippingservice,11.859375,0.0029870439901731782,0.0,0.1307,0.1017,0.0848,cpu_hog_currencyservice_2
2026-10-04T05:11:59,frontend,15.22265625,0.052346239522764106,0.0,0.1307,0.1017,0.0848,cpu_hog_currencyservice_2
2026-10-04T05:11:59,loadgenerator,89.3203125,0.008084965268238471,0.0,0.1307,0.1017,0.0848,cpu_hog_currencyservice_2
2026-10-04T05:11:59,cartservice,49.94921875,0.012909049913369596,0.0,0.1307,0.1017,0.0848,cpu_hog_currencyservice_2
2026-10-04T05:11:59,checkoutservice,7.20703125,0.002540631867482688,0.0,0.1307,0.1017,0.0848,cpu_hog_currencyservice_2
2026-10-04T05:12:05,redis-cart,6.4375,0.004448925321963428,0.0,0.1982,0.1,0.0859,cpu_hog_currencyservice_2
2026-10-04T05:12:05,paymentservice,35.76171875,0.0009227307117774878,0.0,0.1982,0.1,0.0859,cpu_hog_currencyservice_2
2026-10-04T05:12:05,currencyservice,41.8359375,0.09265298687777279,0.0,0.1982,0.1,0.0859,cpu_hog_currencyservice_2
2026-10-04T05:12:05,productcatalogservice,14.63671875,0.023162809849297247,0.0,0.1982,0.1,0.0859,cpu_hog_currencyservice_2
2026-10-04T05:12:05,adservice,112.16015625,0.004525047371299064,0.0,0.1982,0.1,0.0859,cpu_hog_currencyservice_2
2026-10-04T05:12:05,recommendationservice,32.87890625,0.01998777670433231,4.0,0.1982,0.1,0.0859,cpu_hog_currencyservice_2
2026-10-04T05:12:05,emailservice,36.98828125,0.0039154249999995725,0.0,0.1982,0.1,0.0859,cpu_hog_currencyservice_2
2026-10-04T05:12:05,shippingservice,11.859375,0.0019206245467502322,0.0,0.1982,0.1,0.0859,cpu_hog_currencyservice_2
2026-10-04T05:12:05,frontend,15.22265625,0.05412405846378707,0.0,0.1982,0.1,0.0859,cpu_hog_currencyservice_2
2026-10-04T05:12:05,loadgenerator,89.3203125,0.008084965268238471,0.0,0.1982,0.1,0.0859,cpu_hog_currencyservice_2
2026-10-04T05:12:05,cartservice,49.94921875,0.012909049913369596,0.0,0.1982,0.1,0.0859,cpu_hog_currencyservice_2
2026-10-04T05:12:05,checkoutservice,7.20703125,0.0021714851144481956,0.0,0.1982,0.1,0.0859,cpu_hog_currencyservice_2
2026-10-04T05:12:10,redis-cart,6.67578125,0.004592602019173081,0.0,0.1405,0.1126,0.0808,cpu_hog_currencyservice_2
2026-10-04T05:12:10,paymentservice,35.76171875,0.0008866353483924431,0.0,0.1405,0.1126,0.0808,cpu_hog_currencyservice_2
2026-10-04T05:12:10,currencyservice,1.19921875,0.14978043188106052,0.0,0.1405,0.1126,0.0808,cpu_hog_currencyservice_2
2026-10-04T05:12:10,productcatalogservice,14.63671875,0.023162809849297247,0.0,0.1405,0.1126,0.0808,cpu_hog_currencyservice_2
2026-10-04T05:12:10,adservice,112.16015625,0.005268149064315579,0.0,0.1405,0.1126,0.0808,cpu_hog_currencyservice_2
2026-10-04T05:12:10,recommendationservice,32.87890625,0.01998777670433231,4.0,0.1405,0.1126,0.0808,cpu_hog_currencyservice_2
2026-10-04T05:12:10,emailservice,37.00390625,0.006037786624558068,0.0,0.1405,0.1126,0.0808,cpu_hog_currencyservice_2
2026-10-04T05:12:10,shippingservice,11.8515625,0.0026604001071717613,0.0,0.1405,0.1126,0.0808,cpu_hog_currencyservice_2
2026-10-04T05:12:10,frontend,15.22265625,0.046034766892553564,0.0,0.1405,0.1126,0.0808,cpu_hog_currencyservice_2
2026-10-04T05:12:10,loadgenerator,89.3203125,0.008521040429381928,0.0,0.1405,0.1126,0.0808,cpu_hog_currencyservice_2
2026-10-04T05:12:10,cartservice,49.6953125,0.012273323510385976,0.0,0.1405,0.1126,0.0808,cpu_hog_currencyservice_2
2026-10-04T05:12:10,checkoutservice,7.5078125,0.0023715006608194204,0.0,0.1405,0.1126,0.0808,cpu_hog_currencyservice_2
2026-10-04T05:12:15,redis-cart,5.93359375,0.004256155746784746,0.0,5.0,5.0,5.0,cpu_hog_currencyservice_2
2026-10-04T05:12:15,paymentservice,35.4765625,0.0007888434167288799,0.0,5.0,5.0,5.0,cpu_hog_currencyservice_2
2026-10-04T05:12:15,productcatalogservice,14.10546875,0.01627794282778819,0.0,5.0,5.0,5.0,cpu_hog_currencyservice_2
2026-10-04T05:12:15,adservice,111.890625,0.004941811455065163,0.0,5.0,5.0,5.0,cpu_hog_currencyservice_2
2026-10-04T05:12:15,recommendationservice,32.62890625,0.020216201668609646,4.0,5.0,5.0,5.0,cpu_hog_currencyservice_2
2026-10-04T05:12:15,emailservice,36.7421875,0.005324825181952404,0.0,5.0,5.0,5.0,cpu_hog_currencyservice_2
2026-10-04T05:12:15,shippingservice,11.8515625,0.002154832389146919,0.0,5.0,5.0,5.0,cpu_hog_currencyservice_2
2026-10-04T05:12:15,frontend,14.57421875,0.038652222667200815,0.0,5.0,5.0,5.0,cpu_hog_currencyservice_2
2026-10-04T05:12:15,loadgenerator,88.890625,0.008050521643897092,0.0,5.0,5.0,5.0,cpu_hog_currencyservice_2
2026-10-04T05:12:15,cartservice,49.484375,0.010483251103609474,0.0,5.0,5.0,5.0,cpu_hog_currencyservice_2
2026-10-04T05:12:15,checkoutservice,7.2734375,0.0019495756137628893,0.0,5.0,5.0,5.0,cpu_hog_currencyservice_2
2026-10-04T05:12:15,currencyservice,28.25,0.046420683333333324,0.0,5.0,5.0,5.0,cpu_hog_currencyservice_2
2026-10-04T05:12:36,redis-cart,5.93359375,0.004256155746784746,0.0,0.1625,0.1452,0.0447,cpu_hog_currencyservice_2
2026-10-04T05:12:36,paymentservice,35.4765625,0.0007888434167288799,0.0,0.1625,0.1452,0.0447,cpu_hog_currencyservice_2
2026-10-04T05:12:36,productcatalogservice,14.10546875,0.01432824357990123,0.0,0.1625,0.1452,0.0447,cpu_hog_currencyservice_2
2026-10-04T05:12:36,adservice,111.890625,0.0034167561704751127,0.0,0.1625,0.1452,0.0447,cpu_hog_currencyservice_2
2026-10-04T05:12:36,recommendationservice,32.62890625,0.015107916830805345,4.0,0.1625,0.1452,0.0447,cpu_hog_currencyservice_2
2026-10-04T05:12:36,emailservice,36.7421875,0.005324825181952404,0.0,0.1625,0.1452,0.0447,cpu_hog_currencyservice_2
2026-10-04T05:12:36,shippingservice,11.8515625,0.0021187935312225593,0.0,0.1625,0.1452,0.0447,cpu_hog_currencyservice_2
2026-10-04T05:12:36,frontend,14.57421875,0.03865222266720081,0.0,0.1625,0.1452,0.0447,cpu_hog_currencyservice_2
2026-10-04T05:12:36,loadgenerator,88.890625,0.006530113543766761,0.0,0.1625,0.1452,0.0447,cpu_hog_currencyservice_2
2026-10-04T05:12:36,cartservice,49.484375,0.006672264858481687,0.0,0.1625,0.1452,0.0447,cpu_hog_currencyservice_2
2026-10-04T05:12:36,checkoutservice,7.2734375,0.0019495756137628893,0.0,0.1625,0.1452,0.0447,cpu_hog_currencyservice_2
2026-10-04T05:12:36,currencyservice,28.25,0.046420683333333324,0.0,0.1625,0.1452,0.0447,cpu_hog_currencyservice_2
2026-10-04T05:12:41,redis-cart,6.43359375,0.003985506906499345,0.0,0.2426,0.1353,0.0152,cpu_hog_currencyservice_2
2026-10-04T05:12:41,paymentservice,35.4765625,0.0008292913180767646,0.0,0.2426,0.1353,0.0152,cpu_hog_currencyservice_2
2026-10-04T05:12:41,productcatalogservice,13.62109375,0.014955180046902425,0.0,0.2426,0.1353,0.0152,cpu_hog_currencyservice_2
2026-10-04T05:12:41,adservice,111.890625,0.003101472845133693,0.0,0.2426,0.1353,0.0152,cpu_hog_currencyservice_2
2026-10-04T05:12:41,recommendationservice,32.37109375,0.014219984595869196,4.0,0.2426,0.1353,0.0152,cpu_hog_currencyservice_2
2026-10-04T05:12:41,emailservice,36.7421875,0.005594072828828334,0.0,0.2426,0.1353,0.0152,cpu_hog_currencyservice_2
2026-10-04T05:12:41,shippingservice,12.6015625,0.0017159550027723886,0.0,0.2426,0.1353,0.0152,cpu_hog_currencyservice_2
2026-10-04T05:12:41,frontend,14.57421875,0.027257571122672915,0.0,0.2426,0.1353,0.0152,cpu_hog_currencyservice_2
2026-10-04T05:12:41,loadgenerator,88.91796875,0.0050310027733169,0.0,0.2426,0.1353,0.0152,cpu_hog_currencyservice_2
2026-10-04T05:12:41,cartservice,49.51171875,0.0065224099755272595,0.0,0.2426,0.1353,0.0152,cpu_hog_currencyservice_2
2026-10-04T05:12:41,checkoutservice,7.27734375,0.0017802081605573113,0.0,0.2426,0.1353,0.0152,cpu_hog_currencyservice_2
2026-10-04T05:12:41,currencyservice,28.66796875,0.04327107742285962,0.0,0.2426,0.1353,0.0152,cpu_hog_currencyservice_2
2026-10-04T05:12:46,redis-cart,6.43359375,0.003985506906499345,0.0,0.3212,0.05,0.0542,cpu_hog_currencyservice_2
2026-10-04T05:12:46,paymentservice,35.4765625,0.0006745421027431484,0.0,0.3212,0.05,0.0542,cpu_hog_currencyservice_2
2026-10-04T05:12:46,productcatalogservice,13.62109375,0.008682527656985515,0.0,0.3212,0.05,0.0542,cpu_hog_currencyservice_2
2026-10-04T05:12:46,adservice,111.890625,0.002626907157316133,0.0,0.3212,0.05,0.0542,cpu_hog_currencyservice_2
2026-10-04T05:12:46,recommendationservice,32.37109375,0.014219984595869196,4.0,0.3212,0.05,0.0542,cpu_hog_currencyservice_2
2026-10-04T05:12:46,emailservice,36.7421875,0.004537096076458007,0.0,0.3212,0.05,0.0542,cpu_hog_currencyservice_2
2026-10-04T05:12:46,shippingservice,12.6015625,0.0009977696984509443,0.0,0.3212,0.05,0.0542,cpu_hog_currencyservice_2
2026-10-04T05:12:46,frontend,14.57421875,0.02195074917151452,0.0,0.3212,0.05,0.0542,cpu_hog_currencyservice_2
2026-10-04T05:12:46,loadgenerator,88.91796875,0.0050310027733169,0.0,0.3212,0.05,0.0542,cpu_hog_currencyservice_2
2026-10-04T05:12:46,cartservice,49.51171875,0.0065224099755272595,0.0,0.3212,0.05,0.0542,cpu_hog_currencyservice_2
2026-10-04T05:12:46,checkoutservice,7.27734375,0.0017802081605573113,0.0,0.3212,0.05,0.0542,cpu_hog_currencyservice_2
2026-10-04T05:12:46,currencyservice,28.66796875,0.03945001666666667,0.0,0.3212,0.05,0.0542,cpu_hog_currencyservice_2
2026-10-04T05:12:52,redis-cart,6.43359375,0.0033185212548441615,0.0,0.0696,0.0274,0.0438,cpu_hog_currencyservice_2
2026-10-04T05:12:52,paymentservice,35.4453125,0.0007065651070002236,0.0,0.0696,0.0274,0.0438,cpu_hog_currencyservice_2
2026-10-04T05:12:52,productcatalogservice,14.09765625,0.010776403004860045,0.0,0.0696,0.0274,0.0438,cpu_hog_currencyservice_2
2026-10-04T05:12:52,adservice,112.3828125,0.0026291381160736147,0.0,0.0696,0.0274,0.0438,cpu_hog_currencyservice_2
2026-10-04T05:12:52,recommendationservice,33.59375,0.012301317836550396,4.0,0.0696,0.0274,0.0438,cpu_hog_currencyservice_2
2026-10-04T05:12:52,emailservice,36.7421875,0.004959654097762309,0.0,0.0696,0.0274,0.0438,cpu_hog_currencyservice_2
2026-10-04T05:12:52,shippingservice,12.6015625,0.0009977696984509443,0.0,0.0696,0.0274,0.0438,cpu_hog_currencyservice_2
2026-10-04T05:12:52,frontend,15.69921875,0.025983640826974106,0.0,0.0696,0.0274,0.0438,cpu_hog_currencyservice_2
2026-10-04T05:12:52,loadgenerator,88.91796875,0.004033250110810382,0.0,0.0696,0.0274,0.0438,cpu_hog_currencyservice_2
2026-10-04T05:12:52,cartservice,49.51171875,0.0065224099755272595,0.0,0.0696,0.0274,0.0438,cpu_hog_currencyservice_2
2026-10-04T05:12:52,checkoutservice,7.27734375,0.001029459350141569,0.0,0.0696,0.0274,0.0438,cpu_hog_currencyservice_2
2026-10-04T05:12:52,currencyservice,29.7109375,0.045394964214086266,0.0,0.0696,0.0274,0.0438,cpu_hog_currencyservice_2
2026-10-04T05:12:57,redis-cart,6.43359375,0.0026379686633598125,0.0,0.3147,0.0299,0.0643,cpu_hog_currencyservice_2
2026-10-04T05:12:57,paymentservice,35.4453125,0.0006308136796152852,0.0,0.3147,0.0299,0.0643,cpu_hog_currencyservice_2
2026-10-04T05:12:57,productcatalogservice,14.09765625,0.010776403004860045,0.0,0.3147,0.0299,0.0643,cpu_hog_currencyservice_2
2026-10-04T05:12:57,adservice,112.3828125,0.0013327577674027858,0.0,0.3147,0.0299,0.0643,cpu_hog_currencyservice_2
2026-10-04T05:12:57,recommendationservice,33.59375,0.012301317836550396,4.0,0.3147,0.0299,0.0643,cpu_hog_currencyservice_2
2026-10-04T05:12:57,emailservice,36.7421875,0.004959654097762308,0.0,0.3147,0.0299,0.0643,cpu_hog_currencyservice_2
2026-10-04T05:12:57,shippingservice,12.6015625,0.000783195167425325,0.0,0.3147,0.0299,0.0643,cpu_hog_currencyservice_2
2026-10-04T05:12:57,frontend,15.69921875,0.015217646876838086,0.0,0.3147,0.0299,0.0643,cpu_hog_currencyservice_2
2026-10-04T05:12:57,loadgenerator,88.91796875,0.001280499999999544,0.0,0.3147,0.0299,0.0643,cpu_hog_currencyservice_2
2026-10-04T05:12:57,cartservice,49.51171875,0.003774337339209093,0.0,0.3147,0.0299,0.0643,cpu_hog_currencyservice_2
2026-10-04T05:12:57,checkoutservice,7.27734375,0.0008109737607298566,0.0,0.3147,0.0299,0.0643,cpu_hog_currencyservice_2
2026-10-04T05:12:57,currencyservice,29.7109375,0.05051464188255613,0.0,0.3147,0.0299,0.0643,cpu_hog_currencyservice_2
2026-10-04T05:13:03,redis-cart,6.4296875,0.0037250584137901825,0.0,0.1259,0.0424,0.0505,cpu_hog_currencyservice_2
2026-10-04T05:13:03,paymentservice,35.4453125,0.0004885520529103799,0.0,0.1259,0.0424,0.0505,cpu_hog_currencyservice_2
2026-10-04T05:13:03,productcatalogservice,14.09765625,0.008709649642107471,0.0,0.1259,0.0424,0.0505,cpu_hog_currencyservice_2
2026-10-04T05:13:03,adservice,112.3828125,0.0013413156635537866,0.0,0.1259,0.0424,0.0505,cpu_hog_currencyservice_2
2026-10-04T05:13:03,recommendationservice,33.10546875,0.011436851650342545,4.0,0.1259,0.0424,0.0505,cpu_hog_currencyservice_2
2026-10-04T05:13:03,emailservice,37.23046875,0.005307844391462807,0.0,0.1259,0.0424,0.0505,cpu_hog_currencyservice_2
2026-10-04T05:13:03,shippingservice,12.1328125,0.001226294531233087,0.0,0.1259,0.0424,0.0505,cpu_hog_currencyservice_2
2026-10-04T05:13:03,frontend,15.69921875,0.015217646876838084,0.0,0.1259,0.0424,0.0505,cpu_hog_currencyservice_2
2026-10-04T05:13:03,loadgenerator,89.2421875,0.004467978096541352,0.0,0.1259,0.0424,0.0505,cpu_hog_currencyservice_2
2026-10-04T05:13:03,cartservice,49.796875,0.006477328876616791,0.0,0.1259,0.0424,0.0505,cpu_hog_currencyservice_2
2026-10-04T05:13:03,checkoutservice,7.578125,0.0009436829799242125,0.0,0.1259,0.0424,0.0505,cpu_hog_currencyservice_2
2026-10-04T05:13:03,currencyservice,29.7109375,0.05545250619364999,0.0,0.1259,0.0424,0.0505,cpu_hog_currencyservice_2
2026-10-04T05:13:08,redis-cart,6.4296875,0.0032276863283480874,0.0,0.1464,0.0767,0.0745,cpu_hog_currencyservice_2
2026-10-04T05:13:08,paymentservice,35.4453125,0.0004322309048820617,0.0,0.1464,0.0767,0.0745,cpu_hog_currencyservice_2
2026-10-04T05:13:08,productcatalogservice,14.09765625,0.006907986033223857,0.0,0.1464,0.0767,0.0745,cpu_hog_currencyservice_2
2026-10-04T05:13:08,adservice,112.3828125,0.001197150098519475,0.0,0.1464,0.0767,0.0745,cpu_hog_currencyservice_2
2026-10-04T05:13:08,recommendationservice,33.10546875,0.011436851650342545,4.0,0.1464,0.0767,0.0745,cpu_hog_currencyservice_2
2026-10-04T05:13:08,emailservice,37.23046875,0.004673965883959943,0.0,0.1464,0.0767,0.0745,cpu_hog_currencyservice_2
2026-10-04T05:13:08,shippingservice,12.1328125,0.001086930618254159,0.0,0.1464,0.0767,0.0745,cpu_hog_currencyservice_2
2026-10-04T05:13:08,frontend,15.69921875,0.011746184589921382,0.0,0.1464,0.0767,0.0745,cpu_hog_currencyservice_2
2026-10-04T05:13:08,loadgenerator,89.2421875,0.0036981082373564733,0.0,0.1464,0.0767,0.0745,cpu_hog_currencyservice_2
2026-10-04T05:13:08,cartservice,49.796875,0.0052525288449461185,0.0,0.1464,0.0767,0.0745,cpu_hog_currencyservice_2
2026-10-04T05:13:08,checkoutservice,7.578125,0.0005858801295896381,0.0,0.1464,0.0767,0.0745,cpu_hog_currencyservice_2
2026-10-04T05:13:08,currencyservice,29.7109375,0.015409176365484892,0.0,0.1464,0.0767,0.0745,cpu_hog_currencyservice_2
2026-10-04T05:13:13,redis-cart,6.18359375,0.004083912495917744,0.0,0.1505,0.0791,0.0387,cpu_hog_currencyservice_2
2026-10-04T05:13:13,paymentservice,35.453125,0.0007555734956218121,0.0,0.1505,0.0791,0.0387,cpu_hog_currencyservice_2
2026-10-04T05:13:13,productcatalogservice,14.12109375,0.014269628976932541,0.0,0.1505,0.0791,0.0387,cpu_hog_currencyservice_2
2026-10-04T05:13:13,adservice,113.0078125,0.002702538736338581,0.0,0.1505,0.0791,0.0387,cpu_hog_currencyservice_2
2026-10-04T05:13:13,recommendationservice,33.10546875,0.009514221580822874,4.0,0.1505,0.0791,0.0387,cpu_hog_currencyservice_2
2026-10-04T05:13:13,emailservice,37.23046875,0.005601756864671092,0.0,0.1505,0.0791,0.0387,cpu_hog_currencyservice_2
2026-10-04T05:13:13,shippingservice,12.39453125,0.0014434639943239158,0.0,0.1505,0.0791,0.0387,cpu_hog_currencyservice_2
2026-10-04T05:13:13,frontend,15.3671875,0.024288584776953392,0.0,0.1505,0.0791,0.0387,cpu_hog_currencyservice_2
2026-10-04T05:13:13,loadgenerator,89.265625,0.005488797182551625,0.0,0.1505,0.0791,0.0387,cpu_hog_currencyservice_2
2026-10-04T05:13:13,cartservice,50.00390625,0.008230914070523771,0.0,0.1505,0.0791,0.0387,cpu_hog_currencyservice_2
2026-10-04T05:13:13,checkoutservice,7.578125,0.0005858801295896381,0.0,0.1505,0.0791,0.0387,cpu_hog_currencyservice_2
2026-10-04T05:13:13,currencyservice,31.85546875,0.024996484848484848,0.0,0.1505,0.0791,0.0387,cpu_hog_currencyservice_2
2026-10-04T05:13:19,redis-cart,6.18359375,0.004083912495917744,0.0,0.142,0.0783,0.0368,cpu_hog_currencyservice_2
2026-10-04T05:13:19,paymentservice,35.453125,0.000621604018402268,0.0,0.142,0.0783,0.0368,cpu_hog_currencyservice_2
2026-10-04T05:13:19,productcatalogservice,14.12109375,0.011899978714950679,0.0,0.142,0.0783,0.0368,cpu_hog_currencyservice_2
2026-10-04T05:13:19,adservice,113.0078125,0.0036554156784036024,0.0,0.142,0.0783,0.0368,cpu_hog_currencyservice_2
2026-10-04T05:13:19,recommendationservice,33.10546875,0.011429145755825904,4.0,0.142,0.0783,0.0368,cpu_hog_currencyservice_2
2026-10-04T05:13:19,emailservice,37.23046875,0.004492655686773421,0.0,0.142,0.0783,0.0368,cpu_hog_currencyservice_2
2026-10-04T05:13:19,shippingservice,12.39453125,0.0014434639943239158,0.0,0.142,0.0783,0.0368,cpu_hog_currencyservice_2
2026-10-04T05:13:19,frontend,15.3671875,0.0323027631467823,0.0,0.142,0.0783,0.0368,cpu_hog_currencyservice_2
2026-10-04T05:13:19,loadgenerator,89.265625,0.00705826704638615,0.0,0.142,0.0783,0.0368,cpu_hog_currencyservice_2
2026-10-04T05:13:19,cartservice,50.00390625,0.006875785523412815,0.0,0.142,0.0783,0.0368,cpu_hog_currencyservice_2
2026-10-04T05:13:19,checkoutservice,7.578125,0.0004662238777897809,0.0,0.142,0.0783,0.0368,cpu_hog_currencyservice_2
2026-10-04T05:13:19,currencyservice,31.85546875,0.036233569201247304,0.0,0.142,0.0783,0.0368,cpu_hog_currencyservice_2
2026-10-04T05:13:24,redis-cart,6.18359375,0.0034192784256098854,0.0,0.0898,0.0349,0.0645,cpu_hog_currencyservice_2
2026-10-04T05:13:24,paymentservice,35.94921875,0.0007944827586206674,0.0,0.0898,0.0349,0.0645,cpu_hog_currencyservice_2
2026-10-04T05:13:24,productcatalogservice,13.35546875,0.014534916102235876,0.0,0.0898,0.0349,0.0645,cpu_hog_currencyservice_2
2026-10-04T05:13:24,adservice,112.28125,0.0037733151803944244,0.0,0.0898,0.0349,0.0645,cpu_hog_currencyservice_2
2026-10-04T05:13:24,recommendationservice,32.359375,0.015895460460090976,4.0,0.0898,0.0349,0.0645,cpu_hog_currencyservice_2
2026-10-04T05:13:24,emailservice,36.75390625,0.005465381570984102,0.0,0.0898,0.0349,0.0645,cpu_hog_currencyservice_2
2026-10-04T05:13:24,shippingservice,12.39453125,0.0013893402601101968,0.0,0.0898,0.0349,0.0645,cpu_hog_currencyservice_2
2026-10-04T05:13:24,frontend,14.69140625,0.03478078615188835,0.0,0.0898,0.0349,0.0645,cpu_hog_currencyservice_2
2026-10-04T05:13:24,loadgenerator,89.25,0.007121504583774521,0.0,0.0898,0.0349,0.0645,cpu_hog_currencyservice_2
2026-10-04T05:13:24,cartservice,50.44921875,0.010328486963264586,0.0,0.0898,0.0349,0.0645,cpu_hog_currencyservice_2
2026-10-04T05:13:24,checkoutservice,7.3359375,0.0006115663502918047,0.0,0.0898,0.0349,0.0645,cpu_hog_currencyservice_2
2026-10-04T05:13:24,currencyservice,33.1484375,0.03544234354778565,0.0,0.0898,0.0349,0.0645,cpu_hog_currencyservice_2
2026-10-04T05:13:29,redis-cart,6.42578125,0.0041527262650805806,0.0,0.1117,0.0195,0.016,cpu_hog_currencyservice_2
2026-10-04T05:13:29,paymentservice,35.94921875,0.0009380677365993908,0.0,0.1117,0.0195,0.016,cpu_hog_currencyservice_2
2026-10-04T05:13:29,productcatalogservice,13.13671875,0.014204363230574,0.0,0.1117,0.0195,0.016,cpu_hog_currencyservice_2
2026-10-04T05:13:29,adservice,112.28125,0.0037733151803944244,0.0,0.1117,0.0195,0.016,cpu_hog_currencyservice_2
2026-10-04T05:13:29,recommendationservice,32.359375,0.013132432045615662,4.0,0.1117,0.0195,0.016,cpu_hog_currencyservice_2
2026-10-04T05:13:29,emailservice,36.7421875,0.00550050094363861,0.0,0.1117,0.0195,0.016,cpu_hog_currencyservice_2
2026-10-04T05:13:29,shippingservice,12.34375,0.0019083964409515348,0.0,0.1117,0.0195,0.016,cpu_hog_currencyservice_2
2026-10-04T05:13:29,frontend,14.69140625,0.03519806417209799,0.0,0.1117,0.0195,0.016,cpu_hog_currencyservice_2
2026-10-04T05:13:29,loadgenerator,89.25,0.007121504583774521,0.0,0.1117,0.0195,0.016,cpu_hog_currencyservice_2
2026-10-04T05:13:29,cartservice,50.44921875,0.010328486963264586,0.0,0.1117,0.0195,0.016,cpu_hog_currencyservice_2
2026-10-04T05:13:29,checkoutservice,7.40625,0.000978116331293204,0.0,0.1117,0.0195,0.016,cpu_hog_currencyservice_2
2026-10-04T05:13:29,currencyservice,33.1484375,0.03544234354778565,0.0,0.1117,0.0195,0.016,cpu_hog_currencyservice_2
2026-10-04T05:13:34,redis-cart,6.42578125,0.0041527262650805806,0.0,0.097,0.0526,0.0385,cpu_hog_currencyservice_2
2026-10-04T05:13:34,paymentservice,35.94921875,0.0009380677365993908,0.0,0.097,0.0526,0.0385,cpu_hog_currencyservice_2
2026-10-04T05:13:34,productcatalogservice,13.13671875,0.01739434028623351,0.0,0.097,0.0526,0.0385,cpu_hog_currencyservice_2
2026-10-04T05:13:34,adservice,112.28125,0.0036209212761277557,0.0,0.097,0.0526,0.0385,cpu_hog_currencyservice_2
2026-10-04T05:13:34,recommendationservice,32.359375,0.012672311061377551,4.0,0.097,0.0526,0.0385,cpu_hog_currencyservice_2
2026-10-04T05:13:34,emailservice,36.7421875,0.005500500943638609,0.0,0.097,0.0526,0.0385,cpu_hog_currencyservice_2
2026-10-04T05:13:34,shippingservice,12.34375,0.0019083964409515348,0.0,0.097,0.0526,0.0385,cpu_hog_currencyservice_2
2026-10-04T05:13:34,frontend,14.69140625,0.03388829049161354,0.0,0.097,0.0526,0.0385,cpu_hog_currencyservice_2
2026-10-04T05:13:34,loadgenerator,89.25,0.004936374999999771,0.0,0.097,0.0526,0.0385,cpu_hog_currencyservice_2
2026-10-04T05:13:34,cartservice,50.44921875,0.008788509557041838,0.0,0.097,0.0526,0.0385,cpu_hog_currencyservice_2
2026-10-04T05:13:34,checkoutservice,7.40625,0.0009781163312932043,0.0,0.097,0.0526,0.0385,cpu_hog_currencyservice_2
2026-10-04T05:13:34,currencyservice,33.1484375,0.029099980213319127,0.0,0.097,0.0526,0.0385,cpu_hog_currencyservice_2
2026-10-04T05:13:40,redis-cart,6.18359375,0.004280812705004512,0.0,0.0963,0.0513,0.0307,cpu_hog_currencyservice_2
2026-10-04T05:13:40,paymentservice,35.55078125,0.0009594594594596143,0.0,0.0963,0.0513,0.0307,cpu_hog_currencyservice_2
2026-10-04T05:13:40,productcatalogservice,13.13671875,0.014432808899666534,0.0,0.0963,0.0513,0.0307,cpu_hog_currencyservice_2
2026-10-04T05:13:40,adservice,112.02734375,0.003919556992792956,0.0,0.0963,0.0513,0.0307,cpu_hog_currencyservice_2
2026-10-04T05:13:40,recommendationservice,32.8671875,0.017339787504614335,4.0,0.0963,0.0513,0.0307,cpu_hog_currencyservice_2
2026-10-04T05:13:40,emailservice,37.22265625,0.005573286203549283,0.0,0.0963,0.0513,0.0307,cpu_hog_currencyservice_2
2026-10-04T05:13:40,shippingservice,12.34375,0.0016376162022516555,0.0,0.0963,0.0513,0.0307,cpu_hog_currencyservice_2
2026-10-04T05:13:40,frontend,14.4921875,0.03897888553062962,0.0,0.0963,0.0513,0.0307,cpu_hog_currencyservice_2
2026-10-04T05:13:40,loadgenerator,89.40625,0.007181136291094658,0.0,0.0963,0.0513,0.0307,cpu_hog_currencyservice_2
2026-10-04T05:13:40,cartservice,49.72265625,0.009639570898201102,0.0,0.0963,0.0513,0.0307,cpu_hog_currencyservice_2
2026-10-04T05:13:40,checkoutservice,8.19921875,0.0009312189171786258,0.0,0.0963,0.0513,0.0307,cpu_hog_currencyservice_2
2026-10-04T05:13:40,currencyservice,35.58984375,0.03478671228341242,0.0,0.0963,0.0513,0.0307,cpu_hog_currencyservice_2
2026-10-04T05:13:45,redis-cart,6.18359375,0.004280812705004512,0.0,0.1941,0.0399,0.0585,cpu_hog_currencyservice_2
2026-10-04T05:13:45,paymentservice,35.55078125,0.0009419071108075291,0.0,0.1941,0.0399,0.0585,cpu_hog_currencyservice_2
2026-10-04T05:13:45,productcatalogservice,13.13671875,0.01287862459509157,0.0,0.1941,0.0399,0.0585,cpu_hog_currencyservice_2
2026-10-04T05:13:45,adservice,112.02734375,0.003919556992792956,0.0,0.1941,0.0399,0.0585,cpu_hog_currencyservice_2
2026-10-04T05:13:45,recommendationservice,32.8671875,0.017272160844608662,4.0,0.1941,0.0399,0.0585,cpu_hog_currencyservice_2
2026-10-04T05:13:45,emailservice,37.22265625,0.005362000673105258,0.0,0.1941,0.0399,0.0585,cpu_hog_currencyservice_2
2026-10-04T05:13:45,shippingservice,12.34375,0.00146105904590052,0.0,0.1941,0.0399,0.0585,cpu_hog_currencyservice_2
2026-10-04T05:13:45,frontend,14.4921875,0.03897888553062962,0.0,0.1941,0.0399,0.0585,cpu_hog_currencyservice_2
2026-10-04T05:13:45,loadgenerator,89.40625,0.007181136291094658,0.0,0.1941,0.0399,0.0585,cpu_hog_currencyservice_2
2026-10-04T05:13:45,cartservice,49.72265625,0.009639570898201102,0.0,0.1941,0.0399,0.0585,cpu_hog_currencyservice_2
2026-10-04T05:13:45,checkoutservice,8.19921875,0.001148774463233896,0.0,0.1941,0.0399,0.0585,cpu_hog_currencyservice_2
2026-10-04T05:13:45,currencyservice,35.58984375,0.03478671228341242,0.0,0.1941,0.0399,0.0585,cpu_hog_currencyservice_2
2026-10-04T05:13:50,redis-cart,6.18359375,0.0036585133403072875,0.0,0.4684,0.0746,0.1916,cpu_hog_currencyservice_2
2026-10-04T05:13:50,paymentservice,35.55078125,0.0009419071108075291,0.0,0.4684,0.0746,0.1916,cpu_hog_currencyservice_2
2026-10-04T05:13:50,productcatalogservice,14.55859375,0.016053501414465394,0.0,0.4684,0.0746,0.1916,cpu_hog_currencyservice_2
2026-10-04T05:13:50,adservice,112.02734375,0.002896426670584952,0.0,0.4684,0.0746,0.1916,cpu_hog_currencyservice_2
2026-10-04T05:13:50,recommendationservice,32.8671875,0.014063785000385751,4.0,0.4684,0.0746,0.1916,cpu_hog_currencyservice_2
2026-10-04T05:13:50,emailservice,37.22265625,0.005362000673105258,0.0,0.4684,0.0746,0.1916,cpu_hog_currencyservice_2
2026-10-04T05:13:50,shippingservice,11.84765625,0.0018654290382561839,0.0,0.4684,0.0746,0.1916,cpu_hog_currencyservice_2
2026-10-04T05:13:50,frontend,15.2890625,0.03782067883501304,0.0,0.4684,0.0746,0.1916,cpu_hog_currencyservice_2
2026-10-04T05:13:50,loadgenerator,89.25390625,0.006973930279655865,0.0,0.4684,0.0746,0.1916,cpu_hog_currencyservice_2
2026-10-04T05:13:50,cartservice,49.72265625,0.008813248492594973,0.0,0.4684,0.0746,0.1916,cpu_hog_currencyservice_2
2026-10-04T05:13:50,checkoutservice,6.35546875,0.000995814946029374,0.0,0.4684,0.0746,0.1916,cpu_hog_currencyservice_2
2026-10-04T05:13:50,currencyservice,35.58984375,0.027878414842318205,0.0,0.4684,0.0746,0.1916,cpu_hog_currencyservice_2
2026-10-04T05:13:56,redis-cart,6.18359375,0.003125133506423836,0.0,0.1185,0.0507,0.1515,cpu_hog_currencyservice_2
2026-10-04T05:13:56,paymentservice,35.55078125,0.0007193540835885184,0.0,0.1185,0.0507,0.1515,cpu_hog_currencyservice_2
2026-10-04T05:13:56,productcatalogservice,14.55859375,0.013793525159784542,0.0,0.1185,0.0507,0.1515,cpu_hog_currencyservice_2
2026-10-04T05:13:56,adservice,112.02734375,0.0025780710857404637,0.0,0.1185,0.0507,0.1515,cpu_hog_currencyservice_2
2026-10-04T05:13:56,recommendationservice,32.8671875,0.012514184303276943,4.0,0.1185,0.0507,0.1515,cpu_hog_currencyservice_2
2026-10-04T05:13:56,emailservice,37.22265625,0.004244276738350153,0.0,0.1185,0.0507,0.1515,cpu_hog_currencyservice_2
2026-10-04T05:13:56,shippingservice,11.84765625,0.0018654290382561839,0.0,0.1185,0.0507,0.1515,cpu_hog_currencyservice_2
2026-10-04T05:13:56,frontend,15.2890625,0.03782067883501304,0.0,0.1185,0.0507,0.1515,cpu_hog_currencyservice_2
2026-10-04T05:13:56,loadgenerator,89.25390625,0.006973930279655865,0.0,0.1185,0.0507,0.1515,cpu_hog_currencyservice_2
2026-10-04T05:13:56,cartservice,49.72265625,0.008813248492594973,0.0,0.1185,0.0507,0.1515,cpu_hog_currencyservice_2
2026-10-04T05:13:56,checkoutservice,6.35546875,0.000995814946029374,0.0,0.1185,0.0507,0.1515,cpu_hog_currencyservice_2
2026-10-04T05:13:56,currencyservice,35.58984375,0.02486198781164633,0.0,0.1185,0.0507,0.1515,cpu_hog_currencyservice_2
2026-10-04T05:14:02,redis-cart,6.42578125,0.0042579221367143255,0.0,0.1684,0.0904,0.1959,cpu_hog_currencyservice_2
2026-10-04T05:14:02,paymentservice,35.44921875,0.001210770883696112,0.0,0.1684,0.0904,0.1959,cpu_hog_currencyservice_2
2026-10-04T05:14:02,productcatalogservice,13.640625,0.019353585220291965,0.0,0.1684,0.0904,0.1959,cpu_hog_currencyservice_2
2026-10-04T05:14:02,adservice,112.28515625,0.0037099275028282933,0.0,0.1684,0.0904,0.1959,cpu_hog_currencyservice_2
2026-10-04T05:14:02,recommendationservice,32.921875,0.018624647779087775,4.0,0.1684,0.0904,0.1959,cpu_hog_currencyservice_2
2026-10-04T05:14:02,emailservice,37.23828125,0.005612922360884543,0.0,0.1684,0.0904,0.1959,cpu_hog_currencyservice_2
2026-10-04T05:14:02,shippingservice,12.59765625,0.002263245523161227,0.0,0.1684,0.0904,0.1959,cpu_hog_currencyservice_2
2026-10-04T05:14:02,frontend,15.2890625,0.03782067883501304,0.0,0.1684,0.0904,0.1959,cpu_hog_currencyservice_2
2026-10-04T05:14:02,loadgenerator,89.25390625,0.006973930279655865,0.0,0.1684,0.0904,0.1959,cpu_hog_currencyservice_2
2026-10-04T05:14:02,cartservice,49.984375,0.009786669578033768,0.0,0.1684,0.0904,0.1959,cpu_hog_currencyservice_2
2026-10-04T05:14:02,checkoutservice,6.35546875,0.0010466932679500265,0.0,0.1684,0.0904,0.1959,cpu_hog_currencyservice_2
2026-10-04T05:14:02,currencyservice,36.82421875,0.03251720628458749,0.0,0.1684,0.0904,0.1959,cpu_hog_currencyservice_2
2026-10-04T05:14:07,redis-cart,6.42578125,0.004427088616154769,0.0,0.2289,0.0333,0.0693,cpu_hog_currencyservice_2
2026-10-04T05:14:07,paymentservice,35.44921875,0.0012107708836961123,0.0,0.2289,0.0333,0.0693,cpu_hog_currencyservice_2
2026-10-04T05:14:07,productcatalogservice,13.640625,0.019353585220291965,0.0,0.2289,0.0333,0.0693,cpu_hog_currencyservice_2
2026-10-04T05:14:07,adservice,112.28515625,0.003567908582311121,0.0,0.2289,0.0333,0.0693,cpu_hog_currencyservice_2
2026-10-04T05:14:07,recommendationservice,32.921875,0.018624647779087778,4.0,0.2289,0.0333,0.0693,cpu_hog_currencyservice_2
2026-10-04T05:14:07,emailservice,37.23828125,0.005612922360884543,0.0,0.2289,0.0333,0.0693,cpu_hog_currencyservice_2
2026-10-04T05:14:07,shippingservice,12.59765625,0.0023147876615612073,0.0,0.2289,0.0333,0.0693,cpu_hog_currencyservice_2
2026-10-04T05:14:07,frontend,15.2890625,0.029338280583443538,0.0,0.2289,0.0333,0.0693,cpu_hog_currencyservice_2
2026-10-04T05:14:07,loadgenerator,89.25390625,0.005674991525082982,0.0,0.2289,0.0333,0.0693,cpu_hog_currencyservice_2
2026-10-04T05:14:07,cartservice,49.984375,0.010197507365786238,0.0,0.2289,0.0333,0.0693,cpu_hog_currencyservice_2
2026-10-04T05:14:07,checkoutservice,6.35546875,0.0009327466630207571,0.0,0.2289,0.0333,0.0693,cpu_hog_currencyservice_2
2026-10-04T05:14:07,currencyservice,36.82421875,0.03224789555059267,0.0,0.2289,0.0333,0.0693,cpu_hog_currencyservice_2
2026-10-04T05:14:12,redis-cart,6.4296875,0.004392871170463258,0.0,0.1216,0.034,0.1043,cpu_hog_currencyservice_2
2026-10-04T05:14:12,paymentservice,35.48046875,0.0013102843235289676,0.0,0.1216,0.034,0.1043,cpu_hog_currencyservice_2
2026-10-04T05:14:12,productcatalogservice,13.640625,0.01955611017024925,0.0,0.1216,0.034,0.1043,cpu_hog_currencyservice_2
2026-10-04T05:14:12,adservice,112.28515625,0.0027516900289644135,0.0,0.1216,0.034,0.1043,cpu_hog_currencyservice_2
2026-10-04T05:14:12,recommendationservice,32.6328125,0.01623492018260365,4.0,0.1216,0.034,0.1043,cpu_hog_currencyservice_2
2026-10-04T05:14:12,emailservice,36.74609375,0.005856455017669101,0.0,0.1216,0.034,0.1043,cpu_hog_currencyservice_2
2026-10-04T05:14:12,shippingservice,12.59765625,0.0023147876615612073,0.0,0.1216,0.034,0.1043,cpu_hog_currencyservice_2
2026-10-04T05:14:12,frontend,14.77734375,0.03917048484027077,0.0,0.1216,0.034,0.1043,cpu_hog_currencyservice_2
2026-10-04T05:14:12,loadgenerator,89.5,0.007938047202133485,0.0,0.1216,0.034,0.1043,cpu_hog_currencyservice_2
2026-10-04T05:14:12,cartservice,49.984375,0.010197507365786238,0.0,0.1216,0.034,0.1043,cpu_hog_currencyservice_2
2026-10-04T05:14:12,checkoutservice,6.390625,0.00283810380267215,0.0,0.1216,0.034,0.1043,cpu_hog_currencyservice_2
2026-10-04T05:14:12,currencyservice,36.9765625,0.031140958959772445,0.0,0.1216,0.034,0.1043,cpu_hog_currencyservice_2
2026-10-04T05:14:18,redis-cart,6.4296875,0.0037688150110192797,0.0,0.0615,0.0299,0.0558,cpu_hog_currencyservice_2
2026-10-04T05:14:18,paymentservice,35.48046875,0.0014697662456421943,0.0,0.0615,0.0299,0.0558,cpu_hog_currencyservice_2
2026-10-04T05:14:18,productcatalogservice,13.640625,0.015534477597529866,0.0,0.0615,0.0299,0.0558,cpu_hog_currencyservice_2
2026-10-04T05:14:18,adservice,112.28515625,0.0027581280638195008,0.0,0.0615,0.0299,0.0558,cpu_hog_currencyservice_2
2026-10-04T05:14:18,recommendationservice,32.6328125,0.019546407363423675,4.0,0.0615,0.0299,0.0558,cpu_hog_currencyservice_2
2026-10-04T05:14:18,emailservice,36.74609375,0.005856455017669101,0.0,0.0615,0.0299,0.0558,cpu_hog_currencyservice_2
2026-10-04T05:14:18,shippingservice,12.59765625,0.0023147876615612073,0.0,0.0615,0.0299,0.0558,cpu_hog_currencyservice_2
2026-10-04T05:14:18,frontend,14.77734375,0.028261900000006793,0.0,0.0615,0.0299,0.0558,cpu_hog_currencyservice_2
2026-10-04T05:14:18,loadgenerator,89.5,0.00875236676017094,0.0,0.0615,0.0299,0.0558,cpu_hog_currencyservice_2
2026-10-04T05:14:18,cartservice,49.984375,0.010197507365786238,0.0,0.0615,0.0299,0.0558,cpu_hog_currencyservice_2
2026-10-04T05:14:18,checkoutservice,6.390625,0.0023818155474192096,0.0,0.0615,0.0299,0.0558,cpu_hog_currencyservice_2
2026-10-04T05:14:18,currencyservice,36.9765625,0.029742793041981685,0.0,0.0615,0.0299,0.0558,cpu_hog_currencyservice_2
2026-10-04T05:14:23,redis-cart,6.92578125,0.004363922284786888,0.0,0.0906,0.046,0.1215,cpu_hog_currencyservice_2
2026-10-04T05:14:23,paymentservice,35.48046875,0.0014697662456421943,0.0,0.0906,0.046,0.1215,cpu_hog_currencyservice_2
2026-10-04T05:14:23,productcatalogservice,14.11328125,0.021304895442475984,0.0,0.0906,0.046,0.1215,cpu_hog_currencyservice_2
2026-10-04T05:14:23,adservice,112.2890625,0.004716036961528728,0.0,0.0906,0.046,0.1215,cpu_hog_currencyservice_2
2026-10-04T05:14:23,recommendationservice,32.6328125,0.019546407363423675,4.0,0.0906,0.046,0.1215,cpu_hog_currencyservice_2
2026-10-04T05:14:23,emailservice,36.74609375,0.005856455017669103,0.0,0.0906,0.046,0.1215,cpu_hog_currencyservice_2
2026-10-04T05:14:23,shippingservice,12.61328125,0.0031172033572874555,0.0,0.0906,0.046,0.1215,cpu_hog_currencyservice_2
2026-10-04T05:14:23,frontend,14.99609375,0.045698026651131506,0.0,0.0906,0.046,0.1215,cpu_hog_currencyservice_2
2026-10-04T05:14:23,loadgenerator,89.5,0.008752366760170941,0.0,0.0906,0.046,0.1215,cpu_hog_currencyservice_2
2026-10-04T05:14:23,cartservice,50.94140625,0.012277229546590935,0.0,0.0906,0.046,0.1215,cpu_hog_currencyservice_2
2026-10-04T05:14:23,checkoutservice,6.40234375,0.0033729423596040877,0.0,0.0906,0.046,0.1215,cpu_hog_currencyservice_2
2026-10-04T05:14:23,currencyservice,36.9765625,0.029742793041981682,0.0,0.0906,0.046,0.1215,cpu_hog_currencyservice_2
2026-10-04T05:14:28,redis-cart,6.92578125,0.004363922284786888,0.0,0.07,0.0927,0.2173,cpu_hog_currencyservice_2
2026-10-04T05:14:28,paymentservice,35.48046875,0.0011963039875884172,0.0,0.07,0.0927,0.2173,cpu_hog_currencyservice_2
2026-10-04T05:14:28,productcatalogservice,14.11328125,0.020131911264538917,0.0,0.07,0.0927,0.2173,cpu_hog_currencyservice_2
2026-10-04T05:14:28,adservice,112.2890625,0.004716036961528728,0.0,0.07,0.0927,0.2173,cpu_hog_currencyservice_2
2026-10-04T05:14:28,recommendationservice,32.6328125,0.014525912632128303,4.0,0.07,0.0927,0.2173,cpu_hog_currencyservice_2
2026-10-04T05:14:28,emailservice,36.74609375,0.004576434967928179,0.0,0.07,0.0927,0.2173,cpu_hog_currencyservice_2
2026-10-04T05:14:28,shippingservice,12.61328125,0.003117203357287456,0.0,0.07,0.0927,0.2173,cpu_hog_currencyservice_2
2026-10-04T05:14:28,frontend,14.99609375,0.04569802665113151,0.0,0.07,0.0927,0.2173,cpu_hog_currencyservice_2
2026-10-04T05:14:28,loadgenerator,89.5,0.006911452284948319,0.0,0.07,0.0927,0.2173,cpu_hog_currencyservice_2
2026-10-04T05:14:28,cartservice,50.94140625,0.012277229546590935,0.0,0.07,0.0927,0.2173,cpu_hog_currencyservice_2
2026-10-04T05:14:28,checkoutservice,6.40234375,0.002785019767756431,0.0,0.07,0.0927,0.2173,cpu_hog_currencyservice_2
2026-10-04T05:14:28,currencyservice,36.9765625,0.02255222496747393,0.0,0.07,0.0927,0.2173,cpu_hog_currencyservice_2
2026-10-04T05:14:34,redis-cart,6.92578125,0.0034448802516107695,0.0,0.054,0.0179,0.0165,cpu_hog_currencyservice_2
2026-10-04T05:14:34,paymentservice,35.7421875,0.0009096246252202882,0.0,0.054,0.0179,0.0165,cpu_hog_currencyservice_2
2026-10-04T05:14:34,productcatalogservice,13.59765625,0.0207473623154138,0.0,0.054,0.0179,0.0165,cpu_hog_currencyservice_2
2026-10-04T05:14:34,adservice,111.7890625,0.004588856031128983,0.0,0.054,0.0179,0.0165,cpu_hog_currencyservice_2
2026-10-04T05:14:34,recommendationservice,33.375,0.019435917425468737,4.0,0.054,0.0179,0.0165,cpu_hog_currencyservice_2
2026-10-04T05:14:34,emailservice,36.7421875,0.005601281108894292,0.0,0.054,0.0179,0.0165,cpu_hog_currencyservice_2
2026-10-04T05:14:34,shippingservice,12.61328125,0.003117203357287456,0.0,0.054,0.0179,0.0165,cpu_hog_currencyservice_2
2026-10-04T05:14:34,frontend,14.65234375,0.047837557243968536,0.0,0.054,0.0179,0.0165,cpu_hog_currencyservice_2
2026-10-04T05:14:34,loadgenerator,89.2734375,0.007840234409684687,0.0,0.054,0.0179,0.0165,cpu_hog_currencyservice_2
2026-10-04T05:14:34,cartservice,50.94140625,0.012277229546590935,0.0,0.054,0.0179,0.0165,cpu_hog_currencyservice_2
2026-10-04T05:14:34,checkoutservice,6.40234375,0.0027264875592634768,0.0,0.054,0.0179,0.0165,cpu_hog_currencyservice_2
2026-10-04T05:14:34,currencyservice,37.19140625,0.0233885588939119,0.0,0.054,0.0179,0.0165,cpu_hog_currencyservice_2
2026-10-04T05:14:39,redis-cart,6.671875,0.004303840827927036,0.0,0.1862,0.0556,0.0645,cpu_hog_currencyservice_2
2026-10-04T05:14:39,paymentservice,35.7421875,0.0011168689698099372,0.0,0.1862,0.0556,0.0645,cpu_hog_currencyservice_2
2026-10-04T05:14:39,productcatalogservice,13.34765625,0.021920017419072835,0.0,0.1862,0.0556,0.0645,cpu_hog_currencyservice_2
2026-10-04T05:14:39,adservice,111.7890625,0.004588856031128983,0.0,0.1862,0.0556,0.0645,cpu_hog_currencyservice_2
2026-10-04T05:14:39,recommendationservice,33.375,0.01943591742546874,4.0,0.1862,0.0556,0.0645,cpu_hog_currencyservice_2
2026-10-04T05:14:39,emailservice,36.98828125,0.00527721971280221,0.0,0.1862,0.0556,0.0645,cpu_hog_currencyservice_2
2026-10-04T05:14:39,shippingservice,11.8828125,0.002871938690509331,0.0,0.1862,0.0556,0.0645,cpu_hog_currencyservice_2
2026-10-04T05:14:39,frontend,14.65234375,0.047837557243968536,0.0,0.1862,0.0556,0.0645,cpu_hog_currencyservice_2
2026-10-04T05:14:39,loadgenerator,89.27734375,0.008119536520974158,0.0,0.1862,0.0556,0.0645,cpu_hog_currencyservice_2
2026-10-04T05:14:39,cartservice,50.25390625,0.012001978518937266,0.0,0.1862,0.0556,0.0645,cpu_hog_currencyservice_2
2026-10-04T05:14:39,checkoutservice,6.40234375,0.00331752419054708,0.0,0.1862,0.0556,0.0645,cpu_hog_currencyservice_2
2026-10-04T05:14:39,currencyservice,36.51953125,0.02783923159208416,0.0,0.1862,0.0556,0.0645,cpu_hog_currencyservice_2
2026-10-04T05:14:44,redis-cart,6.671875,0.004303840827927036,0.0,0.2351,0.1053,0.0856,cpu_hog_currencyservice_2
2026-10-04T05:14:44,paymentservice,35.7421875,0.0009026069651933157,0.0,0.2351,0.1053,0.0856,cpu_hog_currencyservice_2
2026-10-04T05:14:44,productcatalogservice,13.34765625,0.020655461542382045,0.0,0.2351,0.1053,0.0856,cpu_hog_currencyservice_2
2026-10-04T05:14:44,adservice,111.7890625,0.0035139356260704816,0.0,0.2351,0.1053,0.0856,cpu_hog_currencyservice_2
2026-10-04T05:14:44,recommendationservice,33.375,0.015071906099536823,4.0,0.2351,0.1053,0.0856,cpu_hog_currencyservice_2
2026-10-04T05:14:44,emailservice,36.98828125,0.00527721971280221,0.0,0.2351,0.1053,0.0856,cpu_hog_currencyservice_2
2026-10-04T05:14:44,shippingservice,11.8828125,0.002792262357951083,0.0,0.2351,0.1053,0.0856,cpu_hog_currencyservice_2
2026-10-04T05:14:44,frontend,14.65234375,0.038161082470341334,0.0,0.2351,0.1053,0.0856,cpu_hog_currencyservice_2
2026-10-04T05:14:44,loadgenerator,89.27734375,0.008119536520974158,0.0,0.2351,0.1053,0.0856,cpu_hog_currencyservice_2
2026-10-04T05:14:44,cartservice,50.25390625,0.012001978518937266,0.0,0.2351,0.1053,0.0856,cpu_hog_currencyservice_2
2026-10-04T05:14:44,checkoutservice,6.40234375,0.0028228444723566153,0.0,0.2351,0.1053,0.0856,cpu_hog_currencyservice_2
2026-10-04T05:14:44,currencyservice,36.51953125,0.02783923159208416,0.0,0.2351,0.1053,0.0856,cpu_hog_currencyservice_2
2026-10-04T05:14:50,redis-cart,6.1875,0.004264827483916315,0.0,0.0764,0.0721,0.1902,cpu_hog_currencyservice_2
2026-10-04T05:14:50,paymentservice,35.51171875,0.0009719959994283337,0.0,0.0764,0.0721,0.1902,cpu_hog_currencyservice_2
2026-10-04T05:14:50,productcatalogservice,13.87109375,0.019742493422070552,0.0,0.0764,0.0721,0.1902,cpu_hog_currencyservice_2
2026-10-04T05:14:50,adservice,112.62890625,0.004407458563535903,0.0,0.0764,0.0721,0.1902,cpu_hog_currencyservice_2
2026-10-04T05:14:50,recommendationservice,32.375,0.01788048490412663,4.0,0.0764,0.0721,0.1902,cpu_hog_currencyservice_2
2026-10-04T05:14:50,emailservice,36.98828125,0.00527721971280221,0.0,0.0764,0.0721,0.1902,cpu_hog_currencyservice_2
2026-10-04T05:14:50,shippingservice,12.13671875,0.0026107677576606776,0.0,0.0764,0.0721,0.1902,cpu_hog_currencyservice_2
2026-10-04T05:14:50,frontend,14.4921875,0.04454646678753727,0.0,0.0764,0.0721,0.1902,cpu_hog_currencyservice_2
2026-10-04T05:14:50,loadgenerator,89.27734375,0.005789868760220711,0.0,0.0764,0.0721,0.1902,cpu_hog_currencyservice_2
2026-10-04T05:14:50,cartservice,50.25390625,0.012001978518937266,0.0,0.0764,0.0721,0.1902,cpu_hog_currencyservice_2
2026-10-04T05:14:50,checkoutservice,6.41796875,0.0015962371721778795,0.0,0.0764,0.0721,0.1902,cpu_hog_currencyservice_2
2026-10-04T05:14:50,currencyservice,36.51953125,0.02783923159208416,0.0,0.0764,0.0721,0.1902,cpu_hog_currencyservice_2
2026-10-04T05:14:55,redis-cart,6.1875,0.0042550843891722995,0.0,0.2075,0.2095,0.1978,cpu_hog_currencyservice_2
2026-10-04T05:14:55,paymentservice,35.51171875,0.000699849488259866,0.0,0.2075,0.2095,0.1978,cpu_hog_currencyservice_2
2026-10-04T05:14:55,productcatalogservice,13.87109375,0.019742493422070552,0.0,0.2075,0.2095,0.1978,cpu_hog_currencyservice_2
2026-10-04T05:14:55,adservice,112.62890625,0.0031352968624710847,0.0,0.2075,0.2095,0.1978,cpu_hog_currencyservice_2
2026-10-04T05:14:55,recommendationservice,32.375,0.017025212787739673,4.0,0.2075,0.2095,0.1978,cpu_hog_currencyservice_2
2026-10-04T05:14:55,emailservice,36.98828125,0.004080400891289414,0.0,0.2075,0.2095,0.1978,cpu_hog_currencyservice_2
2026-10-04T05:14:55,shippingservice,12.13671875,0.0026107677576606776,0.0,0.2075,0.2095,0.1978,cpu_hog_currencyservice_2
2026-10-04T05:14:55,frontend,14.4921875,0.036965524321597075,0.0,0.2075,0.2095,0.1978,cpu_hog_currencyservice_2
2026-10-04T05:14:55,loadgenerator,89.27734375,0.005548109170869828,0.0,0.2075,0.2095,0.1978,cpu_hog_currencyservice_2
2026-10-04T05:14:55,cartservice,50.25390625,0.00911430248728096,0.0,0.2075,0.2095,0.1978,cpu_hog_currencyservice_2
2026-10-04T05:14:55,checkoutservice,6.41796875,0.0015962371721778795,0.0,0.2075,0.2095,0.1978,cpu_hog_currencyservice_2
2026-10-04T05:14:55,currencyservice,36.51953125,0.022290412597837227,0.0,0.2075,0.2095,0.1978,cpu_hog_currencyservice_2
2026-10-04T05:15:01,redis-cart,6.6796875,0.004206736482471988,0.0,0.4916,0.0906,0.1233,cpu_hog_currencyservice_2
2026-10-04T05:15:01,paymentservice,35.51171875,0.0005688376640576191,0.0,0.4916,0.0906,0.1233,cpu_hog_currencyservice_2
2026-10-04T05:15:01,productcatalogservice,13.87109375,0.017794478527609965,0.0,0.4916,0.0906,0.1233,cpu_hog_currencyservice_2
2026-10-04T05:15:01,adservice,111.8984375,0.0037826595796560222,0.0,0.4916,0.0906,0.1233,cpu_hog_currencyservice_2
2026-10-04T05:15:01,recommendationservice,33.11328125,0.01768073485600486,4.0,0.4916,0.0906,0.1233,cpu_hog_currencyservice_2
2026-10-04T05:15:01,emailservice,36.7421875,0.005244905635331048,0.0,0.4916,0.0906,0.1233,cpu_hog_currencyservice_2
2026-10-04T05:15:01,shippingservice,11.62890625,0.00215940896497837,0.0,0.4916,0.0906,0.1233,cpu_hog_currencyservice_2
2026-10-04T05:15:01,frontend,14.9140625,0.04116428951435362,0.0,0.4916,0.0906,0.1233,cpu_hog_currencyservice_2
2026-10-04T05:15:01,loadgenerator,89.03515625,0.006812535782168293,0.0,0.4916,0.0906,0.1233,cpu_hog_currencyservice_2
2026-10-04T05:15:01,cartservice,49.80078125,0.009948083180082019,0.0,0.4916,0.0906,0.1233,cpu_hog_currencyservice_2
2026-10-04T05:15:01,checkoutservice,6.41796875,0.0015962371721778795,0.0,0.4916,0.0906,0.1233,cpu_hog_currencyservice_2
2026-10-04T05:15:01,currencyservice,37.66796875,0.0258674595722483,0.0,0.4916,0.0906,0.1233,cpu_hog_currencyservice_2
2026-10-04T05:15:07,redis-cart,6.6796875,0.0042158135524211215,0.0,0.2572,0.1298,0.0279,cpu_hog_currencyservice_2
2026-10-04T05:15:07,paymentservice,35.51171875,0.0005048947491469427,0.0,0.2572,0.1298,0.0279,cpu_hog_currencyservice_2
2026-10-04T05:15:07,productcatalogservice,13.87109375,0.014349665201092758,0.0,0.2572,0.1298,0.0279,cpu_hog_currencyservice_2
2026-10-04T05:15:07,adservice,111.8984375,0.003222994080070472,0.0,0.2572,0.1298,0.0279,cpu_hog_currencyservice_2
2026-10-04T05:15:07,recommendationservice,33.11328125,0.016870892488167855,4.0,0.2572,0.1298,0.0279,cpu_hog_currencyservice_2
2026-10-04T05:15:07,emailservice,36.7421875,0.005244905635331048,0.0,0.2572,0.1298,0.0279,cpu_hog_currencyservice_2
2026-10-04T05:15:07,shippingservice,11.62890625,0.00215940896497837,0.0,0.2572,0.1298,0.0279,cpu_hog_currencyservice_2
2026-10-04T05:15:07,frontend,14.9140625,0.04116428951435362,0.0,0.2572,0.1298,0.0279,cpu_hog_currencyservice_2
2026-10-04T05:15:07,loadgenerator,89.03515625,0.006812535782168293,0.0,0.2572,0.1298,0.0279,cpu_hog_currencyservice_2
2026-10-04T05:15:07,cartservice,49.80078125,0.009948083180082019,0.0,0.2572,0.1298,0.0279,cpu_hog_currencyservice_2
2026-10-04T05:15:07,checkoutservice,6.41796875,0.0009036981700425337,0.0,0.2572,0.1298,0.0279,cpu_hog_currencyservice_2
2026-10-04T05:15:07,currencyservice,37.66796875,0.02471763023858457,0.0,0.2572,0.1298,0.0279,cpu_hog_currencyservice_2
2026-10-04T05:15:12,redis-cart,6.6796875,0.003578956362361905,0.0,0.1739,0.0484,0.0684,cpu_hog_currencyservice_2
2026-10-04T05:15:12,paymentservice,35.6484375,0.0013875379052952868,0.0,0.1739,0.0484,0.0684,cpu_hog_currencyservice_2
2026-10-04T05:15:12,productcatalogservice,14.109375,0.018509688934216565,0.0,0.1739,0.0484,0.0684,cpu_hog_currencyservice_2
2026-10-04T05:15:12,adservice,112.3828125,0.004432911283004728,0.0,0.1739,0.0484,0.0684,cpu_hog_currencyservice_2
2026-10-04T05:15:12,recommendationservice,33.11328125,0.01819631972134565,4.0,0.1739,0.0484,0.0684,cpu_hog_currencyservice_2
2026-10-04T05:15:12,emailservice,37.0,0.00568327384735759,0.0,0.1739,0.0484,0.0684,cpu_hog_currencyservice_2
2026-10-04T05:15:12,shippingservice,11.62890625,0.00215940896497837,0.0,0.1739,0.0484,0.0684,cpu_hog_currencyservice_2
2026-10-04T05:15:12,frontend,14.9140625,0.033088427637880696,0.0,0.1739,0.0484,0.0684,cpu_hog_currencyservice_2
2026-10-04T05:15:12,loadgenerator,89.29296875,0.007243642635713998,0.0,0.1739,0.0484,0.0684,cpu_hog_currencyservice_2
2026-10-04T05:15:12,cartservice,50.7578125,0.011091123847881607,0.0,0.1739,0.0484,0.0684,cpu_hog_currencyservice_2
2026-10-04T05:15:12,checkoutservice,7.359375,0.001880522955983611,0.0,0.1739,0.0484,0.0684,cpu_hog_currencyservice_2
2026-10-04T05:15:12,currencyservice,37.453125,0.025911825702500065,0.0,0.1739,0.0484,0.0684,cpu_hog_currencyservice_2
2026-10-04T05:15:18,redis-cart,6.6796875,0.0024351750000008113,0.0,0.3968,0.1084,0.0963,cpu_hog_currencyservice_2
2026-10-04T05:15:18,paymentservice,35.6484375,0.0013875379052952868,0.0,0.3968,0.1084,0.0963,cpu_hog_currencyservice_2
2026-10-04T05:15:18,productcatalogservice,14.109375,0.018509688934216565,0.0,0.3968,0.1084,0.0963,cpu_hog_currencyservice_2
2026-10-04T05:15:18,adservice,112.3828125,0.004432911283004728,0.0,0.3968,0.1084,0.0963,cpu_hog_currencyservice_2
2026-10-04T05:15:18,recommendationservice,33.11328125,0.01819631972134565,4.0,0.3968,0.1084,0.0963,cpu_hog_currencyservice_2
2026-10-04T05:15:18,emailservice,37.0,0.00568327384735759,0.0,0.3968,0.1084,0.0963,cpu_hog_currencyservice_2
2026-10-04T05:15:18,shippingservice,11.62890625,0.0012423999999995774,0.0,0.3968,0.1084,0.0963,cpu_hog_currencyservice_2
2026-10-04T05:15:18,frontend,14.9140625,0.028329054144873404,0.0,0.3968,0.1084,0.0963,cpu_hog_currencyservice_2
2026-10-04T05:15:18,loadgenerator,89.29296875,0.007243642635713998,0.0,0.3968,0.1084,0.0963,cpu_hog_currencyservice_2
2026-10-04T05:15:18,cartservice,50.7578125,0.011163583307363173,0.0,0.3968,0.1084,0.0963,cpu_hog_currencyservice_2
2026-10-04T05:15:18,checkoutservice,7.359375,0.001880522955983611,0.0,0.3968,0.1084,0.0963,cpu_hog_currencyservice_2
2026-10-04T05:15:18,currencyservice,37.453125,0.025911825702500065,0.0,0.3968,0.1084,0.0963,cpu_hog_currencyservice_2
2026-10-04T05:15:23,redis-cart,6.1796875,0.004216193019264182,0.0,0.1799,0.0398,0.065,cpu_hog_currencyservice_2
2026-10-04T05:15:23,paymentservice,35.5,0.0013296846920437665,0.0,0.1799,0.0398,0.065,cpu_hog_currencyservice_2
2026-10-04T05:15:23,productcatalogservice,14.109375,0.01614910458265953,0.0,0.1799,0.0398,0.065,cpu_hog_currencyservice_2
2026-10-04T05:15:23,adservice,112.3828125,0.004641760594001263,0.0,0.1799,0.0398,0.065,cpu_hog_currencyservice_2
2026-10-04T05:15:23,recommendationservice,33.11328125,0.014009099999998399,4.0,0.1799,0.0398,0.065,cpu_hog_currencyservice_2
2026-10-04T05:15:23,emailservice,36.7421875,0.005612311401608796,0.0,0.1799,0.0398,0.065,cpu_hog_currencyservice_2
2026-10-04T05:15:23,shippingservice,11.68359375,0.002310375694389257,0.0,0.1799,0.0398,0.065,cpu_hog_currencyservice_2
2026-10-04T05:15:23,frontend,14.4140625,0.041683891348455904,0.0,0.1799,0.0398,0.065,cpu_hog_currencyservice_2
2026-10-04T05:15:23,loadgenerator,89.29296875,0.005300552412191013,0.0,0.1799,0.0398,0.065,cpu_hog_currencyservice_2
2026-10-04T05:15:23,cartservice,50.3359375,0.010494997504177742,0.0,0.1799,0.0398,0.065,cpu_hog_currencyservice_2
2026-10-04T05:15:23,checkoutservice,7.359375,0.001880522955983611,0.0,0.1799,0.0398,0.065,cpu_hog_currencyservice_2
2026-10-04T05:15:23,currencyservice,37.453125,0.020240793892163603,0.0,0.1799,0.0398,0.065,cpu_hog_currencyservice_2
2026-10-04T05:15:29,redis-cart,6.1796875,0.004216193019264182,0.0,0.1143,0.0821,0.0284,cpu_hog_currencyservice_2
2026-10-04T05:15:29,paymentservice,35.5,0.0016625447749571748,0.0,0.1143,0.0821,0.0284,cpu_hog_currencyservice_2
2026-10-04T05:15:29,productcatalogservice,14.109375,0.014467106682124751,0.0,0.1143,0.0821,0.0284,cpu_hog_currencyservice_2
2026-10-04T05:15:29,adservice,112.3828125,0.003679659007548793,0.0,0.1143,0.0821,0.0284,cpu_hog_currencyservice_2
2026-10-04T05:15:29,recommendationservice,33.11328125,0.01512470761906303,4.0,0.1143,0.0821,0.0284,cpu_hog_currencyservice_2
2026-10-04T05:15:29,emailservice,36.7421875,0.0058747937446137705,0.0,0.1143,0.0821,0.0284,cpu_hog_currencyservice_2
2026-10-04T05:15:29,shippingservice,11.68359375,0.0019076194514648496,0.0,0.1143,0.0821,0.0284,cpu_hog_currencyservice_2
2026-10-04T05:15:29,frontend,14.4140625,0.03526450328731933,0.0,0.1143,0.0821,0.0284,cpu_hog_currencyservice_2
2026-10-04T05:15:29,loadgenerator,89.29296875,0.004728119603071521,0.0,0.1143,0.0821,0.0284,cpu_hog_currencyservice_2
2026-10-04T05:15:29,cartservice,50.3359375,0.010494997504177742,0.0,0.1143,0.0821,0.0284,cpu_hog_currencyservice_2
2026-10-04T05:15:29,checkoutservice,7.359375,0.001971974878203765,0.0,0.1143,0.0821,0.0284,cpu_hog_currencyservice_2
2026-10-04T05:15:29,currencyservice,37.453125,0.017997156765390133,0.0,0.1143,0.0821,0.0284,cpu_hog_currencyservice_2
2026-10-04T05:15:34,redis-cart,6.1796875,0.003376832058335732,0.0,0.1198,0.0449,0.0656,cpu_hog_currencyservice_2
2026-10-04T05:15:34,paymentservice,35.5,0.0013310679831801922,0.0,0.1198,0.0449,0.0656,cpu_hog_currencyservice_2
2026-10-04T05:15:34,productcatalogservice,14.3828125,0.0183281963470293,0.0,0.1198,0.0449,0.0656,cpu_hog_currencyservice_2
2026-10-04T05:15:34,adservice,112.15234375,0.004522592299317346,0.0,0.1198,0.0449,0.0656,cpu_hog_currencyservice_2
2026-10-04T05:15:34,recommendationservice,32.3828125,0.019286263544212937,4.0,0.1198,0.0449,0.0656,cpu_hog_currencyservice_2
2026-10-04T05:15:34,emailservice,37.984375,0.005957222822351082,0.0,0.1198,0.0449,0.0656,cpu_hog_currencyservice_2
2026-10-04T05:15:34,shippingservice,12.234375,0.0025724136296853316,0.0,0.1198,0.0449,0.0656,cpu_hog_currencyservice_2
2026-10-04T05:15:34,frontend,15.83203125,0.04663689797743033,0.0,0.1198,0.0449,0.0656,cpu_hog_currencyservice_2
2026-10-04T05:15:34,loadgenerator,89.76953125,0.007045428888005749,0.0,0.1198,0.0449,0.0656,cpu_hog_currencyservice_2
2026-10-04T05:15:34,cartservice,50.3359375,0.0077677999999999706,0.0,0.1198,0.0449,0.0656,cpu_hog_currencyservice_2
2026-10-04T05:15:34,checkoutservice,6.734375,0.0020713566197489773,0.0,0.1198,0.0449,0.0656,cpu_hog_currencyservice_2
2026-10-04T05:15:34,currencyservice,39.8046875,0.027064508486258295,0.0,0.1198,0.0449,0.0656,cpu_hog_currencyservice_2
2026-10-04T05:15:39,redis-cart,7.1640625,0.004416747853274329,0.0,0.0967,0.0357,0.0271,cpu_hog_currencyservice_2
2026-10-04T05:15:39,paymentservice,35.5,0.0013484577154471314,0.0,0.0967,0.0357,0.0271,cpu_hog_currencyservice_2
2026-10-04T05:15:39,productcatalogservice,13.6484375,0.01971432804860044,0.0,0.0967,0.0357,0.0271,cpu_hog_currencyservice_2
2026-10-04T05:15:39,adservice,112.390625,0.0049769620641989185,0.0,0.0967,0.0357,0.0271,cpu_hog_currencyservice_2
2026-10-04T05:15:39,recommendationservice,32.3828125,0.01601887817019138,4.0,0.0967,0.0357,0.0271,cpu_hog_currencyservice_2
2026-10-04T05:15:39,emailservice,37.984375,0.005253932180339455,0.0,0.0967,0.0357,0.0271,cpu_hog_currencyservice_2
2026-10-04T05:15:39,shippingservice,11.74609375,0.002440080487480481,0.0,0.0967,0.0357,0.0271,cpu_hog_currencyservice_2
2026-10-04T05:15:39,frontend,14.4453125,0.0459121063237223,0.0,0.0967,0.0357,0.0271,cpu_hog_currencyservice_2
2026-10-04T05:15:39,loadgenerator,89.3046875,0.007122874102398007,0.0,0.0967,0.0357,0.0271,cpu_hog_currencyservice_2
2026-10-04T05:15:39,cartservice,50.0625,0.012528524733057286,0.0,0.0967,0.0357,0.0271,cpu_hog_currencyservice_2
2026-10-04T05:15:39,checkoutservice,6.734375,0.0020713566197489773,0.0,0.0967,0.0357,0.0271,cpu_hog_currencyservice_2
2026-10-04T05:15:39,currencyservice,38.67578125,0.028225259124171842,0.0,0.0967,0.0357,0.0271,cpu_hog_currencyservice_2
2026-10-04T05:15:45,redis-cart,7.1640625,0.004416747853274329,0.0,0.1379,0.0626,0.0587,cpu_hog_currencyservice_2
2026-10-04T05:15:45,paymentservice,35.5,0.0009659083865368783,0.0,0.1379,0.0626,0.0587,cpu_hog_currencyservice_2
2026-10-04T05:15:45,productcatalogservice,13.6484375,0.01971432804860044,0.0,0.1379,0.0626,0.0587,cpu_hog_currencyservice_2
2026-10-04T05:15:45,adservice,112.390625,0.0049769620641989185,0.0,0.1379,0.0626,0.0587,cpu_hog_currencyservice_2
2026-10-04T05:15:45,recommendationservice,32.3828125,0.014295999709748975,4.0,0.1379,0.0626,0.0587,cpu_hog_currencyservice_2
2026-10-04T05:15:45,emailservice,37.984375,0.005001674903942071,0.0,0.1379,0.0626,0.0587,cpu_hog_currencyservice_2
2026-10-04T05:15:45,shippingservice,11.74609375,0.002592025974026113,0.0,0.1379,0.0626,0.0587,cpu_hog_currencyservice_2
2026-10-04T05:15:45,frontend,14.4453125,0.0459121063237223,0.0,0.1379,0.0626,0.0587,cpu_hog_currencyservice_2
2026-10-04T05:15:45,loadgenerator,89.3046875,0.007122874102398007,0.0,0.1379,0.0626,0.0587,cpu_hog_currencyservice_2
2026-10-04T05:15:45,cartservice,50.0625,0.012528524733057286,0.0,0.1379,0.0626,0.0587,cpu_hog_currencyservice_2
2026-10-04T05:15:45,checkoutservice,6.734375,0.0016144412413900996,0.0,0.1379,0.0626,0.0587,cpu_hog_currencyservice_2
2026-10-04T05:15:45,currencyservice,38.67578125,0.028225259124171842,0.0,0.1379,0.0626,0.0587,cpu_hog_currencyservice_2
2026-10-04T05:15:50,redis-cart,6.67578125,0.004627403797132067,0.0,0.1058,0.0745,0.0296,cpu_hog_currencyservice_2
2026-10-04T05:15:50,paymentservice,36.10546875,0.0011196899015166694,0.0,0.1058,0.0745,0.0296,cpu_hog_currencyservice_2
2026-10-04T05:15:50,productcatalogservice,13.6484375,0.016171788590514408,0.0,0.1058,0.0745,0.0296,cpu_hog_currencyservice_2
2026-10-04T05:15:50,adservice,112.390625,0.0049769620641989185,0.0,0.1058,0.0745,0.0296,cpu_hog_currencyservice_2
2026-10-04T05:15:50,recommendationservice,32.640625,0.019449489860184483,4.0,0.1058,0.0745,0.0296,cpu_hog_currencyservice_2
2026-10-04T05:15:50,emailservice,37.234375,0.005855344840637762,0.0,0.1058,0.0745,0.0296,cpu_hog_currencyservice_2
2026-10-04T05:15:50,shippingservice,11.74609375,0.002592025974026113,0.0,0.1058,0.0745,0.0296,cpu_hog_currencyservice_2
2026-10-04T05:15:50,frontend,14.4453125,0.0459121063237223,0.0,0.1058,0.0745,0.0296,cpu_hog_currencyservice_2
2026-10-04T05:15:50,loadgenerator,89.3046875,0.007122874102398007,0.0,0.1058,0.0745,0.0296,cpu_hog_currencyservice_2
2026-10-04T05:15:50,cartservice,50.0625,0.013013717934995905,0.0,0.1058,0.0745,0.0296,cpu_hog_currencyservice_2
2026-10-04T05:15:50,checkoutservice,6.97265625,0.0022733282696148775,0.0,0.1058,0.0745,0.0296,cpu_hog_currencyservice_2
2026-10-04T05:15:50,currencyservice,38.67578125,0.028225259124171842,0.0,0.1058,0.0745,0.0296,cpu_hog_currencyservice_2
2026-10-04T05:15:55,redis-cart,6.67578125,0.004627403797132067,0.0,0.0542,0.0458,0.0631,cpu_hog_currencyservice_2
2026-10-04T05:15:55,paymentservice,36.10546875,0.0011196899015166694,0.0,0.0542,0.0458,0.0631,cpu_hog_currencyservice_2
2026-10-04T05:15:55,productcatalogservice,13.6484375,0.015353000218104281,0.0,0.0542,0.0458,0.0631,cpu_hog_currencyservice_2
2026-10-04T05:15:55,adservice,112.390625,0.003939200230150292,0.0,0.0542,0.0458,0.0631,cpu_hog_currencyservice_2
2026-10-04T05:15:55,recommendationservice,32.640625,0.01878224810305014,4.0,0.0542,0.0458,0.0631,cpu_hog_currencyservice_2
2026-10-04T05:15:55,emailservice,37.234375,0.0056493961141247055,0.0,0.0542,0.0458,0.0631,cpu_hog_currencyservice_2
2026-10-04T05:15:55,shippingservice,11.74609375,0.0020883377266956386,0.0,0.0542,0.0458,0.0631,cpu_hog_currencyservice_2
2026-10-04T05:15:55,frontend,14.4453125,0.038586385378648086,0.0,0.0542,0.0458,0.0631,cpu_hog_currencyservice_2
2026-10-04T05:15:55,loadgenerator,89.3046875,0.006002199941299603,0.0,0.0542,0.0458,0.0631,cpu_hog_currencyservice_2
2026-10-04T05:15:55,cartservice,50.0625,0.012785734047637054,0.0,0.0542,0.0458,0.0631,cpu_hog_currencyservice_2
2026-10-04T05:15:55,checkoutservice,6.97265625,0.0022733282696148775,0.0,0.0542,0.0458,0.0631,cpu_hog_currencyservice_2
2026-10-04T05:15:55,currencyservice,38.67578125,0.027733014267106885,0.0,0.0542,0.0458,0.0631,cpu_hog_currencyservice_2
2026-10-04T05:16:00,redis-cart,6.67578125,0.004765777993213145,0.0,0.1049,0.0689,0.0752,cpu_hog_currencyservice_2
2026-10-04T05:16:00,paymentservice,36.10546875,0.0009140509010641404,0.0,0.1049,0.0689,0.0752,cpu_hog_currencyservice_2
2026-10-04T05:16:00,productcatalogservice,14.6484375,0.020068224494053596,0.0,0.1049,0.0689,0.0752,cpu_hog_currencyservice_2
2026-10-04T05:16:00,adservice,112.625,0.0046968035098707665,0.0,0.1049,0.0689,0.0752,cpu_hog_currencyservice_2
2026-10-04T05:16:00,recommendationservice,33.15234375,0.019320031987206155,4.0,0.1049,0.0689,0.0752,cpu_hog_currencyservice_2
2026-10-04T05:16:00,emailservice,37.234375,0.0056493961141247055,0.0,0.1049,0.0689,0.0752,cpu_hog_currencyservice_2
2026-10-04T05:16:00,shippingservice,11.73828125,0.002491042752123167,0.0,0.1049,0.0689,0.0752,cpu_hog_currencyservice_2
2026-10-04T05:16:00,frontend,14.953125,0.04655130603031833,0.0,0.1049,0.0689,0.0752,cpu_hog_currencyservice_2
2026-10-04T05:16:00,loadgenerator,89.3125,0.007557671349593838,0.0,0.1049,0.0689,0.0752,cpu_hog_currencyservice_2
2026-10-04T05:16:00,cartservice,50.59375,0.013031746968981302,0.0,0.1049,0.0689,0.0752,cpu_hog_currencyservice_2
2026-10-04T05:16:00,checkoutservice,8.03515625,0.002082596439742055,0.0,0.1049,0.0689,0.0752,cpu_hog_currencyservice_2
2026-10-04T05:16:00,currencyservice,39.34765625,0.028283146591970128,0.0,0.1049,0.0689,0.0752,cpu_hog_currencyservice_2
2026-10-04T05:16:06,redis-cart,6.67578125,0.003756485501292126,0.0,0.0699,0.0558,0.0798,cpu_hog_currencyservice_2
2026-10-04T05:16:06,paymentservice,36.10546875,0.0008187140454026937,0.0,0.0699,0.0558,0.0798,cpu_hog_currencyservice_2
2026-10-04T05:16:06,productcatalogservice,14.6484375,0.017103980501077767,0.0,0.0699,0.0558,0.0798,cpu_hog_currencyservice_2
2026-10-04T05:16:06,adservice,112.625,0.0046968035098707665,0.0,0.0699,0.0558,0.0798,cpu_hog_currencyservice_2
2026-10-04T05:16:06,recommendationservice,33.15234375,0.01932003198720615,4.0,0.0699,0.0558,0.0798,cpu_hog_currencyservice_2
2026-10-04T05:16:06,emailservice,37.234375,0.004401366048679638,0.0,0.0699,0.0558,0.0798,cpu_hog_currencyservice_2
2026-10-04T05:16:06,shippingservice,11.73828125,0.002491042752123167,0.0,0.0699,0.0558,0.0798,cpu_hog_currencyservice_2
2026-10-04T05:16:06,frontend,14.953125,0.04655130603031833,0.0,0.0699,0.0558,0.0798,cpu_hog_currencyservice_2
2026-10-04T05:16:06,loadgenerator,89.3125,0.0060940720868413265,0.0,0.0699,0.0558,0.0798,cpu_hog_currencyservice_2
2026-10-04T05:16:06,cartservice,50.59375,0.013031746968981302,0.0,0.0699,0.0558,0.0798,cpu_hog_currencyservice_2
2026-10-04T05:16:06,checkoutservice,8.03515625,0.002395763985035503,0.0,0.0699,0.0558,0.0798,cpu_hog_currencyservice_2
2026-10-04T05:16:06,currencyservice,39.34765625,0.02288988168189355,0.0,0.0699,0.0558,0.0798,cpu_hog_currencyservice_2
2026-10-04T05:16:11,redis-cart,5.9296875,0.004712629598844453,0.0,0.0363,0.027,0.0315,cpu_hog_currencyservice_2
2026-10-04T05:16:11,paymentservice,35.546875,0.0010693291649236697,0.0,0.0363,0.027,0.0315,cpu_hog_currencyservice_2
2026-10-04T05:16:11,productcatalogservice,13.77734375,0.020242345407243706,0.0,0.0363,0.027,0.0315,cpu_hog_currencyservice_2
2026-10-04T05:16:11,adservice,112.625,0.004854717367758491,0.0,0.0363,0.027,0.0315,cpu_hog_currencyservice_2
2026-10-04T05:16:11,recommendationservice,33.15234375,0.02004019034514647,4.0,0.0363,0.027,0.0315,cpu_hog_currencyservice_2
2026-10-04T05:16:11,emailservice,37.484375,0.005514798107603174,0.0,0.0363,0.027,0.0315,cpu_hog_currencyservice_2
2026-10-04T05:16:11,shippingservice,11.73828125,0.0020770937227890997,0.0,0.0363,0.027,0.0315,cpu_hog_currencyservice_2
2026-10-04T05:16:11,frontend,14.953125,0.04380186574103542,0.0,0.0363,0.027,0.0315,cpu_hog_currencyservice_2
2026-10-04T05:16:11,loadgenerator,89.3125,0.007360212671688549,0.0,0.0363,0.027,0.0315,cpu_hog_currencyservice_2
2026-10-04T05:16:11,cartservice,50.59375,0.014304486859198613,0.0,0.0363,0.027,0.0315,cpu_hog_currencyservice_2
2026-10-04T05:16:11,checkoutservice,8.03515625,0.002395763985035503,0.0,0.0363,0.027,0.0315,cpu_hog_currencyservice_2
2026-10-04T05:16:11,currencyservice,39.43359375,0.02498412347317455,0.0,0.0363,0.027,0.0315,cpu_hog_currencyservice_2
2026-10-04T05:16:16,redis-cart,5.9296875,0.004698416311664165,0.0,0.0566,0.0224,0.0981,cpu_hog_currencyservice_2
2026-10-04T05:16:16,paymentservice,35.546875,0.0008732249999997777,0.0,0.0566,0.0224,0.0981,cpu_hog_currencyservice_2
2026-10-04T05:16:16,productcatalogservice,13.77734375,0.020242345407243706,0.0,0.0566,0.0224,0.0981,cpu_hog_currencyservice_2
2026-10-04T05:16:16,adservice,112.625,0.003708296089351356,0.0,0.0566,0.0224,0.0981,cpu_hog_currencyservice_2
2026-10-04T05:16:16,recommendationservice,33.15234375,0.01647003043515863,4.0,0.0566,0.0224,0.0981,cpu_hog_currencyservice_2
2026-10-04T05:16:16,emailservice,37.484375,0.005514798107603174,0.0,0.0566,0.0224,0.0981,cpu_hog_currencyservice_2
2026-10-04T05:16:16,shippingservice,11.73828125,0.0017125958170172658,0.0,0.0566,0.0224,0.0981,cpu_hog_currencyservice_2
2026-10-04T05:16:16,frontend,14.953125,0.03491629225991855,0.0,0.0566,0.0224,0.0981,cpu_hog_currencyservice_2
2026-10-04T05:16:16,loadgenerator,89.3125,0.005805061069266356,0.0,0.0566,0.0224,0.0981,cpu_hog_currencyservice_2
2026-10-04T05:16:16,cartservice,50.59375,0.01167802413310687,0.0,0.0566,0.0224,0.0981,cpu_hog_currencyservice_2
2026-10-04T05:16:16,checkoutservice,8.03515625,0.0019350885177629883,0.0,0.0566,0.0224,0.0981,cpu_hog_currencyservice_2
2026-10-04T05:16:16,currencyservice,39.43359375,0.02498412347317455,0.0,0.0566,0.0224,0.0981,cpu_hog_currencyservice_2
2026-10-04T05:16:21,redis-cart,6.41796875,0.004444048807039591,0.0,0.0541,0.0579,0.0541,cpu_hog_currencyservice_2
2026-10-04T05:16:21,paymentservice,35.5625,0.001118866521102545,0.0,0.0541,0.0579,0.0541,cpu_hog_currencyservice_2
2026-10-04T05:16:21,productcatalogservice,14.21484375,0.018317427023245257,0.0,0.0541,0.0579,0.0541,cpu_hog_currencyservice_2
2026-10-04T05:16:21,adservice,112.41015625,0.004294794623085337,0.0,0.0541,0.0579,0.0541,cpu_hog_currencyservice_2
2026-10-04T05:16:21,recommendationservice,33.12109375,0.018939335508751664,4.0,0.0541,0.0579,0.0541,cpu_hog_currencyservice_2
2026-10-04T05:16:21,emailservice,37.484375,0.005289711114275311,0.0,0.0541,0.0579,0.0541,cpu_hog_currencyservice_2
2026-10-04T05:16:21,shippingservice,12.2421875,0.002398914114224159,0.0,0.0541,0.0579,0.0541,cpu_hog_currencyservice_2
2026-10-04T05:16:21,frontend,14.45703125,0.04214840267097965,0.0,0.0541,0.0579,0.0541,cpu_hog_currencyservice_2
2026-10-04T05:16:21,loadgenerator,89.30859375,0.0073406375380275415,0.0,0.0541,0.0579,0.0541,cpu_hog_currencyservice_2
2026-10-04T05:16:21,cartservice,50.10546875,0.010959191101012653,0.0,0.0541,0.0579,0.0541,cpu_hog_currencyservice_2
2026-10-04T05:16:21,checkoutservice,7.078125,0.0020910152827801026,0.0,0.0541,0.0579,0.0541,cpu_hog_currencyservice_2
2026-10-04T05:16:21,currencyservice,38.7109375,0.025292196723664614,0.0,0.0541,0.0579,0.0541,cpu_hog_currencyservice_2
2026-10-04T05:16:27,redis-cart,6.41796875,0.004444048807039591,0.0,0.0483,0.0557,0.0368,cpu_hog_currencyservice_2
2026-10-04T05:16:27,paymentservice,35.5625,0.001118866521102545,0.0,0.0483,0.0557,0.0368,cpu_hog_currencyservice_2
2026-10-04T05:16:27,productcatalogservice,14.21484375,0.018317427023245254,0.0,0.0483,0.0557,0.0368,cpu_hog_currencyservice_2
2026-10-04T05:16:27,adservice,112.41015625,0.0035964431223940658,0.0,0.0483,0.0557,0.0368,cpu_hog_currencyservice_2
2026-10-04T05:16:27,recommendationservice,33.12109375,0.01853960650128546,4.0,0.0483,0.0557,0.0368,cpu_hog_currencyservice_2
2026-10-04T05:16:27,emailservice,37.484375,0.00402421385157387,0.0,0.0483,0.0557,0.0368,cpu_hog_currencyservice_2
2026-10-04T05:16:27,shippingservice,12.2421875,0.002554259359739401,0.0,0.0483,0.0557,0.0368,cpu_hog_currencyservice_2
2026-10-04T05:16:27,frontend,14.45703125,0.04312184281843656,0.0,0.0483,0.0557,0.0368,cpu_hog_currencyservice_2
2026-10-04T05:16:27,loadgenerator,89.30859375,0.007592662700559067,0.0,0.0483,0.0557,0.0368,cpu_hog_currencyservice_2
2026-10-04T05:16:27,cartservice,50.10546875,0.01295804089876294,0.0,0.0483,0.0557,0.0368,cpu_hog_currencyservice_2
2026-10-04T05:16:27,checkoutservice,7.078125,0.0015782563493242161,0.0,0.0483,0.0557,0.0368,cpu_hog_currencyservice_2
2026-10-04T05:16:27,currencyservice,38.7109375,0.02522007470779612,0.0,0.0483,0.0557,0.0368,cpu_hog_currencyservice_2
2026-10-04T05:16:32,redis-cart,6.41796875,0.003439582732505601,0.0,0.0489,0.0239,0.1098,cpu_hog_currencyservice_2
2026-10-04T05:16:32,paymentservice,35.5625,0.0007729807363879703,0.0,0.0489,0.0239,0.1098,cpu_hog_currencyservice_2
2026-10-04T05:16:32,productcatalogservice,14.21484375,0.015494558873737966,0.0,0.0489,0.0239,0.1098,cpu_hog_currencyservice_2
2026-10-04T05:16:32,adservice,112.625,0.004224082338621508,0.0,0.0489,0.0239,0.1098,cpu_hog_currencyservice_2
2026-10-04T05:16:32,recommendationservice,33.12109375,0.01853960650128546,4.0,0.0489,0.0239,0.1098,cpu_hog_currencyservice_2
2026-10-04T05:16:32,emailservice,36.75,0.005365225521306976,0.0,0.0489,0.0239,0.1098,cpu_hog_currencyservice_2
2026-10-04T05:16:32,shippingservice,11.76171875,0.0024566523058640287,0.0,0.0489,0.0239,0.1098,cpu_hog_currencyservice_2
2026-10-04T05:16:32,frontend,13.984375,0.04347710833299055,0.0,0.0489,0.0239,0.1098,cpu_hog_currencyservice_2
2026-10-04T05:16:32,loadgenerator,89.27734375,0.007206445898948579,0.0,0.0489,0.0239,0.1098,cpu_hog_currencyservice_2
2026-10-04T05:16:32,cartservice,50.10546875,0.01113952383685377,0.0,0.0489,0.0239,0.1098,cpu_hog_currencyservice_2
2026-10-04T05:16:32,checkoutservice,7.078125,0.0015782563493242161,0.0,0.0489,0.0239,0.1098,cpu_hog_currencyservice_2
2026-10-04T05:16:32,currencyservice,38.7109375,0.025220074707796122,0.0,0.0489,0.0239,0.1098,cpu_hog_currencyservice_2
2026-10-04T05:16:37,redis-cart,6.41796875,0.003074853065791524,0.0,0.0314,0.0169,0.0217,cpu_hog_currencyservice_2
2026-10-04T05:16:37,paymentservice,35.5625,0.0006913608158604361,0.0,0.0314,0.0169,0.0217,cpu_hog_currencyservice_2
2026-10-04T05:16:37,productcatalogservice,14.21484375,0.012415092530978757,0.0,0.0314,0.0169,0.0217,cpu_hog_currencyservice_2
2026-10-04T05:16:37,adservice,112.625,0.004114905184988723,0.0,0.0314,0.0169,0.0217,cpu_hog_currencyservice_2
2026-10-04T05:16:37,recommendationservice,33.12109375,0.014686921773597499,4.0,0.0314,0.0169,0.0217,cpu_hog_currencyservice_2
2026-10-04T05:16:37,emailservice,36.75,0.005365225521306976,0.0,0.0314,0.0169,0.0217,cpu_hog_currencyservice_2
2026-10-04T05:16:37,shippingservice,11.76171875,0.0024566523058640287,0.0,0.0314,0.0169,0.0217,cpu_hog_currencyservice_2
2026-10-04T05:16:37,frontend,13.984375,0.04347710833299055,0.0,0.0314,0.0169,0.0217,cpu_hog_currencyservice_2
2026-10-04T05:16:37,loadgenerator,89.27734375,0.005434589723778707,0.0,0.0314,0.0169,0.0217,cpu_hog_currencyservice_2
2026-10-04T05:16:37,cartservice,50.10546875,0.010027076025694972,0.0,0.0314,0.0169,0.0217,cpu_hog_currencyservice_2
2026-10-04T05:16:37,checkoutservice,7.078125,0.0011819101475320502,0.0,0.0314,0.0169,0.0217,cpu_hog_currencyservice_2
2026-10-04T05:16:37,currencyservice,38.7109375,0.020415580420197883,0.0,0.0314,0.0169,0.0217,cpu_hog_currencyservice_2
2026-10-04T05:16:42,redis-cart,5.93359375,0.004207957295695559,0.0,0.0442,0.0199,0.0367,cpu_hog_currencyservice_2
2026-10-04T05:16:42,paymentservice,35.49609375,0.0009170518068576707,0.0,0.0442,0.0199,0.0367,cpu_hog_currencyservice_2
2026-10-04T05:16:42,productcatalogservice,13.5078125,0.018600790152776436,0.0,0.0442,0.0199,0.0367,cpu_hog_currencyservice_2
2026-10-04T05:16:42,adservice,112.625,0.0033570768134199664,0.0,0.0442,0.0199,0.0367,cpu_hog_currencyservice_2
2026-10-04T05:16:42,recommendationservice,32.640625,0.019084204496632257,4.0,0.0442,0.0199,0.0367,cpu_hog_currencyservice_2
2026-10-04T05:16:42,emailservice,36.75,0.004270540674109642,0.0,0.0442,0.0199,0.0367,cpu_hog_currencyservice_2
2026-10-04T05:16:42,shippingservice,12.2578125,0.0023065126194897127,0.0,0.0442,0.0199,0.0367,cpu_hog_currencyservice_2
2026-10-04T05:16:42,frontend,15.23046875,0.0439651977081385,0.0,0.0442,0.0199,0.0367,cpu_hog_currencyservice_2
2026-10-04T05:16:42,loadgenerator,89.02734375,0.007239293825025655,0.0,0.0442,0.0199,0.0367,cpu_hog_currencyservice_2
2026-10-04T05:16:42,cartservice,50.61328125,0.011809068514884521,0.0,0.0442,0.0199,0.0367,cpu_hog_currencyservice_2
2026-10-04T05:16:42,checkoutservice,7.078125,0.0011373630967310383,0.0,0.0442,0.0199,0.0367,cpu_hog_currencyservice_2
2026-10-04T05:16:42,currencyservice,39.2265625,0.02321418716946423,0.0,0.0442,0.0199,0.0367,cpu_hog_currencyservice_2
2026-10-04T05:16:47,redis-cart,5.93359375,0.0032813436722944926,0.0,0.2132,0.2749,0.0452,cpu_hog_currencyservice_2
2026-10-04T05:16:47,paymentservice,35.49609375,0.0006908950035895135,0.0,0.2132,0.2749,0.0452,cpu_hog_currencyservice_2
2026-10-04T05:16:47,productcatalogservice,13.5078125,0.018600790152776436,0.0,0.2132,0.2749,0.0452,cpu_hog_currencyservice_2
2026-10-04T05:16:47,adservice,112.625,0.0029733619049197683,0.0,0.2132,0.2749,0.0452,cpu_hog_currencyservice_2
2026-10-04T05:16:47,recommendationservice,32.640625,0.019084204496632257,4.0,0.2132,0.2749,0.0452,cpu_hog_currencyservice_2
2026-10-04T05:16:47,emailservice,36.75,0.003948207593860933,0.0,0.2132,0.2749,0.0452,cpu_hog_currencyservice_2
2026-10-04T05:16:47,shippingservice,12.2578125,0.0023065126194897127,0.0,0.2132,0.2749,0.0452,cpu_hog_currencyservice_2
2026-10-04T05:16:47,frontend,15.23046875,0.0439651977081385,0.0,0.2132,0.2749,0.0452,cpu_hog_currencyservice_2
2026-10-04T05:16:47,loadgenerator,89.02734375,0.006145516964662334,0.0,0.2132,0.2749,0.0452,cpu_hog_currencyservice_2
2026-10-04T05:16:47,cartservice,50.61328125,0.011177081920060724,0.0,0.2132,0.2749,0.0452,cpu_hog_currencyservice_2
2026-10-04T05:16:47,checkoutservice,7.078125,0.0011373630967310383,0.0,0.2132,0.2749,0.0452,cpu_hog_currencyservice_2
2026-10-04T05:16:47,currencyservice,39.2265625,0.02321418716946423,0.0,0.2132,0.2749,0.0452,cpu_hog_currencyservice_2
2026-10-04T05:16:53,redis-cart,6.66796875,0.004305119727060787,0.0,0.1975,0.1009,0.0972,cpu_hog_currencyservice_2
2026-10-04T05:16:53,paymentservice,35.78125,0.0007676573390417813,0.0,0.1975,0.1009,0.0972,cpu_hog_currencyservice_2
2026-10-04T05:16:53,productcatalogservice,14.1015625,0.018533294406735748,0.0,0.1975,0.1009,0.0972,cpu_hog_currencyservice_2
2026-10-04T05:16:53,adservice,112.140625,0.00428865540252722,0.0,0.1975,0.1009,0.0972,cpu_hog_currencyservice_2
2026-10-04T05:16:53,recommendationservice,32.6328125,0.01875636197174175,4.0,0.1975,0.1009,0.0972,cpu_hog_currencyservice_2
2026-10-04T05:16:53,emailservice,36.7421875,0.005832553037799916,0.0,0.1975,0.1009,0.0972,cpu_hog_currencyservice_2
2026-10-04T05:16:53,shippingservice,12.2578125,0.0023065126194897127,0.0,0.1975,0.1009,0.0972,cpu_hog_currencyservice_2
2026-10-04T05:16:53,frontend,15.23046875,0.0439651977081385,0.0,0.1975,0.1009,0.0972,cpu_hog_currencyservice_2
2026-10-04T05:16:53,loadgenerator,89.0859375,0.007594658686692898,0.0,0.1975,0.1009,0.0972,cpu_hog_currencyservice_2
2026-10-04T05:16:53,cartservice,50.61328125,0.011177081920060724,0.0,0.1975,0.1009,0.0972,cpu_hog_currencyservice_2
2026-10-04T05:16:53,checkoutservice,7.578125,0.0010458644679206348,0.0,0.1975,0.1009,0.0972,cpu_hog_currencyservice_2
2026-10-04T05:16:53,currencyservice,39.5078125,0.027943247777979335,0.0,0.1975,0.1009,0.0972,cpu_hog_currencyservice_2
2026-10-04T05:16:59,redis-cart,6.66796875,0.004305119727060787,0.0,0.1503,0.0563,0.0317,cpu_hog_currencyservice_2
2026-10-04T05:16:59,paymentservice,35.78125,0.0007676573390417813,0.0,0.1503,0.0563,0.0317,cpu_hog_currencyservice_2
2026-10-04T05:16:59,productcatalogservice,14.1015625,0.018533294406735748,0.0,0.1503,0.0563,0.0317,cpu_hog_currencyservice_2
2026-10-04T05:16:59,adservice,112.140625,0.0043482377230495,0.0,0.1503,0.0563,0.0317,cpu_hog_currencyservice_2
2026-10-04T05:16:59,recommendationservice,32.6328125,0.01664895106267442,4.0,0.1503,0.0563,0.0317,cpu_hog_currencyservice_2
2026-10-04T05:16:59,emailservice,36.7421875,0.005832553037799916,0.0,0.1503,0.0563,0.0317,cpu_hog_currencyservice_2
2026-10-04T05:16:59,shippingservice,12.2578125,0.0016451195415246155,0.0,0.1503,0.0563,0.0317,cpu_hog_currencyservice_2
2026-10-04T05:16:59,frontend,15.23046875,0.02782204999999749,0.0,0.1503,0.0563,0.0317,cpu_hog_currencyservice_2
2026-10-04T05:16:59,loadgenerator,89.0859375,0.007699179557521481,0.0,0.1503,0.0563,0.0317,cpu_hog_currencyservice_2
2026-10-04T05:16:59,cartservice,50.61328125,0.008589075516431911,0.0,0.1503,0.0563,0.0317,cpu_hog_currencyservice_2
2026-10-04T05:16:59,checkoutservice,7.578125,0.0008079612532162864,0.0,0.1503,0.0563,0.0317,cpu_hog_currencyservice_2
2026-10-04T05:16:59,currencyservice,39.5078125,0.027943247777979335,0.0,0.1503,0.0563,0.0317,cpu_hog_currencyservice_2
2026-10-04T05:17:04,redis-cart,6.66796875,0.004479936734814084,0.0,0.0861,0.0742,0.0211,cpu_hog_currencyservice_2
2026-10-04T05:17:04,paymentservice,35.78125,0.0007366453146288373,0.0,0.0861,0.0742,0.0211,cpu_hog_currencyservice_2
2026-10-04T05:17:04,productcatalogservice,14.1015625,0.015163478151231024,0.0,0.0861,0.0742,0.0211,cpu_hog_currencyservice_2
2026-10-04T05:17:04,adservice,112.14453125,0.004760696346801382,0.0,0.0861,0.0742,0.0211,cpu_hog_currencyservice_2
2026-10-04T05:17:04,recommendationservice,33.140625,0.01981351756123514,4.0,0.0861,0.0742,0.0211,cpu_hog_currencyservice_2
2026-10-04T05:17:04,emailservice,36.9921875,0.006177888702996488,0.0,0.0861,0.0742,0.0211,cpu_hog_currencyservice_2
2026-10-04T05:17:04,shippingservice,11.7578125,0.0020665778304219526,0.0,0.0861,0.0742,0.0211,cpu_hog_currencyservice_2
2026-10-04T05:17:04,frontend,14.1875,0.042396380487495854,0.0,0.0861,0.0742,0.0211,cpu_hog_currencyservice_2
2026-10-04T05:17:04,loadgenerator,89.0859375,0.006597619442329094,0.0,0.0861,0.0742,0.0211,cpu_hog_currencyservice_2
2026-10-04T05:17:04,cartservice,50.71875,0.011360461371820061,0.0,0.0861,0.0742,0.0211,cpu_hog_currencyservice_2
2026-10-04T05:17:04,checkoutservice,7.578125,0.0008079612532162864,0.0,0.0861,0.0742,0.0211,cpu_hog_currencyservice_2
2026-10-04T05:17:04,currencyservice,39.5078125,0.024626279874971325,0.0,0.0861,0.0742,0.0211,cpu_hog_currencyservice_2
