time,service,memory_mb,cpu_cores,restarts,latency_s,latency_product_s,latency_cart_s,label
2026-10-04T22:30:15,frontend,14.5625,0.04191922614830344,0.0,0.0409,0.0382,0.028,mem_leak_cartservice_3
2026-10-04T22:30:15,loadgenerator,103.390625,0.0056456678872628535,0.0,0.0409,0.0382,0.028,mem_leak_cartservice_3
2026-10-04T22:30:15,redis-cart,5.9375,0.0033333499999997685,0.0,0.0409,0.0382,0.028,mem_leak_cartservice_3
2026-10-04T22:30:15,currencyservice,39.3125,0.015246210681785407,0.0,0.0409,0.0382,0.028,mem_leak_cartservice_3
2026-10-04T22:30:15,shippingservice,11.75390625,0.002326197234132901,0.0,0.0409,0.0382,0.028,mem_leak_cartservice_3
2026-10-04T22:30:15,paymentservice,41.41796875,0.0008558900432701365,0.0,0.0409,0.0382,0.028,mem_leak_cartservice_3
2026-10-04T22:30:15,emailservice,39.59375,0.0057135704159479465,0.0,0.0409,0.0382,0.028,mem_leak_cartservice_3
2026-10-04T22:30:15,productcatalogservice,14.140625,0.01588742619478493,0.0,0.0409,0.0382,0.028,mem_leak_cartservice_3
2026-10-04T22:30:15,checkoutservice,12.52734375,0.0015019744408668898,0.0,0.0409,0.0382,0.028,mem_leak_cartservice_3
2026-10-04T22:30:15,adservice,113.0234375,0.00407004016462485,0.0,0.0409,0.0382,0.028,mem_leak_cartservice_3
2026-10-04T22:30:15,recommendationservice,32.7890625,0.013234599056121501,4.0,0.0409,0.0382,0.028,mem_leak_cartservice_3
2026-10-04T22:30:15,cartservice,45.65234375,0.0081409410199557,0.0,0.0409,0.0382,0.028,mem_leak_cartservice_3
2026-10-04T22:30:21,frontend,14.74609375,0.0423392651763901,0.0,0.1429,0.0579,0.0753,mem_leak_cartservice_3
2026-10-04T22:30:21,loadgenerator,103.4296875,0.009106104817484528,0.0,0.1429,0.0579,0.0753,mem_leak_cartservice_3
2026-10-04T22:30:21,redis-cart,5.6875,0.004682166199811747,0.0,0.1429,0.0579,0.0753,mem_leak_cartservice_3
2026-10-04T22:30:21,currencyservice,39.5859375,0.02370379627446568,0.0,0.1429,0.0579,0.0753,mem_leak_cartservice_3
2026-10-04T22:30:21,shippingservice,11.75390625,0.0023261972341329005,0.0,0.1429,0.0579,0.0753,mem_leak_cartservice_3
2026-10-04T22:30:21,paymentservice,41.41796875,0.0007896378523429034,0.0,0.1429,0.0579,0.0753,mem_leak_cartservice_3
2026-10-04T22:30:21,emailservice,38.84765625,0.00545765492868677,0.0,0.1429,0.0579,0.0753,mem_leak_cartservice_3
2026-10-04T22:30:21,productcatalogservice,14.40625,0.017041962061695188,0.0,0.1429,0.0579,0.0753,mem_leak_cartservice_3
2026-10-04T22:30:21,checkoutservice,12.34375,0.0014645623030495546,0.0,0.1429,0.0579,0.0753,mem_leak_cartservice_3
2026-10-04T22:30:21,adservice,113.0234375,0.003368455685580517,0.0,0.1429,0.0579,0.0753,mem_leak_cartservice_3
2026-10-04T22:30:21,recommendationservice,33.2734375,0.01731112888834237,4.0,0.1429,0.0579,0.0753,mem_leak_cartservice_3
2026-10-04T22:30:21,cartservice,45.90234375,0.011165948218158467,0.0,0.1429,0.0579,0.0753,mem_leak_cartservice_3
2026-10-04T22:30:26,frontend,14.74609375,0.0423392651763901,0.0,0.0583,0.0475,0.0198,mem_leak_cartservice_3
2026-10-04T22:30:26,loadgenerator,103.4296875,0.007424510794522385,0.0,0.0583,0.0475,0.0198,mem_leak_cartservice_3
2026-10-04T22:30:26,redis-cart,5.6875,0.004682166199811747,0.0,0.0583,0.0475,0.0198,mem_leak_cartservice_3
2026-10-04T22:30:26,currencyservice,39.5859375,0.02370379627446568,0.0,0.0583,0.0475,0.0198,mem_leak_cartservice_3
2026-10-04T22:30:26,shippingservice,11.75390625,0.0018146470773701246,0.0,0.0583,0.0475,0.0198,mem_leak_cartservice_3
2026-10-04T22:30:26,paymentservice,41.41796875,0.0007896378523429034,0.0,0.0583,0.0475,0.0198,mem_leak_cartservice_3
2026-10-04T22:30:26,emailservice,38.84765625,0.00545765492868677,0.0,0.0583,0.0475,0.0198,mem_leak_cartservice_3
2026-10-04T22:30:26,productcatalogservice,14.40625,0.014080047924335077,0.0,0.0583,0.0475,0.0198,mem_leak_cartservice_3
2026-10-04T22:30:26,checkoutservice,12.34375,0.0014645623030495544,0.0,0.0583,0.0475,0.0198,mem_leak_cartservice_3
2026-10-04T22:30:26,adservice,113.0234375,0.0031539258388137985,0.0,0.0583,0.0475,0.0198,mem_leak_cartservice_3
2026-10-04T22:30:26,recommendationservice,33.2734375,0.014050649891926786,4.0,0.0583,0.0475,0.0198,mem_leak_cartservice_3
2026-10-04T22:30:26,cartservice,45.90234375,0.011165948218158465,0.0,0.0583,0.0475,0.0198,mem_leak_cartservice_3
2026-10-04T22:30:31,frontend,14.74609375,0.041984984984979754,0.0,0.0673,0.0472,0.0333,mem_leak_cartservice_3
2026-10-04T22:30:31,loadgenerator,103.43359375,0.008441914274144965,0.0,0.0673,0.0472,0.0333,mem_leak_cartservice_3
2026-10-04T22:30:31,redis-cart,7.16796875,0.0038717152020794413,0.0,0.0673,0.0472,0.0333,mem_leak_cartservice_3
2026-10-04T22:30:31,currencyservice,39.3984375,0.026404095317924942,0.0,0.0673,0.0472,0.0333,mem_leak_cartservice_3
2026-10-04T22:30:31,shippingservice,11.7890625,0.0021632812054652767,0.0,0.0673,0.0472,0.0333,mem_leak_cartservice_3
2026-10-04T22:30:31,paymentservice,41.41796875,0.0003829500000000152,0.0,0.0673,0.0472,0.0333,mem_leak_cartservice_3
2026-10-04T22:30:31,emailservice,38.84765625,0.005430185562141594,0.0,0.0673,0.0472,0.0333,mem_leak_cartservice_3
2026-10-04T22:30:31,productcatalogservice,14.40625,0.012677755675007008,0.0,0.0673,0.0472,0.0333,mem_leak_cartservice_3
2026-10-04T22:30:31,checkoutservice,12.3828125,0.0013603551213460206,0.0,0.0673,0.0472,0.0333,mem_leak_cartservice_3
2026-10-04T22:30:31,adservice,113.0234375,0.004531023981728689,0.0,0.0673,0.0472,0.0333,mem_leak_cartservice_3
2026-10-04T22:30:31,recommendationservice,32.76953125,0.015928727896845275,4.0,0.0673,0.0472,0.0333,mem_leak_cartservice_3
2026-10-04T22:30:31,cartservice,45.71484375,0.01130083414378695,0.0,0.0673,0.0472,0.0333,mem_leak_cartservice_3
2026-10-04T22:30:36,frontend,16.21875,0.04410046626548937,0.0,0.0768,0.0557,0.0837,mem_leak_cartservice_3
2026-10-04T22:30:36,loadgenerator,103.43359375,0.0077073228230425195,0.0,0.0768,0.0557,0.0837,mem_leak_cartservice_3
2026-10-04T22:30:36,redis-cart,7.16796875,0.004572996993856811,0.0,0.0768,0.0557,0.0837,mem_leak_cartservice_3
2026-10-04T22:30:36,currencyservice,39.3984375,0.026404095317924946,0.0,0.0768,0.0557,0.0837,mem_leak_cartservice_3
2026-10-04T22:30:36,shippingservice,11.7890625,0.0018659302185200558,0.0,0.0768,0.0557,0.0837,mem_leak_cartservice_3
2026-10-04T22:30:36,paymentservice,41.65234375,0.0006817811767608513,0.0,0.0768,0.0557,0.0837,mem_leak_cartservice_3
2026-10-04T22:30:36,emailservice,38.84765625,0.0054876852755824015,0.0,0.0768,0.0557,0.0837,mem_leak_cartservice_3
2026-10-04T22:30:36,productcatalogservice,13.9296875,0.015791353893464984,0.0,0.0768,0.0557,0.0837,mem_leak_cartservice_3
2026-10-04T22:30:36,checkoutservice,12.3828125,0.0010810340168733426,0.0,0.0768,0.0557,0.0837,mem_leak_cartservice_3
2026-10-04T22:30:36,adservice,113.0234375,0.0030066000000005034,0.0,0.0768,0.0557,0.0837,mem_leak_cartservice_3
2026-10-04T22:30:36,recommendationservice,32.76953125,0.009543250000001537,4.0,0.0768,0.0557,0.0837,mem_leak_cartservice_3
2026-10-04T22:30:36,cartservice,45.71484375,0.010568897353764414,0.0,0.0768,0.0557,0.0837,mem_leak_cartservice_3
2026-10-04T22:30:42,frontend,16.21875,0.04410046626548937,0.0,0.0713,0.0221,0.0212,mem_leak_cartservice_3
2026-10-04T22:30:42,loadgenerator,103.43359375,0.0077073228230425195,0.0,0.0713,0.0221,0.0212,mem_leak_cartservice_3
2026-10-04T22:30:42,redis-cart,7.16796875,0.0037893250395734553,0.0,0.0713,0.0221,0.0212,mem_leak_cartservice_3
2026-10-04T22:30:42,currencyservice,39.3984375,0.02180633553127283,0.0,0.0713,0.0221,0.0212,mem_leak_cartservice_3
2026-10-04T22:30:42,shippingservice,11.7890625,0.0018659302185200558,0.0,0.0713,0.0221,0.0212,mem_leak_cartservice_3
2026-10-04T22:30:42,paymentservice,41.65234375,0.0006817811767608513,0.0,0.0713,0.0221,0.0212,mem_leak_cartservice_3
2026-10-04T22:30:42,emailservice,38.84765625,0.0033319000000005873,0.0,0.0713,0.0221,0.0212,mem_leak_cartservice_3
2026-10-04T22:30:42,productcatalogservice,13.9296875,0.015791353893464984,0.0,0.0713,0.0221,0.0212,mem_leak_cartservice_3
2026-10-04T22:30:42,checkoutservice,12.3828125,0.0010810340168733426,0.0,0.0713,0.0221,0.0212,mem_leak_cartservice_3
2026-10-04T22:30:42,adservice,113.0234375,0.0033969811356966717,0.0,0.0713,0.0221,0.0212,mem_leak_cartservice_3
2026-10-04T22:30:42,recommendationservice,32.76953125,0.010309982406301502,4.0,0.0713,0.0221,0.0212,mem_leak_cartservice_3
2026-10-04T22:30:42,cartservice,45.71484375,0.010568897353764414,0.0,0.0713,0.0221,0.0212,mem_leak_cartservice_3
2026-10-04T22:30:47,frontend,15.0234375,0.04582626649441549,0.0,0.1424,0.0523,0.0326,mem_leak_cartservice_3
2026-10-04T22:30:47,loadgenerator,103.2109375,0.007441161223429892,0.0,0.1424,0.0523,0.0326,mem_leak_cartservice_3
2026-10-04T22:30:47,redis-cart,6.671875,0.004388298933092559,0.0,0.1424,0.0523,0.0326,mem_leak_cartservice_3
2026-10-04T22:30:47,currencyservice,38.79296875,0.02700270316343319,0.0,0.1424,0.0523,0.0326,mem_leak_cartservice_3
2026-10-04T22:30:47,shippingservice,12.30859375,0.0017871260630810861,0.0,0.1424,0.0523,0.0326,mem_leak_cartservice_3
2026-10-04T22:30:47,paymentservice,41.65234375,0.0005822960462152283,0.0,0.1424,0.0523,0.0326,mem_leak_cartservice_3
2026-10-04T22:30:47,emailservice,38.8515625,0.005047027721861553,0.0,0.1424,0.0523,0.0326,mem_leak_cartservice_3
2026-10-04T22:30:47,productcatalogservice,13.9296875,0.015791353893464984,0.0,0.1424,0.0523,0.0326,mem_leak_cartservice_3
2026-10-04T22:30:47,checkoutservice,12.390625,0.0009416681101679905,0.0,0.1424,0.0523,0.0326,mem_leak_cartservice_3
2026-10-04T22:30:47,adservice,112.77734375,0.006223753021314595,0.0,0.1424,0.0523,0.0326,mem_leak_cartservice_3
2026-10-04T22:30:47,recommendationservice,33.02734375,0.01604445282014838,4.0,0.1424,0.0523,0.0326,mem_leak_cartservice_3
2026-10-04T22:30:47,cartservice,45.92578125,0.010752747252747198,0.0,0.1424,0.0523,0.0326,mem_leak_cartservice_3
2026-10-04T22:30:52,frontend,15.0234375,0.04582626649441549,0.0,0.1687,0.0696,0.0389,mem_leak_cartservice_3
2026-10-04T22:30:52,loadgenerator,103.2109375,0.007003851091140842,0.0,0.1687,0.0696,0.0389,mem_leak_cartservice_3
2026-10-04T22:30:52,redis-cart,6.671875,0.004388298933092559,0.0,0.1687,0.0696,0.0389,mem_leak_cartservice_3
2026-10-04T22:30:52,currencyservice,38.79296875,0.027002703163433193,0.0,0.1687,0.0696,0.0389,mem_leak_cartservice_3
2026-10-04T22:30:52,shippingservice,12.30859375,0.0017689842476914846,0.0,0.1687,0.0696,0.0389,mem_leak_cartservice_3
2026-10-04T22:30:52,paymentservice,41.65234375,0.0004868609980005836,0.0,0.1687,0.0696,0.0389,mem_leak_cartservice_3
2026-10-04T22:30:52,emailservice,38.8515625,0.005047027721861553,0.0,0.1687,0.0696,0.0389,mem_leak_cartservice_3
2026-10-04T22:30:52,productcatalogservice,13.9296875,0.012109217275857224,0.0,0.1687,0.0696,0.0389,mem_leak_cartservice_3
2026-10-04T22:30:52,checkoutservice,12.390625,0.0009416681101679906,0.0,0.1687,0.0696,0.0389,mem_leak_cartservice_3
2026-10-04T22:30:52,adservice,112.77734375,0.006223753021314595,0.0,0.1687,0.0696,0.0389,mem_leak_cartservice_3
2026-10-04T22:30:52,recommendationservice,33.02734375,0.016084229390684372,4.0,0.1687,0.0696,0.0389,mem_leak_cartservice_3
2026-10-04T22:30:52,cartservice,45.92578125,0.007901824999999986,0.0,0.1687,0.0696,0.0389,mem_leak_cartservice_3
2026-10-04T22:30:57,frontend,15.0234375,0.04582626649441549,0.0,0.0399,0.0219,0.0405,mem_leak_cartservice_3
2026-10-04T22:30:57,loadgenerator,103.2109375,0.007003851091140842,0.0,0.0399,0.0219,0.0405,mem_leak_cartservice_3
2026-10-04T22:30:57,redis-cart,5.9375,0.0044336326731459486,0.0,0.0399,0.0219,0.0405,mem_leak_cartservice_3
2026-10-04T22:30:57,currencyservice,38.79296875,0.02074979072500335,0.0,0.0399,0.0219,0.0405,mem_leak_cartservice_3
2026-10-04T22:30:57,shippingservice,12.30859375,0.0017689842476914846,0.0,0.0399,0.0219,0.0405,mem_leak_cartservice_3
2026-10-04T22:30:57,paymentservice,42.19140625,0.0007513934633898012,0.0,0.0399,0.0219,0.0405,mem_leak_cartservice_3
2026-10-04T22:30:57,emailservice,38.8515625,0.00433555102781502,0.0,0.0399,0.0219,0.0405,mem_leak_cartservice_3
2026-10-04T22:30:57,productcatalogservice,13.62109375,0.018250265047707572,0.0,0.0399,0.0219,0.0405,mem_leak_cartservice_3
2026-10-04T22:30:57,checkoutservice,12.390625,0.00067329022478018,0.0,0.0399,0.0219,0.0405,mem_leak_cartservice_3
2026-10-04T22:30:57,adservice,112.52734375,0.0061580641116731685,0.0,0.0399,0.0219,0.0405,mem_leak_cartservice_3
2026-10-04T22:30:57,recommendationservice,32.5234375,0.01714430181887242,4.0,0.0399,0.0219,0.0405,mem_leak_cartservice_3
2026-10-04T22:30:57,cartservice,45.66015625,0.012088354969967038,0.0,0.0399,0.0219,0.0405,mem_leak_cartservice_3
2026-10-04T22:31:03,frontend,15.0234375,0.037062723411815136,0.0,0.0601,0.0474,0.0346,mem_leak_cartservice_3
2026-10-04T22:31:03,loadgenerator,103.2109375,0.005517487976036357,0.0,0.0601,0.0474,0.0346,mem_leak_cartservice_3
2026-10-04T22:31:03,redis-cart,5.9375,0.004512987488111983,0.0,0.0601,0.0474,0.0346,mem_leak_cartservice_3
2026-10-04T22:31:03,currencyservice,38.79296875,0.01847218591862803,0.0,0.0601,0.0474,0.0346,mem_leak_cartservice_3
2026-10-04T22:31:03,shippingservice,12.30859375,0.0014098214792685236,0.0,0.0601,0.0474,0.0346,mem_leak_cartservice_3
2026-10-04T22:31:03,paymentservice,42.19140625,0.0007513934633898011,0.0,0.0601,0.0474,0.0346,mem_leak_cartservice_3
2026-10-04T22:31:03,emailservice,38.8515625,0.003956496327822823,0.0,0.0601,0.0474,0.0346,mem_leak_cartservice_3
2026-10-04T22:31:03,productcatalogservice,13.62109375,0.01987252182845593,0.0,0.0601,0.0474,0.0346,mem_leak_cartservice_3
2026-10-04T22:31:03,checkoutservice,12.390625,0.0005997545153411338,0.0,0.0601,0.0474,0.0346,mem_leak_cartservice_3
2026-10-04T22:31:03,adservice,112.52734375,0.0061580641116731685,0.0,0.0601,0.0474,0.0346,mem_leak_cartservice_3
2026-10-04T22:31:03,recommendationservice,32.5234375,0.01714430181887242,4.0,0.0601,0.0474,0.0346,mem_leak_cartservice_3
2026-10-04T22:31:03,cartservice,45.66015625,0.012088354969967038,0.0,0.0601,0.0474,0.0346,mem_leak_cartservice_3
2026-10-04T22:31:08,frontend,15.12109375,0.04978418281617113,0.0,0.1272,0.0516,0.0889,mem_leak_cartservice_3
2026-10-04T22:31:08,loadgenerator,102.96484375,0.008521343841624191,0.0,0.1272,0.0516,0.0889,mem_leak_cartservice_3
2026-10-04T22:31:08,redis-cart,5.9375,0.004512987488111983,0.0,0.1272,0.0516,0.0889,mem_leak_cartservice_3
2026-10-04T22:31:08,currencyservice,38.9296875,0.02405676267102819,0.0,0.1272,0.0516,0.0889,mem_leak_cartservice_3
2026-10-04T22:31:08,shippingservice,12.40625,0.0026390770290432193,0.0,0.1272,0.0516,0.0889,mem_leak_cartservice_3
2026-10-04T22:31:08,paymentservice,42.19140625,0.0008333973128597214,0.0,0.1272,0.0516,0.0889,mem_leak_cartservice_3
2026-10-04T22:31:08,emailservice,38.8359375,0.005346798540081565,0.0,0.1272,0.0516,0.0889,mem_leak_cartservice_3
2026-10-04T22:31:08,productcatalogservice,13.62109375,0.01987252182845593,0.0,0.1272,0.0516,0.0889,mem_leak_cartservice_3
2026-10-04T22:31:08,checkoutservice,12.4140625,0.0010366471650102133,0.0,0.1272,0.0516,0.0889,mem_leak_cartservice_3
2026-10-04T22:31:08,adservice,113.26953125,0.006005697752058713,0.0,0.1272,0.0516,0.0889,mem_leak_cartservice_3
2026-10-04T22:31:08,recommendationservice,32.5234375,0.015372912035208982,4.0,0.1272,0.0516,0.0889,mem_leak_cartservice_3
2026-10-04T22:31:08,cartservice,45.66015625,0.009979004185235401,0.0,0.1272,0.0516,0.0889,mem_leak_cartservice_3
2026-10-04T22:31:13,frontend,15.12109375,0.04978418281617112,0.0,0.0707,0.0512,0.0304,mem_leak_cartservice_3
2026-10-04T22:31:13,loadgenerator,102.96484375,0.008521343841624191,0.0,0.0707,0.0512,0.0304,mem_leak_cartservice_3
2026-10-04T22:31:13,redis-cart,5.9375,0.0036396115844751116,0.0,0.0707,0.0512,0.0304,mem_leak_cartservice_3
2026-10-04T22:31:13,currencyservice,38.9296875,0.022258612755777424,0.0,0.0707,0.0512,0.0304,mem_leak_cartservice_3
2026-10-04T22:31:13,shippingservice,12.40625,0.0026390770290432193,0.0,0.0707,0.0512,0.0304,mem_leak_cartservice_3
2026-10-04T22:31:13,paymentservice,42.19140625,0.0006531959788866281,0.0,0.0707,0.0512,0.0304,mem_leak_cartservice_3
2026-10-04T22:31:13,emailservice,38.8359375,0.005346798540081565,0.0,0.0707,0.0512,0.0304,mem_leak_cartservice_3
2026-10-04T22:31:13,productcatalogservice,13.62109375,0.017774498812057872,0.0,0.0707,0.0512,0.0304,mem_leak_cartservice_3
2026-10-04T22:31:13,checkoutservice,12.4140625,0.001015422307378198,0.0,0.0707,0.0512,0.0304,mem_leak_cartservice_3
2026-10-04T22:31:13,adservice,113.26953125,0.006005697752058713,0.0,0.0707,0.0512,0.0304,mem_leak_cartservice_3
2026-10-04T22:31:13,recommendationservice,32.5234375,0.013708860169488662,4.0,0.0707,0.0512,0.0304,mem_leak_cartservice_3
2026-10-04T22:31:13,cartservice,45.66015625,0.009028228220562302,0.0,0.0707,0.0512,0.0304,mem_leak_cartservice_3
2026-10-04T22:31:18,frontend,15.29296875,0.05051971054625605,0.0,0.1538,0.0572,0.0779,mem_leak_cartservice_3
2026-10-04T22:31:18,loadgenerator,102.96484375,0.008521343841624191,0.0,0.1538,0.0572,0.0779,mem_leak_cartservice_3
2026-10-04T22:31:18,redis-cart,6.1875,0.00457204398594201,0.0,0.1538,0.0572,0.0779,mem_leak_cartservice_3
2026-10-04T22:31:18,currencyservice,38.984375,0.024595859429367716,0.0,0.1538,0.0572,0.0779,mem_leak_cartservice_3
2026-10-04T22:31:18,shippingservice,12.68359375,0.0024488096205407526,0.0,0.1538,0.0572,0.0779,mem_leak_cartservice_3
2026-10-04T22:31:18,paymentservice,41.74609375,0.0007916274567793252,0.0,0.1538,0.0572,0.0779,mem_leak_cartservice_3
2026-10-04T22:31:18,emailservice,38.8359375,0.004310132996262379,0.0,0.1538,0.0572,0.0779,mem_leak_cartservice_3
2026-10-04T22:31:18,productcatalogservice,14.625,0.021612810545884247,0.0,0.1538,0.0572,0.0779,mem_leak_cartservice_3
2026-10-04T22:31:18,checkoutservice,12.4140625,0.0007924905707195954,0.0,0.1538,0.0572,0.0779,mem_leak_cartservice_3
2026-10-04T22:31:18,adservice,113.26953125,0.002671424999999772,0.0,0.1538,0.0572,0.0779,mem_leak_cartservice_3
2026-10-04T22:31:18,recommendationservice,32.54296875,0.01693427898878204,4.0,0.1538,0.0572,0.0779,mem_leak_cartservice_3
2026-10-04T22:31:18,cartservice,50.17578125,0.013161504836309536,0.0,0.1538,0.0572,0.0779,mem_leak_cartservice_3
2026-10-04T22:31:24,frontend,15.29296875,0.05051971054625606,0.0,0.1532,0.0464,0.051,mem_leak_cartservice_3
2026-10-04T22:31:24,loadgenerator,102.96484375,0.007651054322354565,0.0,0.1532,0.0464,0.051,mem_leak_cartservice_3
2026-10-04T22:31:24,redis-cart,6.1875,0.00457204398594201,0.0,0.1532,0.0464,0.051,mem_leak_cartservice_3
2026-10-04T22:31:24,currencyservice,38.984375,0.024595859429367716,0.0,0.1532,0.0464,0.051,mem_leak_cartservice_3
2026-10-04T22:31:24,shippingservice,12.68359375,0.0024488096205407526,0.0,0.1532,0.0464,0.051,mem_leak_cartservice_3
2026-10-04T22:31:24,paymentservice,41.74609375,0.0007916274567793253,0.0,0.1532,0.0464,0.051,mem_leak_cartservice_3
2026-10-04T22:31:24,emailservice,38.8359375,0.0038458039100061005,0.0,0.1532,0.0464,0.051,mem_leak_cartservice_3
2026-10-04T22:31:24,productcatalogservice,14.625,0.021612810545884244,0.0,0.1532,0.0464,0.051,mem_leak_cartservice_3
2026-10-04T22:31:24,checkoutservice,12.4140625,0.0007025241542858871,0.0,0.1532,0.0464,0.051,mem_leak_cartservice_3
2026-10-04T22:31:24,adservice,113.26953125,0.002671424999999772,0.0,0.1532,0.0464,0.051,mem_leak_cartservice_3
2026-10-04T22:31:24,recommendationservice,32.54296875,0.020323776877532524,4.0,0.1532,0.0464,0.051,mem_leak_cartservice_3
2026-10-04T22:31:24,cartservice,50.17578125,0.013161504836309536,0.0,0.1532,0.0464,0.051,mem_leak_cartservice_3
2026-10-04T22:31:29,frontend,15.29296875,0.039961792704735016,0.0,0.0649,0.0504,0.0506,mem_leak_cartservice_3
2026-10-04T22:31:29,loadgenerator,103.4453125,0.009156703843379035,0.0,0.0649,0.0504,0.0506,mem_leak_cartservice_3
2026-10-04T22:31:29,redis-cart,6.1875,0.0036907312643614004,0.0,0.0649,0.0504,0.0506,mem_leak_cartservice_3
2026-10-04T22:31:29,currencyservice,38.59765625,0.025047624669435428,0.0,0.0649,0.0504,0.0506,mem_leak_cartservice_3
2026-10-04T22:31:29,shippingservice,12.68359375,0.002889494626687578,0.0,0.0649,0.0504,0.0506,mem_leak_cartservice_3
2026-10-04T22:31:29,paymentservice,41.55859375,0.0008322933985329292,0.0,0.0649,0.0504,0.0506,mem_leak_cartservice_3
2026-10-04T22:31:29,emailservice,38.83203125,0.005360355809971736,0.0,0.0649,0.0504,0.0506,mem_leak_cartservice_3
2026-10-04T22:31:29,productcatalogservice,14.01953125,0.022386556114893368,0.0,0.0649,0.0504,0.0506,mem_leak_cartservice_3
2026-10-04T22:31:29,checkoutservice,12.50390625,0.0012731731890975604,0.0,0.0649,0.0504,0.0506,mem_leak_cartservice_3
2026-10-04T22:31:29,adservice,113.26953125,0.0046443651352171735,0.0,0.0649,0.0504,0.0506,mem_leak_cartservice_3
2026-10-04T22:31:29,recommendationservice,33.28515625,0.020433499652365728,4.0,0.0649,0.0504,0.0506,mem_leak_cartservice_3
2026-10-04T22:31:29,cartservice,50.421875,0.013960905639150655,0.0,0.0649,0.0504,0.0506,mem_leak_cartservice_3
2026-10-04T22:31:34,frontend,15.29296875,0.03712933506604452,0.0,0.059,0.12,0.1717,mem_leak_cartservice_3
2026-10-04T22:31:34,loadgenerator,103.4453125,0.009156703843379035,0.0,0.059,0.12,0.1717,mem_leak_cartservice_3
2026-10-04T22:31:34,redis-cart,6.1875,0.00327174258949174,0.0,0.059,0.12,0.1717,mem_leak_cartservice_3
2026-10-04T22:31:34,currencyservice,38.59765625,0.025047624669435428,0.0,0.059,0.12,0.1717,mem_leak_cartservice_3
2026-10-04T22:31:34,shippingservice,12.68359375,0.0022443788325967424,0.0,0.059,0.12,0.1717,mem_leak_cartservice_3
2026-10-04T22:31:34,paymentservice,41.55859375,0.0007806519520286575,0.0,0.059,0.12,0.1717,mem_leak_cartservice_3
2026-10-04T22:31:34,emailservice,38.83203125,0.005360355809971736,0.0,0.059,0.12,0.1717,mem_leak_cartservice_3
2026-10-04T22:31:34,productcatalogservice,14.01953125,0.022392576800078477,0.0,0.059,0.12,0.1717,mem_leak_cartservice_3
2026-10-04T22:31:34,checkoutservice,12.50390625,0.0012731731890975604,0.0,0.059,0.12,0.1717,mem_leak_cartservice_3
2026-10-04T22:31:34,adservice,113.26953125,0.0038964933383045636,0.0,0.059,0.12,0.1717,mem_leak_cartservice_3
2026-10-04T22:31:34,recommendationservice,33.28515625,0.020433499652365725,4.0,0.059,0.12,0.1717,mem_leak_cartservice_3
2026-10-04T22:31:34,cartservice,50.421875,0.013960905639150655,0.0,0.059,0.12,0.1717,mem_leak_cartservice_3
2026-10-04T22:31:40,frontend,15.03125,0.05016218865191422,0.0,0.0724,0.1027,0.1921,mem_leak_cartservice_3
2026-10-04T22:31:40,loadgenerator,103.4453125,0.007309987442832889,0.0,0.0724,0.1027,0.1921,mem_leak_cartservice_3
2026-10-04T22:31:40,redis-cart,6.18359375,0.00458684695017024,0.0,0.0724,0.1027,0.1921,mem_leak_cartservice_3
2026-10-04T22:31:40,currencyservice,38.59765625,0.016818749999998772,0.0,0.0724,0.1027,0.1921,mem_leak_cartservice_3
2026-10-04T22:31:40,shippingservice,12.48046875,0.002722852891156542,0.0,0.0724,0.1027,0.1921,mem_leak_cartservice_3
2026-10-04T22:31:40,paymentservice,41.55859375,0.0006550840855448479,0.0,0.0724,0.1027,0.1921,mem_leak_cartservice_3
2026-10-04T22:31:40,emailservice,39.078125,0.00532346182196549,0.0,0.0724,0.1027,0.1921,mem_leak_cartservice_3
2026-10-04T22:31:40,productcatalogservice,14.01953125,0.018569510823481745,0.0,0.0724,0.1027,0.1921,mem_leak_cartservice_3
2026-10-04T22:31:40,checkoutservice,11.99609375,0.0011468919200332461,0.0,0.0724,0.1027,0.1921,mem_leak_cartservice_3
2026-10-04T22:31:40,adservice,112.65625,0.004823520010958666,0.0,0.0724,0.1027,0.1921,mem_leak_cartservice_3
2026-10-04T22:31:40,recommendationservice,33.28515625,0.020646237435480063,4.0,0.0724,0.1027,0.1921,mem_leak_cartservice_3
2026-10-04T22:31:40,cartservice,54.92578125,0.018022563703247785,0.0,0.0724,0.1027,0.1921,mem_leak_cartservice_3
2026-10-04T22:31:45,frontend,15.03125,0.048030641220377104,0.0,0.5278,0.2089,0.1062,mem_leak_cartservice_3
2026-10-04T22:31:45,loadgenerator,103.4453125,0.005753709444443965,0.0,0.5278,0.2089,0.1062,mem_leak_cartservice_3
2026-10-04T22:31:45,redis-cart,6.18359375,0.00458684695017024,0.0,0.5278,0.2089,0.1062,mem_leak_cartservice_3
2026-10-04T22:31:45,currencyservice,38.59765625,0.01912958798312326,0.0,0.5278,0.2089,0.1062,mem_leak_cartservice_3
2026-10-04T22:31:45,shippingservice,12.48046875,0.0018120739495434547,0.0,0.5278,0.2089,0.1062,mem_leak_cartservice_3
2026-10-04T22:31:45,paymentservice,41.55859375,0.0005781248139406894,0.0,0.5278,0.2089,0.1062,mem_leak_cartservice_3
2026-10-04T22:31:45,emailservice,39.078125,0.004219059247825395,0.0,0.5278,0.2089,0.1062,mem_leak_cartservice_3
2026-10-04T22:31:45,productcatalogservice,14.01953125,0.016361975960607344,0.0,0.5278,0.2089,0.1062,mem_leak_cartservice_3
2026-10-04T22:31:45,checkoutservice,11.99609375,0.0011468919200332461,0.0,0.5278,0.2089,0.1062,mem_leak_cartservice_3
2026-10-04T22:31:45,adservice,112.65625,0.004823520010958667,0.0,0.5278,0.2089,0.1062,mem_leak_cartservice_3
2026-10-04T22:31:45,recommendationservice,33.28515625,0.016800015453228758,4.0,0.5278,0.2089,0.1062,mem_leak_cartservice_3
2026-10-04T22:31:45,cartservice,54.92578125,0.017839260963447727,0.0,0.5278,0.2089,0.1062,mem_leak_cartservice_3
2026-10-04T22:31:51,frontend,16.53125,0.04852258328716313,0.0,0.0718,0.1469,0.2007,mem_leak_cartservice_3
2026-10-04T22:31:51,loadgenerator,103.20703125,0.007400838396434732,0.0,0.0718,0.1469,0.2007,mem_leak_cartservice_3
2026-10-04T22:31:51,redis-cart,5.93359375,0.004820230896096044,0.0,0.0718,0.1469,0.2007,mem_leak_cartservice_3
2026-10-04T22:31:51,currencyservice,38.70703125,0.025343095724996535,0.0,0.0718,0.1469,0.2007,mem_leak_cartservice_3
2026-10-04T22:31:51,shippingservice,12.48046875,0.001612462671428612,0.0,0.0718,0.1469,0.2007,mem_leak_cartservice_3
2026-10-04T22:31:51,paymentservice,41.42578125,0.001016819047024745,0.0,0.0718,0.1469,0.2007,mem_leak_cartservice_3
2026-10-04T22:31:51,emailservice,39.078125,0.003751379001667588,0.0,0.0718,0.1469,0.2007,mem_leak_cartservice_3
2026-10-04T22:31:51,productcatalogservice,14.25,0.02013896321070364,0.0,0.0718,0.1469,0.2007,mem_leak_cartservice_3
2026-10-04T22:31:51,checkoutservice,11.99609375,0.0011468919200332461,0.0,0.0718,0.1469,0.2007,mem_leak_cartservice_3
2026-10-04T22:31:51,adservice,112.65625,0.004116968120020102,0.0,0.0718,0.1469,0.2007,mem_leak_cartservice_3
2026-10-04T22:31:51,recommendationservice,33.2734375,0.015752314105745933,4.0,0.0718,0.1469,0.2007,mem_leak_cartservice_3
2026-10-04T22:31:51,cartservice,54.42578125,0.019314587493260985,0.0,0.0718,0.1469,0.2007,mem_leak_cartservice_3
2026-10-04T22:31:57,frontend,16.53125,0.04132007972295164,0.0,0.1474,0.0386,0.0569,mem_leak_cartservice_3
2026-10-04T22:31:57,loadgenerator,103.46875,0.007790424521408229,0.0,0.1474,0.0386,0.0569,mem_leak_cartservice_3
2026-10-04T22:31:57,redis-cart,5.93359375,0.003965970837444093,0.0,0.1474,0.0386,0.0569,mem_leak_cartservice_3
2026-10-04T22:31:57,currencyservice,38.70703125,0.020282924278572225,0.0,0.1474,0.0386,0.0569,mem_leak_cartservice_3
2026-10-04T22:31:57,shippingservice,12.2265625,0.0024290570838634874,0.0,0.1474,0.0386,0.0569,mem_leak_cartservice_3
2026-10-04T22:31:57,paymentservice,41.42578125,0.0010064736018520935,0.0,0.1474,0.0386,0.0569,mem_leak_cartservice_3
2026-10-04T22:31:57,emailservice,38.83203125,0.005506251444660823,0.0,0.1474,0.0386,0.0569,mem_leak_cartservice_3
2026-10-04T22:31:57,productcatalogservice,13.8984375,0.02202926157696674,0.0,0.1474,0.0386,0.0569,mem_leak_cartservice_3
2026-10-04T22:31:57,checkoutservice,11.9921875,0.002027091020303379,0.0,0.1474,0.0386,0.0569,mem_leak_cartservice_3
2026-10-04T22:31:57,adservice,112.7109375,0.004924825741610927,0.0,0.1474,0.0386,0.0569,mem_leak_cartservice_3
2026-10-04T22:31:57,recommendationservice,32.76953125,0.02012312003936375,4.0,0.1474,0.0386,0.0569,mem_leak_cartservice_3
2026-10-04T22:31:57,cartservice,60.9375,0.02734635679583084,0.0,0.1474,0.0386,0.0569,mem_leak_cartservice_3
2026-10-04T22:32:02,frontend,16.53125,0.0373687240532808,0.0,0.0722,0.0563,0.0197,mem_leak_cartservice_3
2026-10-04T22:32:02,loadgenerator,103.46875,0.007555711301670644,0.0,0.0722,0.0563,0.0197,mem_leak_cartservice_3
2026-10-04T22:32:02,redis-cart,5.93359375,0.0035460409500405786,0.0,0.0722,0.0563,0.0197,mem_leak_cartservice_3
2026-10-04T22:32:02,currencyservice,38.70703125,0.01641022377252672,0.0,0.0722,0.0563,0.0197,mem_leak_cartservice_3
2026-10-04T22:32:02,shippingservice,12.2265625,0.002618121145308953,0.0,0.0722,0.0563,0.0197,mem_leak_cartservice_3
2026-10-04T22:32:02,paymentservice,41.42578125,0.0010064736018520935,0.0,0.0722,0.0563,0.0197,mem_leak_cartservice_3
2026-10-04T22:32:02,emailservice,38.83203125,0.005773192730231152,0.0,0.0722,0.0563,0.0197,mem_leak_cartservice_3
2026-10-04T22:32:02,productcatalogservice,13.8984375,0.018932069784031752,0.0,0.0722,0.0563,0.0197,mem_leak_cartservice_3
2026-10-04T22:32:02,checkoutservice,11.9921875,0.002492090837901132,0.0,0.0722,0.0563,0.0197,mem_leak_cartservice_3
2026-10-04T22:32:02,adservice,112.7109375,0.004924825741610927,0.0,0.0722,0.0563,0.0197,mem_leak_cartservice_3
2026-10-04T22:32:02,recommendationservice,32.76953125,0.02012312003936375,4.0,0.0722,0.0563,0.0197,mem_leak_cartservice_3
2026-10-04T22:32:02,cartservice,60.9375,0.02882053336496229,0.0,0.0722,0.0563,0.0197,mem_leak_cartservice_3
2026-10-04T22:32:07,frontend,14.76171875,0.04743863018427449,0.0,0.1434,0.0945,0.0857,mem_leak_cartservice_3
2026-10-04T22:32:07,loadgenerator,103.46875,0.007555711301670644,0.0,0.1434,0.0945,0.0857,mem_leak_cartservice_3
2026-10-04T22:32:07,redis-cart,6.1796875,0.004777763847969938,0.0,0.1434,0.0945,0.0857,mem_leak_cartservice_3
2026-10-04T22:32:07,currencyservice,39.390625,0.02616765063193992,0.0,0.1434,0.0945,0.0857,mem_leak_cartservice_3
2026-10-04T22:32:07,shippingservice,12.46875,0.0025918432678158775,0.0,0.1434,0.0945,0.0857,mem_leak_cartservice_3
2026-10-04T22:32:07,paymentservice,41.42578125,0.0010064736018520935,0.0,0.1434,0.0945,0.0857,mem_leak_cartservice_3
2026-10-04T22:32:07,emailservice,38.85546875,0.006062238980501478,0.0,0.1434,0.0945,0.0857,mem_leak_cartservice_3
2026-10-04T22:32:07,productcatalogservice,14.1015625,0.02038224807656399,0.0,0.1434,0.0945,0.0857,mem_leak_cartservice_3
2026-10-04T22:32:07,checkoutservice,12.00390625,0.0022599283892255095,0.0,0.1434,0.0945,0.0857,mem_leak_cartservice_3
2026-10-04T22:32:07,adservice,112.78125,0.00467009137317067,0.0,0.1434,0.0945,0.0857,mem_leak_cartservice_3
2026-10-04T22:32:07,recommendationservice,32.76953125,0.02012312003936375,4.0,0.1434,0.0945,0.0857,mem_leak_cartservice_3
2026-10-04T22:32:07,cartservice,69.875,0.02928329349438822,0.0,0.1434,0.0945,0.0857,mem_leak_cartservice_3
2026-10-04T22:32:13,frontend,14.76171875,0.03211447499999167,0.0,0.0588,0.0389,0.0889,mem_leak_cartservice_3
2026-10-04T22:32:13,loadgenerator,103.46875,0.007555711301670644,0.0,0.0588,0.0389,0.0889,mem_leak_cartservice_3
2026-10-04T22:32:13,redis-cart,6.1796875,0.004990477833360653,0.0,0.0588,0.0389,0.0889,mem_leak_cartservice_3
2026-10-04T22:32:13,currencyservice,39.390625,0.026368208647906847,0.0,0.0588,0.0389,0.0889,mem_leak_cartservice_3
2026-10-04T22:32:13,shippingservice,12.46875,0.0025918432678158775,0.0,0.0588,0.0389,0.0889,mem_leak_cartservice_3
2026-10-04T22:32:13,paymentservice,41.42578125,0.0010344142547143696,0.0,0.0588,0.0389,0.0889,mem_leak_cartservice_3
2026-10-04T22:32:13,emailservice,38.85546875,0.006062238980501478,0.0,0.0588,0.0389,0.0889,mem_leak_cartservice_3
2026-10-04T22:32:13,productcatalogservice,14.1015625,0.02038224807656399,0.0,0.0588,0.0389,0.0889,mem_leak_cartservice_3
2026-10-04T22:32:13,checkoutservice,12.00390625,0.002259928389225509,0.0,0.0588,0.0389,0.0889,mem_leak_cartservice_3
2026-10-04T22:32:13,adservice,112.78125,0.00467009137317067,0.0,0.0588,0.0389,0.0889,mem_leak_cartservice_3
2026-10-04T22:32:13,recommendationservice,32.76953125,0.01664254474541473,4.0,0.0588,0.0389,0.0889,mem_leak_cartservice_3
2026-10-04T22:32:13,cartservice,69.875,0.028719062688374427,0.0,0.0588,0.0389,0.0889,mem_leak_cartservice_3
2026-10-04T22:32:18,frontend,15.4453125,0.046848487570455136,0.0,0.0866,0.0397,0.0959,mem_leak_cartservice_3
2026-10-04T22:32:18,loadgenerator,103.2265625,0.007501196893914952,0.0,0.0866,0.0397,0.0959,mem_leak_cartservice_3
2026-10-04T22:32:18,redis-cart,6.67578125,0.004822198576169835,0.0,0.0866,0.0397,0.0959,mem_leak_cartservice_3
2026-10-04T22:32:18,currencyservice,39.52734375,0.025727961461737774,0.0,0.0866,0.0397,0.0959,mem_leak_cartservice_3
2026-10-04T22:32:18,shippingservice,11.7265625,0.0023918973219566706,0.0,0.0866,0.0397,0.0959,mem_leak_cartservice_3
2026-10-04T22:32:18,paymentservice,41.46484375,0.0009479566471114967,0.0,0.0866,0.0397,0.0959,mem_leak_cartservice_3
2026-10-04T22:32:18,emailservice,38.8515625,0.005982674906201637,0.0,0.0866,0.0397,0.0959,mem_leak_cartservice_3
2026-10-04T22:32:18,productcatalogservice,14.1015625,0.02038224807656399,0.0,0.0866,0.0397,0.0959,mem_leak_cartservice_3
2026-10-04T22:32:18,checkoutservice,12.015625,0.0024620689990501182,0.0,0.0866,0.0397,0.0959,mem_leak_cartservice_3
2026-10-04T22:32:18,adservice,112.52734375,0.004673882730251542,0.0,0.0866,0.0397,0.0959,mem_leak_cartservice_3
2026-10-04T22:32:18,recommendationservice,33.02734375,0.018576700006566135,4.0,0.0866,0.0397,0.0959,mem_leak_cartservice_3
2026-10-04T22:32:18,cartservice,69.37109375,0.03508074910107137,0.0,0.0866,0.0397,0.0959,mem_leak_cartservice_3
2026-10-04T22:32:23,frontend,15.4453125,0.046848487570455136,0.0,0.2288,0.1844,0.1996,mem_leak_cartservice_3
2026-10-04T22:32:23,loadgenerator,103.2265625,0.008051322850368086,0.0,0.2288,0.1844,0.1996,mem_leak_cartservice_3
2026-10-04T22:32:23,redis-cart,6.67578125,0.0040478740398013635,0.0,0.2288,0.1844,0.1996,mem_leak_cartservice_3
2026-10-04T22:32:23,currencyservice,39.52734375,0.028205633708691166,0.0,0.2288,0.1844,0.1996,mem_leak_cartservice_3
2026-10-04T22:32:23,shippingservice,11.7265625,0.002391897321956671,0.0,0.2288,0.1844,0.1996,mem_leak_cartservice_3
2026-10-04T22:32:23,paymentservice,41.46484375,0.0008762822505440522,0.0,0.2288,0.1844,0.1996,mem_leak_cartservice_3
2026-10-04T22:32:23,emailservice,38.8515625,0.005982674906201637,0.0,0.2288,0.1844,0.1996,mem_leak_cartservice_3
2026-10-04T22:32:23,productcatalogservice,14.1015625,0.01817323735610481,0.0,0.2288,0.1844,0.1996,mem_leak_cartservice_3
2026-10-04T22:32:23,checkoutservice,12.015625,0.0023001333333333993,0.0,0.2288,0.1844,0.1996,mem_leak_cartservice_3
2026-10-04T22:32:23,adservice,112.52734375,0.004647774885335911,0.0,0.2288,0.1844,0.1996,mem_leak_cartservice_3
2026-10-04T22:32:23,recommendationservice,33.02734375,0.01857670000656613,4.0,0.2288,0.1844,0.1996,mem_leak_cartservice_3
2026-10-04T22:32:23,cartservice,69.37109375,0.03200600413718496,0.0,0.2288,0.1844,0.1996,mem_leak_cartservice_3
2026-10-04T22:32:29,frontend,15.4453125,0.046848487570455136,0.0,0.0465,0.0545,0.035,mem_leak_cartservice_3
2026-10-04T22:32:29,loadgenerator,103.46875,0.007361882968290987,0.0,0.0465,0.0545,0.035,mem_leak_cartservice_3
2026-10-04T22:32:29,redis-cart,5.93359375,0.004416556223874932,0.0,0.0465,0.0545,0.035,mem_leak_cartservice_3
2026-10-04T22:32:29,currencyservice,38.80078125,0.025845096133331413,0.0,0.0465,0.0545,0.035,mem_leak_cartservice_3
2026-10-04T22:32:29,shippingservice,11.7265625,0.0012295250000008196,0.0,0.0465,0.0545,0.035,mem_leak_cartservice_3
2026-10-04T22:32:29,paymentservice,41.5,0.0009430005087176297,0.0,0.0465,0.0545,0.035,mem_leak_cartservice_3
2026-10-04T22:32:29,emailservice,39.109375,0.004824199545677229,0.0,0.0465,0.0545,0.035,mem_leak_cartservice_3
2026-10-04T22:32:29,productcatalogservice,13.61328125,0.021027696550410556,0.0,0.0465,0.0545,0.035,mem_leak_cartservice_3
2026-10-04T22:32:29,checkoutservice,12.015625,0.0023778710779461714,0.0,0.0465,0.0545,0.035,mem_leak_cartservice_3
2026-10-04T22:32:29,adservice,112.52734375,0.004647774885335911,0.0,0.0465,0.0545,0.035,mem_leak_cartservice_3
2026-10-04T22:32:29,recommendationservice,32.77734375,0.01958230921599299,4.0,0.0465,0.0545,0.035,mem_leak_cartservice_3
2026-10-04T22:32:29,cartservice,77.8359375,0.03998212159944328,0.0,0.0465,0.0545,0.035,mem_leak_cartservice_3
2026-10-04T22:32:34,frontend,15.4453125,0.03698645879374516,0.0,0.0904,0.0445,0.0718,mem_leak_cartservice_3
2026-10-04T22:32:34,loadgenerator,103.46875,0.007361882968290986,0.0,0.0904,0.0445,0.0718,mem_leak_cartservice_3
2026-10-04T22:32:34,redis-cart,5.93359375,0.0036905725263637564,0.0,0.0904,0.0445,0.0718,mem_leak_cartservice_3
2026-10-04T22:32:34,currencyservice,38.80078125,0.025845096133331417,0.0,0.0904,0.0445,0.0718,mem_leak_cartservice_3
2026-10-04T22:32:34,shippingservice,11.7265625,0.00145919053696973,0.0,0.0904,0.0445,0.0718,mem_leak_cartservice_3
2026-10-04T22:32:34,paymentservice,41.5,0.0009430005087176297,0.0,0.0904,0.0445,0.0718,mem_leak_cartservice_3
2026-10-04T22:32:34,emailservice,39.109375,0.006064297938228883,0.0,0.0904,0.0445,0.0718,mem_leak_cartservice_3
2026-10-04T22:32:34,productcatalogservice,13.61328125,0.021027696550410556,0.0,0.0904,0.0445,0.0718,mem_leak_cartservice_3
2026-10-04T22:32:34,checkoutservice,12.015625,0.0021051981545923307,0.0,0.0904,0.0445,0.0718,mem_leak_cartservice_3
2026-10-04T22:32:34,adservice,112.52734375,0.00373894123796585,0.0,0.0904,0.0445,0.0718,mem_leak_cartservice_3
2026-10-04T22:32:34,recommendationservice,32.77734375,0.01958230921599299,4.0,0.0904,0.0445,0.0718,mem_leak_cartservice_3
2026-10-04T22:32:34,cartservice,77.8359375,0.041753623210579884,0.0,0.0904,0.0445,0.0718,mem_leak_cartservice_3
2026-10-04T22:32:39,frontend,15.2421875,0.045932435054436116,0.0,0.0702,0.0233,0.0162,mem_leak_cartservice_3
2026-10-04T22:32:39,loadgenerator,103.92578125,0.006240167538307267,0.0,0.0702,0.0233,0.0162,mem_leak_cartservice_3
2026-10-04T22:32:39,redis-cart,5.93359375,0.0021773749999994155,0.0,0.0702,0.0233,0.0162,mem_leak_cartservice_3
2026-10-04T22:32:39,currencyservice,38.796875,0.01910862974612262,0.0,0.0702,0.0233,0.0162,mem_leak_cartservice_3
2026-10-04T22:32:39,shippingservice,11.984375,0.002453565008987298,0.0,0.0702,0.0233,0.0162,mem_leak_cartservice_3
2026-10-04T22:32:39,paymentservice,41.5,0.0009430005087176297,0.0,0.0702,0.0233,0.0162,mem_leak_cartservice_3
2026-10-04T22:32:39,emailservice,39.109375,0.00514641590946179,0.0,0.0702,0.0233,0.0162,mem_leak_cartservice_3
2026-10-04T22:32:39,productcatalogservice,13.61328125,0.019442962724937826,0.0,0.0702,0.0233,0.0162,mem_leak_cartservice_3
2026-10-04T22:32:39,checkoutservice,12.0546875,0.0020149747474748035,0.0,0.0702,0.0233,0.0162,mem_leak_cartservice_3
2026-10-04T22:32:39,adservice,112.5234375,0.004860319803198929,0.0,0.0702,0.0233,0.0162,mem_leak_cartservice_3
2026-10-04T22:32:39,recommendationservice,32.77734375,0.015377738157206996,4.0,0.0702,0.0233,0.0162,mem_leak_cartservice_3
2026-10-04T22:32:39,cartservice,74.73046875,0.04412914038599232,0.0,0.0702,0.0233,0.0162,mem_leak_cartservice_3
2026-10-04T22:32:44,frontend,15.2421875,0.0385363966527388,0.0,0.0436,0.0447,0.028,mem_leak_cartservice_3
2026-10-04T22:32:44,loadgenerator,103.92578125,0.007378628414020517,0.0,0.0436,0.0447,0.028,mem_leak_cartservice_3
2026-10-04T22:32:44,redis-cart,5.93359375,0.0021773749999994155,0.0,0.0436,0.0447,0.028,mem_leak_cartservice_3
2026-10-04T22:32:44,currencyservice,38.796875,0.017686244444444634,0.0,0.0436,0.0447,0.028,mem_leak_cartservice_3
2026-10-04T22:32:44,shippingservice,11.984375,0.002084596539844116,0.0,0.0436,0.0447,0.028,mem_leak_cartservice_3
2026-10-04T22:32:44,paymentservice,41.5,0.0007159055960943842,0.0,0.0436,0.0447,0.028,mem_leak_cartservice_3
2026-10-04T22:32:44,emailservice,39.109375,0.004621854137804992,0.0,0.0436,0.0447,0.028,mem_leak_cartservice_3
2026-10-04T22:32:44,productcatalogservice,13.61328125,0.019442962724937826,0.0,0.0436,0.0447,0.028,mem_leak_cartservice_3
2026-10-04T22:32:44,checkoutservice,12.0546875,0.0016757201658249626,0.0,0.0436,0.0447,0.028,mem_leak_cartservice_3
2026-10-04T22:32:44,adservice,112.5234375,0.004860319803198929,0.0,0.0436,0.0447,0.028,mem_leak_cartservice_3
2026-10-04T22:32:44,recommendationservice,32.77734375,0.01411553855222884,4.0,0.0436,0.0447,0.028,mem_leak_cartservice_3
2026-10-04T22:32:44,cartservice,74.73046875,0.04412914038599232,0.0,0.0436,0.0447,0.028,mem_leak_cartservice_3
2026-10-04T22:32:50,frontend,15.2421875,0.034590952321783816,0.0,0.0298,0.0262,0.0275,mem_leak_cartservice_3
2026-10-04T22:32:50,loadgenerator,103.92578125,0.006174251791142018,0.0,0.0298,0.0262,0.0275,mem_leak_cartservice_3
2026-10-04T22:32:50,redis-cart,6.43359375,0.004552560374256806,0.0,0.0298,0.0262,0.0275,mem_leak_cartservice_3
2026-10-04T22:32:50,currencyservice,38.5390625,0.02452880324993969,0.0,0.0298,0.0262,0.0275,mem_leak_cartservice_3
2026-10-04T22:32:50,shippingservice,11.984375,0.0018537361575672912,0.0,0.0298,0.0262,0.0275,mem_leak_cartservice_3
2026-10-04T22:32:50,paymentservice,42.26171875,0.0008253669994127633,0.0,0.0298,0.0262,0.0275,mem_leak_cartservice_3
2026-10-04T22:32:50,emailservice,38.84765625,0.0056998117360068596,0.0,0.0298,0.0262,0.0275,mem_leak_cartservice_3
2026-10-04T22:32:50,productcatalogservice,13.11328125,0.017747948274479994,0.0,0.0298,0.0262,0.0275,mem_leak_cartservice_3
2026-10-04T22:32:50,checkoutservice,12.31640625,0.002100795332831992,0.0,0.0298,0.0262,0.0275,mem_leak_cartservice_3
2026-10-04T22:32:50,adservice,112.5234375,0.004098221658057338,0.0,0.0298,0.0262,0.0275,mem_leak_cartservice_3
2026-10-04T22:32:50,recommendationservice,32.27734375,0.01821516754850121,4.0,0.0298,0.0262,0.0275,mem_leak_cartservice_3
2026-10-04T22:32:50,cartservice,2.703125,0.042120071524869504,0.0,0.0298,0.0262,0.0275,mem_leak_cartservice_3
2026-10-04T22:32:55,frontend,15.2421875,0.030631768776675776,0.0,0.0385,0.0434,0.0315,mem_leak_cartservice_3
2026-10-04T22:32:55,loadgenerator,103.92578125,0.005536369364749944,0.0,0.0385,0.0434,0.0315,mem_leak_cartservice_3
2026-10-04T22:32:55,redis-cart,6.43359375,0.0036608529029513335,0.0,0.0385,0.0434,0.0315,mem_leak_cartservice_3
2026-10-04T22:32:55,currencyservice,38.5390625,0.021658882168023308,0.0,0.0385,0.0434,0.0315,mem_leak_cartservice_3
2026-10-04T22:32:55,shippingservice,11.984375,0.0016445332997713734,0.0,0.0385,0.0434,0.0315,mem_leak_cartservice_3
2026-10-04T22:32:55,paymentservice,42.26171875,0.0006890415906569789,0.0,0.0385,0.0434,0.0315,mem_leak_cartservice_3
2026-10-04T22:32:55,emailservice,38.84765625,0.00463902927350485,0.0,0.0385,0.0434,0.0315,mem_leak_cartservice_3
2026-10-04T22:32:55,productcatalogservice,13.11328125,0.018076533409777346,0.0,0.0385,0.0434,0.0315,mem_leak_cartservice_3
2026-10-04T22:32:55,checkoutservice,12.31640625,0.002100795332831992,0.0,0.0385,0.0434,0.0315,mem_leak_cartservice_3
2026-10-04T22:32:55,adservice,112.5234375,0.003873348092619883,0.0,0.0385,0.0434,0.0315,mem_leak_cartservice_3
2026-10-04T22:32:55,recommendationservice,32.27734375,0.01821516754850121,4.0,0.0385,0.0434,0.0315,mem_leak_cartservice_3
2026-10-04T22:32:55,cartservice,2.703125,0.036391500872457426,0.0,0.0385,0.0434,0.0315,mem_leak_cartservice_3
2026-10-04T22:33:00,frontend,14.76171875,0.04543354216570881,0.0,0.028,0.029,0.031,mem_leak_cartservice_3
2026-10-04T22:33:00,loadgenerator,103.69140625,0.007882918680870953,0.0,0.028,0.029,0.031,mem_leak_cartservice_3
2026-10-04T22:33:00,redis-cart,6.42578125,0.0043583724918152,0.0,0.028,0.029,0.031,mem_leak_cartservice_3
2026-10-04T22:33:00,currencyservice,38.5390625,0.01982480302086442,0.0,0.028,0.029,0.031,mem_leak_cartservice_3
2026-10-04T22:33:00,shippingservice,11.7265625,0.002320981088727574,0.0,0.028,0.029,0.031,mem_leak_cartservice_3
2026-10-04T22:33:00,paymentservice,41.41796875,0.0007548881699254122,0.0,0.028,0.029,0.031,mem_leak_cartservice_3
2026-10-04T22:33:00,emailservice,40.09375,0.004940004958225257,0.0,0.028,0.029,0.031,mem_leak_cartservice_3
2026-10-04T22:33:00,productcatalogservice,13.11328125,0.016274536327749382,0.0,0.028,0.029,0.031,mem_leak_cartservice_3
2026-10-04T22:33:00,checkoutservice,12.31640625,0.001914626528244568,0.0,0.028,0.029,0.031,mem_leak_cartservice_3
2026-10-04T22:33:00,adservice,112.5078125,0.004087993577420325,0.0,0.028,0.029,0.031,mem_leak_cartservice_3
2026-10-04T22:33:00,recommendationservice,32.27734375,0.015932337859808132,4.0,0.028,0.029,0.031,mem_leak_cartservice_3
2026-10-04T22:33:00,cartservice,16.875,0.03947655393749169,0.0,0.028,0.029,0.031,mem_leak_cartservice_3
2026-10-04T22:33:05,frontend,14.76171875,0.03767917235657645,0.0,0.0259,0.0271,0.0278,mem_leak_cartservice_3
2026-10-04T22:33:05,loadgenerator,103.69140625,0.006687364577935194,0.0,0.0259,0.0271,0.0278,mem_leak_cartservice_3
2026-10-04T22:33:05,redis-cart,6.42578125,0.0043583724918152,0.0,0.0259,0.0271,0.0278,mem_leak_cartservice_3
2026-10-04T22:33:05,currencyservice,38.5390625,0.01769609011741941,0.0,0.0259,0.0271,0.0278,mem_leak_cartservice_3
2026-10-04T22:33:05,shippingservice,11.7265625,0.0025661433746845407,0.0,0.0259,0.0271,0.0278,mem_leak_cartservice_3
2026-10-04T22:33:05,paymentservice,41.41796875,0.0007548881699254122,0.0,0.0259,0.0271,0.0278,mem_leak_cartservice_3
2026-10-04T22:33:05,emailservice,40.09375,0.00467876740529717,0.0,0.0259,0.0271,0.0278,mem_leak_cartservice_3
2026-10-04T22:33:05,productcatalogservice,13.11328125,0.012563124999996943,0.0,0.0259,0.0271,0.0278,mem_leak_cartservice_3
2026-10-04T22:33:05,checkoutservice,12.31640625,0.001471494195892897,0.0,0.0259,0.0271,0.0278,mem_leak_cartservice_3
2026-10-04T22:33:05,adservice,112.5078125,0.0039109969111337985,0.0,0.0259,0.0271,0.0278,mem_leak_cartservice_3
2026-10-04T22:33:05,recommendationservice,32.27734375,0.014282167916639839,4.0,0.0259,0.0271,0.0278,mem_leak_cartservice_3
2026-10-04T22:33:05,cartservice,16.875,0.032613841666666664,0.0,0.0259,0.0271,0.0278,mem_leak_cartservice_3
2026-10-04T22:33:10,frontend,14.8203125,0.033325004929992866,0.0,0.0352,0.0245,0.0397,mem_leak_cartservice_3
2026-10-04T22:33:10,loadgenerator,104.375,0.008187229300168221,0.0,0.0352,0.0245,0.0397,mem_leak_cartservice_3
2026-10-04T22:33:10,redis-cart,6.42578125,0.0044575184168725215,0.0,0.0352,0.0245,0.0397,mem_leak_cartservice_3
2026-10-04T22:33:10,currencyservice,39.078125,0.01879159722595474,0.0,0.0352,0.0245,0.0397,mem_leak_cartservice_3
2026-10-04T22:33:10,shippingservice,11.96875,0.001975148538527867,0.0,0.0352,0.0245,0.0397,mem_leak_cartservice_3
2026-10-04T22:33:10,paymentservice,41.41796875,0.0007548881699254122,0.0,0.0352,0.0245,0.0397,mem_leak_cartservice_3
2026-10-04T22:33:10,emailservice,39.34375,0.0056582617000950075,0.0,0.0352,0.0245,0.0397,mem_leak_cartservice_3
2026-10-04T22:33:10,productcatalogservice,13.109375,0.013816187104174735,0.0,0.0352,0.0245,0.0397,mem_leak_cartservice_3
2026-10-04T22:33:10,checkoutservice,12.06640625,0.001248199697428065,0.0,0.0352,0.0245,0.0397,mem_leak_cartservice_3
2026-10-04T22:33:10,adservice,112.39453125,0.0031739907550076977,0.0,0.0352,0.0245,0.0397,mem_leak_cartservice_3
2026-10-04T22:33:10,recommendationservice,32.27734375,0.013812594089214198,4.0,0.0352,0.0245,0.0397,mem_leak_cartservice_3
2026-10-04T22:33:10,cartservice,16.875,0.032613841666666664,0.0,0.0352,0.0245,0.0397,mem_leak_cartservice_3
2026-10-04T22:33:16,frontend,14.8203125,0.02885760982221676,0.0,0.0267,0.0341,0.0292,mem_leak_cartservice_3
2026-10-04T22:33:16,loadgenerator,104.375,0.006998739255730746,0.0,0.0267,0.0341,0.0292,mem_leak_cartservice_3
2026-10-04T22:33:16,redis-cart,6.42578125,0.0033792261388376553,0.0,0.0267,0.0341,0.0292,mem_leak_cartservice_3
2026-10-04T22:33:16,currencyservice,39.078125,0.015028997472506769,0.0,0.0267,0.0341,0.0292,mem_leak_cartservice_3
2026-10-04T22:33:16,shippingservice,11.96875,0.0014842076427894325,0.0,0.0267,0.0341,0.0292,mem_leak_cartservice_3
2026-10-04T22:33:16,paymentservice,41.41796875,0.0004953486161251017,0.0,0.0267,0.0341,0.0292,mem_leak_cartservice_3
2026-10-04T22:33:16,emailservice,39.34375,0.00545597935187817,0.0,0.0267,0.0341,0.0292,mem_leak_cartservice_3
2026-10-04T22:33:16,productcatalogservice,13.109375,0.011545112970628501,0.0,0.0267,0.0341,0.0292,mem_leak_cartservice_3
2026-10-04T22:33:16,checkoutservice,12.06640625,0.001248199697428065,0.0,0.0267,0.0341,0.0292,mem_leak_cartservice_3
2026-10-04T22:33:16,adservice,112.39453125,0.003173990755007698,0.0,0.0267,0.0341,0.0292,mem_leak_cartservice_3
2026-10-04T22:33:16,recommendationservice,32.27734375,0.011544449758218247,4.0,0.0267,0.0341,0.0292,mem_leak_cartservice_3
2026-10-04T22:33:16,cartservice,16.875,0.032613841666666664,0.0,0.0267,0.0341,0.0292,mem_leak_cartservice_3
2026-10-04T22:33:21,frontend,14.8203125,0.02885760982221676,0.0,0.0255,0.0211,0.0205,mem_leak_cartservice_3
2026-10-04T22:33:21,loadgenerator,103.515625,0.00856807520476369,0.0,0.0255,0.0211,0.0205,mem_leak_cartservice_3
2026-10-04T22:33:21,redis-cart,6.42578125,0.00364506527569079,0.0,0.0255,0.0211,0.0205,mem_leak_cartservice_3
2026-10-04T22:33:21,currencyservice,39.078125,0.010722372444945635,0.0,0.0255,0.0211,0.0205,mem_leak_cartservice_3
2026-10-04T22:33:21,shippingservice,11.72265625,0.0013304675811794385,0.0,0.0255,0.0211,0.0205,mem_leak_cartservice_3
2026-10-04T22:33:21,paymentservice,41.46484375,0.000676668149937484,0.0,0.0255,0.0211,0.0205,mem_leak_cartservice_3
2026-10-04T22:33:21,emailservice,39.34375,0.00545597935187817,0.0,0.0255,0.0211,0.0205,mem_leak_cartservice_3
2026-10-04T22:33:21,productcatalogservice,13.375,0.008689576577847339,0.0,0.0255,0.0211,0.0205,mem_leak_cartservice_3
2026-10-04T22:33:21,checkoutservice,12.078125,0.0010948874879205415,0.0,0.0255,0.0211,0.0205,mem_leak_cartservice_3
2026-10-04T22:33:21,adservice,112.39453125,0.0019416736835287972,0.0,0.0255,0.0211,0.0205,mem_leak_cartservice_3
2026-10-04T22:33:21,recommendationservice,32.27734375,0.011544449758218247,4.0,0.0255,0.0211,0.0205,mem_leak_cartservice_3
2026-10-04T22:33:21,cartservice,23.25,0.048987075,0.0,0.0255,0.0211,0.0205,mem_leak_cartservice_3
2026-10-04T22:33:26,frontend,14.8203125,0.023253582234783188,0.0,0.1142,0.0872,0.0875,mem_leak_cartservice_3
2026-10-04T22:33:26,loadgenerator,103.515625,0.008389885887058938,0.0,0.1142,0.0872,0.0875,mem_leak_cartservice_3
2026-10-04T22:33:26,redis-cart,6.42578125,0.00364506527569079,0.0,0.1142,0.0872,0.0875,mem_leak_cartservice_3
2026-10-04T22:33:26,currencyservice,39.078125,0.009406131623189758,0.0,0.1142,0.0872,0.0875,mem_leak_cartservice_3
2026-10-04T22:33:26,shippingservice,11.72265625,0.0013304675811794385,0.0,0.1142,0.0872,0.0875,mem_leak_cartservice_3
2026-10-04T22:33:26,paymentservice,41.46484375,0.0006977751052316263,0.0,0.1142,0.0872,0.0875,mem_leak_cartservice_3
2026-10-04T22:33:26,emailservice,39.34375,0.004201687698600646,0.0,0.1142,0.0872,0.0875,mem_leak_cartservice_3
2026-10-04T22:33:26,productcatalogservice,13.375,0.008689576577847339,0.0,0.1142,0.0872,0.0875,mem_leak_cartservice_3
2026-10-04T22:33:26,checkoutservice,12.078125,0.0010948874879205415,0.0,0.1142,0.0872,0.0875,mem_leak_cartservice_3
2026-10-04T22:33:26,adservice,112.39453125,0.0014912539307922047,0.0,0.1142,0.0872,0.0875,mem_leak_cartservice_3
2026-10-04T22:33:26,recommendationservice,32.27734375,0.0040676688168729295,4.0,0.1142,0.0872,0.0875,mem_leak_cartservice_3
2026-10-04T22:33:26,cartservice,23.25,0.048987075,0.0,0.1142,0.0872,0.0875,mem_leak_cartservice_3
2026-10-04T22:33:31,frontend,14.61328125,0.012125395280953173,0.0,0.0725,0.0498,0.0381,mem_leak_cartservice_3
2026-10-04T22:33:31,loadgenerator,103.515625,0.007000287731776226,0.0,0.0725,0.0498,0.0381,mem_leak_cartservice_3
2026-10-04T22:33:31,redis-cart,5.68359375,0.0035488277444644814,0.0,0.0725,0.0498,0.0381,mem_leak_cartservice_3
2026-10-04T22:33:31,currencyservice,39.43359375,0.006065449662895373,0.0,0.0725,0.0498,0.0381,mem_leak_cartservice_3
2026-10-04T22:33:31,shippingservice,11.72265625,0.0007906783475878291,0.0,0.0725,0.0498,0.0381,mem_leak_cartservice_3
2026-10-04T22:33:31,paymentservice,41.46484375,0.0005602901503308216,0.0,0.0725,0.0498,0.0381,mem_leak_cartservice_3
2026-10-04T22:33:31,emailservice,39.09765625,0.005233368608397837,0.0,0.0725,0.0498,0.0381,mem_leak_cartservice_3
2026-10-04T22:33:31,productcatalogservice,14.56640625,0.004330420243008523,0.0,0.0725,0.0498,0.0381,mem_leak_cartservice_3
2026-10-04T22:33:31,checkoutservice,12.078125,0.0005031637290749607,0.0,0.0725,0.0498,0.0381,mem_leak_cartservice_3
2026-10-04T22:33:31,adservice,112.39453125,0.0016062388835673441,0.0,0.0725,0.0498,0.0381,mem_leak_cartservice_3
2026-10-04T22:33:31,recommendationservice,32.5234375,0.004980474586574195,4.0,0.0725,0.0498,0.0381,mem_leak_cartservice_3
2026-10-04T22:33:31,cartservice,24.38671875,0.051859287716899474,0.0,0.0725,0.0498,0.0381,mem_leak_cartservice_3
2026-10-04T22:33:36,frontend,14.57421875,0.01732919386735718,0.0,0.1141,0.049,0.0988,mem_leak_cartservice_3
2026-10-04T22:33:36,loadgenerator,103.6953125,0.008114393782145773,0.0,0.1141,0.049,0.0988,mem_leak_cartservice_3
2026-10-04T22:33:36,redis-cart,5.68359375,0.0033796830208578294,0.0,0.1141,0.049,0.0988,mem_leak_cartservice_3
2026-10-04T22:33:36,currencyservice,39.0859375,0.008443113194804982,0.0,0.1141,0.049,0.0988,mem_leak_cartservice_3
2026-10-04T22:33:36,shippingservice,11.53515625,0.0011585921843683326,0.0,0.1141,0.049,0.0988,mem_leak_cartservice_3
2026-10-04T22:33:36,paymentservice,41.4296875,0.0006058276328268441,0.0,0.1141,0.049,0.0988,mem_leak_cartservice_3
2026-10-04T22:33:36,emailservice,39.09765625,0.0043007532481112954,0.0,0.1141,0.049,0.0988,mem_leak_cartservice_3
2026-10-04T22:33:36,productcatalogservice,14.56640625,0.004330420243008524,0.0,0.1141,0.049,0.0988,mem_leak_cartservice_3
2026-10-04T22:33:36,checkoutservice,12.0703125,0.0009820758465410634,0.0,0.1141,0.049,0.0988,mem_leak_cartservice_3
2026-10-04T22:33:36,adservice,112.640625,0.0013314647163297547,0.0,0.1141,0.049,0.0988,mem_leak_cartservice_3
2026-10-04T22:33:36,recommendationservice,32.5234375,0.004980474586574195,4.0,0.1141,0.049,0.0988,mem_leak_cartservice_3
2026-10-04T22:33:36,cartservice,24.38671875,0.05728996939756761,0.0,0.1141,0.049,0.0988,mem_leak_cartservice_3
2026-10-04T22:33:42,frontend,14.57421875,0.017329193867357182,0.0,0.0995,0.0986,0.0372,mem_leak_cartservice_3
2026-10-04T22:33:42,loadgenerator,103.6953125,0.008114393782145773,0.0,0.0995,0.0986,0.0372,mem_leak_cartservice_3
2026-10-04T22:33:42,redis-cart,5.68359375,0.0027236443004715638,0.0,0.0995,0.0986,0.0372,mem_leak_cartservice_3
2026-10-04T22:33:42,currencyservice,39.0859375,0.008443113194804982,0.0,0.0995,0.0986,0.0372,mem_leak_cartservice_3
2026-10-04T22:33:42,shippingservice,11.53515625,0.0009989832377251017,0.0,0.0995,0.0986,0.0372,mem_leak_cartservice_3
2026-10-04T22:33:42,paymentservice,41.4296875,0.0005998057157181509,0.0,0.0995,0.0986,0.0372,mem_leak_cartservice_3
2026-10-04T22:33:42,emailservice,39.09765625,0.003974876152756582,0.0,0.0995,0.0986,0.0372,mem_leak_cartservice_3
2026-10-04T22:33:42,productcatalogservice,14.56640625,0.003566349999999829,0.0,0.0995,0.0986,0.0372,mem_leak_cartservice_3
2026-10-04T22:33:42,checkoutservice,12.0703125,0.0009820758465410634,0.0,0.0995,0.0986,0.0372,mem_leak_cartservice_3
2026-10-04T22:33:42,adservice,112.640625,0.0015656309132556986,0.0,0.0995,0.0986,0.0372,mem_leak_cartservice_3
2026-10-04T22:33:42,recommendationservice,32.5234375,0.004980474586574195,4.0,0.0995,0.0986,0.0372,mem_leak_cartservice_3
2026-10-04T22:33:42,cartservice,24.38671875,0.032101275600147285,0.0,0.0995,0.0986,0.0372,mem_leak_cartservice_3
2026-10-04T22:33:47,frontend,14.57421875,0.017280725264612037,0.0,0.0944,0.1284,0.0307,mem_leak_cartservice_3
2026-10-04T22:33:47,loadgenerator,103.6953125,0.008114393782145773,0.0,0.0944,0.1284,0.0307,mem_leak_cartservice_3
2026-10-04T22:33:47,redis-cart,5.9453125,0.0037537359625077187,0.0,0.0944,0.1284,0.0307,mem_leak_cartservice_3
2026-10-04T22:33:47,currencyservice,39.0859375,0.009408468345812111,0.0,0.0944,0.1284,0.0307,mem_leak_cartservice_3
2026-10-04T22:33:47,shippingservice,11.78125,0.0016552212830784308,0.0,0.0944,0.1284,0.0307,mem_leak_cartservice_3
2026-10-04T22:33:47,paymentservice,41.484375,0.0007461552868707047,0.0,0.0944,0.1284,0.0307,mem_leak_cartservice_3
2026-10-04T22:33:47,emailservice,38.84765625,0.005538518577897945,0.0,0.0944,0.1284,0.0307,mem_leak_cartservice_3
2026-10-04T22:33:47,productcatalogservice,14.36328125,0.010543460130657644,0.0,0.0944,0.1284,0.0307,mem_leak_cartservice_3
2026-10-04T22:33:47,checkoutservice,12.3203125,0.0019265152435322499,0.0,0.0944,0.1284,0.0307,mem_leak_cartservice_3
2026-10-04T22:33:47,adservice,112.39453125,0.0022524693796912567,0.0,0.0944,0.1284,0.0307,mem_leak_cartservice_3
2026-10-04T22:33:47,recommendationservice,32.296875,0.010690293579847736,4.0,0.0944,0.1284,0.0307,mem_leak_cartservice_3
2026-10-04T22:33:47,cartservice,36.69921875,0.08742611094853896,0.0,0.0944,0.1284,0.0307,mem_leak_cartservice_3
2026-10-04T22:33:52,frontend,14.57421875,0.01693014861722115,0.0,0.0892,0.0173,0.0395,mem_leak_cartservice_3
2026-10-04T22:33:52,loadgenerator,103.6953125,0.00700919589720931,0.0,0.0892,0.0173,0.0395,mem_leak_cartservice_3
2026-10-04T22:33:52,redis-cart,5.9453125,0.0032232641444425027,0.0,0.0892,0.0173,0.0395,mem_leak_cartservice_3
2026-10-04T22:33:52,currencyservice,39.0859375,0.009408468345812111,0.0,0.0892,0.0173,0.0395,mem_leak_cartservice_3
2026-10-04T22:33:52,shippingservice,11.78125,0.002059437348693186,0.0,0.0892,0.0173,0.0395,mem_leak_cartservice_3
2026-10-04T22:33:52,paymentservice,41.484375,0.0007461552868707047,0.0,0.0892,0.0173,0.0395,mem_leak_cartservice_3
2026-10-04T22:33:52,emailservice,38.84765625,0.005483117991223883,0.0,0.0892,0.0173,0.0395,mem_leak_cartservice_3
2026-10-04T22:33:52,productcatalogservice,14.36328125,0.010543460130657644,0.0,0.0892,0.0173,0.0395,mem_leak_cartservice_3
2026-10-04T22:33:52,checkoutservice,12.3203125,0.0019265152435322497,0.0,0.0892,0.0173,0.0395,mem_leak_cartservice_3
2026-10-04T22:33:52,adservice,112.39453125,0.0026377408120017063,0.0,0.0892,0.0173,0.0395,mem_leak_cartservice_3
2026-10-04T22:33:52,recommendationservice,32.296875,0.010690293579847736,4.0,0.0892,0.0173,0.0395,mem_leak_cartservice_3
2026-10-04T22:33:52,cartservice,36.69921875,0.09438097664798106,0.0,0.0892,0.0173,0.0395,mem_leak_cartservice_3
2026-10-04T22:33:58,frontend,15.57421875,0.03130579266153707,0.0,0.0694,0.0897,0.089,mem_leak_cartservice_3
2026-10-04T22:33:58,loadgenerator,103.9375,0.008877545770268771,0.0,0.0694,0.0897,0.089,mem_leak_cartservice_3
2026-10-04T22:33:58,redis-cart,6.19140625,0.0041005385550832415,0.0,0.0694,0.0897,0.089,mem_leak_cartservice_3
2026-10-04T22:33:58,currencyservice,38.85546875,0.017925658697423297,0.0,0.0694,0.0897,0.089,mem_leak_cartservice_3
2026-10-04T22:33:58,shippingservice,11.5390625,0.00241964456334731,0.0,0.0694,0.0897,0.089,mem_leak_cartservice_3
2026-10-04T22:33:58,paymentservice,41.484375,0.0007253529810714704,0.0,0.0694,0.0897,0.089,mem_leak_cartservice_3
2026-10-04T22:33:58,emailservice,38.8515625,0.005815241007484773,0.0,0.0694,0.0897,0.089,mem_leak_cartservice_3
2026-10-04T22:33:58,productcatalogservice,14.36328125,0.010543460130657644,0.0,0.0694,0.0897,0.089,mem_leak_cartservice_3
2026-10-04T22:33:58,checkoutservice,12.0703125,0.0025834205803170894,0.0,0.0694,0.0897,0.089,mem_leak_cartservice_3
2026-10-04T22:33:58,adservice,112.39453125,0.0026377408120017063,0.0,0.0694,0.0897,0.089,mem_leak_cartservice_3
2026-10-04T22:33:58,recommendationservice,32.78125,0.01353027112643404,4.0,0.0694,0.0897,0.089,mem_leak_cartservice_3
2026-10-04T22:33:58,cartservice,36.69921875,0.09438097664798106,0.0,0.0694,0.0897,0.089,mem_leak_cartservice_3
2026-10-04T22:34:03,frontend,15.57421875,0.03130579266153707,0.0,0.0758,0.0547,0.0434,mem_leak_cartservice_3
2026-10-04T22:34:03,loadgenerator,103.9375,0.008549541765667704,0.0,0.0758,0.0547,0.0434,mem_leak_cartservice_3
2026-10-04T22:34:03,redis-cart,6.19140625,0.0041005385550832415,0.0,0.0758,0.0547,0.0434,mem_leak_cartservice_3
2026-10-04T22:34:03,currencyservice,38.85546875,0.022308196936399557,0.0,0.0758,0.0547,0.0434,mem_leak_cartservice_3
2026-10-04T22:34:03,shippingservice,11.5390625,0.00241964456334731,0.0,0.0758,0.0547,0.0434,mem_leak_cartservice_3
2026-10-04T22:34:03,paymentservice,41.484375,0.000587626583790525,0.0,0.0758,0.0547,0.0434,mem_leak_cartservice_3
2026-10-04T22:34:03,emailservice,38.8515625,0.005815241007484773,0.0,0.0758,0.0547,0.0434,mem_leak_cartservice_3
2026-10-04T22:34:03,productcatalogservice,14.36328125,0.010575703914315109,0.0,0.0758,0.0547,0.0434,mem_leak_cartservice_3
2026-10-04T22:34:03,checkoutservice,12.0703125,0.003060845946698752,0.0,0.0758,0.0547,0.0434,mem_leak_cartservice_3
2026-10-04T22:34:03,adservice,112.39453125,0.0021636581904490777,0.0,0.0758,0.0547,0.0434,mem_leak_cartservice_3
2026-10-04T22:34:03,recommendationservice,32.78125,0.018718433152555565,4.0,0.0758,0.0547,0.0434,mem_leak_cartservice_3
2026-10-04T22:34:03,cartservice,36.69921875,0.07049905026941757,0.0,0.0758,0.0547,0.0434,mem_leak_cartservice_3
2026-10-04T22:34:08,frontend,15.69921875,0.0410761085231225,0.0,0.065,0.0195,0.0514,mem_leak_cartservice_3
2026-10-04T22:34:08,loadgenerator,104.19140625,0.008050561797754902,0.0,0.065,0.0195,0.0514,mem_leak_cartservice_3
2026-10-04T22:34:08,redis-cart,6.19140625,0.003361108940137856,0.0,0.065,0.0195,0.0514,mem_leak_cartservice_3
2026-10-04T22:34:08,currencyservice,38.85546875,0.017491020660445777,0.0,0.065,0.0195,0.0514,mem_leak_cartservice_3
2026-10-04T22:34:08,shippingservice,11.53515625,0.0026973593895097004,0.0,0.065,0.0195,0.0514,mem_leak_cartservice_3
2026-10-04T22:34:08,paymentservice,41.37890625,0.0007396504685461391,0.0,0.065,0.0195,0.0514,mem_leak_cartservice_3
2026-10-04T22:34:08,emailservice,38.8515625,0.006117775413907614,0.0,0.065,0.0195,0.0514,mem_leak_cartservice_3
2026-10-04T22:34:08,productcatalogservice,13.6328125,0.016738679804566815,0.0,0.065,0.0195,0.0514,mem_leak_cartservice_3
2026-10-04T22:34:08,checkoutservice,12.0703125,0.003060845946698752,0.0,0.065,0.0195,0.0514,mem_leak_cartservice_3
2026-10-04T22:34:08,adservice,113.14453125,0.003759694490936216,0.0,0.065,0.0195,0.0514,mem_leak_cartservice_3
2026-10-04T22:34:08,recommendationservice,32.78125,0.018718433152555565,4.0,0.065,0.0195,0.0514,mem_leak_cartservice_3
2026-10-04T22:34:08,cartservice,40.01953125,0.1374789891862433,0.0,0.065,0.0195,0.0514,mem_leak_cartservice_3
2026-10-04T22:34:13,frontend,15.69921875,0.0410761085231225,0.0,0.1333,0.2246,0.0326,mem_leak_cartservice_3
2026-10-04T22:34:13,loadgenerator,104.19140625,0.008050561797754902,0.0,0.1333,0.2246,0.0326,mem_leak_cartservice_3
2026-10-04T22:34:13,redis-cart,6.19140625,0.003267890619981939,0.0,0.1333,0.2246,0.0326,mem_leak_cartservice_3
2026-10-04T22:34:13,currencyservice,38.85546875,0.015448333427636124,0.0,0.1333,0.2246,0.0326,mem_leak_cartservice_3
2026-10-04T22:34:13,shippingservice,11.53515625,0.0026973593895097004,0.0,0.1333,0.2246,0.0326,mem_leak_cartservice_3
2026-10-04T22:34:13,paymentservice,41.37890625,0.0008924602595888812,0.0,0.1333,0.2246,0.0326,mem_leak_cartservice_3
2026-10-04T22:34:13,emailservice,38.8515625,0.0061177754139076146,0.0,0.1333,0.2246,0.0326,mem_leak_cartservice_3
2026-10-04T22:34:13,productcatalogservice,13.6328125,0.02019100132333346,0.0,0.1333,0.2246,0.0326,mem_leak_cartservice_3
2026-10-04T22:34:13,checkoutservice,12.0703125,0.002638599999999869,0.0,0.1333,0.2246,0.0326,mem_leak_cartservice_3
2026-10-04T22:34:13,adservice,113.14453125,0.003759694490936216,0.0,0.1333,0.2246,0.0326,mem_leak_cartservice_3
2026-10-04T22:34:13,recommendationservice,32.78125,0.018718433152555565,4.0,0.1333,0.2246,0.0326,mem_leak_cartservice_3
2026-10-04T22:34:13,cartservice,40.01953125,0.1374789891862433,0.0,0.1333,0.2246,0.0326,mem_leak_cartservice_3
2026-10-04T22:34:19,frontend,15.69921875,0.0410761085231225,0.0,0.1499,0.05,0.097,mem_leak_cartservice_3
2026-10-04T22:34:19,loadgenerator,104.19140625,0.008119326218339015,0.0,0.1499,0.05,0.097,mem_leak_cartservice_3
2026-10-04T22:34:19,redis-cart,5.94921875,0.0044366538525823125,0.0,0.1499,0.05,0.097,mem_leak_cartservice_3
2026-10-04T22:34:19,currencyservice,38.9140625,0.024121910835839814,0.0,0.1499,0.05,0.097,mem_leak_cartservice_3
2026-10-04T22:34:19,shippingservice,11.53515625,0.0028627023095102637,0.0,0.1499,0.05,0.097,mem_leak_cartservice_3
2026-10-04T22:34:19,paymentservice,41.37890625,0.0008924602595888812,0.0,0.1499,0.05,0.097,mem_leak_cartservice_3
2026-10-04T22:34:19,emailservice,38.8515625,0.004672042064200158,0.0,0.1499,0.05,0.097,mem_leak_cartservice_3
2026-10-04T22:34:19,productcatalogservice,13.90625,0.019630042251273412,0.0,0.1499,0.05,0.097,mem_leak_cartservice_3
2026-10-04T22:34:19,checkoutservice,12.31640625,0.002740609747471094,0.0,0.1499,0.05,0.097,mem_leak_cartservice_3
2026-10-04T22:34:19,adservice,113.14453125,0.0034279098931063647,0.0,0.1499,0.05,0.097,mem_leak_cartservice_3
2026-10-04T22:34:19,recommendationservice,32.78125,0.018523582324744218,4.0,0.1499,0.05,0.097,mem_leak_cartservice_3
2026-10-04T22:34:19,cartservice,40.16796875,0.09641624365482233,0.0,0.1499,0.05,0.097,mem_leak_cartservice_3
2026-10-04T22:34:24,frontend,15.69921875,0.03822111785930182,0.0,0.0567,0.0611,0.067,mem_leak_cartservice_3
2026-10-04T22:34:24,loadgenerator,104.19140625,0.006398299704258422,0.0,0.0567,0.0611,0.067,mem_leak_cartservice_3
2026-10-04T22:34:24,redis-cart,5.94921875,0.004400703520636045,0.0,0.0567,0.0611,0.067,mem_leak_cartservice_3
2026-10-04T22:34:24,currencyservice,38.9140625,0.024121910835839814,0.0,0.0567,0.0611,0.067,mem_leak_cartservice_3
2026-10-04T22:34:24,shippingservice,11.53515625,0.002265184769957734,0.0,0.0567,0.0611,0.067,mem_leak_cartservice_3
2026-10-04T22:34:24,paymentservice,41.37890625,0.0006813971267805257,0.0,0.0567,0.0611,0.067,mem_leak_cartservice_3
2026-10-04T22:34:24,emailservice,38.8515625,0.005742225396541411,0.0,0.0567,0.0611,0.067,mem_leak_cartservice_3
2026-10-04T22:34:24,productcatalogservice,13.90625,0.019630042251273412,0.0,0.0567,0.0611,0.067,mem_leak_cartservice_3
2026-10-04T22:34:24,checkoutservice,12.31640625,0.002740609747471094,0.0,0.0567,0.0611,0.067,mem_leak_cartservice_3
2026-10-04T22:34:24,adservice,113.14453125,0.0030460290678549075,0.0,0.0567,0.0611,0.067,mem_leak_cartservice_3
2026-10-04T22:34:24,recommendationservice,32.78125,0.012911074999999527,4.0,0.0567,0.0611,0.067,mem_leak_cartservice_3
2026-10-04T22:34:24,cartservice,40.16796875,0.06013576839674448,0.0,0.0567,0.0611,0.067,mem_leak_cartservice_3
2026-10-04T22:34:30,frontend,14.52734375,0.0448712108106032,0.0,0.191,0.1107,0.0354,mem_leak_cartservice_3
2026-10-04T22:34:30,loadgenerator,104.171875,0.008034100486222568,0.0,0.191,0.1107,0.0354,mem_leak_cartservice_3
2026-10-04T22:34:30,redis-cart,6.1953125,0.00437133543114507,0.0,0.191,0.1107,0.0354,mem_leak_cartservice_3
2026-10-04T22:34:30,currencyservice,38.578125,0.023056834288224068,0.0,0.191,0.1107,0.0354,mem_leak_cartservice_3
2026-10-04T22:34:30,shippingservice,11.78515625,0.0026582511747908957,0.0,0.191,0.1107,0.0354,mem_leak_cartservice_3
2026-10-04T22:34:30,paymentservice,41.4140625,0.0008430913348946379,0.0,0.191,0.1107,0.0354,mem_leak_cartservice_3
2026-10-04T22:34:30,emailservice,38.8515625,0.005742225396541411,0.0,0.191,0.1107,0.0354,mem_leak_cartservice_3
2026-10-04T22:34:30,productcatalogservice,13.90625,0.019977779098090433,0.0,0.191,0.1107,0.0354,mem_leak_cartservice_3
2026-10-04T22:34:30,checkoutservice,12.3046875,0.0026194720189356984,0.0,0.191,0.1107,0.0354,mem_leak_cartservice_3
2026-10-04T22:34:30,adservice,112.39453125,0.0041098229672565795,0.0,0.191,0.1107,0.0354,mem_leak_cartservice_3
2026-10-04T22:34:30,recommendationservice,32.76953125,0.018821811603565445,4.0,0.191,0.1107,0.0354,mem_leak_cartservice_3
2026-10-04T22:34:30,cartservice,40.16796875,0.06013576839674448,0.0,0.191,0.1107,0.0354,mem_leak_cartservice_3
2026-10-04T22:34:35,frontend,14.52734375,0.041952334757874764,0.0,0.0564,0.0171,0.0189,mem_leak_cartservice_3
2026-10-04T22:34:35,loadgenerator,104.171875,0.007459093164618828,0.0,0.0564,0.0171,0.0189,mem_leak_cartservice_3
2026-10-04T22:34:35,redis-cart,6.1953125,0.00437133543114507,0.0,0.0564,0.0171,0.0189,mem_leak_cartservice_3
2026-10-04T22:34:35,currencyservice,38.578125,0.019218181319132166,0.0,0.0564,0.0171,0.0189,mem_leak_cartservice_3
2026-10-04T22:34:35,shippingservice,11.78515625,0.0026582511747908957,0.0,0.0564,0.0171,0.0189,mem_leak_cartservice_3
2026-10-04T22:34:35,paymentservice,41.4140625,0.0008430913348946379,0.0,0.0564,0.0171,0.0189,mem_leak_cartservice_3
2026-10-04T22:34:35,emailservice,38.8515625,0.004376795975061321,0.0,0.0564,0.0171,0.0189,mem_leak_cartservice_3
2026-10-04T22:34:35,productcatalogservice,13.90625,0.016380946452971733,0.0,0.0564,0.0171,0.0189,mem_leak_cartservice_3
2026-10-04T22:34:35,checkoutservice,12.3046875,0.0026194720189356984,0.0,0.0564,0.0171,0.0189,mem_leak_cartservice_3
2026-10-04T22:34:35,adservice,112.39453125,0.0033348541616715862,0.0,0.0564,0.0171,0.0189,mem_leak_cartservice_3
2026-10-04T22:34:35,recommendationservice,32.76953125,0.016077330057715555,4.0,0.0564,0.0171,0.0189,mem_leak_cartservice_3
2026-10-04T22:34:35,cartservice,40.16796875,0.049000879180982275,0.0,0.0564,0.0171,0.0189,mem_leak_cartservice_3
2026-10-04T22:34:40,frontend,14.52734375,0.041952334757874764,0.0,0.0604,0.0227,0.0688,mem_leak_cartservice_3
2026-10-04T22:34:40,loadgenerator,104.171875,0.00583537290090072,0.0,0.0604,0.0227,0.0688,mem_leak_cartservice_3
2026-10-04T22:34:40,redis-cart,6.1953125,0.003582591230622226,0.0,0.0604,0.0227,0.0688,mem_leak_cartservice_3
2026-10-04T22:34:40,currencyservice,39.21484375,0.019684410890348242,0.0,0.0604,0.0227,0.0688,mem_leak_cartservice_3
2026-10-04T22:34:40,shippingservice,11.78515625,0.0026582511747908957,0.0,0.0604,0.0227,0.0688,mem_leak_cartservice_3
2026-10-04T22:34:40,paymentservice,41.43359375,0.0007788708133972069,0.0,0.0604,0.0227,0.0688,mem_leak_cartservice_3
2026-10-04T22:34:40,emailservice,38.84765625,0.00530705381574814,0.0,0.0604,0.0227,0.0688,mem_leak_cartservice_3
2026-10-04T22:34:40,productcatalogservice,13.85546875,0.019591172580143985,0.0,0.0604,0.0227,0.0688,mem_leak_cartservice_3
2026-10-04T22:34:40,checkoutservice,12.3046875,0.002185927570868349,0.0,0.0604,0.0227,0.0688,mem_leak_cartservice_3
2026-10-04T22:34:40,adservice,112.92578125,0.004092673875742974,0.0,0.0604,0.0227,0.0688,mem_leak_cartservice_3
2026-10-04T22:34:40,recommendationservice,32.53125,0.018949465830083743,4.0,0.0604,0.0227,0.0688,mem_leak_cartservice_3
2026-10-04T22:34:40,cartservice,40.83984375,0.01774351733688125,0.0,0.0604,0.0227,0.0688,mem_leak_cartservice_3
2026-10-04T22:34:45,frontend,14.52734375,0.041952334757874764,0.0,0.195,0.044,0.16,mem_leak_cartservice_3
2026-10-04T22:34:45,loadgenerator,104.171875,0.005152990194557507,0.0,0.195,0.044,0.16,mem_leak_cartservice_3
2026-10-04T22:34:45,redis-cart,6.1953125,0.0031835137276946114,0.0,0.195,0.044,0.16,mem_leak_cartservice_3
2026-10-04T22:34:45,currencyservice,39.21484375,0.019684410890348242,0.0,0.195,0.044,0.16,mem_leak_cartservice_3
2026-10-04T22:34:45,shippingservice,11.78515625,0.0018210292943083232,0.0,0.195,0.044,0.16,mem_leak_cartservice_3
2026-10-04T22:34:45,paymentservice,41.43359375,0.000786137336539014,0.0,0.195,0.044,0.16,mem_leak_cartservice_3
2026-10-04T22:34:45,emailservice,38.84765625,0.00530705381574814,0.0,0.195,0.044,0.16,mem_leak_cartservice_3
2026-10-04T22:34:45,productcatalogservice,13.85546875,0.018554186413904116,0.0,0.195,0.044,0.16,mem_leak_cartservice_3
2026-10-04T22:34:45,checkoutservice,12.3046875,0.0012772158127005787,0.0,0.195,0.044,0.16,mem_leak_cartservice_3
2026-10-04T22:34:45,adservice,112.92578125,0.004009082271406273,0.0,0.195,0.044,0.16,mem_leak_cartservice_3
2026-10-04T22:34:45,recommendationservice,32.53125,0.018062706270627997,4.0,0.195,0.044,0.16,mem_leak_cartservice_3
2026-10-04T22:34:45,cartservice,40.83984375,0.01774351733688125,0.0,0.195,0.044,0.16,mem_leak_cartservice_3
2026-10-04T22:34:51,frontend,15.30859375,0.039097596799899735,0.0,0.0545,0.1517,0.1121,mem_leak_cartservice_3
2026-10-04T22:34:51,loadgenerator,103.9609375,0.007737755518020168,0.0,0.0545,0.1517,0.1121,mem_leak_cartservice_3
2026-10-04T22:34:51,redis-cart,6.1953125,0.0034721930339916642,0.0,0.0545,0.1517,0.1121,mem_leak_cartservice_3
2026-10-04T22:34:51,currencyservice,39.52734375,0.016881920315458286,0.0,0.0545,0.1517,0.1121,mem_leak_cartservice_3
2026-10-04T22:34:51,shippingservice,11.5390625,0.002123070296738206,0.0,0.0545,0.1517,0.1121,mem_leak_cartservice_3
2026-10-04T22:34:51,paymentservice,41.43359375,0.000786137336539014,0.0,0.0545,0.1517,0.1121,mem_leak_cartservice_3
2026-10-04T22:34:51,emailservice,38.84765625,0.004034024281695555,0.0,0.0545,0.1517,0.1121,mem_leak_cartservice_3
2026-10-04T22:34:51,productcatalogservice,13.85546875,0.015559076872039645,0.0,0.0545,0.1517,0.1121,mem_leak_cartservice_3
2026-10-04T22:34:51,checkoutservice,12.0703125,0.0012826082083698812,0.0,0.0545,0.1517,0.1121,mem_leak_cartservice_3
2026-10-04T22:34:51,adservice,112.92578125,0.004009082271406273,0.0,0.0545,0.1517,0.1121,mem_leak_cartservice_3
2026-10-04T22:34:51,recommendationservice,32.53125,0.014907151485149287,4.0,0.0545,0.1517,0.1121,mem_leak_cartservice_3
2026-10-04T22:34:51,cartservice,41.16796875,0.018254087264396528,0.0,0.0545,0.1517,0.1121,mem_leak_cartservice_3
2026-10-04T22:34:56,frontend,14.5625,0.038394107237245303,0.0,0.0769,0.0468,0.0725,mem_leak_cartservice_3
2026-10-04T22:34:56,loadgenerator,103.9453125,0.007367103270068571,0.0,0.0769,0.0468,0.0725,mem_leak_cartservice_3
2026-10-04T22:34:56,redis-cart,5.9453125,0.00430701903260975,0.0,0.0769,0.0468,0.0725,mem_leak_cartservice_3
2026-10-04T22:34:56,currencyservice,39.52734375,0.019879533009606903,0.0,0.0769,0.0468,0.0725,mem_leak_cartservice_3
2026-10-04T22:34:56,shippingservice,11.78125,0.0022956543697348593,0.0,0.0769,0.0468,0.0725,mem_leak_cartservice_3
2026-10-04T22:34:56,paymentservice,41.71875,0.000901578339535449,0.0,0.0769,0.0468,0.0725,mem_leak_cartservice_3
2026-10-04T22:34:56,emailservice,38.8515625,0.005542448641287874,0.0,0.0769,0.0468,0.0725,mem_leak_cartservice_3
2026-10-04T22:34:56,productcatalogservice,13.59375,0.017740167750222847,0.0,0.0769,0.0468,0.0725,mem_leak_cartservice_3
2026-10-04T22:34:56,checkoutservice,12.0703125,0.0016874818796137462,0.0,0.0769,0.0468,0.0725,mem_leak_cartservice_3
2026-10-04T22:34:56,adservice,113.24609375,0.004000436442989832,0.0,0.0769,0.0468,0.0725,mem_leak_cartservice_3
2026-10-04T22:34:56,recommendationservice,32.77734375,0.017382354236390417,4.0,0.0769,0.0468,0.0725,mem_leak_cartservice_3
2026-10-04T22:34:56,cartservice,41.16796875,0.018254087264396528,0.0,0.0769,0.0468,0.0725,mem_leak_cartservice_3
2026-10-04T22:35:02,frontend,14.5625,0.038394107237245303,0.0,0.067,0.0329,0.0545,mem_leak_cartservice_3
2026-10-04T22:35:02,loadgenerator,103.9453125,0.0073671032700685715,0.0,0.067,0.0329,0.0545,mem_leak_cartservice_3
2026-10-04T22:35:02,redis-cart,5.9453125,0.004307019032609749,0.0,0.067,0.0329,0.0545,mem_leak_cartservice_3
2026-10-04T22:35:02,currencyservice,39.52734375,0.016625805665184522,0.0,0.067,0.0329,0.0545,mem_leak_cartservice_3
2026-10-04T22:35:02,shippingservice,11.78125,0.0022956543697348593,0.0,0.067,0.0329,0.0545,mem_leak_cartservice_3
2026-10-04T22:35:02,paymentservice,41.71875,0.000901578339535449,0.0,0.067,0.0329,0.0545,mem_leak_cartservice_3
2026-10-04T22:35:02,emailservice,38.8515625,0.005542448641287873,0.0,0.067,0.0329,0.0545,mem_leak_cartservice_3
2026-10-04T22:35:02,productcatalogservice,13.59375,0.017740167750222847,0.0,0.067,0.0329,0.0545,mem_leak_cartservice_3
2026-10-04T22:35:02,checkoutservice,12.0703125,0.0016874818796137462,0.0,0.067,0.0329,0.0545,mem_leak_cartservice_3
2026-10-04T22:35:02,adservice,113.24609375,0.004115002391453872,0.0,0.067,0.0329,0.0545,mem_leak_cartservice_3
2026-10-04T22:35:02,recommendationservice,32.77734375,0.017382354236390417,4.0,0.067,0.0329,0.0545,mem_leak_cartservice_3
2026-10-04T22:35:02,cartservice,41.16796875,0.019247656405824078,0.0,0.067,0.0329,0.0545,mem_leak_cartservice_3
2026-10-04T22:35:07,frontend,14.63671875,0.03361019191729221,0.0,0.0579,0.0455,0.0314,mem_leak_cartservice_3
2026-10-04T22:35:07,loadgenerator,103.9453125,0.005861329768714841,0.0,0.0579,0.0455,0.0314,mem_leak_cartservice_3
2026-10-04T22:35:07,redis-cart,6.4296875,0.004345294892976763,0.0,0.0579,0.0455,0.0314,mem_leak_cartservice_3
2026-10-04T22:35:07,currencyservice,39.671875,0.01869460204083984,0.0,0.0579,0.0455,0.0314,mem_leak_cartservice_3
2026-10-04T22:35:07,shippingservice,11.546875,0.0018204114861661857,0.0,0.0579,0.0455,0.0314,mem_leak_cartservice_3
2026-10-04T22:35:07,paymentservice,41.51171875,0.0008974498964944535,0.0,0.0579,0.0455,0.0314,mem_leak_cartservice_3
2026-10-04T22:35:07,emailservice,38.84765625,0.005382750299275955,0.0,0.0579,0.0455,0.0314,mem_leak_cartservice_3
2026-10-04T22:35:07,productcatalogservice,13.59375,0.01757514193477018,0.0,0.0579,0.0455,0.0314,mem_leak_cartservice_3
2026-10-04T22:35:07,checkoutservice,12.0703125,0.0016874818796137462,0.0,0.0579,0.0455,0.0314,mem_leak_cartservice_3
2026-10-04T22:35:07,adservice,113.24609375,0.004115002391453872,0.0,0.0579,0.0455,0.0314,mem_leak_cartservice_3
2026-10-04T22:35:07,recommendationservice,32.77734375,0.017382354236390417,4.0,0.0579,0.0455,0.0314,mem_leak_cartservice_3
2026-10-04T22:35:07,cartservice,41.1015625,0.018365632697365696,0.0,0.0579,0.0455,0.0314,mem_leak_cartservice_3
2026-10-04T22:35:12,frontend,14.63671875,0.03739380834875537,0.0,0.0717,0.0717,0.0391,mem_leak_cartservice_3
2026-10-04T22:35:12,loadgenerator,103.9453125,0.0052367854165980415,0.0,0.0717,0.0717,0.0391,mem_leak_cartservice_3
2026-10-04T22:35:12,redis-cart,6.4296875,0.004361158632326943,0.0,0.0717,0.0717,0.0391,mem_leak_cartservice_3
2026-10-04T22:35:12,currencyservice,39.671875,0.022832482018138076,0.0,0.0717,0.0717,0.0391,mem_leak_cartservice_3
2026-10-04T22:35:12,shippingservice,11.546875,0.002258637317750099,0.0,0.0717,0.0717,0.0391,mem_leak_cartservice_3
2026-10-04T22:35:12,paymentservice,41.51171875,0.0008974498964944535,0.0,0.0717,0.0717,0.0391,mem_leak_cartservice_3
2026-10-04T22:35:12,emailservice,38.84765625,0.005382750299275955,0.0,0.0717,0.0717,0.0391,mem_leak_cartservice_3
2026-10-04T22:35:12,productcatalogservice,13.59375,0.014234400372002614,0.0,0.0717,0.0717,0.0391,mem_leak_cartservice_3
2026-10-04T22:35:12,checkoutservice,12.0703125,0.0011484962993036836,0.0,0.0717,0.0717,0.0391,mem_leak_cartservice_3
2026-10-04T22:35:12,adservice,113.24609375,0.004115002391453872,0.0,0.0717,0.0717,0.0391,mem_leak_cartservice_3
2026-10-04T22:35:12,recommendationservice,32.77734375,0.014294371389302306,4.0,0.0717,0.0717,0.0391,mem_leak_cartservice_3
2026-10-04T22:35:12,cartservice,41.1015625,0.018365632697365696,0.0,0.0717,0.0717,0.0391,mem_leak_cartservice_3
2026-10-04T22:35:17,frontend,14.63671875,0.03508455213707239,0.0,0.0544,0.0528,0.0338,mem_leak_cartservice_3
2026-10-04T22:35:17,loadgenerator,103.69921875,0.00738867109704165,0.0,0.0544,0.0528,0.0338,mem_leak_cartservice_3
2026-10-04T22:35:17,redis-cart,6.4296875,0.004361158632326943,0.0,0.0544,0.0528,0.0338,mem_leak_cartservice_3
2026-10-04T22:35:17,currencyservice,39.671875,0.019612467817968993,0.0,0.0544,0.0528,0.0338,mem_leak_cartservice_3
2026-10-04T22:35:17,shippingservice,12.53125,0.002393511063397767,0.0,0.0544,0.0528,0.0338,mem_leak_cartservice_3
2026-10-04T22:35:17,paymentservice,41.51171875,0.0008974498964944535,0.0,0.0544,0.0528,0.0338,mem_leak_cartservice_3
2026-10-04T22:35:17,emailservice,38.84765625,0.005283005926250282,0.0,0.0544,0.0528,0.0338,mem_leak_cartservice_3
2026-10-04T22:35:17,productcatalogservice,14.10546875,0.01836872430285629,0.0,0.0544,0.0528,0.0338,mem_leak_cartservice_3
2026-10-04T22:35:17,checkoutservice,12.1015625,0.0013059902735842615,0.0,0.0544,0.0528,0.0338,mem_leak_cartservice_3
2026-10-04T22:35:17,adservice,112.75390625,0.004089228473527569,0.0,0.0544,0.0528,0.0338,mem_leak_cartservice_3
2026-10-04T22:35:17,recommendationservice,32.76953125,0.017423763353211955,4.0,0.0544,0.0528,0.0338,mem_leak_cartservice_3
2026-10-04T22:35:17,cartservice,41.890625,0.01444754793090593,0.0,0.0544,0.0528,0.0338,mem_leak_cartservice_3
2026-10-04T22:35:23,frontend,14.63671875,0.03122046380277522,0.0,0.1037,0.066,0.1294,mem_leak_cartservice_3
2026-10-04T22:35:23,loadgenerator,103.69921875,0.0061624950679495406,0.0,0.1037,0.066,0.1294,mem_leak_cartservice_3
2026-10-04T22:35:23,redis-cart,6.4296875,0.0025186749999988934,0.0,0.1037,0.066,0.1294,mem_leak_cartservice_3
2026-10-04T22:35:23,currencyservice,39.671875,0.01756591634640988,0.0,0.1037,0.066,0.1294,mem_leak_cartservice_3
2026-10-04T22:35:23,shippingservice,12.53125,0.002393511063397767,0.0,0.1037,0.066,0.1294,mem_leak_cartservice_3
2026-10-04T22:35:23,paymentservice,41.51171875,0.0008534433475984876,0.0,0.1037,0.066,0.1294,mem_leak_cartservice_3
2026-10-04T22:35:23,emailservice,38.84765625,0.005283005926250282,0.0,0.1037,0.066,0.1294,mem_leak_cartservice_3
2026-10-04T22:35:23,productcatalogservice,14.10546875,0.01836872430285629,0.0,0.1037,0.066,0.1294,mem_leak_cartservice_3
2026-10-04T22:35:23,checkoutservice,12.1015625,0.0011165817786561842,0.0,0.1037,0.066,0.1294,mem_leak_cartservice_3
2026-10-04T22:35:23,adservice,112.75390625,0.004089228473527569,0.0,0.1037,0.066,0.1294,mem_leak_cartservice_3
2026-10-04T22:35:23,recommendationservice,32.76953125,0.016590136476425727,4.0,0.1037,0.066,0.1294,mem_leak_cartservice_3
2026-10-04T22:35:23,cartservice,41.890625,0.01729181061265068,0.0,0.1037,0.066,0.1294,mem_leak_cartservice_3
2026-10-04T22:35:28,frontend,15.06640625,0.04584451204056161,0.0,0.3096,0.0424,0.0576,mem_leak_cartservice_3
2026-10-04T22:35:28,loadgenerator,104.03125,0.007389020128944731,0.0,0.3096,0.0424,0.0576,mem_leak_cartservice_3
2026-10-04T22:35:28,redis-cart,5.93359375,0.0043433293174797135,0.0,0.3096,0.0424,0.0576,mem_leak_cartservice_3
2026-10-04T22:35:28,currencyservice,39.81640625,0.02409555692098886,0.0,0.3096,0.0424,0.0576,mem_leak_cartservice_3
2026-10-04T22:35:28,shippingservice,12.53125,0.0026585067637877146,0.0,0.3096,0.0424,0.0576,mem_leak_cartservice_3
2026-10-04T22:35:28,paymentservice,41.921875,0.0010334612909667195,0.0,0.3096,0.0424,0.0576,mem_leak_cartservice_3
2026-10-04T22:35:28,emailservice,39.09765625,0.005249953075141344,0.0,0.3096,0.0424,0.0576,mem_leak_cartservice_3
2026-10-04T22:35:28,productcatalogservice,13.88671875,0.018041821472801083,0.0,0.3096,0.0424,0.0576,mem_leak_cartservice_3
2026-10-04T22:35:28,checkoutservice,12.11328125,0.001483019261344235,0.0,0.3096,0.0424,0.0576,mem_leak_cartservice_3
2026-10-04T22:35:28,adservice,113.73828125,0.004457976167798816,0.0,0.3096,0.0424,0.0576,mem_leak_cartservice_3
2026-10-04T22:35:28,recommendationservice,33.5078125,0.01721661502459398,4.0,0.3096,0.0424,0.0576,mem_leak_cartservice_3
2026-10-04T22:35:28,cartservice,41.890625,0.01729181061265068,0.0,0.3096,0.0424,0.0576,mem_leak_cartservice_3
2026-10-04T22:35:33,frontend,15.06640625,0.038706521515846165,0.0,0.0594,0.0509,0.0218,mem_leak_cartservice_3
2026-10-04T22:35:33,loadgenerator,104.03125,0.007389020128944731,0.0,0.0594,0.0509,0.0218,mem_leak_cartservice_3
2026-10-04T22:35:33,redis-cart,5.93359375,0.0043433293174797135,0.0,0.0594,0.0509,0.0218,mem_leak_cartservice_3
2026-10-04T22:35:33,currencyservice,39.81640625,0.02409555692098886,0.0,0.0594,0.0509,0.0218,mem_leak_cartservice_3
2026-10-04T22:35:33,shippingservice,12.53125,0.002112080237455192,0.0,0.0594,0.0509,0.0218,mem_leak_cartservice_3
2026-10-04T22:35:33,paymentservice,41.921875,0.0010334612909667195,0.0,0.0594,0.0509,0.0218,mem_leak_cartservice_3
2026-10-04T22:35:33,emailservice,39.09765625,0.004318161077242213,0.0,0.0594,0.0509,0.0218,mem_leak_cartservice_3
2026-10-04T22:35:33,productcatalogservice,13.88671875,0.018041821472801083,0.0,0.0594,0.0509,0.0218,mem_leak_cartservice_3
2026-10-04T22:35:33,checkoutservice,12.11328125,0.0012431038203402714,0.0,0.0594,0.0509,0.0218,mem_leak_cartservice_3
2026-10-04T22:35:33,adservice,113.73828125,0.004457976167798816,0.0,0.0594,0.0509,0.0218,mem_leak_cartservice_3
2026-10-04T22:35:33,recommendationservice,33.5078125,0.017216615024593977,4.0,0.0594,0.0509,0.0218,mem_leak_cartservice_3
2026-10-04T22:35:33,cartservice,41.890625,0.013676909571268797,0.0,0.0594,0.0509,0.0218,mem_leak_cartservice_3
2026-10-04T22:35:39,frontend,15.99609375,0.05190341767832207,0.0,0.0465,0.0462,0.1528,mem_leak_cartservice_3
2026-10-04T22:35:39,loadgenerator,104.03125,0.006219838719755021,0.0,0.0465,0.0462,0.1528,mem_leak_cartservice_3
2026-10-04T22:35:39,redis-cart,5.93359375,0.0034236052048960655,0.0,0.0465,0.0462,0.1528,mem_leak_cartservice_3
2026-10-04T22:35:39,currencyservice,39.76953125,0.028566579842124667,0.0,0.0465,0.0462,0.1528,mem_leak_cartservice_3
2026-10-04T22:35:39,shippingservice,11.53515625,0.0027326157566556924,0.0,0.0465,0.0462,0.1528,mem_leak_cartservice_3
2026-10-04T22:35:39,paymentservice,41.921875,0.0008066322254357093,0.0,0.0465,0.0462,0.1528,mem_leak_cartservice_3
2026-10-04T22:35:39,emailservice,38.84765625,0.005188972865817638,0.0,0.0465,0.0462,0.1528,mem_leak_cartservice_3
2026-10-04T22:35:39,productcatalogservice,13.88671875,0.018952914079125464,0.0,0.0465,0.0462,0.1528,mem_leak_cartservice_3
2026-10-04T22:35:39,checkoutservice,12.19140625,0.0015138688210992075,0.0,0.0465,0.0462,0.1528,mem_leak_cartservice_3
2026-10-04T22:35:39,adservice,113.73828125,0.0033525749999995472,0.0,0.0465,0.0462,0.1528,mem_leak_cartservice_3
2026-10-04T22:35:39,recommendationservice,33.0234375,0.01820389665821742,4.0,0.0465,0.0462,0.1528,mem_leak_cartservice_3
2026-10-04T22:35:39,cartservice,42.47265625,0.019863306075526548,0.0,0.0465,0.0462,0.1528,mem_leak_cartservice_3
2026-10-04T22:35:44,frontend,15.99609375,0.05190341767832207,0.0,0.1755,0.1199,0.089,mem_leak_cartservice_3
2026-10-04T22:35:44,loadgenerator,104.03125,0.005504200164517094,0.0,0.1755,0.1199,0.089,mem_leak_cartservice_3
2026-10-04T22:35:44,redis-cart,5.93359375,0.0030833216914416097,0.0,0.1755,0.1199,0.089,mem_leak_cartservice_3
2026-10-04T22:35:44,currencyservice,39.76953125,0.028566579842124667,0.0,0.1755,0.1199,0.089,mem_leak_cartservice_3
2026-10-04T22:35:44,shippingservice,11.53515625,0.0027326157566556924,0.0,0.1755,0.1199,0.089,mem_leak_cartservice_3
2026-10-04T22:35:44,paymentservice,41.921875,0.0007184583239497767,0.0,0.1755,0.1199,0.089,mem_leak_cartservice_3
2026-10-04T22:35:44,emailservice,38.84765625,0.00423695489688878,0.0,0.1755,0.1199,0.089,mem_leak_cartservice_3
2026-10-04T22:35:44,productcatalogservice,13.88671875,0.018952914079125464,0.0,0.1755,0.1199,0.089,mem_leak_cartservice_3
2026-10-04T22:35:44,checkoutservice,12.19140625,0.0011389889186649964,0.0,0.1755,0.1199,0.089,mem_leak_cartservice_3
2026-10-04T22:35:44,adservice,113.73828125,0.003632643718572313,0.0,0.1755,0.1199,0.089,mem_leak_cartservice_3
2026-10-04T22:35:44,recommendationservice,33.0234375,0.01820389665821742,4.0,0.1755,0.1199,0.089,mem_leak_cartservice_3
2026-10-04T22:35:44,cartservice,42.47265625,0.019863306075526548,0.0,0.1755,0.1199,0.089,mem_leak_cartservice_3
2026-10-04T22:35:49,frontend,15.40625,0.05049576250665345,0.0,0.1313,0.1024,0.101,mem_leak_cartservice_3
2026-10-04T22:35:49,loadgenerator,103.69921875,0.006534927597365001,0.0,0.1313,0.1024,0.101,mem_leak_cartservice_3
2026-10-04T22:35:49,redis-cart,6.19140625,0.004424932164240758,0.0,0.1313,0.1024,0.101,mem_leak_cartservice_3
2026-10-04T22:35:49,currencyservice,39.76953125,0.02901118885336854,0.0,0.1313,0.1024,0.101,mem_leak_cartservice_3
2026-10-04T22:35:49,shippingservice,12.06640625,0.0027520298868453186,0.0,0.1313,0.1024,0.101,mem_leak_cartservice_3
2026-10-04T22:35:49,paymentservice,42.171875,0.000977304724897279,0.0,0.1313,0.1024,0.101,mem_leak_cartservice_3
2026-10-04T22:35:49,emailservice,38.8515625,0.0045843843156294075,0.0,0.1313,0.1024,0.101,mem_leak_cartservice_3
2026-10-04T22:35:49,productcatalogservice,14.10546875,0.020533651405944393,0.0,0.1313,0.1024,0.101,mem_leak_cartservice_3
2026-10-04T22:35:49,checkoutservice,12.2578125,0.0018542105157656028,0.0,0.1313,0.1024,0.101,mem_leak_cartservice_3
2026-10-04T22:35:49,adservice,112.3984375,0.004890450608994163,0.0,0.1313,0.1024,0.101,mem_leak_cartservice_3
2026-10-04T22:35:49,recommendationservice,33.0234375,0.014993386650642745,4.0,0.1313,0.1024,0.101,mem_leak_cartservice_3
2026-10-04T22:35:49,cartservice,42.484375,0.020803069183668275,0.0,0.1313,0.1024,0.101,mem_leak_cartservice_3
2026-10-04T22:35:55,frontend,15.40625,0.05049576250665345,0.0,0.2313,0.0584,0.1896,mem_leak_cartservice_3
2026-10-04T22:35:55,loadgenerator,103.69921875,0.006319389588835838,0.0,0.2313,0.0584,0.1896,mem_leak_cartservice_3
2026-10-04T22:35:55,redis-cart,6.19140625,0.003613349335335094,0.0,0.2313,0.0584,0.1896,mem_leak_cartservice_3
2026-10-04T22:35:55,currencyservice,39.76953125,0.02356796454475527,0.0,0.2313,0.0584,0.1896,mem_leak_cartservice_3
2026-10-04T22:35:55,shippingservice,12.06640625,0.0027520298868453186,0.0,0.2313,0.0584,0.1896,mem_leak_cartservice_3
2026-10-04T22:35:55,paymentservice,42.171875,0.0009773047248972787,0.0,0.2313,0.0584,0.1896,mem_leak_cartservice_3
2026-10-04T22:35:55,emailservice,38.8515625,0.004533615201152272,0.0,0.2313,0.0584,0.1896,mem_leak_cartservice_3
2026-10-04T22:35:55,productcatalogservice,14.10546875,0.020560054279216436,0.0,0.2313,0.0584,0.1896,mem_leak_cartservice_3
2026-10-04T22:35:55,checkoutservice,12.2578125,0.0018542105157656028,0.0,0.2313,0.0584,0.1896,mem_leak_cartservice_3
2026-10-04T22:35:55,adservice,112.3984375,0.0034935250000003755,0.0,0.2313,0.0584,0.1896,mem_leak_cartservice_3
2026-10-04T22:35:55,recommendationservice,33.0234375,0.013750262171593614,4.0,0.2313,0.0584,0.1896,mem_leak_cartservice_3
2026-10-04T22:35:55,cartservice,42.484375,0.020803069183668275,0.0,0.2313,0.0584,0.1896,mem_leak_cartservice_3
2026-10-04T22:36:00,frontend,14.65625,0.05133226181395733,0.0,0.0325,0.0367,0.0722,mem_leak_cartservice_3
2026-10-04T22:36:00,loadgenerator,104.22265625,0.008007952286281442,0.0,0.0325,0.0367,0.0722,mem_leak_cartservice_3
2026-10-04T22:36:00,redis-cart,6.1953125,0.004450215905756559,0.0,0.0325,0.0367,0.0722,mem_leak_cartservice_3
2026-10-04T22:36:00,currencyservice,38.9609375,0.0281006852041992,0.0,0.0325,0.0367,0.0722,mem_leak_cartservice_3
2026-10-04T22:36:00,shippingservice,12.06640625,0.00277249608138012,0.0,0.0325,0.0367,0.0722,mem_leak_cartservice_3
2026-10-04T22:36:00,paymentservice,41.453125,0.0009718139337299239,0.0,0.0325,0.0367,0.0722,mem_leak_cartservice_3
2026-10-04T22:36:00,emailservice,38.8515625,0.004061043909764753,0.0,0.0325,0.0367,0.0722,mem_leak_cartservice_3
2026-10-04T22:36:00,productcatalogservice,14.10546875,0.016624517222603087,0.0,0.0325,0.0367,0.0722,mem_leak_cartservice_3
2026-10-04T22:36:00,checkoutservice,12.2578125,0.0016131051107765508,0.0,0.0325,0.0367,0.0722,mem_leak_cartservice_3
2026-10-04T22:36:00,adservice,112.6484375,0.005719932011873373,0.0,0.0325,0.0367,0.0722,mem_leak_cartservice_3
2026-10-04T22:36:00,recommendationservice,33.51953125,0.01990125134742333,4.0,0.0325,0.0367,0.0722,mem_leak_cartservice_3
2026-10-04T22:36:00,cartservice,42.796875,0.01969362720851551,0.0,0.0325,0.0367,0.0722,mem_leak_cartservice_3
2026-10-04T22:36:06,frontend,14.65625,0.055372285255482406,0.0,0.1611,0.1189,0.0772,mem_leak_cartservice_3
2026-10-04T22:36:06,loadgenerator,104.22265625,0.0064049826816869595,0.0,0.1611,0.1189,0.0772,mem_leak_cartservice_3
2026-10-04T22:36:06,redis-cart,6.1953125,0.004532947407315177,0.0,0.1611,0.1189,0.0772,mem_leak_cartservice_3
2026-10-04T22:36:06,currencyservice,38.9609375,0.025713350494330826,0.0,0.1611,0.1189,0.0772,mem_leak_cartservice_3
2026-10-04T22:36:06,shippingservice,12.06640625,0.0022166683773984347,0.0,0.1611,0.1189,0.0772,mem_leak_cartservice_3
2026-10-04T22:36:06,paymentservice,41.453125,0.0009475883515274591,0.0,0.1611,0.1189,0.0772,mem_leak_cartservice_3
2026-10-04T22:36:06,emailservice,38.8515625,0.003673361014864719,0.0,0.1611,0.1189,0.0772,mem_leak_cartservice_3
2026-10-04T22:36:06,productcatalogservice,14.10546875,0.014779937686186056,0.0,0.1611,0.1189,0.0772,mem_leak_cartservice_3
2026-10-04T22:36:06,checkoutservice,12.2578125,0.001443984734012358,0.0,0.1611,0.1189,0.0772,mem_leak_cartservice_3
2026-10-04T22:36:06,adservice,112.6484375,0.005719932011873373,0.0,0.1611,0.1189,0.0772,mem_leak_cartservice_3
2026-10-04T22:36:06,recommendationservice,33.51953125,0.016732751007898568,4.0,0.1611,0.1189,0.0772,mem_leak_cartservice_3
2026-10-04T22:36:06,cartservice,42.796875,0.020943308408362584,0.0,0.1611,0.1189,0.0772,mem_leak_cartservice_3
2026-10-04T22:36:11,frontend,14.65625,0.04679711782415353,0.0,0.1608,0.0394,0.0638,mem_leak_cartservice_3
2026-10-04T22:36:11,loadgenerator,103.94921875,0.007935979034069935,0.0,0.1608,0.0394,0.0638,mem_leak_cartservice_3
2026-10-04T22:36:11,redis-cart,6.19140625,0.004442612229644257,0.0,0.1608,0.0394,0.0638,mem_leak_cartservice_3
2026-10-04T22:36:11,currencyservice,38.9609375,0.02319649957566348,0.0,0.1608,0.0394,0.0638,mem_leak_cartservice_3
2026-10-04T22:36:11,shippingservice,11.82421875,0.0028414556288579,0.0,0.1608,0.0394,0.0638,mem_leak_cartservice_3
2026-10-04T22:36:11,paymentservice,41.453125,0.0007634995728192602,0.0,0.1608,0.0394,0.0638,mem_leak_cartservice_3
2026-10-04T22:36:11,emailservice,39.1015625,0.005581142104520609,0.0,0.1608,0.0394,0.0638,mem_leak_cartservice_3
2026-10-04T22:36:11,productcatalogservice,13.8359375,0.02333643066962399,0.0,0.1608,0.0394,0.0638,mem_leak_cartservice_3
2026-10-04T22:36:11,checkoutservice,13.51171875,0.0025155806747261603,0.0,0.1608,0.0394,0.0638,mem_leak_cartservice_3
2026-10-04T22:36:11,adservice,112.40625,0.005618859129920511,0.0,0.1608,0.0394,0.0638,mem_leak_cartservice_3
2026-10-04T22:36:11,recommendationservice,33.51953125,0.015440981260644006,4.0,0.1608,0.0394,0.0638,mem_leak_cartservice_3
2026-10-04T22:36:11,cartservice,42.93359375,0.019598297838012257,0.0,0.1608,0.0394,0.0638,mem_leak_cartservice_3
2026-10-04T22:36:16,frontend,15.109375,0.05438711876640903,0.0,0.0483,0.0832,0.0933,mem_leak_cartservice_3
2026-10-04T22:36:16,loadgenerator,103.98046875,0.008322386932302443,0.0,0.0483,0.0832,0.0933,mem_leak_cartservice_3
2026-10-04T22:36:16,redis-cart,6.19140625,0.004442612229644257,0.0,0.0483,0.0832,0.0933,mem_leak_cartservice_3
2026-10-04T22:36:16,currencyservice,39.20703125,0.02937801004421371,0.0,0.0483,0.0832,0.0933,mem_leak_cartservice_3
2026-10-04T22:36:16,shippingservice,11.82421875,0.002811073847571337,0.0,0.0483,0.0832,0.0933,mem_leak_cartservice_3
2026-10-04T22:36:16,paymentservice,41.75,0.0011142020497804206,0.0,0.0483,0.0832,0.0933,mem_leak_cartservice_3
2026-10-04T22:36:16,emailservice,39.1015625,0.00462140270695824,0.0,0.0483,0.0832,0.0933,mem_leak_cartservice_3
2026-10-04T22:36:16,productcatalogservice,14.0859375,0.022574535282436938,0.0,0.0483,0.0832,0.0933,mem_leak_cartservice_3
2026-10-04T22:36:16,checkoutservice,13.51171875,0.0025155806747261603,0.0,0.0483,0.0832,0.0933,mem_leak_cartservice_3
2026-10-04T22:36:16,adservice,112.40625,0.005607092198582667,0.0,0.0483,0.0832,0.0933,mem_leak_cartservice_3
2026-10-04T22:36:16,recommendationservice,33.01953125,0.020104431346864488,4.0,0.0483,0.0832,0.0933,mem_leak_cartservice_3
2026-10-04T22:36:16,cartservice,42.93359375,0.011749911111111108,0.0,0.0483,0.0832,0.0933,mem_leak_cartservice_3
2026-10-04T22:36:22,frontend,15.109375,0.04635885328648293,0.0,0.0649,0.0495,0.0397,mem_leak_cartservice_3
2026-10-04T22:36:22,loadgenerator,103.98046875,0.007306551836082333,0.0,0.0649,0.0495,0.0397,mem_leak_cartservice_3
2026-10-04T22:36:22,redis-cart,6.19140625,0.002860000000001151,0.0,0.0649,0.0495,0.0397,mem_leak_cartservice_3
2026-10-04T22:36:22,currencyservice,39.20703125,0.02937801004421371,0.0,0.0649,0.0495,0.0397,mem_leak_cartservice_3
2026-10-04T22:36:22,shippingservice,11.82421875,0.0022325314241257595,0.0,0.0649,0.0495,0.0397,mem_leak_cartservice_3
2026-10-04T22:36:22,paymentservice,41.75,0.0009971356841852984,0.0,0.0649,0.0495,0.0397,mem_leak_cartservice_3
2026-10-04T22:36:22,emailservice,39.1015625,0.004272392169858956,0.0,0.0649,0.0495,0.0397,mem_leak_cartservice_3
2026-10-04T22:36:22,productcatalogservice,14.0859375,0.02257453528243694,0.0,0.0649,0.0495,0.0397,mem_leak_cartservice_3
2026-10-04T22:36:22,checkoutservice,13.51171875,0.0027896388429280916,0.0,0.0649,0.0495,0.0397,mem_leak_cartservice_3
2026-10-04T22:36:22,adservice,112.40625,0.004798222423168794,0.0,0.0649,0.0495,0.0397,mem_leak_cartservice_3
2026-10-04T22:36:22,recommendationservice,33.01953125,0.020462103921507647,4.0,0.0649,0.0495,0.0397,mem_leak_cartservice_3
2026-10-04T22:36:22,cartservice,42.93359375,0.012882370650339857,0.0,0.0649,0.0495,0.0397,mem_leak_cartservice_3
2026-10-04T22:36:27,frontend,15.01953125,0.05207587871765022,0.0,0.1451,0.0423,0.0418,mem_leak_cartservice_3
2026-10-04T22:36:27,loadgenerator,104.19921875,0.008305201508416604,0.0,0.1451,0.0423,0.0418,mem_leak_cartservice_3
2026-10-04T22:36:27,redis-cart,6.1953125,0.004460896920039524,0.0,0.1451,0.0423,0.0418,mem_leak_cartservice_3
2026-10-04T22:36:27,currencyservice,39.5703125,0.026384989331516853,0.0,0.1451,0.0423,0.0418,mem_leak_cartservice_3
2026-10-04T22:36:27,shippingservice,11.5859375,0.0028298114064988452,0.0,0.1451,0.0423,0.0418,mem_leak_cartservice_3
2026-10-04T22:36:27,paymentservice,41.75,0.0010171819018089797,0.0,0.1451,0.0423,0.0418,mem_leak_cartservice_3
2026-10-04T22:36:27,emailservice,39.09375,0.005350508956049567,0.0,0.1451,0.0423,0.0418,mem_leak_cartservice_3
2026-10-04T22:36:27,productcatalogservice,13.35546875,0.021763836525411466,0.0,0.1451,0.0423,0.0418,mem_leak_cartservice_3
2026-10-04T22:36:27,checkoutservice,13.05859375,0.0023347369205545913,0.0,0.1451,0.0423,0.0418,mem_leak_cartservice_3
2026-10-04T22:36:27,adservice,113.15234375,0.005402009614968476,0.0,0.1451,0.0423,0.0418,mem_leak_cartservice_3
2026-10-04T22:36:27,recommendationservice,32.53515625,0.019210570642508393,4.0,0.1451,0.0423,0.0418,mem_leak_cartservice_3
2026-10-04T22:36:27,cartservice,45.62109375,0.017452013861509408,0.0,0.1451,0.0423,0.0418,mem_leak_cartservice_3
2026-10-04T22:36:32,frontend,15.01953125,0.05103818803671229,0.0,0.0612,0.0554,0.0978,mem_leak_cartservice_3
2026-10-04T22:36:32,loadgenerator,104.19921875,0.008305201508416604,0.0,0.0612,0.0554,0.0978,mem_leak_cartservice_3
2026-10-04T22:36:32,redis-cart,6.1953125,0.004460896920039525,0.0,0.0612,0.0554,0.0978,mem_leak_cartservice_3
2026-10-04T22:36:32,currencyservice,39.5703125,0.026384989331516853,0.0,0.0612,0.0554,0.0978,mem_leak_cartservice_3
2026-10-04T22:36:32,shippingservice,11.5859375,0.0029160588270174268,0.0,0.0612,0.0554,0.0978,mem_leak_cartservice_3
2026-10-04T22:36:32,paymentservice,41.75,0.0009088709606687833,0.0,0.0612,0.0554,0.0978,mem_leak_cartservice_3
2026-10-04T22:36:32,emailservice,39.09375,0.005350508956049567,0.0,0.0612,0.0554,0.0978,mem_leak_cartservice_3
2026-10-04T22:36:32,productcatalogservice,13.35546875,0.021763836525411466,0.0,0.0612,0.0554,0.0978,mem_leak_cartservice_3
2026-10-04T22:36:32,checkoutservice,13.05859375,0.002142578768251299,0.0,0.0612,0.0554,0.0978,mem_leak_cartservice_3
2026-10-04T22:36:32,adservice,113.15234375,0.005402009614968476,0.0,0.0612,0.0554,0.0978,mem_leak_cartservice_3
2026-10-04T22:36:32,recommendationservice,32.53515625,0.019210570642508393,4.0,0.0612,0.0554,0.0978,mem_leak_cartservice_3
2026-10-04T22:36:32,cartservice,45.62109375,0.017169680148742948,0.0,0.0612,0.0554,0.0978,mem_leak_cartservice_3
2026-10-04T22:36:37,frontend,15.01953125,0.04395366221898298,0.0,0.0662,0.0647,0.0516,mem_leak_cartservice_3
2026-10-04T22:36:37,loadgenerator,104.19921875,0.007203314924449729,0.0,0.0662,0.0647,0.0516,mem_leak_cartservice_3
2026-10-04T22:36:37,redis-cart,6.4375,0.004552293410160415,0.0,0.0662,0.0647,0.0516,mem_leak_cartservice_3
2026-10-04T22:36:37,currencyservice,39.5703125,0.02655334023822124,0.0,0.0662,0.0647,0.0516,mem_leak_cartservice_3
2026-10-04T22:36:37,shippingservice,11.8359375,0.0025414837947336124,0.0,0.0662,0.0647,0.0516,mem_leak_cartservice_3
2026-10-04T22:36:37,paymentservice,41.44140625,0.001061237255269835,0.0,0.0662,0.0647,0.0516,mem_leak_cartservice_3
2026-10-04T22:36:37,emailservice,39.1015625,0.005378054385293123,0.0,0.0662,0.0647,0.0516,mem_leak_cartservice_3
2026-10-04T22:36:37,productcatalogservice,14.82421875,0.021125913098867362,0.0,0.0662,0.0647,0.0516,mem_leak_cartservice_3
2026-10-04T22:36:37,checkoutservice,13.05859375,0.002142578768251299,0.0,0.0662,0.0647,0.0516,mem_leak_cartservice_3
2026-10-04T22:36:37,adservice,113.15234375,0.005402009614968475,0.0,0.0662,0.0647,0.0516,mem_leak_cartservice_3
2026-10-04T22:36:37,recommendationservice,32.53515625,0.01816842219863239,4.0,0.0662,0.0647,0.0516,mem_leak_cartservice_3
2026-10-04T22:36:37,cartservice,47.3828125,0.016759759261180847,0.0,0.0662,0.0647,0.0516,mem_leak_cartservice_3
2026-10-04T22:36:43,frontend,15.01953125,0.03833448827993275,0.0,0.0667,0.0401,0.0421,mem_leak_cartservice_3
2026-10-04T22:36:43,loadgenerator,104.19921875,0.006483420189181671,0.0,0.0667,0.0401,0.0421,mem_leak_cartservice_3
2026-10-04T22:36:43,redis-cart,6.4375,0.004552293410160415,0.0,0.0667,0.0401,0.0421,mem_leak_cartservice_3
2026-10-04T22:36:43,currencyservice,39.5703125,0.0204155356421564,0.0,0.0667,0.0401,0.0421,mem_leak_cartservice_3
2026-10-04T22:36:43,shippingservice,11.8359375,0.0025414837947336124,0.0,0.0667,0.0401,0.0421,mem_leak_cartservice_3
2026-10-04T22:36:43,paymentservice,41.44140625,0.0010950130512431295,0.0,0.0667,0.0401,0.0421,mem_leak_cartservice_3
2026-10-04T22:36:43,emailservice,39.1015625,0.005280409455596817,0.0,0.0667,0.0401,0.0421,mem_leak_cartservice_3
2026-10-04T22:36:43,productcatalogservice,14.82421875,0.01639639671256473,0.0,0.0667,0.0401,0.0421,mem_leak_cartservice_3
2026-10-04T22:36:43,checkoutservice,13.05859375,0.0017196337193984923,0.0,0.0667,0.0401,0.0421,mem_leak_cartservice_3
2026-10-04T22:36:43,adservice,113.15234375,0.004013409168573825,0.0,0.0667,0.0401,0.0421,mem_leak_cartservice_3
2026-10-04T22:36:43,recommendationservice,32.53515625,0.01816842219863239,4.0,0.0667,0.0401,0.0421,mem_leak_cartservice_3
2026-10-04T22:36:43,cartservice,47.3828125,0.017053106672792615,0.0,0.0667,0.0401,0.0421,mem_leak_cartservice_3
2026-10-04T22:36:48,frontend,15.12109375,0.04919624478776462,0.0,0.0823,0.0414,0.0798,mem_leak_cartservice_3
2026-10-04T22:36:48,loadgenerator,103.8984375,0.007243524255049988,0.0,0.0823,0.0414,0.0798,mem_leak_cartservice_3
2026-10-04T22:36:48,redis-cart,6.4375,0.004552293410160415,0.0,0.0823,0.0414,0.0798,mem_leak_cartservice_3
2026-10-04T22:36:48,currencyservice,39.11328125,0.02691952783022005,0.0,0.0823,0.0414,0.0798,mem_leak_cartservice_3
2026-10-04T22:36:48,shippingservice,11.8359375,0.002324384928781435,0.0,0.0823,0.0414,0.0798,mem_leak_cartservice_3
2026-10-04T22:36:48,paymentservice,41.42578125,0.0009682147007009316,0.0,0.0823,0.0414,0.0798,mem_leak_cartservice_3
2026-10-04T22:36:48,emailservice,39.09765625,0.005264165020848464,0.0,0.0823,0.0414,0.0798,mem_leak_cartservice_3
2026-10-04T22:36:48,productcatalogservice,13.61328125,0.02143329751992284,0.0,0.0823,0.0414,0.0798,mem_leak_cartservice_3
2026-10-04T22:36:48,checkoutservice,12.3125,0.0010283383765294174,0.0,0.0823,0.0414,0.0798,mem_leak_cartservice_3
2026-10-04T22:36:48,adservice,112.91015625,0.00510314003085668,0.0,0.0823,0.0414,0.0798,mem_leak_cartservice_3
2026-10-04T22:36:48,recommendationservice,33.27734375,0.01838293077054229,4.0,0.0823,0.0414,0.0798,mem_leak_cartservice_3
2026-10-04T22:36:48,cartservice,47.3828125,0.013827464175893131,0.0,0.0823,0.0414,0.0798,mem_leak_cartservice_3
2026-10-04T22:36:53,frontend,15.12109375,0.04153543288066102,0.0,0.0621,0.0639,0.038,mem_leak_cartservice_3
2026-10-04T22:36:53,loadgenerator,103.8984375,0.006931854124578631,0.0,0.0621,0.0639,0.038,mem_leak_cartservice_3
2026-10-04T22:36:53,redis-cart,6.4375,0.004674092705711285,0.0,0.0621,0.0639,0.038,mem_leak_cartservice_3
2026-10-04T22:36:53,currencyservice,39.11328125,0.026123778285790485,0.0,0.0621,0.0639,0.038,mem_leak_cartservice_3
2026-10-04T22:36:53,shippingservice,11.8359375,0.0018600018748225144,0.0,0.0621,0.0639,0.038,mem_leak_cartservice_3
2026-10-04T22:36:53,paymentservice,41.42578125,0.000752294604880305,0.0,0.0621,0.0639,0.038,mem_leak_cartservice_3
2026-10-04T22:36:53,emailservice,39.09765625,0.005264165020848464,0.0,0.0621,0.0639,0.038,mem_leak_cartservice_3
2026-10-04T22:36:53,productcatalogservice,13.61328125,0.02143329751992284,0.0,0.0621,0.0639,0.038,mem_leak_cartservice_3
2026-10-04T22:36:53,checkoutservice,12.3125,0.0010283383765294172,0.0,0.0621,0.0639,0.038,mem_leak_cartservice_3
2026-10-04T22:36:53,adservice,112.91015625,0.00510314003085668,0.0,0.0621,0.0639,0.038,mem_leak_cartservice_3
2026-10-04T22:36:53,recommendationservice,33.27734375,0.014939858447283532,4.0,0.0621,0.0639,0.038,mem_leak_cartservice_3
2026-10-04T22:36:53,cartservice,47.3828125,0.012340717492470165,0.0,0.0621,0.0639,0.038,mem_leak_cartservice_3
