time,service,memory_mb,cpu_cores,restarts,latency_s,latency_product_s,latency_cart_s,label
2026-10-04T05:38:16,redis-cart,6.1796875,0.004612870549679771,0.0,0.0268,0.0141,0.0152,mem_leak_paymentservice_2
2026-10-04T05:38:16,paymentservice,35.6015625,0.0009700843356271773,0.0,0.0268,0.0141,0.0152,mem_leak_paymentservice_2
2026-10-04T05:38:16,productcatalogservice,13.41796875,0.010712141325447061,0.0,0.0268,0.0141,0.0152,mem_leak_paymentservice_2
2026-10-04T05:38:16,adservice,112.04296875,0.002705579701464003,0.0,0.0268,0.0141,0.0152,mem_leak_paymentservice_2
2026-10-04T05:38:16,recommendationservice,32.36328125,0.015486307747406088,4.0,0.0268,0.0141,0.0152,mem_leak_paymentservice_2
2026-10-04T05:38:16,emailservice,36.9921875,0.004805365123030326,0.0,0.0268,0.0141,0.0152,mem_leak_paymentservice_2
2026-10-04T05:38:16,shippingservice,11.9140625,0.0013101334281280486,0.0,0.0268,0.0141,0.0152,mem_leak_paymentservice_2
2026-10-04T05:38:16,frontend,14.984375,0.03367014801190583,0.0,0.0268,0.0141,0.0152,mem_leak_paymentservice_2
2026-10-04T05:38:16,loadgenerator,90.13671875,0.0060198021520798005,0.0,0.0268,0.0141,0.0152,mem_leak_paymentservice_2
2026-10-04T05:38:16,cartservice,51.17578125,0.007780915249560734,0.0,0.0268,0.0141,0.0152,mem_leak_paymentservice_2
2026-10-04T05:38:16,checkoutservice,7.07421875,0.0010412064539188344,0.0,0.0268,0.0141,0.0152,mem_leak_paymentservice_2
2026-10-04T05:38:16,currencyservice,37.33984375,0.019636843682984736,0.0,0.0268,0.0141,0.0152,mem_leak_paymentservice_2
2026-10-04T05:38:21,redis-cart,6.43359375,0.004846484709273648,0.0,0.0639,0.0696,0.0368,mem_leak_paymentservice_2
2026-10-04T05:38:21,paymentservice,35.6328125,0.001083910305087707,0.0,0.0639,0.0696,0.0368,mem_leak_paymentservice_2
2026-10-04T05:38:21,productcatalogservice,14.22265625,0.013903959220124112,0.0,0.0639,0.0696,0.0368,mem_leak_paymentservice_2
2026-10-04T05:38:21,adservice,112.05859375,0.003996077241937394,0.0,0.0639,0.0696,0.0368,mem_leak_paymentservice_2
2026-10-04T05:38:21,recommendationservice,32.35546875,0.015994645612124006,4.0,0.0639,0.0696,0.0368,mem_leak_paymentservice_2
2026-10-04T05:38:21,emailservice,36.7421875,0.005604061253149934,0.0,0.0639,0.0696,0.0368,mem_leak_paymentservice_2
2026-10-04T05:38:21,shippingservice,11.6640625,0.00177177599470587,0.0,0.0639,0.0696,0.0368,mem_leak_paymentservice_2
2026-10-04T05:38:21,frontend,14.984375,0.03590048060418147,0.0,0.0639,0.0696,0.0368,mem_leak_paymentservice_2
2026-10-04T05:38:21,loadgenerator,89.4765625,0.0071635490095708024,0.0,0.0639,0.0696,0.0368,mem_leak_paymentservice_2
2026-10-04T05:38:21,cartservice,50.96484375,0.011273286883582425,0.0,0.0639,0.0696,0.0368,mem_leak_paymentservice_2
2026-10-04T05:38:21,checkoutservice,7.09765625,0.0019480305357304352,0.0,0.0639,0.0696,0.0368,mem_leak_paymentservice_2
2026-10-04T05:38:21,currencyservice,37.33984375,0.019636843682984736,0.0,0.0639,0.0696,0.0368,mem_leak_paymentservice_2
2026-10-04T05:38:27,redis-cart,6.43359375,0.005096002433007424,0.0,0.066,0.0479,0.0629,mem_leak_paymentservice_2
2026-10-04T05:38:27,paymentservice,35.6328125,0.001083910305087707,0.0,0.066,0.0479,0.0629,mem_leak_paymentservice_2
2026-10-04T05:38:27,productcatalogservice,14.22265625,0.01380140631563843,0.0,0.066,0.0479,0.0629,mem_leak_paymentservice_2
2026-10-04T05:38:27,adservice,112.05859375,0.004568251533742936,0.0,0.066,0.0479,0.0629,mem_leak_paymentservice_2
2026-10-04T05:38:27,recommendationservice,32.35546875,0.015994645612124006,4.0,0.066,0.0479,0.0629,mem_leak_paymentservice_2
2026-10-04T05:38:27,emailservice,36.7421875,0.005604061253149934,0.0,0.066,0.0479,0.0629,mem_leak_paymentservice_2
2026-10-04T05:38:27,shippingservice,11.6640625,0.00177177599470587,0.0,0.066,0.0479,0.0629,mem_leak_paymentservice_2
2026-10-04T05:38:27,frontend,14.984375,0.027638882505144208,0.0,0.066,0.0479,0.0629,mem_leak_paymentservice_2
2026-10-04T05:38:27,loadgenerator,89.4765625,0.007518008632237439,0.0,0.066,0.0479,0.0629,mem_leak_paymentservice_2
2026-10-04T05:38:27,cartservice,50.96484375,0.011273286883582425,0.0,0.066,0.0479,0.0629,mem_leak_paymentservice_2
2026-10-04T05:38:27,checkoutservice,7.09765625,0.0019480305357304352,0.0,0.066,0.0479,0.0629,mem_leak_paymentservice_2
2026-10-04T05:38:27,currencyservice,37.33984375,0.01696748170498091,0.0,0.066,0.0479,0.0629,mem_leak_paymentservice_2
2026-10-04T05:38:32,redis-cart,6.43359375,0.003925132173993555,0.0,0.2548,0.0791,0.0457,mem_leak_paymentservice_2
2026-10-04T05:38:32,paymentservice,35.6328125,0.001083910305087707,0.0,0.2548,0.0791,0.0457,mem_leak_paymentservice_2
2026-10-04T05:38:32,productcatalogservice,14.22265625,0.01230584312522222,0.0,0.2548,0.0791,0.0457,mem_leak_paymentservice_2
2026-10-04T05:38:32,adservice,112.05859375,0.003802231889059808,0.0,0.2548,0.0791,0.0457,mem_leak_paymentservice_2
2026-10-04T05:38:32,recommendationservice,32.35546875,0.015994645612124006,4.0,0.2548,0.0791,0.0457,mem_leak_paymentservice_2
2026-10-04T05:38:32,emailservice,37.484375,0.00563810116454798,0.0,0.2548,0.0791,0.0457,mem_leak_paymentservice_2
2026-10-04T05:38:32,shippingservice,11.9140625,0.0019406648697216375,0.0,0.2548,0.0791,0.0457,mem_leak_paymentservice_2
2026-10-04T05:38:32,frontend,14.5234375,0.03883756805807827,0.0,0.2548,0.0791,0.0457,mem_leak_paymentservice_2
2026-10-04T05:38:32,loadgenerator,89.640625,0.007299319194019355,0.0,0.2548,0.0791,0.0457,mem_leak_paymentservice_2
2026-10-04T05:38:32,cartservice,50.96484375,0.010036868822426699,0.0,0.2548,0.0791,0.0457,mem_leak_paymentservice_2
2026-10-04T05:38:32,checkoutservice,7.09765625,0.0019480305357304347,0.0,0.2548,0.0791,0.0457,mem_leak_paymentservice_2
2026-10-04T05:38:32,currencyservice,37.85546875,0.02214982902544509,0.0,0.2548,0.0791,0.0457,mem_leak_paymentservice_2
2026-10-04T05:38:37,redis-cart,6.43359375,0.003480930628583074,0.0,0.0683,0.0555,0.0541,mem_leak_paymentservice_2
2026-10-04T05:38:37,paymentservice,35.6328125,0.0009480345732269556,0.0,0.0683,0.0555,0.0541,mem_leak_paymentservice_2
2026-10-04T05:38:37,productcatalogservice,14.22265625,0.010934614007230756,0.0,0.0683,0.0555,0.0541,mem_leak_paymentservice_2
2026-10-04T05:38:37,adservice,112.05859375,0.003404032630368549,0.0,0.0683,0.0555,0.0541,mem_leak_paymentservice_2
2026-10-04T05:38:37,recommendationservice,32.35546875,0.012477073391998786,4.0,0.0683,0.0555,0.0541,mem_leak_paymentservice_2
2026-10-04T05:38:37,emailservice,37.484375,0.00563810116454798,0.0,0.0683,0.0555,0.0541,mem_leak_paymentservice_2
2026-10-04T05:38:37,shippingservice,11.9140625,0.0019755189473149976,0.0,0.0683,0.0555,0.0541,mem_leak_paymentservice_2
2026-10-04T05:38:37,frontend,14.5234375,0.026979475000007375,0.0,0.0683,0.0555,0.0541,mem_leak_paymentservice_2
2026-10-04T05:38:37,loadgenerator,89.640625,0.007070052011357329,0.0,0.0683,0.0555,0.0541,mem_leak_paymentservice_2
2026-10-04T05:38:37,cartservice,50.96484375,0.008947240925357855,0.0,0.0683,0.0555,0.0541,mem_leak_paymentservice_2
2026-10-04T05:38:37,checkoutservice,7.09765625,0.0018367691304348001,0.0,0.0683,0.0555,0.0541,mem_leak_paymentservice_2
2026-10-04T05:38:37,currencyservice,37.85546875,0.01829637404804613,0.0,0.0683,0.0555,0.0541,mem_leak_paymentservice_2
2026-10-04T05:38:42,redis-cart,6.42578125,0.00396000947742414,0.0,0.0575,0.0252,0.042,mem_leak_paymentservice_2
2026-10-04T05:38:42,paymentservice,36.16015625,0.001051253332138746,0.0,0.0575,0.0252,0.042,mem_leak_paymentservice_2
2026-10-04T05:38:42,productcatalogservice,13.55859375,0.016619038553068458,0.0,0.0575,0.0252,0.042,mem_leak_paymentservice_2
2026-10-04T05:38:42,adservice,112.01953125,0.004557815519169611,0.0,0.0575,0.0252,0.042,mem_leak_paymentservice_2
2026-10-04T05:38:42,recommendationservice,32.359375,0.01695675994605822,4.0,0.0575,0.0252,0.042,mem_leak_paymentservice_2
2026-10-04T05:38:42,emailservice,37.484375,0.0038638749999989844,0.0,0.0575,0.0252,0.042,mem_leak_paymentservice_2
2026-10-04T05:38:42,shippingservice,11.9140625,0.001975518947314997,0.0,0.0575,0.0252,0.042,mem_leak_paymentservice_2
2026-10-04T05:38:42,frontend,15.04296875,0.04121943302882844,0.0,0.0575,0.0252,0.042,mem_leak_paymentservice_2
2026-10-04T05:38:42,loadgenerator,89.8828125,0.007274951386961136,0.0,0.0575,0.0252,0.042,mem_leak_paymentservice_2
2026-10-04T05:38:42,cartservice,50.9453125,0.011747740029542078,0.0,0.0575,0.0252,0.042,mem_leak_paymentservice_2
2026-10-04T05:38:42,checkoutservice,7.125,0.0020979003654231256,0.0,0.0575,0.0252,0.042,mem_leak_paymentservice_2
2026-10-04T05:38:42,currencyservice,38.046875,0.026339253707023006,0.0,0.0575,0.0252,0.042,mem_leak_paymentservice_2
2026-10-04T05:38:48,redis-cart,6.42578125,0.0038928458259188275,0.0,0.0477,0.0184,0.0195,mem_leak_paymentservice_2
2026-10-04T05:38:48,paymentservice,36.16015625,0.0010512533321387465,0.0,0.0477,0.0184,0.0195,mem_leak_paymentservice_2
2026-10-04T05:38:48,productcatalogservice,13.55859375,0.01404003665449984,0.0,0.0477,0.0184,0.0195,mem_leak_paymentservice_2
2026-10-04T05:38:48,adservice,112.01953125,0.00455781551916961,0.0,0.0477,0.0184,0.0195,mem_leak_paymentservice_2
2026-10-04T05:38:48,recommendationservice,32.359375,0.01695675994605822,4.0,0.0477,0.0184,0.0195,mem_leak_paymentservice_2
2026-10-04T05:38:48,emailservice,37.484375,0.004271388550006657,0.0,0.0477,0.0184,0.0195,mem_leak_paymentservice_2
2026-10-04T05:38:48,shippingservice,11.9140625,0.0019755189473149976,0.0,0.0477,0.0184,0.0195,mem_leak_paymentservice_2
2026-10-04T05:38:48,frontend,15.04296875,0.0346938242882395,0.0,0.0477,0.0184,0.0195,mem_leak_paymentservice_2
2026-10-04T05:38:48,loadgenerator,89.8828125,0.007037527773261747,0.0,0.0477,0.0184,0.0195,mem_leak_paymentservice_2
2026-10-04T05:38:48,cartservice,50.9453125,0.009742890295667144,0.0,0.0477,0.0184,0.0195,mem_leak_paymentservice_2
2026-10-04T05:38:48,checkoutservice,7.125,0.0020979003654231256,0.0,0.0477,0.0184,0.0195,mem_leak_paymentservice_2
2026-10-04T05:38:48,currencyservice,38.046875,0.022043321427407555,0.0,0.0477,0.0184,0.0195,mem_leak_paymentservice_2
2026-10-04T05:38:53,redis-cart,6.1796875,0.004670955798326449,0.0,0.1284,0.1064,0.0375,mem_leak_paymentservice_2
2026-10-04T05:38:53,paymentservice,35.59375,0.0007573893352742576,0.0,0.1284,0.1064,0.0375,mem_leak_paymentservice_2
2026-10-04T05:38:53,productcatalogservice,13.50390625,0.01885571975194832,0.0,0.1284,0.1064,0.0375,mem_leak_paymentservice_2
2026-10-04T05:38:53,adservice,112.01953125,0.00455781551916961,0.0,0.1284,0.1064,0.0375,mem_leak_paymentservice_2
2026-10-04T05:38:53,recommendationservice,32.359375,0.017675383097282886,4.0,0.1284,0.1064,0.0375,mem_leak_paymentservice_2
2026-10-04T05:38:53,emailservice,36.74609375,0.0053924363454806576,0.0,0.1284,0.1064,0.0375,mem_leak_paymentservice_2
2026-10-04T05:38:53,shippingservice,11.6640625,0.002272869429241937,0.0,0.1284,0.1064,0.0375,mem_leak_paymentservice_2
2026-10-04T05:38:53,frontend,15.53515625,0.04312047450873864,0.0,0.1284,0.1064,0.0375,mem_leak_paymentservice_2
2026-10-04T05:38:53,loadgenerator,89.8828125,0.005805960412940942,0.0,0.1284,0.1064,0.0375,mem_leak_paymentservice_2
2026-10-04T05:38:53,cartservice,51.4296875,0.011188523817602675,0.0,0.1284,0.1064,0.0375,mem_leak_paymentservice_2
2026-10-04T05:38:53,checkoutservice,7.125,0.0021400522875816837,0.0,0.1284,0.1064,0.0375,mem_leak_paymentservice_2
2026-10-04T05:38:53,currencyservice,37.30859375,0.026230570314551917,0.0,0.1284,0.1064,0.0375,mem_leak_paymentservice_2
2026-10-04T05:38:58,redis-cart,6.1796875,0.00467095579832645,0.0,0.0859,0.1939,0.1982,mem_leak_paymentservice_2
2026-10-04T05:38:58,paymentservice,35.59375,0.0008815138282388574,0.0,0.0859,0.1939,0.1982,mem_leak_paymentservice_2
2026-10-04T05:38:58,productcatalogservice,13.50390625,0.019261124589261734,0.0,0.0859,0.1939,0.1982,mem_leak_paymentservice_2
2026-10-04T05:38:58,adservice,112.01953125,0.003332482772307063,0.0,0.0859,0.1939,0.1982,mem_leak_paymentservice_2
2026-10-04T05:38:58,recommendationservice,32.359375,0.013630077085751409,4.0,0.0859,0.1939,0.1982,mem_leak_paymentservice_2
2026-10-04T05:38:58,emailservice,36.74609375,0.004243278202279033,0.0,0.0859,0.1939,0.1982,mem_leak_paymentservice_2
2026-10-04T05:38:58,shippingservice,11.6640625,0.0018495853792027798,0.0,0.0859,0.1939,0.1982,mem_leak_paymentservice_2
2026-10-04T05:38:58,frontend,15.53515625,0.04550997895515815,0.0,0.0859,0.1939,0.1982,mem_leak_paymentservice_2
2026-10-04T05:38:58,loadgenerator,89.8828125,0.00515369888048913,0.0,0.0859,0.1939,0.1982,mem_leak_paymentservice_2
2026-10-04T05:38:58,cartservice,51.4296875,0.010324092226977865,0.0,0.0859,0.1939,0.1982,mem_leak_paymentservice_2
2026-10-04T05:38:58,checkoutservice,7.125,0.0021400522875816837,0.0,0.0859,0.1939,0.1982,mem_leak_paymentservice_2
2026-10-04T05:38:58,currencyservice,37.30859375,0.02286500942214647,0.0,0.0859,0.1939,0.1982,mem_leak_paymentservice_2
2026-10-04T05:39:04,redis-cart,6.17578125,0.00424976435208087,0.0,0.0703,0.1517,0.0955,mem_leak_paymentservice_2
2026-10-04T05:39:04,paymentservice,35.59375,0.0007030880834547439,0.0,0.0703,0.1517,0.0955,mem_leak_paymentservice_2
2026-10-04T05:39:04,productcatalogservice,13.7890625,0.017600716912623507,0.0,0.0703,0.1517,0.0955,mem_leak_paymentservice_2
2026-10-04T05:39:04,adservice,112.02734375,0.004032030799853501,0.0,0.0703,0.1517,0.0955,mem_leak_paymentservice_2
2026-10-04T05:39:04,recommendationservice,32.62890625,0.018412501494680017,4.0,0.0703,0.1517,0.0955,mem_leak_paymentservice_2
2026-10-04T05:39:04,emailservice,36.7421875,0.005309865781784229,0.0,0.0703,0.1517,0.0955,mem_leak_paymentservice_2
2026-10-04T05:39:04,shippingservice,11.6640625,0.00214074433264678,0.0,0.0703,0.1517,0.0955,mem_leak_paymentservice_2
2026-10-04T05:39:04,frontend,15.53515625,0.04550997895515815,0.0,0.0703,0.1517,0.0955,mem_leak_paymentservice_2
2026-10-04T05:39:04,loadgenerator,89.890625,0.006924234295747339,0.0,0.0703,0.1517,0.0955,mem_leak_paymentservice_2
2026-10-04T05:39:04,cartservice,51.671875,0.010787303028338057,0.0,0.0703,0.1517,0.0955,mem_leak_paymentservice_2
2026-10-04T05:39:04,checkoutservice,7.12109375,0.0012399924411829282,0.0,0.0703,0.1517,0.0955,mem_leak_paymentservice_2
2026-10-04T05:39:04,currencyservice,37.30859375,0.020483786066515058,0.0,0.0703,0.1517,0.0955,mem_leak_paymentservice_2
2026-10-04T05:39:09,redis-cart,6.17578125,0.00424976435208087,0.0,0.2895,0.1006,0.0989,mem_leak_paymentservice_2
2026-10-04T05:39:09,paymentservice,35.58984375,0.000772352596729938,0.0,0.2895,0.1006,0.0989,mem_leak_paymentservice_2
2026-10-04T05:39:09,productcatalogservice,14.26953125,0.018629593336599293,0.0,0.2895,0.1006,0.0989,mem_leak_paymentservice_2
2026-10-04T05:39:09,adservice,112.02734375,0.004198138842360224,0.0,0.2895,0.1006,0.0989,mem_leak_paymentservice_2
2026-10-04T05:39:09,recommendationservice,32.62890625,0.018412501494680017,4.0,0.2895,0.1006,0.0989,mem_leak_paymentservice_2
2026-10-04T05:39:09,emailservice,36.7421875,0.005309865781784229,0.0,0.2895,0.1006,0.0989,mem_leak_paymentservice_2
2026-10-04T05:39:09,shippingservice,11.66796875,0.002012709544675253,0.0,0.2895,0.1006,0.0989,mem_leak_paymentservice_2
2026-10-04T05:39:09,frontend,15.3046875,0.046152310239299735,0.0,0.2895,0.1006,0.0989,mem_leak_paymentservice_2
2026-10-04T05:39:09,loadgenerator,89.40625,0.007013343573004877,0.0,0.2895,0.1006,0.0989,mem_leak_paymentservice_2
2026-10-04T05:39:09,cartservice,51.671875,0.010787303028338056,0.0,0.2895,0.1006,0.0989,mem_leak_paymentservice_2
2026-10-04T05:39:09,checkoutservice,7.41796875,0.0012033842723158576,0.0,0.2895,0.1006,0.0989,mem_leak_paymentservice_2
2026-10-04T05:39:09,currencyservice,37.77734375,0.026950202370627296,0.0,0.2895,0.1006,0.0989,mem_leak_paymentservice_2
2026-10-04T05:39:15,redis-cart,6.17578125,0.002755799999999909,0.0,0.1115,0.0321,0.0341,mem_leak_paymentservice_2
2026-10-04T05:39:15,paymentservice,35.58984375,0.000772352596729938,0.0,0.1115,0.0321,0.0341,mem_leak_paymentservice_2
2026-10-04T05:39:15,productcatalogservice,14.26953125,0.016947547336565665,0.0,0.1115,0.0321,0.0341,mem_leak_paymentservice_2
2026-10-04T05:39:15,adservice,112.02734375,0.003349808177881288,0.0,0.1115,0.0321,0.0341,mem_leak_paymentservice_2
2026-10-04T05:39:15,recommendationservice,32.62890625,0.014009458637252201,4.0,0.1115,0.0321,0.0341,mem_leak_paymentservice_2
2026-10-04T05:39:15,emailservice,36.7421875,0.004260931295847097,0.0,0.1115,0.0321,0.0341,mem_leak_paymentservice_2
2026-10-04T05:39:15,shippingservice,11.66796875,0.0025394562592502322,0.0,0.1115,0.0321,0.0341,mem_leak_paymentservice_2
2026-10-04T05:39:15,frontend,15.3046875,0.046152310239299735,0.0,0.1115,0.0321,0.0341,mem_leak_paymentservice_2
2026-10-04T05:39:15,loadgenerator,89.40625,0.007013343573004877,0.0,0.1115,0.0321,0.0341,mem_leak_paymentservice_2
2026-10-04T05:39:15,cartservice,51.671875,0.009283588754829705,0.0,0.1115,0.0321,0.0341,mem_leak_paymentservice_2
2026-10-04T05:39:15,checkoutservice,7.41796875,0.0012033842723158576,0.0,0.1115,0.0321,0.0341,mem_leak_paymentservice_2
2026-10-04T05:39:15,currencyservice,37.77734375,0.026950202370627296,0.0,0.1115,0.0321,0.0341,mem_leak_paymentservice_2
2026-10-04T05:39:20,redis-cart,6.421875,0.004318042890068438,0.0,0.0717,0.0546,0.0273,mem_leak_paymentservice_2
2026-10-04T05:39:20,paymentservice,37.1875,0.0006879651311061131,0.0,0.0717,0.0546,0.0273,mem_leak_paymentservice_2
2026-10-04T05:39:20,productcatalogservice,14.26953125,0.017035446457367962,0.0,0.0717,0.0546,0.0273,mem_leak_paymentservice_2
2026-10-04T05:39:20,adservice,112.02734375,0.0040639448944603295,0.0,0.0717,0.0546,0.0273,mem_leak_paymentservice_2
2026-10-04T05:39:20,recommendationservice,32.859375,0.01873411592489614,4.0,0.0717,0.0546,0.0273,mem_leak_paymentservice_2
2026-10-04T05:39:20,emailservice,36.7421875,0.005161630325551275,0.0,0.0717,0.0546,0.0273,mem_leak_paymentservice_2
2026-10-04T05:39:20,shippingservice,11.91015625,0.002610190954773608,0.0,0.0717,0.0546,0.0273,mem_leak_paymentservice_2
2026-10-04T05:39:20,frontend,15.09375,0.04773029849600897,0.0,0.0717,0.0546,0.0273,mem_leak_paymentservice_2
2026-10-04T05:39:20,loadgenerator,89.40625,0.00715259473811264,0.0,0.0717,0.0546,0.0273,mem_leak_paymentservice_2
2026-10-04T05:39:20,cartservice,51.20703125,0.011675984843068568,0.0,0.0717,0.0546,0.0273,mem_leak_paymentservice_2
2026-10-04T05:39:20,checkoutservice,7.66015625,0.0005190314740860394,0.0,0.0717,0.0546,0.0273,mem_leak_paymentservice_2
2026-10-04T05:39:20,currencyservice,37.77734375,0.02187053839380356,0.0,0.0717,0.0546,0.0273,mem_leak_paymentservice_2
2026-10-04T05:39:25,redis-cart,6.421875,0.003627275973293323,0.0,0.1704,0.1247,0.0866,mem_leak_paymentservice_2
2026-10-04T05:39:25,paymentservice,37.1875,0.0006879651311061131,0.0,0.1704,0.1247,0.0866,mem_leak_paymentservice_2
2026-10-04T05:39:25,productcatalogservice,14.26953125,0.015256954246468068,0.0,0.1704,0.1247,0.0866,mem_leak_paymentservice_2
2026-10-04T05:39:25,adservice,112.02734375,0.0040639448944603295,0.0,0.1704,0.1247,0.0866,mem_leak_paymentservice_2
2026-10-04T05:39:25,recommendationservice,32.859375,0.018734115924896145,4.0,0.1704,0.1247,0.0866,mem_leak_paymentservice_2
2026-10-04T05:39:25,emailservice,36.7421875,0.0044180544635695675,0.0,0.1704,0.1247,0.0866,mem_leak_paymentservice_2
2026-10-04T05:39:25,shippingservice,11.91015625,0.002610190954773608,0.0,0.1704,0.1247,0.0866,mem_leak_paymentservice_2
2026-10-04T05:39:25,frontend,15.09375,0.04877862371171675,0.0,0.1704,0.1247,0.0866,mem_leak_paymentservice_2
2026-10-04T05:39:25,loadgenerator,89.40625,0.005797654874889503,0.0,0.1704,0.1247,0.0866,mem_leak_paymentservice_2
2026-10-04T05:39:25,cartservice,51.20703125,0.011675984843068568,0.0,0.1704,0.1247,0.0866,mem_leak_paymentservice_2
2026-10-04T05:39:25,checkoutservice,7.66015625,0.0006531322182951718,0.0,0.1704,0.1247,0.0866,mem_leak_paymentservice_2
2026-10-04T05:39:25,currencyservice,37.77734375,0.019011055340840893,0.0,0.1704,0.1247,0.0866,mem_leak_paymentservice_2
2026-10-04T05:39:31,redis-cart,6.1796875,0.004408172066196926,0.0,0.0644,0.147,0.1259,mem_leak_paymentservice_2
2026-10-04T05:39:31,paymentservice,37.1875,0.0006879651311061131,0.0,0.0644,0.147,0.1259,mem_leak_paymentservice_2
2026-10-04T05:39:31,productcatalogservice,14.01953125,0.018779013656324388,0.0,0.0644,0.147,0.1259,mem_leak_paymentservice_2
2026-10-04T05:39:31,adservice,112.0390625,0.0042343836163460085,0.0,0.0644,0.147,0.1259,mem_leak_paymentservice_2
2026-10-04T05:39:31,recommendationservice,32.37109375,0.019126393906843297,4.0,0.0644,0.147,0.1259,mem_leak_paymentservice_2
2026-10-04T05:39:31,emailservice,37.23828125,0.0053121982821672286,0.0,0.0644,0.147,0.1259,mem_leak_paymentservice_2
2026-10-04T05:39:31,shippingservice,11.91015625,0.0027013034315890388,0.0,0.0644,0.147,0.1259,mem_leak_paymentservice_2
2026-10-04T05:39:31,frontend,15.78125,0.04636930492924103,0.0,0.0644,0.147,0.1259,mem_leak_paymentservice_2
2026-10-04T05:39:31,loadgenerator,89.41015625,0.006925553861332893,0.0,0.0644,0.147,0.1259,mem_leak_paymentservice_2
2026-10-04T05:39:31,cartservice,51.9140625,0.01046649991435021,0.0,0.0644,0.147,0.1259,mem_leak_paymentservice_2
2026-10-04T05:39:31,checkoutservice,7.1875,0.0007466347274924203,0.0,0.0644,0.147,0.1259,mem_leak_paymentservice_2
2026-10-04T05:39:31,currencyservice,37.90625,0.026027123254790605,0.0,0.0644,0.147,0.1259,mem_leak_paymentservice_2
2026-10-04T05:39:36,redis-cart,6.1796875,0.003736929909739196,0.0,0.0941,0.0949,0.0913,mem_leak_paymentservice_2
2026-10-04T05:39:36,paymentservice,37.1875,0.00048443430584852435,0.0,0.0941,0.0949,0.0913,mem_leak_paymentservice_2
2026-10-04T05:39:36,productcatalogservice,14.01953125,0.018779013656324388,0.0,0.0941,0.0949,0.0913,mem_leak_paymentservice_2
2026-10-04T05:39:36,adservice,112.0390625,0.004570837340794893,0.0,0.0941,0.0949,0.0913,mem_leak_paymentservice_2
2026-10-04T05:39:36,recommendationservice,32.37109375,0.020078024216358462,4.0,0.0941,0.0949,0.0913,mem_leak_paymentservice_2
2026-10-04T05:39:36,emailservice,37.23828125,0.0053121982821672286,0.0,0.0941,0.0949,0.0913,mem_leak_paymentservice_2
2026-10-04T05:39:36,shippingservice,11.91015625,0.0021752320919077167,0.0,0.0941,0.0949,0.0913,mem_leak_paymentservice_2
2026-10-04T05:39:36,frontend,15.78125,0.040323485704073826,0.0,0.0941,0.0949,0.0913,mem_leak_paymentservice_2
2026-10-04T05:39:36,loadgenerator,89.41015625,0.006925553861332892,0.0,0.0941,0.0949,0.0913,mem_leak_paymentservice_2
2026-10-04T05:39:36,cartservice,51.9140625,0.012713034337771526,0.0,0.0941,0.0949,0.0913,mem_leak_paymentservice_2
2026-10-04T05:39:36,checkoutservice,7.1875,0.0007466347274924203,0.0,0.0941,0.0949,0.0913,mem_leak_paymentservice_2
2026-10-04T05:39:36,currencyservice,37.90625,0.026065251761931488,0.0,0.0941,0.0949,0.0913,mem_leak_paymentservice_2
2026-10-04T05:39:41,redis-cart,6.4296875,0.004374509351189626,0.0,0.1477,0.0255,0.0173,mem_leak_paymentservice_2
2026-10-04T05:39:41,paymentservice,44.5546875,0.007499086925469737,0.0,0.1477,0.0255,0.0173,mem_leak_paymentservice_2
2026-10-04T05:39:41,productcatalogservice,14.01953125,0.015779587863994797,0.0,0.1477,0.0255,0.0173,mem_leak_paymentservice_2
2026-10-04T05:39:41,adservice,112.0390625,0.004570837340794893,0.0,0.1477,0.0255,0.0173,mem_leak_paymentservice_2
2026-10-04T05:39:41,recommendationservice,32.8671875,0.019250445613657872,4.0,0.1477,0.0255,0.0173,mem_leak_paymentservice_2
2026-10-04T05:39:41,emailservice,37.23828125,0.005420566522486456,0.0,0.1477,0.0255,0.0173,mem_leak_paymentservice_2
2026-10-04T05:39:41,shippingservice,11.68359375,0.003015482272797584,0.0,0.1477,0.0255,0.0173,mem_leak_paymentservice_2
2026-10-04T05:39:41,frontend,15.3515625,0.04964039316737252,0.0,0.1477,0.0255,0.0173,mem_leak_paymentservice_2
2026-10-04T05:39:41,loadgenerator,89.95703125,0.006390363572062967,0.0,0.1477,0.0255,0.0173,mem_leak_paymentservice_2
2026-10-04T05:39:41,cartservice,51.9140625,0.012713034337771526,0.0,0.1477,0.0255,0.0173,mem_leak_paymentservice_2
2026-10-04T05:39:41,checkoutservice,7.1875,0.0007580039448075961,0.0,0.1477,0.0255,0.0173,mem_leak_paymentservice_2
2026-10-04T05:39:41,currencyservice,37.8046875,0.02745870089723288,0.0,0.1477,0.0255,0.0173,mem_leak_paymentservice_2
2026-10-04T05:39:47,redis-cart,6.4296875,0.0038305891068137936,0.0,0.0946,0.0281,0.0335,mem_leak_paymentservice_2
2026-10-04T05:39:47,paymentservice,44.5546875,0.008713597453702216,0.0,0.0946,0.0281,0.0335,mem_leak_paymentservice_2
2026-10-04T05:39:47,productcatalogservice,14.01953125,0.016057876209054488,0.0,0.0946,0.0281,0.0335,mem_leak_paymentservice_2
2026-10-04T05:39:47,adservice,112.0390625,0.0036745532737317743,0.0,0.0946,0.0281,0.0335,mem_leak_paymentservice_2
2026-10-04T05:39:47,recommendationservice,32.8671875,0.01925044561365788,4.0,0.0946,0.0281,0.0335,mem_leak_paymentservice_2
2026-10-04T05:39:47,emailservice,37.23828125,0.0043293387244284,0.0,0.0946,0.0281,0.0335,mem_leak_paymentservice_2
2026-10-04T05:39:47,shippingservice,11.68359375,0.0024505819270268362,0.0,0.0946,0.0281,0.0335,mem_leak_paymentservice_2
2026-10-04T05:39:47,frontend,15.3515625,0.04964039316737252,0.0,0.0946,0.0281,0.0335,mem_leak_paymentservice_2
2026-10-04T05:39:47,loadgenerator,89.95703125,0.00743173551046718,0.0,0.0946,0.0281,0.0335,mem_leak_paymentservice_2
2026-10-04T05:39:47,cartservice,51.9140625,0.010184694319862941,0.0,0.0946,0.0281,0.0335,mem_leak_paymentservice_2
2026-10-04T05:39:47,checkoutservice,7.1875,0.0006788564448783394,0.0,0.0946,0.0281,0.0335,mem_leak_paymentservice_2
2026-10-04T05:39:47,currencyservice,37.8046875,0.02810757384852317,0.0,0.0946,0.0281,0.0335,mem_leak_paymentservice_2
2026-10-04T05:39:52,redis-cart,5.93359375,0.004518875772460258,0.0,0.1165,0.0318,0.0363,mem_leak_paymentservice_2
2026-10-04T05:39:52,paymentservice,44.5546875,0.009947333061779777,0.0,0.1165,0.0318,0.0363,mem_leak_paymentservice_2
2026-10-04T05:39:52,productcatalogservice,14.10546875,0.021144182359617646,0.0,0.1165,0.0318,0.0363,mem_leak_paymentservice_2
2026-10-04T05:39:52,adservice,112.51953125,0.004529983760446129,0.0,0.1165,0.0318,0.0363,mem_leak_paymentservice_2
2026-10-04T05:39:52,recommendationservice,32.8671875,0.01925044561365788,4.0,0.1165,0.0318,0.0363,mem_leak_paymentservice_2
2026-10-04T05:39:52,emailservice,37.484375,0.005673900789177071,0.0,0.1165,0.0318,0.0363,mem_leak_paymentservice_2
2026-10-04T05:39:52,shippingservice,11.6640625,0.0024478389326923586,0.0,0.1165,0.0318,0.0363,mem_leak_paymentservice_2
2026-10-04T05:39:52,frontend,15.3515625,0.04309923075271618,0.0,0.1165,0.0318,0.0363,mem_leak_paymentservice_2
2026-10-04T05:39:52,loadgenerator,90.13671875,0.00726002918349624,0.0,0.1165,0.0318,0.0363,mem_leak_paymentservice_2
2026-10-04T05:39:52,cartservice,51.63671875,0.012243116022545828,0.0,0.1165,0.0318,0.0363,mem_leak_paymentservice_2
2026-10-04T05:39:52,checkoutservice,7.4765625,0.0015335297905007144,0.0,0.1165,0.0318,0.0363,mem_leak_paymentservice_2
2026-10-04T05:39:52,currencyservice,37.8046875,0.028107573848523172,0.0,0.1165,0.0318,0.0363,mem_leak_paymentservice_2
2026-10-04T05:39:57,redis-cart,5.93359375,0.004517359599477528,0.0,0.1224,0.0374,0.056,mem_leak_paymentservice_2
2026-10-04T05:39:57,paymentservice,44.5546875,0.011061777548410558,0.0,0.1224,0.0374,0.056,mem_leak_paymentservice_2
2026-10-04T05:39:57,productcatalogservice,14.10546875,0.020748523109001122,0.0,0.1224,0.0374,0.056,mem_leak_paymentservice_2
2026-10-04T05:39:57,adservice,112.51953125,0.004496136896925499,0.0,0.1224,0.0374,0.056,mem_leak_paymentservice_2
2026-10-04T05:39:57,recommendationservice,32.8671875,0.014920025614024278,4.0,0.1224,0.0374,0.056,mem_leak_paymentservice_2
2026-10-04T05:39:57,emailservice,37.484375,0.005800530445354011,0.0,0.1224,0.0374,0.056,mem_leak_paymentservice_2
2026-10-04T05:39:57,shippingservice,11.6640625,0.002856167786814535,0.0,0.1224,0.0374,0.056,mem_leak_paymentservice_2
2026-10-04T05:39:57,frontend,15.3515625,0.03863057693024081,0.0,0.1224,0.0374,0.056,mem_leak_paymentservice_2
2026-10-04T05:39:57,loadgenerator,90.13671875,0.006290463904999447,0.0,0.1224,0.0374,0.056,mem_leak_paymentservice_2
2026-10-04T05:39:57,cartservice,51.63671875,0.012243116022545826,0.0,0.1224,0.0374,0.056,mem_leak_paymentservice_2
2026-10-04T05:39:57,checkoutservice,7.4765625,0.0015335297905007144,0.0,0.1224,0.0374,0.056,mem_leak_paymentservice_2
2026-10-04T05:39:57,currencyservice,37.8046875,0.023024670462690865,0.0,0.1224,0.0374,0.056,mem_leak_paymentservice_2
2026-10-04T05:40:02,redis-cart,5.93359375,0.00373716140376332,0.0,0.0804,0.0383,0.0224,mem_leak_paymentservice_2
2026-10-04T05:40:02,paymentservice,52.875,0.017641280684218583,0.0,0.0804,0.0383,0.0224,mem_leak_paymentservice_2
2026-10-04T05:40:02,productcatalogservice,13.625,0.019526035635198884,0.0,0.0804,0.0383,0.0224,mem_leak_paymentservice_2
2026-10-04T05:40:02,adservice,111.77734375,0.004113843704715739,0.0,0.0804,0.0383,0.0224,mem_leak_paymentservice_2
2026-10-04T05:40:02,recommendationservice,33.3671875,0.017893315606085588,4.0,0.0804,0.0383,0.0224,mem_leak_paymentservice_2
2026-10-04T05:40:02,emailservice,37.484375,0.005800530445354011,0.0,0.0804,0.0383,0.0224,mem_leak_paymentservice_2
2026-10-04T05:40:02,shippingservice,11.6640625,0.0023364959918030378,0.0,0.0804,0.0383,0.0224,mem_leak_paymentservice_2
2026-10-04T05:40:02,frontend,14.484375,0.04625727731803438,0.0,0.0804,0.0383,0.0224,mem_leak_paymentservice_2
2026-10-04T05:40:02,loadgenerator,90.13671875,0.0056652759550776125,0.0,0.0804,0.0383,0.0224,mem_leak_paymentservice_2
2026-10-04T05:40:02,cartservice,51.63671875,0.011883403561234221,0.0,0.0804,0.0383,0.0224,mem_leak_paymentservice_2
2026-10-04T05:40:02,checkoutservice,7.4765625,0.001247074945245128,0.0,0.0804,0.0383,0.0224,mem_leak_paymentservice_2
2026-10-04T05:40:02,currencyservice,38.07421875,0.022344445597994717,0.0,0.0804,0.0383,0.0224,mem_leak_paymentservice_2
2026-10-04T05:40:08,redis-cart,5.93359375,0.0033332341662433715,0.0,0.0599,0.1841,0.0431,mem_leak_paymentservice_2
2026-10-04T05:40:08,paymentservice,52.875,0.019462895854681396,0.0,0.0599,0.1841,0.0431,mem_leak_paymentservice_2
2026-10-04T05:40:08,productcatalogservice,13.625,0.016119038970473704,0.0,0.0599,0.1841,0.0431,mem_leak_paymentservice_2
2026-10-04T05:40:08,adservice,111.77734375,0.0031422736083535335,0.0,0.0599,0.1841,0.0431,mem_leak_paymentservice_2
2026-10-04T05:40:08,recommendationservice,33.3671875,0.017893315606085584,4.0,0.0599,0.1841,0.0431,mem_leak_paymentservice_2
2026-10-04T05:40:08,emailservice,37.484375,0.00455496320772166,0.0,0.0599,0.1841,0.0431,mem_leak_paymentservice_2
2026-10-04T05:40:08,shippingservice,11.6640625,0.0021001468611111028,0.0,0.0599,0.1841,0.0431,mem_leak_paymentservice_2
2026-10-04T05:40:08,frontend,14.484375,0.03775737411840857,0.0,0.0599,0.1841,0.0431,mem_leak_paymentservice_2
2026-10-04T05:40:08,loadgenerator,90.13671875,0.004104549999999562,0.0,0.0599,0.1841,0.0431,mem_leak_paymentservice_2
2026-10-04T05:40:08,cartservice,51.63671875,0.011883403561234221,0.0,0.0599,0.1841,0.0431,mem_leak_paymentservice_2
2026-10-04T05:40:08,checkoutservice,7.4765625,0.0013917728820511072,0.0,0.0599,0.1841,0.0431,mem_leak_paymentservice_2
2026-10-04T05:40:08,currencyservice,38.07421875,0.027633639300220714,0.0,0.0599,0.1841,0.0431,mem_leak_paymentservice_2
2026-10-04T05:40:13,redis-cart,5.93359375,0.004414440532890936,0.0,0.1063,0.0727,0.2698,mem_leak_paymentservice_2
2026-10-04T05:40:13,paymentservice,52.453125,0.021271349794547072,0.0,0.1063,0.0727,0.2698,mem_leak_paymentservice_2
2026-10-04T05:40:13,productcatalogservice,14.1328125,0.020411951860556887,0.0,0.1063,0.0727,0.2698,mem_leak_paymentservice_2
2026-10-04T05:40:13,adservice,111.77734375,0.00325868618194613,0.0,0.1063,0.0727,0.2698,mem_leak_paymentservice_2
2026-10-04T05:40:13,recommendationservice,33.87109375,0.017737519931313797,4.0,0.1063,0.0727,0.2698,mem_leak_paymentservice_2
2026-10-04T05:40:13,emailservice,37.24609375,0.005963466366547277,0.0,0.1063,0.0727,0.2698,mem_leak_paymentservice_2
2026-10-04T05:40:13,shippingservice,12.40234375,0.0030606570605187446,0.0,0.1063,0.0727,0.2698,mem_leak_paymentservice_2
2026-10-04T05:40:13,frontend,15.26953125,0.04855203162553147,0.0,0.1063,0.0727,0.2698,mem_leak_paymentservice_2
2026-10-04T05:40:13,loadgenerator,90.12109375,0.0072197114283512895,0.0,0.1063,0.0727,0.2698,mem_leak_paymentservice_2
2026-10-04T05:40:13,cartservice,51.24609375,0.012004640505815112,0.0,0.1063,0.0727,0.2698,mem_leak_paymentservice_2
2026-10-04T05:40:13,checkoutservice,7.2265625,0.0018431910252415032,0.0,0.1063,0.0727,0.2698,mem_leak_paymentservice_2
2026-10-04T05:40:13,currencyservice,38.07421875,0.02186131747089586,0.0,0.1063,0.0727,0.2698,mem_leak_paymentservice_2
2026-10-04T05:40:18,redis-cart,5.93359375,0.004414440532890936,0.0,0.1487,0.1644,0.042,mem_leak_paymentservice_2
2026-10-04T05:40:18,paymentservice,52.453125,0.01971771425746557,0.0,0.1487,0.1644,0.042,mem_leak_paymentservice_2
2026-10-04T05:40:18,productcatalogservice,14.1328125,0.020411951860556887,0.0,0.1487,0.1644,0.042,mem_leak_paymentservice_2
2026-10-04T05:40:18,adservice,111.77734375,0.002909897435281371,0.0,0.1487,0.1644,0.042,mem_leak_paymentservice_2
2026-10-04T05:40:18,recommendationservice,33.87109375,0.017737519931313797,4.0,0.1487,0.1644,0.042,mem_leak_paymentservice_2
2026-10-04T05:40:18,emailservice,37.24609375,0.005963466366547277,0.0,0.1487,0.1644,0.042,mem_leak_paymentservice_2
2026-10-04T05:40:18,shippingservice,12.40234375,0.0031128918145739604,0.0,0.1487,0.1644,0.042,mem_leak_paymentservice_2
2026-10-04T05:40:18,frontend,15.26953125,0.04855203162553147,0.0,0.1487,0.1644,0.042,mem_leak_paymentservice_2
2026-10-04T05:40:18,loadgenerator,90.12109375,0.005775227664323906,0.0,0.1487,0.1644,0.042,mem_leak_paymentservice_2
2026-10-04T05:40:18,cartservice,51.24609375,0.012004640505815112,0.0,0.1487,0.1644,0.042,mem_leak_paymentservice_2
2026-10-04T05:40:18,checkoutservice,7.2265625,0.0020861905407236806,0.0,0.1487,0.1644,0.042,mem_leak_paymentservice_2
2026-10-04T05:40:18,currencyservice,38.07421875,0.019356788628985853,0.0,0.1487,0.1644,0.042,mem_leak_paymentservice_2
2026-10-04T05:40:24,redis-cart,6.42578125,0.00455000891424455,0.0,0.2328,0.1337,0.0309,mem_leak_paymentservice_2
2026-10-04T05:40:24,paymentservice,58.109375,0.027249150622322124,0.0,0.2328,0.1337,0.0309,mem_leak_paymentservice_2
2026-10-04T05:40:24,productcatalogservice,14.1328125,0.020411951860556887,0.0,0.2328,0.1337,0.0309,mem_leak_paymentservice_2
2026-10-04T05:40:24,adservice,112.2734375,0.004194782999774555,0.0,0.2328,0.1337,0.0309,mem_leak_paymentservice_2
2026-10-04T05:40:24,recommendationservice,33.87109375,0.01498559298485916,4.0,0.2328,0.1337,0.0309,mem_leak_paymentservice_2
2026-10-04T05:40:24,emailservice,36.7421875,0.005806145484950718,0.0,0.2328,0.1337,0.0309,mem_leak_paymentservice_2
2026-10-04T05:40:24,shippingservice,12.40234375,0.0023535667083214463,0.0,0.2328,0.1337,0.0309,mem_leak_paymentservice_2
2026-10-04T05:40:24,frontend,15.26953125,0.04385299173017375,0.0,0.2328,0.1337,0.0309,mem_leak_paymentservice_2
2026-10-04T05:40:24,loadgenerator,90.12109375,0.004925999118748694,0.0,0.2328,0.1337,0.0309,mem_leak_paymentservice_2
2026-10-04T05:40:24,cartservice,52.015625,0.01304156509269687,0.0,0.2328,0.1337,0.0309,mem_leak_paymentservice_2
2026-10-04T05:40:24,checkoutservice,7.16796875,0.003041819786897706,0.0,0.2328,0.1337,0.0309,mem_leak_paymentservice_2
2026-10-04T05:40:24,currencyservice,37.88671875,0.025360509481052264,0.0,0.2328,0.1337,0.0309,mem_leak_paymentservice_2
2026-10-04T05:40:29,redis-cart,6.42578125,0.00455000891424455,0.0,0.0739,0.0338,0.019,mem_leak_paymentservice_2
2026-10-04T05:40:29,paymentservice,62.06640625,0.029979185095988046,0.0,0.0739,0.0338,0.019,mem_leak_paymentservice_2
2026-10-04T05:40:29,productcatalogservice,14.1484375,0.021832958975549602,0.0,0.0739,0.0338,0.019,mem_leak_paymentservice_2
2026-10-04T05:40:29,adservice,112.2734375,0.0032714864314885655,0.0,0.0739,0.0338,0.019,mem_leak_paymentservice_2
2026-10-04T05:40:29,recommendationservice,33.62890625,0.01932311181459373,4.0,0.0739,0.0338,0.019,mem_leak_paymentservice_2
2026-10-04T05:40:29,emailservice,36.7421875,0.004738996594269473,0.0,0.0739,0.0338,0.019,mem_leak_paymentservice_2
2026-10-04T05:40:29,shippingservice,11.6640625,0.002935563020301254,0.0,0.0739,0.0338,0.019,mem_leak_paymentservice_2
2026-10-04T05:40:29,frontend,16.37890625,0.047671795332534156,0.0,0.0739,0.0338,0.019,mem_leak_paymentservice_2
2026-10-04T05:40:29,loadgenerator,89.4296875,0.007131573186215592,0.0,0.0739,0.0338,0.019,mem_leak_paymentservice_2
2026-10-04T05:40:29,cartservice,52.015625,0.01156893869194272,0.0,0.0739,0.0338,0.019,mem_leak_paymentservice_2
2026-10-04T05:40:29,checkoutservice,7.16796875,0.0034642809003908944,0.0,0.0739,0.0338,0.019,mem_leak_paymentservice_2
2026-10-04T05:40:29,currencyservice,37.88671875,0.025360509481052264,0.0,0.0739,0.0338,0.019,mem_leak_paymentservice_2
2026-10-04T05:40:35,redis-cart,6.42578125,0.003751845487710804,0.0,0.0959,0.0474,0.043,mem_leak_paymentservice_2
2026-10-04T05:40:35,paymentservice,62.06640625,0.029380169393199134,0.0,0.0959,0.0474,0.043,mem_leak_paymentservice_2
2026-10-04T05:40:35,productcatalogservice,14.1484375,0.01859131039165487,0.0,0.0959,0.0474,0.043,mem_leak_paymentservice_2
2026-10-04T05:40:35,adservice,112.2734375,0.0029156709332030686,0.0,0.0959,0.0474,0.043,mem_leak_paymentservice_2
2026-10-04T05:40:35,recommendationservice,33.62890625,0.01932311181459373,4.0,0.0959,0.0474,0.043,mem_leak_paymentservice_2
2026-10-04T05:40:35,emailservice,36.7421875,0.005670464973998253,0.0,0.0959,0.0474,0.043,mem_leak_paymentservice_2
2026-10-04T05:40:35,shippingservice,11.6640625,0.002935563020301254,0.0,0.0959,0.0474,0.043,mem_leak_paymentservice_2
2026-10-04T05:40:35,frontend,16.37890625,0.047671795332534156,0.0,0.0959,0.0474,0.043,mem_leak_paymentservice_2
2026-10-04T05:40:35,loadgenerator,89.4296875,0.0072742507886417755,0.0,0.0959,0.0474,0.043,mem_leak_paymentservice_2
2026-10-04T05:40:35,cartservice,52.015625,0.011669845677069097,0.0,0.0959,0.0474,0.043,mem_leak_paymentservice_2
2026-10-04T05:40:35,checkoutservice,7.16796875,0.0027050837410702295,0.0,0.0959,0.0474,0.043,mem_leak_paymentservice_2
2026-10-04T05:40:35,currencyservice,37.88671875,0.01957144484805456,0.0,0.0959,0.0474,0.043,mem_leak_paymentservice_2
2026-10-04T05:40:40,redis-cart,6.18359375,0.004611411167513376,0.0,0.0904,0.0371,0.024,mem_leak_paymentservice_2
2026-10-04T05:40:40,paymentservice,4.53125,0.026710933312063107,0.0,0.0904,0.0371,0.024,mem_leak_paymentservice_2
2026-10-04T05:40:40,productcatalogservice,14.38671875,0.021219575635931732,0.0,0.0904,0.0371,0.024,mem_leak_paymentservice_2
2026-10-04T05:40:40,adservice,112.01953125,0.0043324809265177615,0.0,0.0904,0.0371,0.024,mem_leak_paymentservice_2
2026-10-04T05:40:40,recommendationservice,32.875,0.017700681240686654,4.0,0.0904,0.0371,0.024,mem_leak_paymentservice_2
2026-10-04T05:40:40,emailservice,36.7421875,0.00488075821861943,0.0,0.0904,0.0371,0.024,mem_leak_paymentservice_2
2026-10-04T05:40:40,shippingservice,12.16015625,0.0029935939688554365,0.0,0.0904,0.0371,0.024,mem_leak_paymentservice_2
2026-10-04T05:40:40,frontend,15.234375,0.050536596746951434,0.0,0.0904,0.0371,0.024,mem_leak_paymentservice_2
2026-10-04T05:40:40,loadgenerator,89.43359375,0.007444498795905047,0.0,0.0904,0.0371,0.024,mem_leak_paymentservice_2
2026-10-04T05:40:40,cartservice,50.96484375,0.01344401826054218,0.0,0.0904,0.0371,0.024,mem_leak_paymentservice_2
2026-10-04T05:40:40,checkoutservice,7.16796875,0.0027901546486277184,0.0,0.0904,0.0371,0.024,mem_leak_paymentservice_2
2026-10-04T05:40:40,currencyservice,38.0,0.027957640212185178,0.0,0.0904,0.0371,0.024,mem_leak_paymentservice_2
2026-10-04T05:40:45,redis-cart,6.18359375,0.004611411167513376,0.0,0.0344,0.0288,0.0319,mem_leak_paymentservice_2
2026-10-04T05:40:45,paymentservice,4.53125,0.03131656405989286,0.0,0.0344,0.0288,0.0319,mem_leak_paymentservice_2
2026-10-04T05:40:45,productcatalogservice,14.38671875,0.01931710514104699,0.0,0.0344,0.0288,0.0319,mem_leak_paymentservice_2
2026-10-04T05:40:45,adservice,112.01953125,0.0048264293873637445,0.0,0.0344,0.0288,0.0319,mem_leak_paymentservice_2
2026-10-04T05:40:45,recommendationservice,32.875,0.020821268920084283,4.0,0.0344,0.0288,0.0319,mem_leak_paymentservice_2
2026-10-04T05:40:45,emailservice,36.7421875,0.004391208075864246,0.0,0.0344,0.0288,0.0319,mem_leak_paymentservice_2
2026-10-04T05:40:45,shippingservice,12.16015625,0.0027891088801166464,0.0,0.0344,0.0288,0.0319,mem_leak_paymentservice_2
2026-10-04T05:40:45,frontend,15.234375,0.050536596746951434,0.0,0.0344,0.0288,0.0319,mem_leak_paymentservice_2
2026-10-04T05:40:45,loadgenerator,89.43359375,0.007607685950413413,0.0,0.0344,0.0288,0.0319,mem_leak_paymentservice_2
2026-10-04T05:40:45,cartservice,50.96484375,0.01344401826054218,0.0,0.0344,0.0288,0.0319,mem_leak_paymentservice_2
2026-10-04T05:40:45,checkoutservice,7.16796875,0.0028462037220638274,0.0,0.0344,0.0288,0.0319,mem_leak_paymentservice_2
2026-10-04T05:40:45,currencyservice,38.0,0.02795764021218518,0.0,0.0344,0.0288,0.0319,mem_leak_paymentservice_2
2026-10-04T05:40:50,redis-cart,6.18359375,0.004711972744972228,0.0,0.1104,0.0441,0.064,mem_leak_paymentservice_2
2026-10-04T05:40:50,productcatalogservice,13.8671875,0.02200454555109395,0.0,0.1104,0.0441,0.064,mem_leak_paymentservice_2
2026-10-04T05:40:50,adservice,112.02734375,0.0044670886320219705,0.0,0.1104,0.0441,0.064,mem_leak_paymentservice_2
2026-10-04T05:40:50,recommendationservice,32.875,0.017191254194441927,4.0,0.1104,0.0441,0.064,mem_leak_paymentservice_2
2026-10-04T05:40:50,emailservice,37.47265625,0.005645611510793407,0.0,0.1104,0.0441,0.064,mem_leak_paymentservice_2
2026-10-04T05:40:50,shippingservice,11.91796875,0.002427111685196719,0.0,0.1104,0.0441,0.064,mem_leak_paymentservice_2
2026-10-04T05:40:50,frontend,14.6171875,0.046503905841325764,0.0,0.1104,0.0441,0.064,mem_leak_paymentservice_2
2026-10-04T05:40:50,loadgenerator,89.43359375,0.007607685950413413,0.0,0.1104,0.0441,0.064,mem_leak_paymentservice_2
2026-10-04T05:40:50,cartservice,50.96875,0.013163476475079552,0.0,0.1104,0.0441,0.064,mem_leak_paymentservice_2
2026-10-04T05:40:50,checkoutservice,7.16796875,0.003373994938655214,0.0,0.1104,0.0441,0.064,mem_leak_paymentservice_2
2026-10-04T05:40:50,currencyservice,37.765625,0.02566742281730665,0.0,0.1104,0.0441,0.064,mem_leak_paymentservice_2
2026-10-04T05:40:50,paymentservice,4.53125,0.03112117722446932,0.0,0.1104,0.0441,0.064,mem_leak_paymentservice_2
2026-10-04T05:40:56,redis-cart,6.18359375,0.0037035320446690877,0.0,0.0688,0.071,0.0901,mem_leak_paymentservice_2
2026-10-04T05:40:56,productcatalogservice,13.8671875,0.016284466666669082,0.0,0.0688,0.071,0.0901,mem_leak_paymentservice_2
2026-10-04T05:40:56,adservice,112.02734375,0.00446708863202197,0.0,0.0688,0.071,0.0901,mem_leak_paymentservice_2
2026-10-04T05:40:56,recommendationservice,32.875,0.015654771575895468,4.0,0.0688,0.071,0.0901,mem_leak_paymentservice_2
2026-10-04T05:40:56,emailservice,37.47265625,0.005645611510793407,0.0,0.0688,0.071,0.0901,mem_leak_paymentservice_2
2026-10-04T05:40:56,shippingservice,11.91796875,0.002427111685196719,0.0,0.0688,0.071,0.0901,mem_leak_paymentservice_2
2026-10-04T05:40:56,frontend,14.6171875,0.04648722942101927,0.0,0.0688,0.071,0.0901,mem_leak_paymentservice_2
2026-10-04T05:40:56,loadgenerator,89.43359375,0.007607685950413414,0.0,0.0688,0.071,0.0901,mem_leak_paymentservice_2
2026-10-04T05:40:56,cartservice,50.96875,0.011225191129336518,0.0,0.0688,0.071,0.0901,mem_leak_paymentservice_2
2026-10-04T05:40:56,checkoutservice,7.16796875,0.002566330841902377,0.0,0.0688,0.071,0.0901,mem_leak_paymentservice_2
2026-10-04T05:40:56,currencyservice,37.765625,0.025437913741223665,0.0,0.0688,0.071,0.0901,mem_leak_paymentservice_2
2026-10-04T05:40:56,paymentservice,4.53125,0.020025640597160943,0.0,0.0688,0.071,0.0901,mem_leak_paymentservice_2
2026-10-04T05:41:01,redis-cart,6.6796875,0.004317078223400697,0.0,0.19,0.1518,0.112,mem_leak_paymentservice_2
2026-10-04T05:41:01,productcatalogservice,13.8671875,0.016801492739931166,0.0,0.19,0.1518,0.112,mem_leak_paymentservice_2
2026-10-04T05:41:01,adservice,112.02734375,0.004291552481042649,0.0,0.19,0.1518,0.112,mem_leak_paymentservice_2
2026-10-04T05:41:01,recommendationservice,32.65625,0.018068618336017948,4.0,0.19,0.1518,0.112,mem_leak_paymentservice_2
2026-10-04T05:41:01,emailservice,37.47265625,0.004607759928059218,0.0,0.19,0.1518,0.112,mem_leak_paymentservice_2
2026-10-04T05:41:01,shippingservice,12.671875,0.0022659818819943467,0.0,0.19,0.1518,0.112,mem_leak_paymentservice_2
2026-10-04T05:41:01,frontend,14.6171875,0.04648722942101928,0.0,0.19,0.1518,0.112,mem_leak_paymentservice_2
2026-10-04T05:41:01,loadgenerator,90.19140625,0.007214141705070602,0.0,0.19,0.1518,0.112,mem_leak_paymentservice_2
2026-10-04T05:41:01,cartservice,51.7109375,0.011964759295185841,0.0,0.19,0.1518,0.112,mem_leak_paymentservice_2
2026-10-04T05:41:01,checkoutservice,6.66796875,0.002487962141378294,0.0,0.19,0.1518,0.112,mem_leak_paymentservice_2
2026-10-04T05:41:01,currencyservice,37.765625,0.02543791374122367,0.0,0.19,0.1518,0.112,mem_leak_paymentservice_2
2026-10-04T05:41:01,paymentservice,28.60546875,0.04019681191251114,0.0,0.19,0.1518,0.112,mem_leak_paymentservice_2
2026-10-04T05:41:06,redis-cart,6.6796875,0.0041635372501515125,0.0,0.1553,0.0433,0.0503,mem_leak_paymentservice_2
2026-10-04T05:41:06,productcatalogservice,13.8671875,0.014897554096620283,0.0,0.1553,0.0433,0.0503,mem_leak_paymentservice_2
2026-10-04T05:41:06,adservice,112.02734375,0.004291552481042649,0.0,0.1553,0.0433,0.0503,mem_leak_paymentservice_2
2026-10-04T05:41:06,recommendationservice,32.65625,0.018068618336017948,4.0,0.1553,0.0433,0.0503,mem_leak_paymentservice_2
2026-10-04T05:41:06,emailservice,37.47265625,0.004210921935608458,0.0,0.1553,0.0433,0.0503,mem_leak_paymentservice_2
2026-10-04T05:41:06,shippingservice,12.671875,0.00214482645441869,0.0,0.1553,0.0433,0.0503,mem_leak_paymentservice_2
2026-10-04T05:41:06,frontend,14.6171875,0.03712431402204748,0.0,0.1553,0.0433,0.0503,mem_leak_paymentservice_2
2026-10-04T05:41:06,loadgenerator,90.19140625,0.007214141705070602,0.0,0.1553,0.0433,0.0503,mem_leak_paymentservice_2
2026-10-04T05:41:06,cartservice,51.7109375,0.009118255851068765,0.0,0.1553,0.0433,0.0503,mem_leak_paymentservice_2
2026-10-04T05:41:06,checkoutservice,6.66796875,0.0014134083956710624,0.0,0.1553,0.0433,0.0503,mem_leak_paymentservice_2
2026-10-04T05:41:06,currencyservice,37.765625,0.02093020943497158,0.0,0.1553,0.0433,0.0503,mem_leak_paymentservice_2
2026-10-04T05:41:06,paymentservice,28.60546875,0.04717339375605408,0.0,0.1553,0.0433,0.0503,mem_leak_paymentservice_2
2026-10-04T05:41:12,redis-cart,6.18359375,0.004376625384006955,0.0,0.1786,0.0503,0.0767,mem_leak_paymentservice_2
2026-10-04T05:41:12,productcatalogservice,14.12890625,0.016929641155308907,0.0,0.1786,0.0503,0.0767,mem_leak_paymentservice_2
2026-10-04T05:41:12,adservice,112.13671875,0.0037101294285392656,0.0,0.1786,0.0503,0.0767,mem_leak_paymentservice_2
2026-10-04T05:41:12,recommendationservice,33.359375,0.017905293337121667,4.0,0.1786,0.0503,0.0767,mem_leak_paymentservice_2
2026-10-04T05:41:12,emailservice,36.9765625,0.005445460833090797,0.0,0.1786,0.0503,0.0767,mem_leak_paymentservice_2
2026-10-04T05:41:12,shippingservice,12.671875,0.001790054285304052,0.0,0.1786,0.0503,0.0767,mem_leak_paymentservice_2
2026-10-04T05:41:12,frontend,14.18359375,0.03989460950572491,0.0,0.1786,0.0503,0.0767,mem_leak_paymentservice_2
2026-10-04T05:41:12,loadgenerator,89.6953125,0.007467403573787758,0.0,0.1786,0.0503,0.0767,mem_leak_paymentservice_2
2026-10-04T05:41:12,cartservice,51.7109375,0.008174470611464696,0.0,0.1786,0.0503,0.0767,mem_leak_paymentservice_2
2026-10-04T05:41:12,checkoutservice,6.68359375,0.0022140509848912076,0.0,0.1786,0.0503,0.0767,mem_leak_paymentservice_2
2026-10-04T05:41:12,currencyservice,38.109375,0.023684215904678195,0.0,0.1786,0.0503,0.0767,mem_leak_paymentservice_2
2026-10-04T05:41:12,paymentservice,29.31640625,0.03452145577966081,0.0,0.1786,0.0503,0.0767,mem_leak_paymentservice_2
2026-10-04T05:41:17,redis-cart,6.18359375,0.0042102958615866165,0.0,0.0983,0.198,0.2082,mem_leak_paymentservice_2
2026-10-04T05:41:17,productcatalogservice,14.12890625,0.014059596711674179,0.0,0.0983,0.198,0.2082,mem_leak_paymentservice_2
2026-10-04T05:41:17,adservice,112.13671875,0.0037101294285392656,0.0,0.0983,0.198,0.2082,mem_leak_paymentservice_2
2026-10-04T05:41:17,recommendationservice,33.359375,0.017905293337121667,4.0,0.0983,0.198,0.2082,mem_leak_paymentservice_2
2026-10-04T05:41:17,emailservice,36.9765625,0.005338713416399134,0.0,0.0983,0.198,0.2082,mem_leak_paymentservice_2
2026-10-04T05:41:17,shippingservice,12.671875,0.0015906926663658348,0.0,0.0983,0.198,0.2082,mem_leak_paymentservice_2
2026-10-04T05:41:17,frontend,14.18359375,0.03989460950572491,0.0,0.0983,0.198,0.2082,mem_leak_paymentservice_2
2026-10-04T05:41:17,loadgenerator,89.6953125,0.007467403573787759,0.0,0.0983,0.198,0.2082,mem_leak_paymentservice_2
2026-10-04T05:41:17,cartservice,51.7109375,0.005439774999999969,0.0,0.0983,0.198,0.2082,mem_leak_paymentservice_2
2026-10-04T05:41:17,checkoutservice,6.68359375,0.0024896952285785824,0.0,0.0983,0.198,0.2082,mem_leak_paymentservice_2
2026-10-04T05:41:17,currencyservice,38.109375,0.01670155147423701,0.0,0.0983,0.198,0.2082,mem_leak_paymentservice_2
2026-10-04T05:41:17,paymentservice,29.31640625,0.03035840833333333,0.0,0.0983,0.198,0.2082,mem_leak_paymentservice_2
2026-10-04T05:41:23,redis-cart,6.18359375,0.0042102958615866165,0.0,0.2027,0.037,0.0246,mem_leak_paymentservice_2
2026-10-04T05:41:23,productcatalogservice,14.12890625,0.012337754223318896,0.0,0.2027,0.037,0.0246,mem_leak_paymentservice_2
2026-10-04T05:41:23,adservice,112.13671875,0.0037101294285392648,0.0,0.2027,0.037,0.0246,mem_leak_paymentservice_2
2026-10-04T05:41:23,recommendationservice,32.8671875,0.016866588620931808,4.0,0.2027,0.037,0.0246,mem_leak_paymentservice_2
2026-10-04T05:41:23,emailservice,37.73046875,0.0054935391022097714,0.0,0.2027,0.037,0.0246,mem_leak_paymentservice_2
2026-10-04T05:41:23,shippingservice,12.3984375,0.00232575548312296,0.0,0.2027,0.037,0.0246,mem_leak_paymentservice_2
2026-10-04T05:41:23,frontend,14.18359375,0.02961161023078913,0.0,0.2027,0.037,0.0246,mem_leak_paymentservice_2
2026-10-04T05:41:23,loadgenerator,89.6796875,0.007607415619612148,0.0,0.2027,0.037,0.0246,mem_leak_paymentservice_2
2026-10-04T05:41:23,cartservice,51.72265625,0.011522569938359374,0.0,0.2027,0.037,0.0246,mem_leak_paymentservice_2
2026-10-04T05:41:23,checkoutservice,6.8984375,0.0031531539888682847,0.0,0.2027,0.037,0.0246,mem_leak_paymentservice_2
2026-10-04T05:41:23,currencyservice,38.50390625,0.02027289421864286,0.0,0.2027,0.037,0.0246,mem_leak_paymentservice_2
2026-10-04T05:41:23,paymentservice,29.48046875,0.029866694999329514,0.0,0.2027,0.037,0.0246,mem_leak_paymentservice_2
2026-10-04T05:41:28,redis-cart,6.18359375,0.003379446602000767,0.0,0.1474,0.0283,0.0589,mem_leak_paymentservice_2
2026-10-04T05:41:28,productcatalogservice,14.12890625,0.010900084846083445,0.0,0.1474,0.0283,0.0589,mem_leak_paymentservice_2
2026-10-04T05:41:28,adservice,112.13671875,0.002925189712441308,0.0,0.1474,0.0283,0.0589,mem_leak_paymentservice_2
2026-10-04T05:41:28,recommendationservice,32.8671875,0.016866588620931808,4.0,0.1474,0.0283,0.0589,mem_leak_paymentservice_2
2026-10-04T05:41:28,emailservice,37.73046875,0.005347929186291153,0.0,0.1474,0.0283,0.0589,mem_leak_paymentservice_2
2026-10-04T05:41:28,shippingservice,12.3984375,0.0018521799833039448,0.0,0.1474,0.0283,0.0589,mem_leak_paymentservice_2
2026-10-04T05:41:28,frontend,14.18359375,0.026500987055817573,0.0,0.1474,0.0283,0.0589,mem_leak_paymentservice_2
2026-10-04T05:41:28,loadgenerator,89.6796875,0.007607415619612148,0.0,0.1474,0.0283,0.0589,mem_leak_paymentservice_2
2026-10-04T05:41:28,cartservice,51.72265625,0.00984584396949578,0.0,0.1474,0.0283,0.0589,mem_leak_paymentservice_2
2026-10-04T05:41:28,checkoutservice,6.8984375,0.0031531539888682847,0.0,0.1474,0.0283,0.0589,mem_leak_paymentservice_2
2026-10-04T05:41:28,currencyservice,38.50390625,0.02027289421864286,0.0,0.1474,0.0283,0.0589,mem_leak_paymentservice_2
2026-10-04T05:41:28,paymentservice,29.48046875,0.032814955043134274,0.0,0.1474,0.0283,0.0589,mem_leak_paymentservice_2
2026-10-04T05:41:33,redis-cart,5.9296875,0.004161657774474803,0.0,0.0724,0.0285,0.0874,mem_leak_paymentservice_2
2026-10-04T05:41:33,productcatalogservice,14.61328125,0.01740093665661182,0.0,0.0724,0.0285,0.0874,mem_leak_paymentservice_2
2026-10-04T05:41:33,adservice,112.875,0.003817686700592039,0.0,0.0724,0.0285,0.0874,mem_leak_paymentservice_2
2026-10-04T05:41:33,recommendationservice,33.37890625,0.017232734188545824,4.0,0.0724,0.0285,0.0874,mem_leak_paymentservice_2
2026-10-04T05:41:33,emailservice,36.7421875,0.005190300120048465,0.0,0.0724,0.0285,0.0874,mem_leak_paymentservice_2
2026-10-04T05:41:33,shippingservice,12.4140625,0.0022465281159308515,0.0,0.0724,0.0285,0.0874,mem_leak_paymentservice_2
2026-10-04T05:41:33,frontend,14.95703125,0.037375649283191946,0.0,0.0724,0.0285,0.0874,mem_leak_paymentservice_2
2026-10-04T05:41:33,loadgenerator,90.421875,0.0078023192253635935,0.0,0.0724,0.0285,0.0874,mem_leak_paymentservice_2
2026-10-04T05:41:33,cartservice,51.55078125,0.011980239897620615,0.0,0.0724,0.0285,0.0874,mem_leak_paymentservice_2
2026-10-04T05:41:33,checkoutservice,7.0234375,0.002984110683744731,0.0,0.0724,0.0285,0.0874,mem_leak_paymentservice_2
2026-10-04T05:41:33,currencyservice,38.50390625,0.01741641531668287,0.0,0.0724,0.0285,0.0874,mem_leak_paymentservice_2
2026-10-04T05:41:33,paymentservice,29.48046875,0.0034437249999999977,0.0,0.0724,0.0285,0.0874,mem_leak_paymentservice_2
2026-10-04T05:41:39,redis-cart,5.9296875,0.003575918483876281,0.0,0.0818,0.1337,0.0451,mem_leak_paymentservice_2
2026-10-04T05:41:39,productcatalogservice,14.61328125,0.01740093665661182,0.0,0.0818,0.1337,0.0451,mem_leak_paymentservice_2
2026-10-04T05:41:39,adservice,112.875,0.003817686700592039,0.0,0.0818,0.1337,0.0451,mem_leak_paymentservice_2
2026-10-04T05:41:39,recommendationservice,33.37890625,0.016661339594477652,4.0,0.0818,0.1337,0.0451,mem_leak_paymentservice_2
2026-10-04T05:41:39,emailservice,36.7421875,0.005190300120048465,0.0,0.0818,0.1337,0.0451,mem_leak_paymentservice_2
2026-10-04T05:41:39,shippingservice,12.4140625,0.0024862549800791873,0.0,0.0818,0.1337,0.0451,mem_leak_paymentservice_2
2026-10-04T05:41:39,frontend,14.95703125,0.03929801028392013,0.0,0.0818,0.1337,0.0451,mem_leak_paymentservice_2
2026-10-04T05:41:39,loadgenerator,90.421875,0.00711882238229046,0.0,0.0818,0.1337,0.0451,mem_leak_paymentservice_2
2026-10-04T05:41:39,cartservice,51.55078125,0.011980239897620615,0.0,0.0818,0.1337,0.0451,mem_leak_paymentservice_2
2026-10-04T05:41:39,checkoutservice,7.0234375,0.0034963784771971005,0.0,0.0818,0.1337,0.0451,mem_leak_paymentservice_2
2026-10-04T05:41:39,currencyservice,38.50390625,0.015583853684289967,0.0,0.0818,0.1337,0.0451,mem_leak_paymentservice_2
2026-10-04T05:41:39,paymentservice,29.48046875,0.003719551474023771,0.0,0.0818,0.1337,0.0451,mem_leak_paymentservice_2
2026-10-04T05:41:44,redis-cart,6.67578125,0.0044884164622514796,0.0,0.0795,0.0665,0.0931,mem_leak_paymentservice_2
2026-10-04T05:41:44,productcatalogservice,14.359375,0.01849800344122331,0.0,0.0795,0.0665,0.0931,mem_leak_paymentservice_2
2026-10-04T05:41:44,adservice,112.875,0.003817686700592039,0.0,0.0795,0.0665,0.0931,mem_leak_paymentservice_2
2026-10-04T05:41:44,recommendationservice,32.3828125,0.017919326529285316,4.0,0.0795,0.0665,0.0931,mem_leak_paymentservice_2
2026-10-04T05:41:44,emailservice,36.7421875,0.0034103250000015353,0.0,0.0795,0.0665,0.0931,mem_leak_paymentservice_2
2026-10-04T05:41:44,shippingservice,12.1640625,0.0025492649648699395,0.0,0.0795,0.0665,0.0931,mem_leak_paymentservice_2
2026-10-04T05:41:44,frontend,14.95703125,0.03172659363588485,0.0,0.0795,0.0665,0.0931,mem_leak_paymentservice_2
2026-10-04T05:41:44,loadgenerator,90.421875,0.006901600039040689,0.0,0.0795,0.0665,0.0931,mem_leak_paymentservice_2
2026-10-04T05:41:44,cartservice,51.55078125,0.013321431714830656,0.0,0.0795,0.0665,0.0931,mem_leak_paymentservice_2
2026-10-04T05:41:44,checkoutservice,7.30859375,0.0032117011226574744,0.0,0.0795,0.0665,0.0931,mem_leak_paymentservice_2
2026-10-04T05:41:44,currencyservice,38.8515625,0.02161260537936567,0.0,0.0795,0.0665,0.0931,mem_leak_paymentservice_2
2026-10-04T05:41:44,paymentservice,29.734375,0.003751666739291471,0.0,0.0795,0.0665,0.0931,mem_leak_paymentservice_2
2026-10-04T05:41:49,redis-cart,6.6640625,0.00440039942938693,0.0,0.2705,0.1016,0.1092,mem_leak_paymentservice_2
2026-10-04T05:41:49,productcatalogservice,14.359375,0.01520990625453153,0.0,0.2705,0.1016,0.1092,mem_leak_paymentservice_2
2026-10-04T05:41:49,adservice,112.390625,0.004191076393486052,0.0,0.2705,0.1016,0.1092,mem_leak_paymentservice_2
2026-10-04T05:41:49,recommendationservice,32.3828125,0.017919326529285316,4.0,0.2705,0.1016,0.1092,mem_leak_paymentservice_2
2026-10-04T05:41:49,emailservice,36.74609375,0.005464227814196739,0.0,0.2705,0.1016,0.1092,mem_leak_paymentservice_2
2026-10-04T05:41:49,shippingservice,12.1640625,0.002785311129769181,0.0,0.2705,0.1016,0.1092,mem_leak_paymentservice_2
2026-10-04T05:41:49,frontend,15.25,0.044811929290559535,0.0,0.2705,0.1016,0.1092,mem_leak_paymentservice_2
2026-10-04T05:41:49,loadgenerator,89.4609375,0.008401517565523091,0.0,0.2705,0.1016,0.1092,mem_leak_paymentservice_2
2026-10-04T05:41:49,cartservice,51.75390625,0.013116398060671193,0.0,0.2705,0.1016,0.1092,mem_leak_paymentservice_2
2026-10-04T05:41:49,checkoutservice,7.30859375,0.0032117011226574744,0.0,0.2705,0.1016,0.1092,mem_leak_paymentservice_2
2026-10-04T05:41:49,currencyservice,38.48828125,0.02489447593693344,0.0,0.2705,0.1016,0.1092,mem_leak_paymentservice_2
2026-10-04T05:41:49,paymentservice,29.734375,0.004032555615843733,0.0,0.2705,0.1016,0.1092,mem_leak_paymentservice_2
2026-10-04T05:41:55,redis-cart,6.6640625,0.004201884760365459,0.0,0.0806,0.0607,0.0406,mem_leak_paymentservice_2
2026-10-04T05:41:55,productcatalogservice,14.359375,0.013582698551818586,0.0,0.0806,0.0607,0.0406,mem_leak_paymentservice_2
2026-10-04T05:41:55,adservice,112.390625,0.004191076393486052,0.0,0.0806,0.0607,0.0406,mem_leak_paymentservice_2
2026-10-04T05:41:55,recommendationservice,32.3828125,0.013681006746528978,4.0,0.0806,0.0607,0.0406,mem_leak_paymentservice_2
2026-10-04T05:41:55,emailservice,36.74609375,0.005464227814196739,0.0,0.0806,0.0607,0.0406,mem_leak_paymentservice_2
2026-10-04T05:41:55,shippingservice,12.1640625,0.0023678394132689434,0.0,0.0806,0.0607,0.0406,mem_leak_paymentservice_2
2026-10-04T05:41:55,frontend,15.25,0.044811929290559535,0.0,0.0806,0.0607,0.0406,mem_leak_paymentservice_2
2026-10-04T05:41:55,loadgenerator,89.4609375,0.008470865478291692,0.0,0.0806,0.0607,0.0406,mem_leak_paymentservice_2
2026-10-04T05:41:55,cartservice,51.75390625,0.012842563437673805,0.0,0.0806,0.0607,0.0406,mem_leak_paymentservice_2
2026-10-04T05:41:55,checkoutservice,7.30859375,0.0021671302365291584,0.0,0.0806,0.0607,0.0406,mem_leak_paymentservice_2
2026-10-04T05:41:55,currencyservice,38.48828125,0.02489447593693344,0.0,0.0806,0.0607,0.0406,mem_leak_paymentservice_2
2026-10-04T05:41:55,paymentservice,29.734375,0.00327317498643516,0.0,0.0806,0.0607,0.0406,mem_leak_paymentservice_2
2026-10-04T05:42:00,redis-cart,6.6640625,0.0035893900251295205,0.0,0.0754,0.0394,0.0167,mem_leak_paymentservice_2
2026-10-04T05:42:00,productcatalogservice,14.11328125,0.01901273044749243,0.0,0.0754,0.0394,0.0167,mem_leak_paymentservice_2
2026-10-04T05:42:00,adservice,112.390625,0.004191076393486052,0.0,0.0754,0.0394,0.0167,mem_leak_paymentservice_2
2026-10-04T05:42:00,recommendationservice,33.140625,0.017419124936869018,4.0,0.0754,0.0394,0.0167,mem_leak_paymentservice_2
2026-10-04T05:42:00,emailservice,37.73828125,0.005335239439934057,0.0,0.0754,0.0394,0.0167,mem_leak_paymentservice_2
2026-10-04T05:42:00,shippingservice,12.14453125,0.0024624787694661177,0.0,0.0754,0.0394,0.0167,mem_leak_paymentservice_2
2026-10-04T05:42:00,frontend,15.49609375,0.042881265693732,0.0,0.0754,0.0394,0.0167,mem_leak_paymentservice_2
2026-10-04T05:42:00,loadgenerator,89.4609375,0.008071158541386703,0.0,0.0754,0.0394,0.0167,mem_leak_paymentservice_2
2026-10-04T05:42:00,cartservice,51.75390625,0.012842563437673805,0.0,0.0754,0.0394,0.0167,mem_leak_paymentservice_2
2026-10-04T05:42:00,checkoutservice,7.46484375,0.0026815784809004588,0.0,0.0754,0.0394,0.0167,mem_leak_paymentservice_2
2026-10-04T05:42:00,currencyservice,38.046875,0.024636236894936398,0.0,0.0754,0.0394,0.0167,mem_leak_paymentservice_2
2026-10-04T05:42:00,paymentservice,29.8203125,0.002076600539846435,0.0,0.0754,0.0394,0.0167,mem_leak_paymentservice_2
2026-10-04T05:42:05,redis-cart,6.6640625,0.0032180834751385596,0.0,0.0753,0.048,0.1038,mem_leak_paymentservice_2
2026-10-04T05:42:05,productcatalogservice,14.11328125,0.01827829470478732,0.0,0.0753,0.048,0.1038,mem_leak_paymentservice_2
2026-10-04T05:42:05,adservice,112.390625,0.003358396828191904,0.0,0.0753,0.048,0.1038,mem_leak_paymentservice_2
2026-10-04T05:42:05,recommendationservice,33.140625,0.017565005954744143,4.0,0.0753,0.048,0.1038,mem_leak_paymentservice_2
2026-10-04T05:42:05,emailservice,37.73828125,0.0053352394399340565,0.0,0.0753,0.048,0.1038,mem_leak_paymentservice_2
2026-10-04T05:42:05,shippingservice,12.14453125,0.0024624787694661177,0.0,0.0753,0.048,0.1038,mem_leak_paymentservice_2
2026-10-04T05:42:05,frontend,15.49609375,0.042881265693732004,0.0,0.0753,0.048,0.1038,mem_leak_paymentservice_2
2026-10-04T05:42:05,loadgenerator,89.4609375,0.008071158541386703,0.0,0.0753,0.048,0.1038,mem_leak_paymentservice_2
2026-10-04T05:42:05,cartservice,51.75390625,0.010148942777983706,0.0,0.0753,0.048,0.1038,mem_leak_paymentservice_2
2026-10-04T05:42:05,checkoutservice,7.46484375,0.002275386380506062,0.0,0.0753,0.048,0.1038,mem_leak_paymentservice_2
2026-10-04T05:42:05,currencyservice,38.046875,0.02594034875463556,0.0,0.0753,0.048,0.1038,mem_leak_paymentservice_2
2026-10-04T05:42:05,paymentservice,29.8203125,0.002076600539846435,0.0,0.0753,0.048,0.1038,mem_leak_paymentservice_2
2026-10-04T05:42:11,redis-cart,6.4296875,0.004259326454246525,0.0,0.3399,0.0527,0.0407,mem_leak_paymentservice_2
2026-10-04T05:42:11,productcatalogservice,15.09375,0.018322159290481106,0.0,0.3399,0.0527,0.0407,mem_leak_paymentservice_2
2026-10-04T05:42:11,adservice,111.890625,0.0039671875420233295,0.0,0.3399,0.0527,0.0407,mem_leak_paymentservice_2
2026-10-04T05:42:11,recommendationservice,33.140625,0.017565005954744143,4.0,0.3399,0.0527,0.0407,mem_leak_paymentservice_2
2026-10-04T05:42:11,emailservice,37.23046875,0.005396755412356866,0.0,0.3399,0.0527,0.0407,mem_leak_paymentservice_2
2026-10-04T05:42:11,shippingservice,11.66796875,0.0027832503819054046,0.0,0.3399,0.0527,0.0407,mem_leak_paymentservice_2
2026-10-04T05:42:11,frontend,15.49609375,0.04388068603390377,0.0,0.3399,0.0527,0.0407,mem_leak_paymentservice_2
2026-10-04T05:42:11,loadgenerator,89.4609375,0.007956990608306706,0.0,0.3399,0.0527,0.0407,mem_leak_paymentservice_2
2026-10-04T05:42:11,cartservice,51.6953125,0.012066193289178033,0.0,0.3399,0.0527,0.0407,mem_leak_paymentservice_2
2026-10-04T05:42:11,checkoutservice,7.50390625,0.002891664871850103,0.0,0.3399,0.0527,0.0407,mem_leak_paymentservice_2
2026-10-04T05:42:11,currencyservice,37.83984375,0.023206808476673117,0.0,0.3399,0.0527,0.0407,mem_leak_paymentservice_2
2026-10-04T05:42:11,paymentservice,29.8203125,0.002076600539846435,0.0,0.3399,0.0527,0.0407,mem_leak_paymentservice_2
2026-10-04T05:42:16,redis-cart,6.4296875,0.004259326454246525,0.0,0.1261,0.0374,0.0234,mem_leak_paymentservice_2
2026-10-04T05:42:16,productcatalogservice,15.09375,0.018322159290481106,0.0,0.1261,0.0374,0.0234,mem_leak_paymentservice_2
2026-10-04T05:42:16,adservice,111.890625,0.00396718754202333,0.0,0.1261,0.0374,0.0234,mem_leak_paymentservice_2
2026-10-04T05:42:16,recommendationservice,33.140625,0.013789798258237548,4.0,0.1261,0.0374,0.0234,mem_leak_paymentservice_2
2026-10-04T05:42:16,emailservice,37.23046875,0.005564869219104684,0.0,0.1261,0.0374,0.0234,mem_leak_paymentservice_2
2026-10-04T05:42:16,shippingservice,11.66796875,0.0027832503819054046,0.0,0.1261,0.0374,0.0234,mem_leak_paymentservice_2
2026-10-04T05:42:16,frontend,15.49609375,0.04388068603390377,0.0,0.1261,0.0374,0.0234,mem_leak_paymentservice_2
2026-10-04T05:42:16,loadgenerator,89.4609375,0.006229903694022045,0.0,0.1261,0.0374,0.0234,mem_leak_paymentservice_2
2026-10-04T05:42:16,cartservice,51.6953125,0.011701231205358402,0.0,0.1261,0.0374,0.0234,mem_leak_paymentservice_2
2026-10-04T05:42:16,checkoutservice,7.50390625,0.0025394962362696584,0.0,0.1261,0.0374,0.0234,mem_leak_paymentservice_2
2026-10-04T05:42:16,currencyservice,37.83984375,0.023206808476673117,0.0,0.1261,0.0374,0.0234,mem_leak_paymentservice_2
2026-10-04T05:42:16,paymentservice,29.8203125,0.0016614448294198856,0.0,0.1261,0.0374,0.0234,mem_leak_paymentservice_2
2026-10-04T05:42:21,redis-cart,6.921875,0.004223795063814409,0.0,0.0718,0.0537,0.0392,mem_leak_paymentservice_2
2026-10-04T05:42:21,productcatalogservice,15.09375,0.019189949486149382,0.0,0.0718,0.0537,0.0392,mem_leak_paymentservice_2
2026-10-04T05:42:21,adservice,111.890625,0.00396718754202333,0.0,0.0718,0.0537,0.0392,mem_leak_paymentservice_2
2026-10-04T05:42:21,recommendationservice,32.62890625,0.017993819092135484,4.0,0.0718,0.0537,0.0392,mem_leak_paymentservice_2
2026-10-04T05:42:21,emailservice,37.23046875,0.005564869219104684,0.0,0.0718,0.0537,0.0392,mem_leak_paymentservice_2
2026-10-04T05:42:21,shippingservice,11.66796875,0.002361974511599778,0.0,0.0718,0.0537,0.0392,mem_leak_paymentservice_2
2026-10-04T05:42:21,frontend,15.2890625,0.0414184119138381,0.0,0.0718,0.0537,0.0392,mem_leak_paymentservice_2
2026-10-04T05:42:21,loadgenerator,89.7578125,0.008085469886799625,0.0,0.0718,0.0537,0.0392,mem_leak_paymentservice_2
2026-10-04T05:42:21,cartservice,51.7265625,0.011742102660468724,0.0,0.0718,0.0537,0.0392,mem_leak_paymentservice_2
2026-10-04T05:42:21,checkoutservice,7.50390625,0.0024364509051394228,0.0,0.0718,0.0537,0.0392,mem_leak_paymentservice_2
2026-10-04T05:42:21,currencyservice,38.359375,0.023097938704142153,0.0,0.0718,0.0537,0.0392,mem_leak_paymentservice_2
2026-10-04T05:42:21,paymentservice,30.10546875,0.002116694519679598,0.0,0.0718,0.0537,0.0392,mem_leak_paymentservice_2
2026-10-04T05:42:27,redis-cart,6.921875,0.004223795063814409,0.0,0.1142,0.072,0.0774,mem_leak_paymentservice_2
2026-10-04T05:42:27,productcatalogservice,15.09375,0.015213632036373513,0.0,0.1142,0.072,0.0774,mem_leak_paymentservice_2
2026-10-04T05:42:27,adservice,111.890625,0.0026188994848243374,0.0,0.1142,0.072,0.0774,mem_leak_paymentservice_2
2026-10-04T05:42:27,recommendationservice,32.62890625,0.01799381909213548,4.0,0.1142,0.072,0.0774,mem_leak_paymentservice_2
2026-10-04T05:42:27,emailservice,37.23046875,0.0034683000000001133,0.0,0.1142,0.072,0.0774,mem_leak_paymentservice_2
2026-10-04T05:42:27,shippingservice,11.66796875,0.002131159921464404,0.0,0.1142,0.072,0.0774,mem_leak_paymentservice_2
2026-10-04T05:42:27,frontend,15.2890625,0.037354108294775125,0.0,0.1142,0.072,0.0774,mem_leak_paymentservice_2
2026-10-04T05:42:27,loadgenerator,89.7578125,0.006892885538135254,0.0,0.1142,0.072,0.0774,mem_leak_paymentservice_2
2026-10-04T05:42:27,cartservice,51.7265625,0.009351528338776288,0.0,0.1142,0.072,0.0774,mem_leak_paymentservice_2
2026-10-04T05:42:27,checkoutservice,7.50390625,0.0021636589254402294,0.0,0.1142,0.072,0.0774,mem_leak_paymentservice_2
2026-10-04T05:42:27,currencyservice,38.359375,0.023097938704142153,0.0,0.1142,0.072,0.0774,mem_leak_paymentservice_2
2026-10-04T05:42:27,paymentservice,30.10546875,0.002116694519679598,0.0,0.1142,0.072,0.0774,mem_leak_paymentservice_2
2026-10-04T05:42:32,redis-cart,6.921875,0.004223795063814409,0.0,0.0724,0.028,0.0586,mem_leak_paymentservice_2
2026-10-04T05:42:32,productcatalogservice,13.890625,0.020827558490022685,0.0,0.0724,0.028,0.0586,mem_leak_paymentservice_2
2026-10-04T05:42:32,adservice,112.13671875,0.00401045642707422,0.0,0.0724,0.028,0.0586,mem_leak_paymentservice_2
2026-10-04T05:42:32,recommendationservice,32.64453125,0.019960741941292513,4.0,0.0724,0.028,0.0586,mem_leak_paymentservice_2
2026-10-04T05:42:32,emailservice,37.23828125,0.005492167659287414,0.0,0.0724,0.028,0.0586,mem_leak_paymentservice_2
2026-10-04T05:42:32,shippingservice,11.953125,0.002846559739656451,0.0,0.0724,0.028,0.0586,mem_leak_paymentservice_2
2026-10-04T05:42:32,frontend,14.62109375,0.04286731125282727,0.0,0.0724,0.028,0.0586,mem_leak_paymentservice_2
2026-10-04T05:42:32,loadgenerator,89.70703125,0.007824858757059931,0.0,0.0724,0.028,0.0586,mem_leak_paymentservice_2
2026-10-04T05:42:32,cartservice,51.7265625,0.011191114397510379,0.0,0.0724,0.028,0.0586,mem_leak_paymentservice_2
2026-10-04T05:42:32,checkoutservice,8.515625,0.0032989079786852667,0.0,0.0724,0.028,0.0586,mem_leak_paymentservice_2
2026-10-04T05:42:32,currencyservice,38.359375,0.019948486641126736,0.0,0.0724,0.028,0.0586,mem_leak_paymentservice_2
2026-10-04T05:42:32,paymentservice,30.0703125,0.0020185256579347867,0.0,0.0724,0.028,0.0586,mem_leak_paymentservice_2
2026-10-04T05:42:37,redis-cart,6.921875,0.0033686835276624835,0.0,0.0876,0.042,0.0826,mem_leak_paymentservice_2
2026-10-04T05:42:37,productcatalogservice,13.890625,0.020827558490022685,0.0,0.0876,0.042,0.0826,mem_leak_paymentservice_2
2026-10-04T05:42:37,adservice,112.13671875,0.00401045642707422,0.0,0.0876,0.042,0.0826,mem_leak_paymentservice_2
2026-10-04T05:42:37,recommendationservice,32.64453125,0.019960741941292513,4.0,0.0876,0.042,0.0826,mem_leak_paymentservice_2
2026-10-04T05:42:37,emailservice,37.23828125,0.005492167659287413,0.0,0.0876,0.042,0.0826,mem_leak_paymentservice_2
2026-10-04T05:42:37,shippingservice,11.953125,0.0028465597396564505,0.0,0.0876,0.042,0.0826,mem_leak_paymentservice_2
2026-10-04T05:42:37,frontend,14.62109375,0.04286731125282727,0.0,0.0876,0.042,0.0826,mem_leak_paymentservice_2
2026-10-04T05:42:37,loadgenerator,89.70703125,0.006661563088510354,0.0,0.0876,0.042,0.0826,mem_leak_paymentservice_2
2026-10-04T05:42:37,cartservice,51.7265625,0.008953870740518085,0.0,0.0876,0.042,0.0826,mem_leak_paymentservice_2
2026-10-04T05:42:37,checkoutservice,8.515625,0.0027529295445795814,0.0,0.0876,0.042,0.0826,mem_leak_paymentservice_2
2026-10-04T05:42:37,currencyservice,38.359375,0.015692764207995143,0.0,0.0876,0.042,0.0826,mem_leak_paymentservice_2
2026-10-04T05:42:37,paymentservice,30.0703125,0.0015459885372857607,0.0,0.0876,0.042,0.0826,mem_leak_paymentservice_2
2026-10-04T05:42:42,redis-cart,6.67578125,0.004418070349268894,0.0,0.0671,0.0591,0.0879,mem_leak_paymentservice_2
2026-10-04T05:42:42,productcatalogservice,13.890625,0.020827558490022685,0.0,0.0671,0.0591,0.0879,mem_leak_paymentservice_2
2026-10-04T05:42:42,adservice,112.6328125,0.004444868880952479,0.0,0.0671,0.0591,0.0879,mem_leak_paymentservice_2
2026-10-04T05:42:42,recommendationservice,32.64453125,0.020544476259399782,4.0,0.0671,0.0591,0.0879,mem_leak_paymentservice_2
2026-10-04T05:42:42,emailservice,37.23828125,0.005496044408988404,0.0,0.0671,0.0591,0.0879,mem_leak_paymentservice_2
2026-10-04T05:42:42,shippingservice,12.9140625,0.0028928123280131724,0.0,0.0671,0.0591,0.0879,mem_leak_paymentservice_2
2026-10-04T05:42:42,frontend,14.62109375,0.04507134950185731,0.0,0.0671,0.0591,0.0879,mem_leak_paymentservice_2
2026-10-04T05:42:42,loadgenerator,89.99609375,0.007913135210077143,0.0,0.0671,0.0591,0.0879,mem_leak_paymentservice_2
2026-10-04T05:42:42,cartservice,51.75,0.011908236570808384,0.0,0.0671,0.0591,0.0879,mem_leak_paymentservice_2
2026-10-04T05:42:42,checkoutservice,7.62109375,0.0030761154855643135,0.0,0.0671,0.0591,0.0879,mem_leak_paymentservice_2
2026-10-04T05:42:42,currencyservice,37.60546875,0.01943795705607651,0.0,0.0671,0.0591,0.0879,mem_leak_paymentservice_2
2026-10-04T05:42:42,paymentservice,30.0703125,0.001511708110048389,0.0,0.0671,0.0591,0.0879,mem_leak_paymentservice_2
2026-10-04T05:42:48,redis-cart,6.67578125,0.004535837088967075,0.0,0.1327,0.0506,0.0502,mem_leak_paymentservice_2
2026-10-04T05:42:48,productcatalogservice,13.890625,0.01573860491746677,0.0,0.1327,0.0506,0.0502,mem_leak_paymentservice_2
2026-10-04T05:42:48,adservice,112.6328125,0.0049006637873572675,0.0,0.1327,0.0506,0.0502,mem_leak_paymentservice_2
2026-10-04T05:42:48,recommendationservice,32.64453125,0.016567493665502055,4.0,0.1327,0.0506,0.0502,mem_leak_paymentservice_2
2026-10-04T05:42:48,emailservice,37.23828125,0.0042335114075036165,0.0,0.1327,0.0506,0.0502,mem_leak_paymentservice_2
2026-10-04T05:42:48,shippingservice,12.9140625,0.0028928123280131724,0.0,0.1327,0.0506,0.0502,mem_leak_paymentservice_2
2026-10-04T05:42:48,frontend,14.62109375,0.03601632758964459,0.0,0.1327,0.0506,0.0502,mem_leak_paymentservice_2
2026-10-04T05:42:48,loadgenerator,89.99609375,0.007136614878150006,0.0,0.1327,0.0506,0.0502,mem_leak_paymentservice_2
2026-10-04T05:42:48,cartservice,51.75,0.010570104612419525,0.0,0.1327,0.0506,0.0502,mem_leak_paymentservice_2
2026-10-04T05:42:48,checkoutservice,7.62109375,0.0030761154855643135,0.0,0.1327,0.0506,0.0502,mem_leak_paymentservice_2
2026-10-04T05:42:48,currencyservice,37.60546875,0.01719857959278765,0.0,0.1327,0.0506,0.0502,mem_leak_paymentservice_2
2026-10-04T05:42:48,paymentservice,30.0703125,0.001347477352688465,0.0,0.1327,0.0506,0.0502,mem_leak_paymentservice_2
2026-10-04T05:42:53,redis-cart,6.4296875,0.004462203975599395,0.0,0.0551,0.0191,0.0296,mem_leak_paymentservice_2
2026-10-04T05:42:53,productcatalogservice,13.86328125,0.02400061156978905,0.0,0.0551,0.0191,0.0296,mem_leak_paymentservice_2
2026-10-04T05:42:53,adservice,112.6328125,0.0049006637873572675,0.0,0.0551,0.0191,0.0296,mem_leak_paymentservice_2
2026-10-04T05:42:53,recommendationservice,33.12109375,0.020472623956752284,4.0,0.0551,0.0191,0.0296,mem_leak_paymentservice_2
2026-10-04T05:42:53,emailservice,36.74609375,0.00572121009526889,0.0,0.0551,0.0191,0.0296,mem_leak_paymentservice_2
2026-10-04T05:42:53,shippingservice,12.9140625,0.002864552582293409,0.0,0.0551,0.0191,0.0296,mem_leak_paymentservice_2
2026-10-04T05:42:53,frontend,14.83984375,0.048928715581436744,0.0,0.0551,0.0191,0.0296,mem_leak_paymentservice_2
2026-10-04T05:42:53,loadgenerator,89.99609375,0.006428365067554192,0.0,0.0551,0.0191,0.0296,mem_leak_paymentservice_2
2026-10-04T05:42:53,cartservice,51.75,0.009482338675274244,0.0,0.0551,0.0191,0.0296,mem_leak_paymentservice_2
2026-10-04T05:42:53,checkoutservice,8.0,0.00250739995133065,0.0,0.0551,0.0191,0.0296,mem_leak_paymentservice_2
2026-10-04T05:42:53,currencyservice,37.88671875,0.023566173085775615,0.0,0.0551,0.0191,0.0296,mem_leak_paymentservice_2
2026-10-04T05:42:53,paymentservice,30.78515625,0.0020408760639402113,0.0,0.0551,0.0191,0.0296,mem_leak_paymentservice_2
2026-10-04T05:42:58,redis-cart,6.4296875,0.004462203975599395,0.0,0.0877,0.0496,0.0541,mem_leak_paymentservice_2
2026-10-04T05:42:58,productcatalogservice,13.86328125,0.024000611569789054,0.0,0.0877,0.0496,0.0541,mem_leak_paymentservice_2
2026-10-04T05:42:58,adservice,112.6328125,0.003816044794052869,0.0,0.0877,0.0496,0.0541,mem_leak_paymentservice_2
2026-10-04T05:42:58,recommendationservice,33.12109375,0.02088635973200733,4.0,0.0877,0.0496,0.0541,mem_leak_paymentservice_2
2026-10-04T05:42:58,emailservice,36.74609375,0.005743147562085821,0.0,0.0877,0.0496,0.0541,mem_leak_paymentservice_2
2026-10-04T05:42:58,shippingservice,12.9140625,0.0022266047865809073,0.0,0.0877,0.0496,0.0541,mem_leak_paymentservice_2
2026-10-04T05:42:58,frontend,14.83984375,0.04124677132205234,0.0,0.0877,0.0496,0.0541,mem_leak_paymentservice_2
2026-10-04T05:42:58,loadgenerator,89.99609375,0.005420074071515284,0.0,0.0877,0.0496,0.0541,mem_leak_paymentservice_2
2026-10-04T05:42:58,cartservice,51.75,0.008369595820327222,0.0,0.0877,0.0496,0.0541,mem_leak_paymentservice_2
2026-10-04T05:42:58,checkoutservice,8.0,0.00250739995133065,0.0,0.0877,0.0496,0.0541,mem_leak_paymentservice_2
2026-10-04T05:42:58,currencyservice,37.88671875,0.02627020952476088,0.0,0.0877,0.0496,0.0541,mem_leak_paymentservice_2
2026-10-04T05:42:58,paymentservice,30.78515625,0.002093707723296152,0.0,0.0877,0.0496,0.0541,mem_leak_paymentservice_2
2026-10-04T05:43:03,redis-cart,6.4296875,0.0037474704538077623,0.0,0.0774,0.04,0.0932,mem_leak_paymentservice_2
2026-10-04T05:43:03,productcatalogservice,15.1484375,0.02283266876390032,0.0,0.0774,0.04,0.0932,mem_leak_paymentservice_2
2026-10-04T05:43:03,adservice,112.38671875,0.004019122291351793,0.0,0.0774,0.04,0.0932,mem_leak_paymentservice_2
2026-10-04T05:43:03,recommendationservice,33.12109375,0.02088635973200733,4.0,0.0774,0.04,0.0932,mem_leak_paymentservice_2
2026-10-04T05:43:03,emailservice,36.74609375,0.005743147562085821,0.0,0.0774,0.04,0.0932,mem_leak_paymentservice_2
2026-10-04T05:43:03,shippingservice,12.6796875,0.002896526399364834,0.0,0.0774,0.04,0.0932,mem_leak_paymentservice_2
2026-10-04T05:43:03,frontend,15.22265625,0.05096085330008493,0.0,0.0774,0.04,0.0932,mem_leak_paymentservice_2
2026-10-04T05:43:03,loadgenerator,89.9921875,0.007773605837977912,0.0,0.0774,0.04,0.0932,mem_leak_paymentservice_2
2026-10-04T05:43:03,cartservice,51.23828125,0.013741727913146993,0.0,0.0774,0.04,0.0932,mem_leak_paymentservice_2
2026-10-04T05:43:03,checkoutservice,8.0,0.002352005154959531,0.0,0.0774,0.04,0.0932,mem_leak_paymentservice_2
2026-10-04T05:43:03,currencyservice,37.88671875,0.021998162646405108,0.0,0.0774,0.04,0.0932,mem_leak_paymentservice_2
2026-10-04T05:43:03,paymentservice,30.19921875,0.0017793531525645207,0.0,0.0774,0.04,0.0932,mem_leak_paymentservice_2
2026-10-04T05:43:09,redis-cart,6.1796875,0.004566981419433211,0.0,0.0885,0.0558,0.0931,mem_leak_paymentservice_2
2026-10-04T05:43:09,productcatalogservice,15.1484375,0.022800154494835332,0.0,0.0885,0.0558,0.0931,mem_leak_paymentservice_2
2026-10-04T05:43:09,adservice,112.38671875,0.0040590442822901335,0.0,0.0885,0.0558,0.0931,mem_leak_paymentservice_2
2026-10-04T05:43:09,recommendationservice,32.65625,0.02135977543179185,4.0,0.0885,0.0558,0.0931,mem_leak_paymentservice_2
2026-10-04T05:43:09,emailservice,36.74609375,0.005648284577327673,0.0,0.0885,0.0558,0.0931,mem_leak_paymentservice_2
2026-10-04T05:43:09,shippingservice,11.6640625,0.0028618368877929143,0.0,0.0885,0.0558,0.0931,mem_leak_paymentservice_2
2026-10-04T05:43:09,frontend,15.22265625,0.05096085330008493,0.0,0.0885,0.0558,0.0931,mem_leak_paymentservice_2
2026-10-04T05:43:09,loadgenerator,89.484375,0.008017853335143444,0.0,0.0885,0.0558,0.0931,mem_leak_paymentservice_2
2026-10-04T05:43:09,cartservice,51.4765625,0.013821147557229274,0.0,0.0885,0.0558,0.0931,mem_leak_paymentservice_2
2026-10-04T05:43:09,checkoutservice,7.91796875,0.002681898911385523,0.0,0.0885,0.0558,0.0931,mem_leak_paymentservice_2
2026-10-04T05:43:09,currencyservice,37.953125,0.027726272292300954,0.0,0.0885,0.0558,0.0931,mem_leak_paymentservice_2
2026-10-04T05:43:09,paymentservice,30.19921875,0.0017793531525645207,0.0,0.0885,0.0558,0.0931,mem_leak_paymentservice_2
2026-10-04T05:43:14,redis-cart,6.1796875,0.004566981419433211,0.0,0.1149,0.0317,0.0357,mem_leak_paymentservice_2
2026-10-04T05:43:14,productcatalogservice,15.1484375,0.018707621763656115,0.0,0.1149,0.0317,0.0357,mem_leak_paymentservice_2
2026-10-04T05:43:14,adservice,112.38671875,0.0036358389831897568,0.0,0.1149,0.0317,0.0357,mem_leak_paymentservice_2
2026-10-04T05:43:14,recommendationservice,32.65625,0.02129279063580983,4.0,0.1149,0.0317,0.0357,mem_leak_paymentservice_2
2026-10-04T05:43:14,emailservice,36.74609375,0.005648284577327673,0.0,0.1149,0.0317,0.0357,mem_leak_paymentservice_2
2026-10-04T05:43:14,shippingservice,11.6640625,0.0028618368877929143,0.0,0.1149,0.0317,0.0357,mem_leak_paymentservice_2
2026-10-04T05:43:14,frontend,15.22265625,0.040047551578248616,0.0,0.1149,0.0317,0.0357,mem_leak_paymentservice_2
2026-10-04T05:43:14,loadgenerator,89.484375,0.008112436749679321,0.0,0.1149,0.0317,0.0357,mem_leak_paymentservice_2
2026-10-04T05:43:14,cartservice,51.4765625,0.013821147557229274,0.0,0.1149,0.0317,0.0357,mem_leak_paymentservice_2
2026-10-04T05:43:14,checkoutservice,7.91796875,0.0026818989113855224,0.0,0.1149,0.0317,0.0357,mem_leak_paymentservice_2
2026-10-04T05:43:14,currencyservice,37.953125,0.027726272292300947,0.0,0.1149,0.0317,0.0357,mem_leak_paymentservice_2
2026-10-04T05:43:14,paymentservice,30.19921875,0.0014557045934648033,0.0,0.1149,0.0317,0.0357,mem_leak_paymentservice_2
2026-10-04T05:43:19,redis-cart,6.1796875,0.0044981163537550365,0.0,0.0535,0.0259,0.0201,mem_leak_paymentservice_2
2026-10-04T05:43:19,productcatalogservice,14.375,0.022610181342477442,0.0,0.0535,0.0259,0.0201,mem_leak_paymentservice_2
2026-10-04T05:43:19,adservice,112.40234375,0.004746283989181602,0.0,0.0535,0.0259,0.0201,mem_leak_paymentservice_2
2026-10-04T05:43:19,recommendationservice,32.65625,0.02129279063580983,4.0,0.0535,0.0259,0.0201,mem_leak_paymentservice_2
2026-10-04T05:43:19,emailservice,37.25,0.0056091182596619766,0.0,0.0535,0.0259,0.0201,mem_leak_paymentservice_2
2026-10-04T05:43:19,shippingservice,11.6640625,0.0028618368877929143,0.0,0.0535,0.0259,0.0201,mem_leak_paymentservice_2
2026-10-04T05:43:19,frontend,15.4609375,0.051479936717966766,0.0,0.0535,0.0259,0.0201,mem_leak_paymentservice_2
2026-10-04T05:43:19,loadgenerator,90.140625,0.007932256918401288,0.0,0.0535,0.0259,0.0201,mem_leak_paymentservice_2
2026-10-04T05:43:19,cartservice,51.4765625,0.013896462795558846,0.0,0.0535,0.0259,0.0201,mem_leak_paymentservice_2
2026-10-04T05:43:19,checkoutservice,7.91796875,0.002681898911385523,0.0,0.0535,0.0259,0.0201,mem_leak_paymentservice_2
2026-10-04T05:43:19,currencyservice,37.953125,0.028081277681635493,0.0,0.0535,0.0259,0.0201,mem_leak_paymentservice_2
2026-10-04T05:43:19,paymentservice,30.15234375,0.0014401228891489726,0.0,0.0535,0.0259,0.0201,mem_leak_paymentservice_2
2026-10-04T05:43:24,redis-cart,6.1796875,0.003711245866271489,0.0,0.1185,0.0667,0.0433,mem_leak_paymentservice_2
2026-10-04T05:43:24,productcatalogservice,14.375,0.014255074999999805,0.0,0.1185,0.0667,0.0433,mem_leak_paymentservice_2
2026-10-04T05:43:24,adservice,112.40234375,0.004390056538838478,0.0,0.1185,0.0667,0.0433,mem_leak_paymentservice_2
2026-10-04T05:43:24,recommendationservice,32.65625,0.02129279063580983,4.0,0.1185,0.0667,0.0433,mem_leak_paymentservice_2
2026-10-04T05:43:24,emailservice,37.25,0.0056091182596619766,0.0,0.1185,0.0667,0.0433,mem_leak_paymentservice_2
2026-10-04T05:43:24,shippingservice,11.6640625,0.0028831649080300905,0.0,0.1185,0.0667,0.0433,mem_leak_paymentservice_2
2026-10-04T05:43:24,frontend,15.4609375,0.05147993671796676,0.0,0.1185,0.0667,0.0433,mem_leak_paymentservice_2
2026-10-04T05:43:24,loadgenerator,90.140625,0.00785163697702487,0.0,0.1185,0.0667,0.0433,mem_leak_paymentservice_2
2026-10-04T05:43:24,cartservice,51.4765625,0.013896462795558846,0.0,0.1185,0.0667,0.0433,mem_leak_paymentservice_2
2026-10-04T05:43:24,checkoutservice,7.91796875,0.0028947836486859363,0.0,0.1185,0.0667,0.0433,mem_leak_paymentservice_2
2026-10-04T05:43:24,currencyservice,37.953125,0.02244688632013901,0.0,0.1185,0.0667,0.0433,mem_leak_paymentservice_2
2026-10-04T05:43:24,paymentservice,30.15234375,0.0007088843143474415,0.0,0.1185,0.0667,0.0433,mem_leak_paymentservice_2
2026-10-04T05:43:30,redis-cart,6.42578125,0.004563499259193797,0.0,0.1001,0.11,0.0312,mem_leak_paymentservice_2
2026-10-04T05:43:30,productcatalogservice,14.8515625,0.020483144607787638,0.0,0.1001,0.11,0.0312,mem_leak_paymentservice_2
2026-10-04T05:43:30,adservice,112.88671875,0.004727204705588955,0.0,0.1001,0.11,0.0312,mem_leak_paymentservice_2
2026-10-04T05:43:30,recommendationservice,33.11328125,0.020710207854782853,4.0,0.1001,0.11,0.0312,mem_leak_paymentservice_2
2026-10-04T05:43:30,emailservice,37.25,0.005351813806059221,0.0,0.1001,0.11,0.0312,mem_leak_paymentservice_2
2026-10-04T05:43:30,shippingservice,12.16796875,0.0025027269960910294,0.0,0.1001,0.11,0.0312,mem_leak_paymentservice_2
2026-10-04T05:43:30,frontend,14.71875,0.04883102646675639,0.0,0.1001,0.11,0.0312,mem_leak_paymentservice_2
2026-10-04T05:43:30,loadgenerator,90.140625,0.006452235356589185,0.0,0.1001,0.11,0.0312,mem_leak_paymentservice_2
2026-10-04T05:43:30,cartservice,51.7265625,0.01342475307176898,0.0,0.1001,0.11,0.0312,mem_leak_paymentservice_2
2026-10-04T05:43:30,checkoutservice,8.0390625,0.0026595603069947287,0.0,0.1001,0.11,0.0312,mem_leak_paymentservice_2
2026-10-04T05:43:30,currencyservice,38.20703125,0.027070528967254447,0.0,0.1001,0.11,0.0312,mem_leak_paymentservice_2
2026-10-04T05:43:30,paymentservice,30.15234375,0.000713681248714083,0.0,0.1001,0.11,0.0312,mem_leak_paymentservice_2
2026-10-04T05:43:35,redis-cart,6.42578125,0.004673860836478018,0.0,0.0668,0.08,0.0451,mem_leak_paymentservice_2
2026-10-04T05:43:35,productcatalogservice,14.8515625,0.020483144607787634,0.0,0.0668,0.08,0.0451,mem_leak_paymentservice_2
2026-10-04T05:43:35,adservice,112.88671875,0.004727204705588955,0.0,0.0668,0.08,0.0451,mem_leak_paymentservice_2
2026-10-04T05:43:35,recommendationservice,33.11328125,0.020710207854782853,4.0,0.0668,0.08,0.0451,mem_leak_paymentservice_2
2026-10-04T05:43:35,emailservice,37.25,0.005351813806059221,0.0,0.0668,0.08,0.0451,mem_leak_paymentservice_2
2026-10-04T05:43:35,shippingservice,12.16796875,0.00250272699609103,0.0,0.0668,0.08,0.0451,mem_leak_paymentservice_2
2026-10-04T05:43:35,frontend,14.71875,0.0488310264667564,0.0,0.0668,0.08,0.0451,mem_leak_paymentservice_2
2026-10-04T05:43:35,loadgenerator,90.140625,0.004327674999998976,0.0,0.0668,0.08,0.0451,mem_leak_paymentservice_2
2026-10-04T05:43:35,cartservice,51.7265625,0.01320648876404498,0.0,0.0668,0.08,0.0451,mem_leak_paymentservice_2
2026-10-04T05:43:35,checkoutservice,8.0390625,0.0026595603069947287,0.0,0.0668,0.08,0.0451,mem_leak_paymentservice_2
2026-10-04T05:43:35,currencyservice,38.20703125,0.026776054035715483,0.0,0.0668,0.08,0.0451,mem_leak_paymentservice_2
2026-10-04T05:43:35,paymentservice,30.15234375,0.0006376382801248228,0.0,0.0668,0.08,0.0451,mem_leak_paymentservice_2
2026-10-04T05:43:40,redis-cart,6.4296875,0.004572507110590514,0.0,0.0829,0.1951,0.0481,mem_leak_paymentservice_2
2026-10-04T05:43:40,productcatalogservice,14.8515625,0.020483144607787638,0.0,0.0829,0.1951,0.0481,mem_leak_paymentservice_2
2026-10-04T05:43:40,adservice,112.8828125,0.004608941248873896,0.0,0.0829,0.1951,0.0481,mem_leak_paymentservice_2
2026-10-04T05:43:40,recommendationservice,33.11328125,0.020710207854782853,4.0,0.0829,0.1951,0.0481,mem_leak_paymentservice_2
2026-10-04T05:43:40,emailservice,36.7421875,0.005354628168833064,0.0,0.0829,0.1951,0.0481,mem_leak_paymentservice_2
2026-10-04T05:43:40,shippingservice,12.16796875,0.0012808499999998446,0.0,0.0829,0.1951,0.0481,mem_leak_paymentservice_2
2026-10-04T05:43:40,frontend,14.71875,0.04883102646675639,0.0,0.0829,0.1951,0.0481,mem_leak_paymentservice_2
2026-10-04T05:43:40,loadgenerator,89.48828125,0.007352933534270635,0.0,0.0829,0.1951,0.0481,mem_leak_paymentservice_2
2026-10-04T05:43:40,cartservice,51.7265625,0.01320648876404498,0.0,0.0829,0.1951,0.0481,mem_leak_paymentservice_2
2026-10-04T05:43:40,checkoutservice,8.0390625,0.002351975169300224,0.0,0.0829,0.1951,0.0481,mem_leak_paymentservice_2
2026-10-04T05:43:40,currencyservice,38.31640625,0.027970660305757365,0.0,0.0829,0.1951,0.0481,mem_leak_paymentservice_2
2026-10-04T05:43:40,paymentservice,30.18359375,0.0010077583818232177,0.0,0.0829,0.1951,0.0481,mem_leak_paymentservice_2
2026-10-04T05:43:46,redis-cart,6.4296875,0.004572507110590514,0.0,0.0618,0.0359,0.0198,mem_leak_paymentservice_2
2026-10-04T05:43:46,productcatalogservice,14.8515625,0.017381742509609853,0.0,0.0618,0.0359,0.0198,mem_leak_paymentservice_2
2026-10-04T05:43:46,adservice,112.8828125,0.004608941248873896,0.0,0.0618,0.0359,0.0198,mem_leak_paymentservice_2
2026-10-04T05:43:46,recommendationservice,33.11328125,0.015932535487749908,4.0,0.0618,0.0359,0.0198,mem_leak_paymentservice_2
2026-10-04T05:43:46,emailservice,36.7421875,0.003654750000001173,0.0,0.0618,0.0359,0.0198,mem_leak_paymentservice_2
2026-10-04T05:43:46,shippingservice,12.16796875,0.001433695378292059,0.0,0.0618,0.0359,0.0198,mem_leak_paymentservice_2
2026-10-04T05:43:46,frontend,14.71875,0.05133203795752133,0.0,0.0618,0.0359,0.0198,mem_leak_paymentservice_2
2026-10-04T05:43:46,loadgenerator,89.48828125,0.006185451087551441,0.0,0.0618,0.0359,0.0198,mem_leak_paymentservice_2
2026-10-04T05:43:46,cartservice,51.7265625,0.010731592769662953,0.0,0.0618,0.0359,0.0198,mem_leak_paymentservice_2
2026-10-04T05:43:46,checkoutservice,8.0390625,0.0018368142080511648,0.0,0.0618,0.0359,0.0198,mem_leak_paymentservice_2
2026-10-04T05:43:46,currencyservice,38.31640625,0.027970660305757365,0.0,0.0618,0.0359,0.0198,mem_leak_paymentservice_2
2026-10-04T05:43:46,paymentservice,30.18359375,0.0010280169268933267,0.0,0.0618,0.0359,0.0198,mem_leak_paymentservice_2
2026-10-04T05:43:51,redis-cart,5.93359375,0.004470268057127645,0.0,0.0973,0.0513,0.0428,mem_leak_paymentservice_2
2026-10-04T05:43:51,productcatalogservice,14.8515625,0.02031898359442595,0.0,0.0973,0.0513,0.0428,mem_leak_paymentservice_2
2026-10-04T05:43:51,adservice,112.8828125,0.004608941248873896,0.0,0.0973,0.0513,0.0428,mem_leak_paymentservice_2
2026-10-04T05:43:51,recommendationservice,32.90625,0.018119963146624358,4.0,0.0973,0.0513,0.0428,mem_leak_paymentservice_2
2026-10-04T05:43:51,emailservice,36.7421875,0.005284374917002241,0.0,0.0973,0.0513,0.0428,mem_leak_paymentservice_2
2026-10-04T05:43:51,shippingservice,11.796875,0.002233297514482872,0.0,0.0973,0.0513,0.0428,mem_leak_paymentservice_2
2026-10-04T05:43:51,frontend,14.48828125,0.050082504388535405,0.0,0.0973,0.0513,0.0428,mem_leak_paymentservice_2
2026-10-04T05:43:51,loadgenerator,89.78125,0.007166055890698867,0.0,0.0973,0.0513,0.0428,mem_leak_paymentservice_2
2026-10-04T05:43:51,cartservice,51.5546875,0.011687418290481229,0.0,0.0973,0.0513,0.0428,mem_leak_paymentservice_2
2026-10-04T05:43:51,checkoutservice,8.0625,0.0014791555159084286,0.0,0.0973,0.0513,0.0428,mem_leak_paymentservice_2
2026-10-04T05:43:51,currencyservice,37.98828125,0.02715133863037967,0.0,0.0973,0.0513,0.0428,mem_leak_paymentservice_2
2026-10-04T05:43:51,paymentservice,30.5078125,0.0010926674062755118,0.0,0.0973,0.0513,0.0428,mem_leak_paymentservice_2
2026-10-04T05:43:56,redis-cart,5.93359375,0.004470268057127645,0.0,0.0749,0.0528,0.0284,mem_leak_paymentservice_2
2026-10-04T05:43:56,productcatalogservice,14.8515625,0.019626544169612046,0.0,0.0749,0.0528,0.0284,mem_leak_paymentservice_2
2026-10-04T05:43:56,adservice,112.8828125,0.0036945986811070413,0.0,0.0749,0.0528,0.0284,mem_leak_paymentservice_2
2026-10-04T05:43:56,recommendationservice,32.90625,0.018119963146624354,4.0,0.0749,0.0528,0.0284,mem_leak_paymentservice_2
2026-10-04T05:43:56,emailservice,36.7421875,0.00453541752425167,0.0,0.0749,0.0528,0.0284,mem_leak_paymentservice_2
2026-10-04T05:43:56,shippingservice,11.796875,0.0016760280511940327,0.0,0.0749,0.0528,0.0284,mem_leak_paymentservice_2
2026-10-04T05:43:56,frontend,14.48828125,0.048473265105083777,0.0,0.0749,0.0528,0.0284,mem_leak_paymentservice_2
2026-10-04T05:43:56,loadgenerator,89.78125,0.006708600009481647,0.0,0.0749,0.0528,0.0284,mem_leak_paymentservice_2
2026-10-04T05:43:56,cartservice,51.5546875,0.011687418290481229,0.0,0.0749,0.0528,0.0284,mem_leak_paymentservice_2
2026-10-04T05:43:56,checkoutservice,8.0625,0.0014791555159084284,0.0,0.0749,0.0528,0.0284,mem_leak_paymentservice_2
2026-10-04T05:43:56,currencyservice,37.98828125,0.02715133863037967,0.0,0.0749,0.0528,0.0284,mem_leak_paymentservice_2
2026-10-04T05:43:56,paymentservice,30.5078125,0.0012466813805456923,0.0,0.0749,0.0528,0.0284,mem_leak_paymentservice_2
2026-10-04T05:44:01,redis-cart,5.93359375,0.004470268057127646,0.0,0.1372,0.1141,0.0893,mem_leak_paymentservice_2
2026-10-04T05:44:01,productcatalogservice,14.8515625,0.019626544169612046,0.0,0.1372,0.1141,0.0893,mem_leak_paymentservice_2
2026-10-04T05:44:01,adservice,112.41015625,0.004818779301582168,0.0,0.1372,0.1141,0.0893,mem_leak_paymentservice_2
2026-10-04T05:44:01,recommendationservice,33.12890625,0.017952456251315866,4.0,0.1372,0.1141,0.0893,mem_leak_paymentservice_2
2026-10-04T05:44:01,emailservice,36.7421875,0.005441762832863986,0.0,0.1372,0.1141,0.0893,mem_leak_paymentservice_2
2026-10-04T05:44:01,shippingservice,11.8046875,0.002383861056026747,0.0,0.1372,0.1141,0.0893,mem_leak_paymentservice_2
2026-10-04T05:44:01,frontend,14.48828125,0.048473265105083777,0.0,0.1372,0.1141,0.0893,mem_leak_paymentservice_2
2026-10-04T05:44:01,loadgenerator,89.78125,0.005577753667883357,0.0,0.1372,0.1141,0.0893,mem_leak_paymentservice_2
2026-10-04T05:44:01,cartservice,52.0,0.012289878525923373,0.0,0.1372,0.1141,0.0893,mem_leak_paymentservice_2
2026-10-04T05:44:01,checkoutservice,8.31640625,0.0019410760745134721,0.0,0.1372,0.1141,0.0893,mem_leak_paymentservice_2
2026-10-04T05:44:01,currencyservice,37.98828125,0.02715133863037967,0.0,0.1372,0.1141,0.0893,mem_leak_paymentservice_2
2026-10-04T05:44:01,paymentservice,30.359375,0.0011288252714708766,0.0,0.1372,0.1141,0.0893,mem_leak_paymentservice_2
2026-10-04T05:44:07,redis-cart,5.93359375,0.0034609921593919215,0.0,0.1672,0.0761,0.0246,mem_leak_paymentservice_2
2026-10-04T05:44:07,productcatalogservice,14.8515625,0.015077356562898093,0.0,0.1672,0.0761,0.0246,mem_leak_paymentservice_2
2026-10-04T05:44:07,adservice,112.41015625,0.004818779301582168,0.0,0.1672,0.0761,0.0246,mem_leak_paymentservice_2
2026-10-04T05:44:07,recommendationservice,33.12890625,0.017352991452987288,4.0,0.1672,0.0761,0.0246,mem_leak_paymentservice_2
2026-10-04T05:44:07,emailservice,36.7421875,0.004680119642874387,0.0,0.1672,0.0761,0.0246,mem_leak_paymentservice_2
2026-10-04T05:44:07,shippingservice,11.8046875,0.002383861056026747,0.0,0.1672,0.0761,0.0246,mem_leak_paymentservice_2
2026-10-04T05:44:07,frontend,14.48828125,0.03942330650996463,0.0,0.1672,0.0761,0.0246,mem_leak_paymentservice_2
2026-10-04T05:44:07,loadgenerator,89.78125,0.004954156271985361,0.0,0.1672,0.0761,0.0246,mem_leak_paymentservice_2
2026-10-04T05:44:07,cartservice,52.0,0.012289878525923373,0.0,0.1672,0.0761,0.0246,mem_leak_paymentservice_2
2026-10-04T05:44:07,checkoutservice,8.31640625,0.0019410760745134717,0.0,0.1672,0.0761,0.0246,mem_leak_paymentservice_2
2026-10-04T05:44:07,currencyservice,37.98828125,0.022189246979185732,0.0,0.1672,0.0761,0.0246,mem_leak_paymentservice_2
2026-10-04T05:44:07,paymentservice,30.359375,0.0011288252714708766,0.0,0.1672,0.0761,0.0246,mem_leak_paymentservice_2
2026-10-04T05:44:12,redis-cart,6.1796875,0.00424271264367904,0.0,0.074,0.0354,0.0819,mem_leak_paymentservice_2
2026-10-04T05:44:12,productcatalogservice,13.8984375,0.019700327242189886,0.0,0.074,0.0354,0.0819,mem_leak_paymentservice_2
2026-10-04T05:44:12,adservice,112.37890625,0.004280262569700512,0.0,0.074,0.0354,0.0819,mem_leak_paymentservice_2
2026-10-04T05:44:12,recommendationservice,32.87109375,0.017594070456922805,4.0,0.074,0.0354,0.0819,mem_leak_paymentservice_2
2026-10-04T05:44:12,emailservice,36.7421875,0.005362392983921189,0.0,0.074,0.0354,0.0819,mem_leak_paymentservice_2
2026-10-04T05:44:12,shippingservice,12.5546875,0.002430142415399788,0.0,0.074,0.0354,0.0819,mem_leak_paymentservice_2
2026-10-04T05:44:12,frontend,14.72265625,0.04349532434822522,0.0,0.074,0.0354,0.0819,mem_leak_paymentservice_2
2026-10-04T05:44:12,loadgenerator,89.77734375,0.006272023422252075,0.0,0.074,0.0354,0.0819,mem_leak_paymentservice_2
2026-10-04T05:44:12,cartservice,52.0,0.012193419902205243,0.0,0.074,0.0354,0.0819,mem_leak_paymentservice_2
2026-10-04T05:44:12,checkoutservice,8.31640625,0.0018353338449731357,0.0,0.074,0.0354,0.0819,mem_leak_paymentservice_2
2026-10-04T05:44:12,currencyservice,37.6015625,0.02457759486046981,0.0,0.074,0.0354,0.0819,mem_leak_paymentservice_2
2026-10-04T05:44:12,paymentservice,30.359375,0.0008797005048885373,0.0,0.074,0.0354,0.0819,mem_leak_paymentservice_2
2026-10-04T05:44:17,redis-cart,6.1796875,0.00424271264367904,0.0,0.145,0.0617,0.0239,mem_leak_paymentservice_2
2026-10-04T05:44:17,productcatalogservice,13.8984375,0.01970032724218989,0.0,0.145,0.0617,0.0239,mem_leak_paymentservice_2
2026-10-04T05:44:17,adservice,112.37890625,0.004280262569700512,0.0,0.145,0.0617,0.0239,mem_leak_paymentservice_2
2026-10-04T05:44:17,recommendationservice,32.87109375,0.017594070456922805,4.0,0.145,0.0617,0.0239,mem_leak_paymentservice_2
2026-10-04T05:44:17,emailservice,36.7421875,0.005362392983921189,0.0,0.145,0.0617,0.0239,mem_leak_paymentservice_2
2026-10-04T05:44:17,shippingservice,12.5546875,0.0024301424153997885,0.0,0.145,0.0617,0.0239,mem_leak_paymentservice_2
2026-10-04T05:44:17,frontend,14.72265625,0.04349532434822522,0.0,0.145,0.0617,0.0239,mem_leak_paymentservice_2
2026-10-04T05:44:17,loadgenerator,89.77734375,0.004990192026644266,0.0,0.145,0.0617,0.0239,mem_leak_paymentservice_2
2026-10-04T05:44:17,cartservice,52.0,0.00946336399201775,0.0,0.145,0.0617,0.0239,mem_leak_paymentservice_2
2026-10-04T05:44:17,checkoutservice,8.31640625,0.0014323480631875133,0.0,0.145,0.0617,0.0239,mem_leak_paymentservice_2
2026-10-04T05:44:17,currencyservice,37.6015625,0.019842857752793968,0.0,0.145,0.0617,0.0239,mem_leak_paymentservice_2
2026-10-04T05:44:17,paymentservice,30.359375,0.0008519566450265256,0.0,0.145,0.0617,0.0239,mem_leak_paymentservice_2
2026-10-04T05:44:23,redis-cart,6.1796875,0.003225885534022724,0.0,0.0967,0.0467,0.0474,mem_leak_paymentservice_2
2026-10-04T05:44:23,productcatalogservice,13.8984375,0.015807132155648954,0.0,0.0967,0.0467,0.0474,mem_leak_paymentservice_2
2026-10-04T05:44:23,adservice,112.37890625,0.003653762915297098,0.0,0.0967,0.0467,0.0474,mem_leak_paymentservice_2
2026-10-04T05:44:23,recommendationservice,32.875,0.016945998615815822,4.0,0.0967,0.0467,0.0474,mem_leak_paymentservice_2
2026-10-04T05:44:23,emailservice,36.7421875,0.004416127104871472,0.0,0.0967,0.0467,0.0474,mem_leak_paymentservice_2
2026-10-04T05:44:23,shippingservice,12.5546875,0.0016807000000000018,0.0,0.0967,0.0467,0.0474,mem_leak_paymentservice_2
2026-10-04T05:44:23,frontend,14.72265625,0.04349532434822522,0.0,0.0967,0.0467,0.0474,mem_leak_paymentservice_2
2026-10-04T05:44:23,loadgenerator,89.9453125,0.006153881338213268,0.0,0.0967,0.0467,0.0474,mem_leak_paymentservice_2
2026-10-04T05:44:23,cartservice,51.68359375,0.011365143053007206,0.0,0.0967,0.0467,0.0474,mem_leak_paymentservice_2
2026-10-04T05:44:23,checkoutservice,7.3125,0.0014519253741068275,0.0,0.0967,0.0467,0.0474,mem_leak_paymentservice_2
2026-10-04T05:44:23,currencyservice,37.984375,0.024159921846927716,0.0,0.0967,0.0467,0.0474,mem_leak_paymentservice_2
2026-10-04T05:44:23,paymentservice,30.38671875,0.0012166570715793537,0.0,0.0967,0.0467,0.0474,mem_leak_paymentservice_2
2026-10-04T05:44:28,redis-cart,6.1796875,0.0028544550148073143,0.0,0.1634,0.0588,0.0404,mem_leak_paymentservice_2
2026-10-04T05:44:28,productcatalogservice,13.8984375,0.01437341105353773,0.0,0.1634,0.0588,0.0404,mem_leak_paymentservice_2
2026-10-04T05:44:28,adservice,112.37890625,0.0035184697746173683,0.0,0.1634,0.0588,0.0404,mem_leak_paymentservice_2
2026-10-04T05:44:28,recommendationservice,32.875,0.014271284690689804,4.0,0.1634,0.0588,0.0404,mem_leak_paymentservice_2
2026-10-04T05:44:28,emailservice,36.7421875,0.0039387876691594865,0.0,0.1634,0.0588,0.0404,mem_leak_paymentservice_2
2026-10-04T05:44:28,shippingservice,12.5546875,0.0018381630153077645,0.0,0.1634,0.0588,0.0404,mem_leak_paymentservice_2
2026-10-04T05:44:28,frontend,14.72265625,0.0340831173897874,0.0,0.1634,0.0588,0.0404,mem_leak_paymentservice_2
2026-10-04T05:44:28,loadgenerator,89.9453125,0.006153881338213268,0.0,0.1634,0.0588,0.0404,mem_leak_paymentservice_2
2026-10-04T05:44:28,cartservice,51.68359375,0.0116253000819047,0.0,0.1634,0.0588,0.0404,mem_leak_paymentservice_2
2026-10-04T05:44:28,checkoutservice,7.3125,0.001466406708388626,0.0,0.1634,0.0588,0.0404,mem_leak_paymentservice_2
2026-10-04T05:44:28,currencyservice,37.984375,0.024159921846927716,0.0,0.1634,0.0588,0.0404,mem_leak_paymentservice_2
2026-10-04T05:44:28,paymentservice,30.38671875,0.0012166570715793537,0.0,0.1634,0.0588,0.0404,mem_leak_paymentservice_2
2026-10-04T05:44:33,redis-cart,6.43359375,0.004162737845907895,0.0,0.0711,0.0611,0.1055,mem_leak_paymentservice_2
2026-10-04T05:44:33,productcatalogservice,14.62109375,0.016945340769964134,0.0,0.0711,0.0611,0.1055,mem_leak_paymentservice_2
2026-10-04T05:44:33,adservice,112.140625,0.004410015797042479,0.0,0.0711,0.0611,0.1055,mem_leak_paymentservice_2
2026-10-04T05:44:33,recommendationservice,32.875,0.013968123510556638,4.0,0.0711,0.0611,0.1055,mem_leak_paymentservice_2
2026-10-04T05:44:33,emailservice,36.7421875,0.005503124604679189,0.0,0.0711,0.0611,0.1055,mem_leak_paymentservice_2
2026-10-04T05:44:33,shippingservice,12.1171875,0.002220129828395402,0.0,0.0711,0.0611,0.1055,mem_leak_paymentservice_2
2026-10-04T05:44:33,frontend,14.37890625,0.04371362215786153,0.0,0.0711,0.0611,0.1055,mem_leak_paymentservice_2
2026-10-04T05:44:33,loadgenerator,89.77734375,0.006352011633542388,0.0,0.0711,0.0611,0.1055,mem_leak_paymentservice_2
2026-10-04T05:44:33,cartservice,51.68359375,0.0116253000819047,0.0,0.0711,0.0611,0.1055,mem_leak_paymentservice_2
2026-10-04T05:44:33,checkoutservice,7.82421875,0.0016844357363241177,0.0,0.0711,0.0611,0.1055,mem_leak_paymentservice_2
2026-10-04T05:44:33,currencyservice,37.984375,0.023293205772660728,0.0,0.0711,0.0611,0.1055,mem_leak_paymentservice_2
2026-10-04T05:44:33,paymentservice,30.38671875,0.0012004731813961824,0.0,0.0711,0.0611,0.1055,mem_leak_paymentservice_2
2026-10-04T05:44:39,redis-cart,5.93359375,0.004216822948929339,0.0,0.0927,0.1241,0.0537,mem_leak_paymentservice_2
2026-10-04T05:44:39,productcatalogservice,14.62109375,0.016945340769964134,0.0,0.0927,0.1241,0.0537,mem_leak_paymentservice_2
2026-10-04T05:44:39,adservice,112.1484375,0.003517782257249654,0.0,0.0927,0.1241,0.0537,mem_leak_paymentservice_2
2026-10-04T05:44:39,recommendationservice,32.85546875,0.017925484738846125,4.0,0.0927,0.1241,0.0537,mem_leak_paymentservice_2
2026-10-04T05:44:39,emailservice,36.9921875,0.0056649775617048795,0.0,0.0927,0.1241,0.0537,mem_leak_paymentservice_2
2026-10-04T05:44:39,shippingservice,12.1171875,0.0017708976337448155,0.0,0.0927,0.1241,0.0537,mem_leak_paymentservice_2
2026-10-04T05:44:39,frontend,15.29296875,0.04289651877699717,0.0,0.0927,0.1241,0.0537,mem_leak_paymentservice_2
2026-10-04T05:44:39,loadgenerator,89.77734375,0.006352011633542388,0.0,0.0927,0.1241,0.0537,mem_leak_paymentservice_2
2026-10-04T05:44:39,cartservice,51.6953125,0.011578013992082034,0.0,0.0927,0.1241,0.0537,mem_leak_paymentservice_2
2026-10-04T05:44:39,checkoutservice,7.82421875,0.0016844357363241177,0.0,0.0927,0.1241,0.0537,mem_leak_paymentservice_2
2026-10-04T05:44:39,currencyservice,37.67578125,0.02491399580268536,0.0,0.0927,0.1241,0.0537,mem_leak_paymentservice_2
2026-10-04T05:44:39,paymentservice,30.6953125,0.001288611574003939,0.0,0.0927,0.1241,0.0537,mem_leak_paymentservice_2
2026-10-04T05:44:44,redis-cart,5.93359375,0.004216822948929339,0.0,0.1749,0.0306,0.0267,mem_leak_paymentservice_2
2026-10-04T05:44:44,productcatalogservice,14.62109375,0.012989380361629468,0.0,0.1749,0.0306,0.0267,mem_leak_paymentservice_2
2026-10-04T05:44:44,adservice,112.1484375,0.0041191025825994656,0.0,0.1749,0.0306,0.0267,mem_leak_paymentservice_2
2026-10-04T05:44:44,recommendationservice,32.85546875,0.018061473897806653,4.0,0.1749,0.0306,0.0267,mem_leak_paymentservice_2
2026-10-04T05:44:44,emailservice,36.9921875,0.005585501147666503,0.0,0.1749,0.0306,0.0267,mem_leak_paymentservice_2
2026-10-04T05:44:44,shippingservice,12.1171875,0.0014463216124399531,0.0,0.1749,0.0306,0.0267,mem_leak_paymentservice_2
2026-10-04T05:44:44,frontend,15.29296875,0.04289651877699717,0.0,0.1749,0.0306,0.0267,mem_leak_paymentservice_2
2026-10-04T05:44:44,loadgenerator,89.77734375,0.005127520235363014,0.0,0.1749,0.0306,0.0267,mem_leak_paymentservice_2
2026-10-04T05:44:44,cartservice,51.6953125,0.010769326360482591,0.0,0.1749,0.0306,0.0267,mem_leak_paymentservice_2
2026-10-04T05:44:44,checkoutservice,7.82421875,0.0008617509831710601,0.0,0.1749,0.0306,0.0267,mem_leak_paymentservice_2
2026-10-04T05:44:44,currencyservice,37.67578125,0.02491399580268536,0.0,0.1749,0.0306,0.0267,mem_leak_paymentservice_2
2026-10-04T05:44:44,paymentservice,30.6953125,0.0014523256744856327,0.0,0.1749,0.0306,0.0267,mem_leak_paymentservice_2
2026-10-04T05:44:49,redis-cart,5.93359375,0.0043052404612350876,0.0,0.0772,0.0584,0.0617,mem_leak_paymentservice_2
2026-10-04T05:44:49,productcatalogservice,14.6328125,0.017840190512072147,0.0,0.0772,0.0584,0.0617,mem_leak_paymentservice_2
2026-10-04T05:44:49,adservice,112.1484375,0.0041191025825994656,0.0,0.0772,0.0584,0.0617,mem_leak_paymentservice_2
2026-10-04T05:44:49,recommendationservice,32.85546875,0.018061473897806653,4.0,0.0772,0.0584,0.0617,mem_leak_paymentservice_2
2026-10-04T05:44:49,emailservice,36.9921875,0.005585501147666502,0.0,0.0772,0.0584,0.0617,mem_leak_paymentservice_2
2026-10-04T05:44:49,shippingservice,12.68359375,0.002169139775957326,0.0,0.0772,0.0584,0.0617,mem_leak_paymentservice_2
2026-10-04T05:44:49,frontend,15.29296875,0.03822552792926636,0.0,0.0772,0.0584,0.0617,mem_leak_paymentservice_2
2026-10-04T05:44:49,loadgenerator,89.9921875,0.0069931650434554736,0.0,0.0772,0.0584,0.0617,mem_leak_paymentservice_2
2026-10-04T05:44:49,cartservice,51.6953125,0.010769326360482591,0.0,0.0772,0.0584,0.0617,mem_leak_paymentservice_2
2026-10-04T05:44:49,checkoutservice,7.3125,0.001253701480592239,0.0,0.0772,0.0584,0.0617,mem_leak_paymentservice_2
2026-10-04T05:44:49,currencyservice,37.67578125,0.027928774306314057,0.0,0.0772,0.0584,0.0617,mem_leak_paymentservice_2
2026-10-04T05:44:49,paymentservice,30.4921875,0.001319592385308217,0.0,0.0772,0.0584,0.0617,mem_leak_paymentservice_2
2026-10-04T05:44:55,redis-cart,5.93359375,0.0034126385441076005,0.0,0.0915,0.0729,0.0995,mem_leak_paymentservice_2
2026-10-04T05:44:55,productcatalogservice,14.6328125,0.017840190512072147,0.0,0.0915,0.0729,0.0995,mem_leak_paymentservice_2
2026-10-04T05:44:55,adservice,112.1484375,0.003472215005143424,0.0,0.0915,0.0729,0.0995,mem_leak_paymentservice_2
2026-10-04T05:44:55,recommendationservice,32.85546875,0.014909481927930653,4.0,0.0915,0.0729,0.0995,mem_leak_paymentservice_2
2026-10-04T05:44:55,emailservice,36.9921875,0.004533017179099739,0.0,0.0915,0.0729,0.0995,mem_leak_paymentservice_2
2026-10-04T05:44:55,shippingservice,12.68359375,0.002334092093355442,0.0,0.0915,0.0729,0.0995,mem_leak_paymentservice_2
2026-10-04T05:44:55,frontend,15.29296875,0.03558762273859587,0.0,0.0915,0.0729,0.0995,mem_leak_paymentservice_2
2026-10-04T05:44:55,loadgenerator,89.9921875,0.006993165043455471,0.0,0.0915,0.0729,0.0995,mem_leak_paymentservice_2
2026-10-04T05:44:55,cartservice,51.6953125,0.010769326360482591,0.0,0.0915,0.0729,0.0995,mem_leak_paymentservice_2
2026-10-04T05:44:55,checkoutservice,7.3125,0.0012537014805922393,0.0,0.0915,0.0729,0.0995,mem_leak_paymentservice_2
2026-10-04T05:44:55,currencyservice,37.67578125,0.027928774306314057,0.0,0.0915,0.0729,0.0995,mem_leak_paymentservice_2
2026-10-04T05:44:55,paymentservice,30.4921875,0.001319592385308217,0.0,0.0915,0.0729,0.0995,mem_leak_paymentservice_2
