time,service,memory_mb,cpu_cores,restarts,latency_s,latency_product_s,latency_cart_s,label
2026-10-02T22:39:34,loadgenerator,63.7734375,0.00758977860839628,0.0,0.0792,0.0864,0.0911,net_delay_recommendationservice_1
2026-10-02T22:39:34,redis-cart,6.15234375,0.004023271899683327,0.0,0.0792,0.0864,0.0911,net_delay_recommendationservice_1
2026-10-02T22:39:34,shippingservice,11.98828125,0.001044659460745083,0.0,0.0792,0.0864,0.0911,net_delay_recommendationservice_1
2026-10-02T22:39:34,adservice,110.15234375,0.0021401837835938573,0.0,0.0792,0.0864,0.0911,net_delay_recommendationservice_1
2026-10-02T22:39:34,emailservice,36.73828125,0.004966301530574991,0.0,0.0792,0.0864,0.0911,net_delay_recommendationservice_1
2026-10-02T22:39:34,productcatalogservice,13.87109375,0.016343345955383858,0.0,0.0792,0.0864,0.0911,net_delay_recommendationservice_1
2026-10-02T22:39:34,cartservice,58.81640625,0.009299584739939594,0.0,0.0792,0.0864,0.0911,net_delay_recommendationservice_1
2026-10-02T22:39:34,frontend,14.5078125,0.03169827177038816,0.0,0.0792,0.0864,0.0911,net_delay_recommendationservice_1
2026-10-02T22:39:34,recommendationservice,32.73828125,0.01715171401241338,1.0,0.0792,0.0864,0.0911,net_delay_recommendationservice_1
2026-10-02T22:39:34,checkoutservice,12.375,0.0010241421452571043,0.0,0.0792,0.0864,0.0911,net_delay_recommendationservice_1
2026-10-02T22:39:34,paymentservice,40.04296875,0.0007495104067040098,0.0,0.0792,0.0864,0.0911,net_delay_recommendationservice_1
2026-10-02T22:39:34,currencyservice,32.203125,0.021952113070249087,0.0,0.0792,0.0864,0.0911,net_delay_recommendationservice_1
2026-10-02T22:39:39,loadgenerator,63.7734375,0.006380726876078752,0.0,0.2204,0.0899,0.0341,net_delay_recommendationservice_1
2026-10-02T22:39:39,redis-cart,6.15234375,0.0030615369477627807,0.0,0.2204,0.0899,0.0341,net_delay_recommendationservice_1
2026-10-02T22:39:39,shippingservice,11.98046875,0.0017972818670456024,0.0,0.2204,0.0899,0.0341,net_delay_recommendationservice_1
2026-10-02T22:39:39,adservice,110.38671875,0.002528952538402631,0.0,0.2204,0.0899,0.0341,net_delay_recommendationservice_1
2026-10-02T22:39:39,emailservice,36.73828125,0.0044723582001009714,0.0,0.2204,0.0899,0.0341,net_delay_recommendationservice_1
2026-10-02T22:39:39,productcatalogservice,13.87109375,0.0160530187124854,0.0,0.2204,0.0899,0.0341,net_delay_recommendationservice_1
2026-10-02T22:39:39,cartservice,58.81640625,0.007211091748697911,0.0,0.2204,0.0899,0.0341,net_delay_recommendationservice_1
2026-10-02T22:39:39,frontend,14.484375,0.034460716582643755,0.0,0.2204,0.0899,0.0341,net_delay_recommendationservice_1
2026-10-02T22:39:39,recommendationservice,32.73828125,0.01348336135682779,1.0,0.2204,0.0899,0.0341,net_delay_recommendationservice_1
2026-10-02T22:39:39,checkoutservice,12.375,0.0010547836684948035,0.0,0.2204,0.0899,0.0341,net_delay_recommendationservice_1
2026-10-02T22:39:39,paymentservice,40.04296875,0.0007495104067040098,0.0,0.2204,0.0899,0.0341,net_delay_recommendationservice_1
2026-10-02T22:39:39,currencyservice,32.203125,0.021952113070249087,0.0,0.2204,0.0899,0.0341,net_delay_recommendationservice_1
2026-10-02T22:39:44,loadgenerator,63.7734375,0.005906002871317722,0.0,0.0716,0.0475,0.04,net_delay_recommendationservice_1
2026-10-02T22:39:44,redis-cart,6.15234375,0.002717686417710437,0.0,0.0716,0.0475,0.04,net_delay_recommendationservice_1
2026-10-02T22:39:44,shippingservice,11.98046875,0.0017972818670456024,0.0,0.0716,0.0475,0.04,net_delay_recommendationservice_1
2026-10-02T22:39:44,adservice,110.38671875,0.002552622024597423,0.0,0.0716,0.0475,0.04,net_delay_recommendationservice_1
2026-10-02T22:39:44,emailservice,36.73828125,0.00395666351935683,0.0,0.0716,0.0475,0.04,net_delay_recommendationservice_1
2026-10-02T22:39:44,productcatalogservice,13.87109375,0.01315250578145116,0.0,0.0716,0.0475,0.04,net_delay_recommendationservice_1
2026-10-02T22:39:44,cartservice,58.81640625,0.004094900000000241,0.0,0.0716,0.0475,0.04,net_delay_recommendationservice_1
2026-10-02T22:39:44,frontend,14.484375,0.034460716582643755,0.0,0.0716,0.0475,0.04,net_delay_recommendationservice_1
2026-10-02T22:39:44,recommendationservice,32.73828125,0.011995518781326833,1.0,0.0716,0.0475,0.04,net_delay_recommendationservice_1
2026-10-02T22:39:44,checkoutservice,12.375,0.0010550816102593685,0.0,0.0716,0.0475,0.04,net_delay_recommendationservice_1
2026-10-02T22:39:44,paymentservice,40.04296875,0.0006236250000000165,0.0,0.0716,0.0475,0.04,net_delay_recommendationservice_1
2026-10-02T22:39:44,currencyservice,32.203125,0.017429428974951013,0.0,0.0716,0.0475,0.04,net_delay_recommendationservice_1
2026-10-02T22:39:50,loadgenerator,63.234375,0.007334389582202205,0.0,0.1477,0.0559,0.0465,net_delay_recommendationservice_1
2026-10-02T22:39:50,redis-cart,6.41015625,0.004297505938242478,0.0,0.1477,0.0559,0.0465,net_delay_recommendationservice_1
2026-10-02T22:39:50,shippingservice,12.2265625,0.0017688177310940473,0.0,0.1477,0.0559,0.0465,net_delay_recommendationservice_1
2026-10-02T22:39:50,adservice,110.3984375,0.003548781528743955,0.0,0.1477,0.0559,0.0465,net_delay_recommendationservice_1
2026-10-02T22:39:50,emailservice,37.23046875,0.006178887700047301,0.0,0.1477,0.0559,0.0465,net_delay_recommendationservice_1
2026-10-02T22:39:50,productcatalogservice,14.640625,0.016524136874137972,0.0,0.1477,0.0559,0.0465,net_delay_recommendationservice_1
2026-10-02T22:39:50,cartservice,58.30859375,0.010710473449072645,0.0,0.1477,0.0559,0.0465,net_delay_recommendationservice_1
2026-10-02T22:39:50,frontend,13.27734375,0.03512904143773421,0.0,0.1477,0.0559,0.0465,net_delay_recommendationservice_1
2026-10-02T22:39:50,recommendationservice,32.23828125,0.015909719424002735,1.0,0.1477,0.0559,0.0465,net_delay_recommendationservice_1
2026-10-02T22:39:50,checkoutservice,12.375,0.0010732884781550387,0.0,0.1477,0.0559,0.0465,net_delay_recommendationservice_1
2026-10-02T22:39:50,paymentservice,39.796875,0.0008717692682813769,0.0,0.1477,0.0559,0.0465,net_delay_recommendationservice_1
2026-10-02T22:39:50,currencyservice,33.67578125,0.028079947575360427,0.0,0.1477,0.0559,0.0465,net_delay_recommendationservice_1
2026-10-02T22:39:55,loadgenerator,63.234375,0.0070994930660755115,0.0,0.068,0.0279,0.0215,net_delay_recommendationservice_1
2026-10-02T22:39:55,redis-cart,6.41015625,0.004412006391234659,0.0,0.068,0.0279,0.0215,net_delay_recommendationservice_1
2026-10-02T22:39:55,shippingservice,12.2265625,0.0018685568488045568,0.0,0.068,0.0279,0.0215,net_delay_recommendationservice_1
2026-10-02T22:39:55,adservice,110.3984375,0.003548781528743955,0.0,0.068,0.0279,0.0215,net_delay_recommendationservice_1
2026-10-02T22:39:55,emailservice,37.23046875,0.004976956609535256,0.0,0.068,0.0279,0.0215,net_delay_recommendationservice_1
2026-10-02T22:39:55,productcatalogservice,14.640625,0.013622890593202496,0.0,0.068,0.0279,0.0215,net_delay_recommendationservice_1
2026-10-02T22:39:55,cartservice,58.30859375,0.010710473449072645,0.0,0.068,0.0279,0.0215,net_delay_recommendationservice_1
2026-10-02T22:39:55,frontend,13.27734375,0.03512904143773421,0.0,0.068,0.0279,0.0215,net_delay_recommendationservice_1
2026-10-02T22:39:55,recommendationservice,32.23828125,0.015332093726379864,1.0,0.068,0.0279,0.0215,net_delay_recommendationservice_1
2026-10-02T22:39:55,checkoutservice,12.375,0.0009512173986856467,0.0,0.068,0.0279,0.0215,net_delay_recommendationservice_1
2026-10-02T22:39:55,paymentservice,39.796875,0.0008717692682813769,0.0,0.068,0.0279,0.0215,net_delay_recommendationservice_1
2026-10-02T22:39:55,currencyservice,33.67578125,0.028079947575360427,0.0,0.068,0.0279,0.0215,net_delay_recommendationservice_1
2026-10-02T22:40:00,loadgenerator,63.4765625,0.006794603797168384,0.0,0.0923,0.1825,0.1143,net_delay_recommendationservice_1
2026-10-02T22:40:00,redis-cart,6.15625,0.0040937926588807,0.0,0.0923,0.1825,0.1143,net_delay_recommendationservice_1
2026-10-02T22:40:00,shippingservice,11.98046875,0.0018429770172863564,0.0,0.0923,0.1825,0.1143,net_delay_recommendationservice_1
2026-10-02T22:40:00,adservice,110.3984375,0.0038362938210816477,0.0,0.0923,0.1825,0.1143,net_delay_recommendationservice_1
2026-10-02T22:40:00,emailservice,36.98046875,0.005666707854523686,0.0,0.0923,0.1825,0.1143,net_delay_recommendationservice_1
2026-10-02T22:40:00,productcatalogservice,14.3984375,0.014454617585033202,0.0,0.0923,0.1825,0.1143,net_delay_recommendationservice_1
2026-10-02T22:40:00,cartservice,58.41015625,0.00996286410583765,0.0,0.0923,0.1825,0.1143,net_delay_recommendationservice_1
2026-10-02T22:40:00,frontend,14.265625,0.03514999424692092,0.0,0.0923,0.1825,0.1143,net_delay_recommendationservice_1
2026-10-02T22:40:00,recommendationservice,32.23828125,0.011678647442555123,1.0,0.0923,0.1825,0.1143,net_delay_recommendationservice_1
2026-10-02T22:40:00,checkoutservice,12.37890625,0.0011582070437566234,0.0,0.0923,0.1825,0.1143,net_delay_recommendationservice_1
2026-10-02T22:40:00,paymentservice,39.796875,0.0007397858226448772,0.0,0.0923,0.1825,0.1143,net_delay_recommendationservice_1
2026-10-02T22:40:00,currencyservice,35.26171875,0.02574857653464113,0.0,0.0923,0.1825,0.1143,net_delay_recommendationservice_1
2026-10-02T22:40:06,loadgenerator,63.45703125,0.0057350528895739735,0.0,0.3014,0.0408,0.0638,net_delay_recommendationservice_1
2026-10-02T22:40:06,redis-cart,6.15625,0.004177505089346359,0.0,0.3014,0.0408,0.0638,net_delay_recommendationservice_1
2026-10-02T22:40:06,shippingservice,11.98046875,0.0018429770172863564,0.0,0.3014,0.0408,0.0638,net_delay_recommendationservice_1
2026-10-02T22:40:06,adservice,110.78125,0.0036989033490185514,0.0,0.3014,0.0408,0.0638,net_delay_recommendationservice_1
2026-10-02T22:40:06,emailservice,37.49609375,0.006035339673623538,0.0,0.3014,0.0408,0.0638,net_delay_recommendationservice_1
2026-10-02T22:40:06,productcatalogservice,14.3984375,0.014454617585033202,0.0,0.3014,0.0408,0.0638,net_delay_recommendationservice_1
2026-10-02T22:40:06,cartservice,58.41015625,0.010320546215171176,0.0,0.3014,0.0408,0.0638,net_delay_recommendationservice_1
2026-10-02T22:40:06,frontend,14.265625,0.03514999424692092,0.0,0.3014,0.0408,0.0638,net_delay_recommendationservice_1
2026-10-02T22:40:06,recommendationservice,32.76953125,0.013361065856689036,1.0,0.3014,0.0408,0.0638,net_delay_recommendationservice_1
2026-10-02T22:40:06,checkoutservice,12.87109375,0.0008063835564932095,0.0,0.3014,0.0408,0.0638,net_delay_recommendationservice_1
2026-10-02T22:40:06,paymentservice,39.765625,0.000677924539965803,0.0,0.3014,0.0408,0.0638,net_delay_recommendationservice_1
2026-10-02T22:40:06,currencyservice,35.26171875,0.02574857653464113,0.0,0.3014,0.0408,0.0638,net_delay_recommendationservice_1
2026-10-02T22:40:11,loadgenerator,63.45703125,0.0068586753844278705,0.0,0.1029,0.1263,0.0784,net_delay_recommendationservice_1
2026-10-02T22:40:11,redis-cart,6.15625,0.004177505089346359,0.0,0.1029,0.1263,0.0784,net_delay_recommendationservice_1
2026-10-02T22:40:11,shippingservice,11.98046875,0.0011166499999998082,0.0,0.1029,0.1263,0.0784,net_delay_recommendationservice_1
2026-10-02T22:40:11,adservice,110.78125,0.003937475623293365,0.0,0.1029,0.1263,0.0784,net_delay_recommendationservice_1
2026-10-02T22:40:11,emailservice,37.49609375,0.006035339673623538,0.0,0.1029,0.1263,0.0784,net_delay_recommendationservice_1
2026-10-02T22:40:11,productcatalogservice,14.3984375,0.011439503279419228,0.0,0.1029,0.1263,0.0784,net_delay_recommendationservice_1
2026-10-02T22:40:11,cartservice,58.41015625,0.010320546215171176,0.0,0.1029,0.1263,0.0784,net_delay_recommendationservice_1
2026-10-02T22:40:11,frontend,14.265625,0.028665918745684228,0.0,0.1029,0.1263,0.0784,net_delay_recommendationservice_1
2026-10-02T22:40:11,recommendationservice,32.76953125,0.013361065856689036,1.0,0.1029,0.1263,0.0784,net_delay_recommendationservice_1
2026-10-02T22:40:11,checkoutservice,12.87109375,0.0008063835564932095,0.0,0.1029,0.1263,0.0784,net_delay_recommendationservice_1
2026-10-02T22:40:11,paymentservice,39.765625,0.000677924539965803,0.0,0.1029,0.1263,0.0784,net_delay_recommendationservice_1
2026-10-02T22:40:11,currencyservice,35.26171875,0.028277059333183596,0.0,0.1029,0.1263,0.0784,net_delay_recommendationservice_1
2026-10-02T22:40:17,loadgenerator,63.45703125,0.0068586753844278705,0.0,0.1804,0.062,0.095,net_delay_recommendationservice_1
2026-10-02T22:40:17,redis-cart,6.15625,0.004417455310199588,0.0,0.1804,0.062,0.095,net_delay_recommendationservice_1
2026-10-02T22:40:17,shippingservice,12.23046875,0.0017932756405593963,0.0,0.1804,0.062,0.095,net_delay_recommendationservice_1
2026-10-02T22:40:17,adservice,110.78515625,0.004191025039647735,0.0,0.1804,0.062,0.095,net_delay_recommendationservice_1
2026-10-02T22:40:17,emailservice,37.49609375,0.006035339673623539,0.0,0.1804,0.062,0.095,net_delay_recommendationservice_1
2026-10-02T22:40:17,productcatalogservice,14.3671875,0.01609761590609269,0.0,0.1804,0.062,0.095,net_delay_recommendationservice_1
2026-10-02T22:40:17,cartservice,58.625,0.01118852410176975,0.0,0.1804,0.062,0.095,net_delay_recommendationservice_1
2026-10-02T22:40:17,frontend,15.21875,0.04001724789360313,0.0,0.1804,0.062,0.095,net_delay_recommendationservice_1
2026-10-02T22:40:17,recommendationservice,33.46484375,0.015537893005707737,1.0,0.1804,0.062,0.095,net_delay_recommendationservice_1
2026-10-02T22:40:17,checkoutservice,12.87109375,0.0008063835564932095,0.0,0.1804,0.062,0.095,net_delay_recommendationservice_1
2026-10-02T22:40:17,paymentservice,40.765625,0.0008701193278675155,0.0,0.1804,0.062,0.095,net_delay_recommendationservice_1
2026-10-02T22:40:17,currencyservice,37.0078125,0.031080474036113224,0.0,0.1804,0.062,0.095,net_delay_recommendationservice_1
2026-10-02T22:40:22,loadgenerator,63.45703125,0.0055942214216803884,0.0,0.0786,0.0266,0.0187,net_delay_recommendationservice_1
2026-10-02T22:40:22,redis-cart,6.15625,0.004145187972363666,0.0,0.0786,0.0266,0.0187,net_delay_recommendationservice_1
2026-10-02T22:40:22,shippingservice,12.23046875,0.0017932756405593963,0.0,0.0786,0.0266,0.0187,net_delay_recommendationservice_1
2026-10-02T22:40:22,adservice,110.78515625,0.004191025039647735,0.0,0.0786,0.0266,0.0187,net_delay_recommendationservice_1
2026-10-02T22:40:22,emailservice,37.49609375,0.004800327341972948,0.0,0.0786,0.0266,0.0187,net_delay_recommendationservice_1
2026-10-02T22:40:22,productcatalogservice,14.3671875,0.01609761590609269,0.0,0.0786,0.0266,0.0187,net_delay_recommendationservice_1
2026-10-02T22:40:22,cartservice,58.625,0.010718176782979528,0.0,0.0786,0.0266,0.0187,net_delay_recommendationservice_1
2026-10-02T22:40:22,frontend,15.21875,0.039274204685572606,0.0,0.0786,0.0266,0.0187,net_delay_recommendationservice_1
2026-10-02T22:40:22,recommendationservice,33.46484375,0.016242282059711576,1.0,0.0786,0.0266,0.0187,net_delay_recommendationservice_1
2026-10-02T22:40:22,checkoutservice,12.87109375,0.0009148434501288424,0.0,0.0786,0.0266,0.0187,net_delay_recommendationservice_1
2026-10-02T22:40:22,paymentservice,40.765625,0.0008701193278675155,0.0,0.0786,0.0266,0.0187,net_delay_recommendationservice_1
2026-10-02T22:40:22,currencyservice,37.0078125,0.031080474036113224,0.0,0.0786,0.0266,0.0187,net_delay_recommendationservice_1
2026-10-02T22:40:27,loadgenerator,63.23828125,0.0077193839734270644,0.0,0.0684,0.0933,0.0442,net_delay_recommendationservice_1
2026-10-02T22:40:27,redis-cart,6.40234375,0.004204368582826648,0.0,0.0684,0.0933,0.0442,net_delay_recommendationservice_1
2026-10-02T22:40:27,shippingservice,11.98828125,0.0022649680600421436,0.0,0.0684,0.0933,0.0442,net_delay_recommendationservice_1
2026-10-02T22:40:27,adservice,110.78515625,0.003388417069800978,0.0,0.0684,0.0933,0.0442,net_delay_recommendationservice_1
2026-10-02T22:40:27,emailservice,36.75390625,0.005932552926526186,0.0,0.0684,0.0933,0.0442,net_delay_recommendationservice_1
2026-10-02T22:40:27,productcatalogservice,14.8671875,0.016023587862465764,0.0,0.0684,0.0933,0.0442,net_delay_recommendationservice_1
2026-10-02T22:40:27,cartservice,58.625,0.008605490161844476,0.0,0.0684,0.0933,0.0442,net_delay_recommendationservice_1
2026-10-02T22:40:27,frontend,14.32421875,0.03755368859640543,0.0,0.0684,0.0933,0.0442,net_delay_recommendationservice_1
2026-10-02T22:40:27,recommendationservice,33.46484375,0.016242282059711576,1.0,0.0684,0.0933,0.0442,net_delay_recommendationservice_1
2026-10-02T22:40:27,checkoutservice,12.0,0.0016577201794409436,0.0,0.0684,0.0933,0.0442,net_delay_recommendationservice_1
2026-10-02T22:40:27,paymentservice,40.765625,0.0008346571834296187,0.0,0.0684,0.0933,0.0442,net_delay_recommendationservice_1
2026-10-02T22:40:27,currencyservice,37.0078125,0.02902639392939623,0.0,0.0684,0.0933,0.0442,net_delay_recommendationservice_1
2026-10-02T22:40:32,loadgenerator,63.23828125,0.006411098489063994,0.0,0.2064,0.2766,0.1125,net_delay_recommendationservice_1
2026-10-02T22:40:32,redis-cart,6.40234375,0.004204368582826648,0.0,0.2064,0.2766,0.1125,net_delay_recommendationservice_1
2026-10-02T22:40:32,shippingservice,11.98828125,0.0022649680600421436,0.0,0.2064,0.2766,0.1125,net_delay_recommendationservice_1
2026-10-02T22:40:32,adservice,110.78515625,0.0030970321233349863,0.0,0.2064,0.2766,0.1125,net_delay_recommendationservice_1
2026-10-02T22:40:32,emailservice,36.75390625,0.004902332152207544,0.0,0.2064,0.2766,0.1125,net_delay_recommendationservice_1
2026-10-02T22:40:32,productcatalogservice,14.8671875,0.016023587862465764,0.0,0.2064,0.2766,0.1125,net_delay_recommendationservice_1
2026-10-02T22:40:32,cartservice,58.625,0.007590121547936882,0.0,0.2064,0.2766,0.1125,net_delay_recommendationservice_1
2026-10-02T22:40:32,frontend,14.32421875,0.03755368859640544,0.0,0.2064,0.2766,0.1125,net_delay_recommendationservice_1
2026-10-02T22:40:32,recommendationservice,33.46484375,0.012677710233182125,1.0,0.2064,0.2766,0.1125,net_delay_recommendationservice_1
2026-10-02T22:40:32,checkoutservice,12.0,0.002165066356797764,0.0,0.2064,0.2766,0.1125,net_delay_recommendationservice_1
2026-10-02T22:40:32,paymentservice,40.765625,0.000817177624348454,0.0,0.2064,0.2766,0.1125,net_delay_recommendationservice_1
2026-10-02T22:40:32,currencyservice,37.0078125,0.02349650305592213,0.0,0.2064,0.2766,0.1125,net_delay_recommendationservice_1
2026-10-02T22:40:38,loadgenerator,63.24609375,0.00768546049907782,0.0,0.0782,0.6452,0.6412,net_delay_recommendationservice_1
2026-10-02T22:40:38,redis-cart,6.40234375,0.003921647654706422,0.0,0.0782,0.6452,0.6412,net_delay_recommendationservice_1
2026-10-02T22:40:38,shippingservice,11.98828125,0.0018819179200434053,0.0,0.0782,0.6452,0.6412,net_delay_recommendationservice_1
2026-10-02T22:40:38,adservice,110.2734375,0.003679109249255845,0.0,0.0782,0.6452,0.6412,net_delay_recommendationservice_1
2026-10-02T22:40:38,emailservice,37.25,0.00569545235898406,0.0,0.0782,0.6452,0.6412,net_delay_recommendationservice_1
2026-10-02T22:40:38,productcatalogservice,14.3671875,0.01531663800207965,0.0,0.0782,0.6452,0.6412,net_delay_recommendationservice_1
2026-10-02T22:40:38,cartservice,58.3125,0.010610701760030773,0.0,0.0782,0.6452,0.6412,net_delay_recommendationservice_1
2026-10-02T22:40:38,frontend,14.32421875,0.037238622326639916,0.0,0.0782,0.6452,0.6412,net_delay_recommendationservice_1
2026-10-02T22:40:38,recommendationservice,32.98828125,0.018264881734559715,1.0,0.0782,0.6452,0.6412,net_delay_recommendationservice_1
2026-10-02T22:40:38,checkoutservice,12.0,0.001792404310133949,0.0,0.0782,0.6452,0.6412,net_delay_recommendationservice_1
2026-10-02T22:40:38,paymentservice,40.5078125,0.0012548872329070243,0.0,0.0782,0.6452,0.6412,net_delay_recommendationservice_1
2026-10-02T22:40:38,currencyservice,38.91796875,0.02855734963143442,0.0,0.0782,0.6452,0.6412,net_delay_recommendationservice_1
2026-10-02T22:40:44,loadgenerator,63.24609375,0.008202416035460399,0.0,0.1216,0.649,0.6513,net_delay_recommendationservice_1
2026-10-02T22:40:44,redis-cart,6.65234375,0.0046886991081355025,0.0,0.1216,0.649,0.6513,net_delay_recommendationservice_1
2026-10-02T22:40:44,shippingservice,12.4765625,0.002522435192772746,0.0,0.1216,0.649,0.6513,net_delay_recommendationservice_1
2026-10-02T22:40:44,adservice,110.2734375,0.0032263036645751786,0.0,0.1216,0.649,0.6513,net_delay_recommendationservice_1
2026-10-02T22:40:44,emailservice,36.73828125,0.00672627039428966,0.0,0.1216,0.649,0.6513,net_delay_recommendationservice_1
2026-10-02T22:40:44,productcatalogservice,14.3671875,0.01786179493153184,0.0,0.1216,0.649,0.6513,net_delay_recommendationservice_1
2026-10-02T22:40:44,cartservice,58.5546875,0.01097915215779626,0.0,0.1216,0.649,0.6513,net_delay_recommendationservice_1
2026-10-02T22:40:44,frontend,14.01953125,0.042484681968489285,0.0,0.1216,0.649,0.6513,net_delay_recommendationservice_1
2026-10-02T22:40:44,recommendationservice,34.6484375,0.018695453597013672,1.0,0.1216,0.649,0.6513,net_delay_recommendationservice_1
2026-10-02T22:40:44,checkoutservice,12.00390625,0.0024635667167272083,0.0,0.1216,0.649,0.6513,net_delay_recommendationservice_1
2026-10-02T22:40:44,paymentservice,40.5078125,0.0016634479863255748,0.0,0.1216,0.649,0.6513,net_delay_recommendationservice_1
2026-10-02T22:40:44,currencyservice,38.7109375,0.031296986372597875,0.0,0.1216,0.649,0.6513,net_delay_recommendationservice_1
2026-10-02T22:40:51,loadgenerator,63.24609375,0.006554300024557543,0.0,0.0648,0.6413,0.6394,net_delay_recommendationservice_1
2026-10-02T22:40:51,redis-cart,6.65234375,0.004027918137993128,0.0,0.0648,0.6413,0.6394,net_delay_recommendationservice_1
2026-10-02T22:40:51,shippingservice,12.4765625,0.002795286039869438,0.0,0.0648,0.6413,0.6394,net_delay_recommendationservice_1
2026-10-02T22:40:51,adservice,110.2734375,0.002815106221525362,0.0,0.0648,0.6413,0.6394,net_delay_recommendationservice_1
2026-10-02T22:40:51,emailservice,36.73828125,0.006726270394289659,0.0,0.0648,0.6413,0.6394,net_delay_recommendationservice_1
2026-10-02T22:40:51,productcatalogservice,14.3671875,0.014026718711440862,0.0,0.0648,0.6413,0.6394,net_delay_recommendationservice_1
2026-10-02T22:40:51,cartservice,58.5546875,0.01097915215779626,0.0,0.0648,0.6413,0.6394,net_delay_recommendationservice_1
2026-10-02T22:40:51,frontend,14.01953125,0.03581293471735992,0.0,0.0648,0.6413,0.6394,net_delay_recommendationservice_1
2026-10-02T22:40:51,recommendationservice,34.6484375,0.018695453597013675,1.0,0.0648,0.6413,0.6394,net_delay_recommendationservice_1
2026-10-02T22:40:51,checkoutservice,12.00390625,0.003143977071567056,0.0,0.0648,0.6413,0.6394,net_delay_recommendationservice_1
2026-10-02T22:40:51,paymentservice,40.5078125,0.0016634479863255748,0.0,0.0648,0.6413,0.6394,net_delay_recommendationservice_1
2026-10-02T22:40:51,currencyservice,38.7109375,0.03129698637259788,0.0,0.0648,0.6413,0.6394,net_delay_recommendationservice_1
2026-10-02T22:40:57,loadgenerator,63.265625,0.008106653154924075,0.0,0.0794,0.656,0.6571,net_delay_recommendationservice_1
2026-10-02T22:40:57,redis-cart,5.91015625,0.004494859781957243,0.0,0.0794,0.656,0.6571,net_delay_recommendationservice_1
2026-10-02T22:40:57,shippingservice,12.4765625,0.002795286039869438,0.0,0.0794,0.656,0.6571,net_delay_recommendationservice_1
2026-10-02T22:40:57,adservice,110.54296875,0.0036592443914784498,0.0,0.0794,0.656,0.6571,net_delay_recommendationservice_1
2026-10-02T22:40:57,emailservice,37.48046875,0.006542751390583504,0.0,0.0794,0.656,0.6571,net_delay_recommendationservice_1
2026-10-02T22:40:57,productcatalogservice,13.90625,0.017666502812823916,0.0,0.0794,0.656,0.6571,net_delay_recommendationservice_1
2026-10-02T22:40:57,cartservice,58.0859375,0.009628242677824375,0.0,0.0794,0.656,0.6571,net_delay_recommendationservice_1
2026-10-02T22:40:57,frontend,14.2578125,0.030429570777225554,0.0,0.0794,0.656,0.6571,net_delay_recommendationservice_1
2026-10-02T22:40:57,recommendationservice,33.484375,0.014244742192020933,1.0,0.0794,0.656,0.6571,net_delay_recommendationservice_1
2026-10-02T22:40:57,checkoutservice,12.00390625,0.003143977071567056,0.0,0.0794,0.656,0.6571,net_delay_recommendationservice_1
2026-10-02T22:40:57,paymentservice,39.73828125,0.0014478564043905698,0.0,0.0794,0.656,0.6571,net_delay_recommendationservice_1
2026-10-02T22:40:57,currencyservice,38.7109375,0.022878792104253476,0.0,0.0794,0.656,0.6571,net_delay_recommendationservice_1
2026-10-02T22:41:04,loadgenerator,63.265625,0.007819891267794992,0.0,0.1599,0.6444,0.6417,net_delay_recommendationservice_1
2026-10-02T22:41:04,redis-cart,5.91015625,0.004494859781957243,0.0,0.1599,0.6444,0.6417,net_delay_recommendationservice_1
2026-10-02T22:41:04,shippingservice,12.4765625,0.0021124326014048326,0.0,0.1599,0.6444,0.6417,net_delay_recommendationservice_1
2026-10-02T22:41:04,adservice,110.54296875,0.0032598719463610357,0.0,0.1599,0.6444,0.6417,net_delay_recommendationservice_1
2026-10-02T22:41:04,emailservice,37.48046875,0.0065164131728607105,0.0,0.1599,0.6444,0.6417,net_delay_recommendationservice_1
2026-10-02T22:41:04,productcatalogservice,13.90625,0.013705672882188795,0.0,0.1599,0.6444,0.6417,net_delay_recommendationservice_1
2026-10-02T22:41:04,cartservice,58.0859375,0.009628242677824375,0.0,0.1599,0.6444,0.6417,net_delay_recommendationservice_1
2026-10-02T22:41:04,frontend,14.2578125,0.02958944830924124,0.0,0.1599,0.6444,0.6417,net_delay_recommendationservice_1
2026-10-02T22:41:04,recommendationservice,33.484375,0.012414570936248471,1.0,0.1599,0.6444,0.6417,net_delay_recommendationservice_1
2026-10-02T22:41:04,checkoutservice,12.00390625,0.0022358145097399118,0.0,0.1599,0.6444,0.6417,net_delay_recommendationservice_1
2026-10-02T22:41:04,paymentservice,39.73828125,0.0011241871684543265,0.0,0.1599,0.6444,0.6417,net_delay_recommendationservice_1
2026-10-02T22:41:04,currencyservice,38.7109375,0.019812370481315032,0.0,0.1599,0.6444,0.6417,net_delay_recommendationservice_1
2026-10-02T22:41:10,loadgenerator,63.265625,0.007819891267794992,0.0,0.0669,0.6723,0.6439,net_delay_recommendationservice_1
2026-10-02T22:41:10,redis-cart,5.91015625,0.00369777366941178,0.0,0.0669,0.6723,0.6439,net_delay_recommendationservice_1
2026-10-02T22:41:10,shippingservice,12.234375,0.0023104567652973353,0.0,0.0669,0.6723,0.6439,net_delay_recommendationservice_1
2026-10-02T22:41:10,adservice,110.54296875,0.002483737184331802,0.0,0.0669,0.6723,0.6439,net_delay_recommendationservice_1
2026-10-02T22:41:10,emailservice,37.48046875,0.005232010035342162,0.0,0.0669,0.6723,0.6439,net_delay_recommendationservice_1
2026-10-02T22:41:10,productcatalogservice,14.140625,0.014837638804998585,0.0,0.0669,0.6723,0.6439,net_delay_recommendationservice_1
2026-10-02T22:41:10,cartservice,58.0859375,0.006387875000000065,0.0,0.0669,0.6723,0.6439,net_delay_recommendationservice_1
2026-10-02T22:41:10,frontend,14.90625,0.032993309971328676,0.0,0.0669,0.6723,0.6439,net_delay_recommendationservice_1
2026-10-02T22:41:10,recommendationservice,32.50390625,0.018186024877645132,1.0,0.0669,0.6723,0.6439,net_delay_recommendationservice_1
2026-10-02T22:41:10,checkoutservice,12.50390625,0.002280520594965729,0.0,0.0669,0.6723,0.6439,net_delay_recommendationservice_1
2026-10-02T22:41:10,paymentservice,39.73828125,0.0011783424855823363,0.0,0.0669,0.6723,0.6439,net_delay_recommendationservice_1
2026-10-02T22:41:10,currencyservice,38.36328125,0.024937383663044904,0.0,0.0669,0.6723,0.6439,net_delay_recommendationservice_1
2026-10-02T22:41:17,loadgenerator,63.3125,0.007358435709602526,0.0,0.0512,0.6396,0.6412,net_delay_recommendationservice_1
2026-10-02T22:41:17,redis-cart,6.15625,0.004492921944164298,0.0,0.0512,0.6396,0.6412,net_delay_recommendationservice_1
2026-10-02T22:41:17,shippingservice,12.96875,0.002151164898008593,0.0,0.0512,0.6396,0.6412,net_delay_recommendationservice_1
2026-10-02T22:41:17,adservice,111.02734375,0.003166468332671661,0.0,0.0512,0.6396,0.6412,net_delay_recommendationservice_1
2026-10-02T22:41:17,emailservice,37.23828125,0.006260032138552731,0.0,0.0512,0.6396,0.6412,net_delay_recommendationservice_1
2026-10-02T22:41:17,productcatalogservice,14.140625,0.014837638804998585,0.0,0.0512,0.6396,0.6412,net_delay_recommendationservice_1
2026-10-02T22:41:17,cartservice,59.1171875,0.009829115864443717,0.0,0.0512,0.6396,0.6412,net_delay_recommendationservice_1
2026-10-02T22:41:17,frontend,14.90625,0.02776806830481582,0.0,0.0512,0.6396,0.6412,net_delay_recommendationservice_1
2026-10-02T22:41:17,recommendationservice,33.7265625,0.01772948656802501,1.0,0.0512,0.6396,0.6412,net_delay_recommendationservice_1
2026-10-02T22:41:17,checkoutservice,12.0078125,0.001660755082284632,0.0,0.0512,0.6396,0.6412,net_delay_recommendationservice_1
2026-10-02T22:41:17,paymentservice,39.73828125,0.00045197500000000447,0.0,0.0512,0.6396,0.6412,net_delay_recommendationservice_1
2026-10-02T22:41:17,currencyservice,38.36328125,0.01933346938480329,0.0,0.0512,0.6396,0.6412,net_delay_recommendationservice_1
2026-10-02T22:41:23,loadgenerator,63.3125,0.007358435709602526,0.0,0.147,0.6538,0.6428,net_delay_recommendationservice_1
2026-10-02T22:41:23,redis-cart,6.15625,0.004388395688015006,0.0,0.147,0.6538,0.6428,net_delay_recommendationservice_1
2026-10-02T22:41:23,shippingservice,12.96875,0.0015312504868832924,0.0,0.147,0.6538,0.6428,net_delay_recommendationservice_1
2026-10-02T22:41:23,adservice,111.02734375,0.0031664683326716615,0.0,0.147,0.6538,0.6428,net_delay_recommendationservice_1
2026-10-02T22:41:23,emailservice,37.23828125,0.006260032138552732,0.0,0.147,0.6538,0.6428,net_delay_recommendationservice_1
2026-10-02T22:41:23,productcatalogservice,14.140625,0.011430017541673172,0.0,0.147,0.6538,0.6428,net_delay_recommendationservice_1
2026-10-02T22:41:23,cartservice,59.1171875,0.008396058074507447,0.0,0.147,0.6538,0.6428,net_delay_recommendationservice_1
2026-10-02T22:41:23,frontend,14.90625,0.024113099530119524,0.0,0.147,0.6538,0.6428,net_delay_recommendationservice_1
2026-10-02T22:41:23,recommendationservice,33.7265625,0.017798723829901098,1.0,0.147,0.6538,0.6428,net_delay_recommendationservice_1
2026-10-02T22:41:23,checkoutservice,12.0078125,0.0008500740180793214,0.0,0.147,0.6538,0.6428,net_delay_recommendationservice_1
2026-10-02T22:41:23,paymentservice,39.73828125,0.0005061870660937882,0.0,0.147,0.6538,0.6428,net_delay_recommendationservice_1
2026-10-02T22:41:23,currencyservice,38.36328125,0.016753857672816487,0.0,0.147,0.6538,0.6428,net_delay_recommendationservice_1
2026-10-02T22:41:30,loadgenerator,63.28515625,0.007541427689050418,0.0,0.053,0.6723,0.6452,net_delay_recommendationservice_1
2026-10-02T22:41:30,redis-cart,6.15625,0.0032964897009087383,0.0,0.053,0.6723,0.6452,net_delay_recommendationservice_1
2026-10-02T22:41:30,shippingservice,12.484375,0.0019732454710567485,0.0,0.053,0.6723,0.6452,net_delay_recommendationservice_1
2026-10-02T22:41:30,adservice,110.68359375,0.002599163665284305,0.0,0.053,0.6723,0.6452,net_delay_recommendationservice_1
2026-10-02T22:41:30,emailservice,37.23828125,0.006079252918289235,0.0,0.053,0.6723,0.6452,net_delay_recommendationservice_1
2026-10-02T22:41:30,productcatalogservice,15.09765625,0.014761279385633878,0.0,0.053,0.6723,0.6452,net_delay_recommendationservice_1
2026-10-02T22:41:30,cartservice,58.5859375,0.009629162045449623,0.0,0.053,0.6723,0.6452,net_delay_recommendationservice_1
2026-10-02T22:41:30,frontend,14.14453125,0.03144360101513678,0.0,0.053,0.6723,0.6452,net_delay_recommendationservice_1
2026-10-02T22:41:30,recommendationservice,32.5,0.017472510553541053,1.0,0.053,0.6723,0.6452,net_delay_recommendationservice_1
2026-10-02T22:41:30,checkoutservice,12.0078125,0.0006983535157275392,0.0,0.053,0.6723,0.6452,net_delay_recommendationservice_1
2026-10-02T22:41:30,paymentservice,43.19140625,0.0010941303632689518,0.0,0.053,0.6723,0.6452,net_delay_recommendationservice_1
2026-10-02T22:41:30,currencyservice,38.77734375,0.022187170451233394,0.0,0.053,0.6723,0.6452,net_delay_recommendationservice_1
2026-10-02T22:41:36,loadgenerator,63.28515625,0.004750475000000166,0.0,0.059,0.6503,0.6332,net_delay_recommendationservice_1
2026-10-02T22:41:36,redis-cart,6.16015625,0.004527792656073518,0.0,0.059,0.6503,0.6332,net_delay_recommendationservice_1
2026-10-02T22:41:36,shippingservice,12.484375,0.001973245471056749,0.0,0.059,0.6503,0.6332,net_delay_recommendationservice_1
2026-10-02T22:41:36,adservice,111.1484375,0.003247519649529376,0.0,0.059,0.6503,0.6332,net_delay_recommendationservice_1
2026-10-02T22:41:36,emailservice,36.98828125,0.006014016508332758,0.0,0.059,0.6503,0.6332,net_delay_recommendationservice_1
2026-10-02T22:41:36,productcatalogservice,13.89453125,0.014909107446034266,0.0,0.059,0.6503,0.6332,net_delay_recommendationservice_1
2026-10-02T22:41:36,cartservice,59.32421875,0.009557515235509613,0.0,0.059,0.6503,0.6332,net_delay_recommendationservice_1
2026-10-02T22:41:36,frontend,14.14453125,0.030778635458167277,0.0,0.059,0.6503,0.6332,net_delay_recommendationservice_1
2026-10-02T22:41:36,recommendationservice,32.5,0.01718440934065942,1.0,0.059,0.6503,0.6332,net_delay_recommendationservice_1
2026-10-02T22:41:36,checkoutservice,12.0078125,0.001016636418632773,0.0,0.059,0.6503,0.6332,net_delay_recommendationservice_1
2026-10-02T22:41:36,paymentservice,43.20703125,0.0009810653875283856,0.0,0.059,0.6503,0.6332,net_delay_recommendationservice_1
2026-10-02T22:41:36,currencyservice,38.296875,0.022899027645376536,0.0,0.059,0.6503,0.6332,net_delay_recommendationservice_1
2026-10-02T22:41:43,loadgenerator,63.28515625,0.0049674924758465,0.0,0.0646,0.638,0.6336,net_delay_recommendationservice_1
2026-10-02T22:41:43,redis-cart,6.16015625,0.004527792656073518,0.0,0.0646,0.638,0.6336,net_delay_recommendationservice_1
2026-10-02T22:41:43,shippingservice,12.484375,0.001615952284244356,0.0,0.0646,0.638,0.6336,net_delay_recommendationservice_1
2026-10-02T22:41:43,adservice,111.1484375,0.003247519649529376,0.0,0.0646,0.638,0.6336,net_delay_recommendationservice_1
2026-10-02T22:41:43,emailservice,36.98828125,0.00589053314931293,0.0,0.0646,0.638,0.6336,net_delay_recommendationservice_1
2026-10-02T22:41:43,productcatalogservice,13.89453125,0.014909107446034266,0.0,0.0646,0.638,0.6336,net_delay_recommendationservice_1
2026-10-02T22:41:43,cartservice,59.32421875,0.00972774005355738,0.0,0.0646,0.638,0.6336,net_delay_recommendationservice_1
2026-10-02T22:41:43,frontend,14.14453125,0.02267821158283529,0.0,0.0646,0.638,0.6336,net_delay_recommendationservice_1
2026-10-02T22:41:43,recommendationservice,32.5,0.01447668075635661,1.0,0.0646,0.638,0.6336,net_delay_recommendationservice_1
2026-10-02T22:41:43,checkoutservice,12.0078125,0.000836381104883851,0.0,0.0646,0.638,0.6336,net_delay_recommendationservice_1
2026-10-02T22:41:43,paymentservice,43.20703125,0.0009810653875283856,0.0,0.0646,0.638,0.6336,net_delay_recommendationservice_1
2026-10-02T22:41:43,currencyservice,38.296875,0.024456357470101716,0.0,0.0646,0.638,0.6336,net_delay_recommendationservice_1
2026-10-02T22:41:49,loadgenerator,63.30078125,0.008035179489482106,0.0,0.0671,0.6489,0.6375,net_delay_recommendationservice_1
2026-10-02T22:41:49,redis-cart,5.91015625,0.004501525626665328,0.0,0.0671,0.6489,0.6375,net_delay_recommendationservice_1
2026-10-02T22:41:49,shippingservice,12.48828125,0.0020733054352586274,0.0,0.0671,0.6489,0.6375,net_delay_recommendationservice_1
2026-10-02T22:41:49,adservice,111.1484375,0.002415700000000243,0.0,0.0671,0.6489,0.6375,net_delay_recommendationservice_1
2026-10-02T22:41:49,emailservice,36.98828125,0.00589053314931293,0.0,0.0671,0.6489,0.6375,net_delay_recommendationservice_1
2026-10-02T22:41:49,productcatalogservice,13.89453125,0.01718539883389147,0.0,0.0671,0.6489,0.6375,net_delay_recommendationservice_1
2026-10-02T22:41:49,cartservice,59.32421875,0.007972801704895331,0.0,0.0671,0.6489,0.6375,net_delay_recommendationservice_1
2026-10-02T22:41:49,frontend,13.8984375,0.0374278374720332,0.0,0.0671,0.6489,0.6375,net_delay_recommendationservice_1
2026-10-02T22:41:49,recommendationservice,33.00390625,0.018142276120328954,1.0,0.0671,0.6489,0.6375,net_delay_recommendationservice_1
2026-10-02T22:41:49,checkoutservice,12.1015625,0.0010926396504837106,0.0,0.0671,0.6489,0.6375,net_delay_recommendationservice_1
2026-10-02T22:41:49,paymentservice,43.20703125,0.0008750979420921507,0.0,0.0671,0.6489,0.6375,net_delay_recommendationservice_1
2026-10-02T22:41:49,currencyservice,38.296875,0.02445635747010172,0.0,0.0671,0.6489,0.6375,net_delay_recommendationservice_1
2026-10-02T22:41:56,loadgenerator,63.5859375,0.008125558123360351,0.0,0.111,0.6462,0.6499,net_delay_recommendationservice_1
2026-10-02T22:41:56,redis-cart,5.91015625,0.004577294485487161,0.0,0.111,0.6462,0.6499,net_delay_recommendationservice_1
2026-10-02T22:41:56,shippingservice,11.984375,0.0018879925060697232,0.0,0.111,0.6462,0.6499,net_delay_recommendationservice_1
2026-10-02T22:41:56,adservice,111.0078125,0.0033996736263247123,0.0,0.111,0.6462,0.6499,net_delay_recommendationservice_1
2026-10-02T22:41:56,emailservice,36.74609375,0.006059776788230624,0.0,0.111,0.6462,0.6499,net_delay_recommendationservice_1
2026-10-02T22:41:56,productcatalogservice,14.875,0.017039005100847944,0.0,0.111,0.6462,0.6499,net_delay_recommendationservice_1
2026-10-02T22:41:56,cartservice,58.55078125,0.009998178364170838,0.0,0.111,0.6462,0.6499,net_delay_recommendationservice_1
2026-10-02T22:41:56,frontend,13.8984375,0.0374278374720332,0.0,0.111,0.6462,0.6499,net_delay_recommendationservice_1
2026-10-02T22:41:56,recommendationservice,33.25390625,0.01783990152177443,1.0,0.111,0.6462,0.6499,net_delay_recommendationservice_1
2026-10-02T22:41:56,checkoutservice,12.1015625,0.0010741750000000216,0.0,0.111,0.6462,0.6499,net_delay_recommendationservice_1
2026-10-02T22:41:56,paymentservice,43.25390625,0.00121074336470339,0.0,0.111,0.6462,0.6499,net_delay_recommendationservice_1
2026-10-02T22:41:56,currencyservice,38.328125,0.024703476882740813,0.0,0.111,0.6462,0.6499,net_delay_recommendationservice_1
2026-10-02T22:42:02,loadgenerator,63.5859375,0.008125558123360351,0.0,0.1607,0.6339,0.6596,net_delay_recommendationservice_1
2026-10-02T22:42:02,redis-cart,5.91015625,0.004577294485487161,0.0,0.1607,0.6339,0.6596,net_delay_recommendationservice_1
2026-10-02T22:42:02,shippingservice,11.984375,0.0016838162995887957,0.0,0.1607,0.6339,0.6596,net_delay_recommendationservice_1
2026-10-02T22:42:02,adservice,111.0078125,0.0033996736263247123,0.0,0.1607,0.6339,0.6596,net_delay_recommendationservice_1
2026-10-02T22:42:02,emailservice,36.74609375,0.006059776788230624,0.0,0.1607,0.6339,0.6596,net_delay_recommendationservice_1
2026-10-02T22:42:02,productcatalogservice,14.875,0.01137257500000004,0.0,0.1607,0.6339,0.6596,net_delay_recommendationservice_1
2026-10-02T22:42:02,cartservice,58.55078125,0.008382722694979933,0.0,0.1607,0.6339,0.6596,net_delay_recommendationservice_1
2026-10-02T22:42:02,frontend,13.8984375,0.02820792633860889,0.0,0.1607,0.6339,0.6596,net_delay_recommendationservice_1
2026-10-02T22:42:02,recommendationservice,33.25390625,0.01819264048220928,1.0,0.1607,0.6339,0.6596,net_delay_recommendationservice_1
2026-10-02T22:42:02,checkoutservice,12.1015625,0.0011263357056652222,0.0,0.1607,0.6339,0.6596,net_delay_recommendationservice_1
2026-10-02T22:42:02,paymentservice,43.25390625,0.0008361323548470689,0.0,0.1607,0.6339,0.6596,net_delay_recommendationservice_1
2026-10-02T22:42:02,currencyservice,38.328125,0.024971494224319983,0.0,0.1607,0.6339,0.6596,net_delay_recommendationservice_1
2026-10-02T22:42:09,loadgenerator,63.58203125,0.008111761042657678,0.0,0.0605,0.6657,0.6291,net_delay_recommendationservice_1
2026-10-02T22:42:09,redis-cart,6.15625,0.00445296483323693,0.0,0.0605,0.6657,0.6291,net_delay_recommendationservice_1
2026-10-02T22:42:09,shippingservice,11.98046875,0.0019398436353729451,0.0,0.0605,0.6657,0.6291,net_delay_recommendationservice_1
2026-10-02T22:42:09,adservice,111.0078125,0.0028595300673514333,0.0,0.0605,0.6657,0.6291,net_delay_recommendationservice_1
2026-10-02T22:42:09,emailservice,36.73828125,0.006051742137543278,0.0,0.0605,0.6657,0.6291,net_delay_recommendationservice_1
2026-10-02T22:42:09,productcatalogservice,14.390625,0.017765939713849092,0.0,0.0605,0.6657,0.6291,net_delay_recommendationservice_1
2026-10-02T22:42:09,cartservice,59.33203125,0.009095215234437409,0.0,0.0605,0.6657,0.6291,net_delay_recommendationservice_1
2026-10-02T22:42:09,frontend,15.1484375,0.03528056822553139,0.0,0.0605,0.6657,0.6291,net_delay_recommendationservice_1
2026-10-02T22:42:09,recommendationservice,33.25390625,0.015364695589474748,1.0,0.0605,0.6657,0.6291,net_delay_recommendationservice_1
2026-10-02T22:42:09,checkoutservice,12.15625,0.0013869671076809555,0.0,0.0605,0.6657,0.6291,net_delay_recommendationservice_1
2026-10-02T22:42:09,paymentservice,43.1796875,0.0009225767584860236,0.0,0.0605,0.6657,0.6291,net_delay_recommendationservice_1
2026-10-02T22:42:09,currencyservice,38.375,0.02359236828824084,0.0,0.0605,0.6657,0.6291,net_delay_recommendationservice_1
2026-10-02T22:42:15,loadgenerator,63.58203125,0.008111761042657678,0.0,0.1294,0.6429,0.6538,net_delay_recommendationservice_1
2026-10-02T22:42:15,redis-cart,6.89453125,0.004532887378927651,0.0,0.1294,0.6429,0.6538,net_delay_recommendationservice_1
2026-10-02T22:42:15,shippingservice,11.98046875,0.001478589272658314,0.0,0.1294,0.6429,0.6538,net_delay_recommendationservice_1
2026-10-02T22:42:15,adservice,110.51171875,0.0033140247004007956,0.0,0.1294,0.6429,0.6538,net_delay_recommendationservice_1
2026-10-02T22:42:15,emailservice,36.73828125,0.004115374999999233,0.0,0.1294,0.6429,0.6538,net_delay_recommendationservice_1
2026-10-02T22:42:15,productcatalogservice,14.390625,0.017765939713849092,0.0,0.1294,0.6429,0.6538,net_delay_recommendationservice_1
2026-10-02T22:42:15,cartservice,58.8046875,0.009119513636103752,0.0,0.1294,0.6429,0.6538,net_delay_recommendationservice_1
2026-10-02T22:42:15,frontend,14.359375,0.033462957141359724,0.0,0.1294,0.6429,0.6538,net_delay_recommendationservice_1
2026-10-02T22:42:15,recommendationservice,32.98828125,0.018314521214305296,1.0,0.1294,0.6429,0.6538,net_delay_recommendationservice_1
2026-10-02T22:42:15,checkoutservice,12.25,0.0012665691459435354,0.0,0.1294,0.6429,0.6538,net_delay_recommendationservice_1
2026-10-02T22:42:15,paymentservice,43.1796875,0.0009225767584860236,0.0,0.1294,0.6429,0.6538,net_delay_recommendationservice_1
2026-10-02T22:42:15,currencyservice,38.375,0.02359236828824084,0.0,0.1294,0.6429,0.6538,net_delay_recommendationservice_1
2026-10-02T22:42:21,loadgenerator,63.58203125,0.005837748601152086,0.0,0.0659,0.6494,0.64,net_delay_recommendationservice_1
2026-10-02T22:42:21,redis-cart,6.89453125,0.004532887378927651,0.0,0.0659,0.6494,0.64,net_delay_recommendationservice_1
2026-10-02T22:42:21,shippingservice,11.98046875,0.0012855371094062842,0.0,0.0659,0.6494,0.64,net_delay_recommendationservice_1
2026-10-02T22:42:21,adservice,110.51171875,0.0031936680315706118,0.0,0.0659,0.6494,0.64,net_delay_recommendationservice_1
2026-10-02T22:42:21,emailservice,36.73828125,0.004457027321394344,0.0,0.0659,0.6494,0.64,net_delay_recommendationservice_1
2026-10-02T22:42:21,productcatalogservice,14.390625,0.013520059397424978,0.0,0.0659,0.6494,0.64,net_delay_recommendationservice_1
2026-10-02T22:42:21,cartservice,58.8046875,0.009084576170717742,0.0,0.0659,0.6494,0.64,net_delay_recommendationservice_1
2026-10-02T22:42:21,frontend,14.359375,0.03020161883737999,0.0,0.0659,0.6494,0.64,net_delay_recommendationservice_1
2026-10-02T22:42:21,recommendationservice,32.98828125,0.018314521214305296,1.0,0.0659,0.6494,0.64,net_delay_recommendationservice_1
2026-10-02T22:42:21,checkoutservice,12.25,0.0012665691459435354,0.0,0.0659,0.6494,0.64,net_delay_recommendationservice_1
2026-10-02T22:42:21,paymentservice,43.1796875,0.00108191711176488,0.0,0.0659,0.6494,0.64,net_delay_recommendationservice_1
2026-10-02T22:42:21,currencyservice,38.375,0.01875806214413772,0.0,0.0659,0.6494,0.64,net_delay_recommendationservice_1
2026-10-02T22:42:28,loadgenerator,63.63671875,0.007264808661163968,0.0,0.0993,0.709,0.6449,net_delay_recommendationservice_1
2026-10-02T22:42:28,redis-cart,6.89453125,0.00458261732790282,0.0,0.0993,0.709,0.6449,net_delay_recommendationservice_1
2026-10-02T22:42:28,shippingservice,12.46875,0.0021040285568587887,0.0,0.0993,0.709,0.6449,net_delay_recommendationservice_1
2026-10-02T22:42:28,adservice,110.51171875,0.0025452735794609885,0.0,0.0993,0.709,0.6449,net_delay_recommendationservice_1
2026-10-02T22:42:28,emailservice,36.73828125,0.006197104826782168,0.0,0.0993,0.709,0.6449,net_delay_recommendationservice_1
2026-10-02T22:42:28,productcatalogservice,13.40234375,0.016222750126851405,0.0,0.0993,0.709,0.6449,net_delay_recommendationservice_1
2026-10-02T22:42:28,cartservice,58.8046875,0.009084576170717742,0.0,0.0993,0.709,0.6449,net_delay_recommendationservice_1
2026-10-02T22:42:28,frontend,14.359375,0.03234564210526251,0.0,0.0993,0.709,0.6449,net_delay_recommendationservice_1
2026-10-02T22:42:28,recommendationservice,33.484375,0.01834945845089646,1.0,0.0993,0.709,0.6449,net_delay_recommendationservice_1
2026-10-02T22:42:28,checkoutservice,12.25,0.00090194188096627,0.0,0.0993,0.709,0.6449,net_delay_recommendationservice_1
2026-10-02T22:42:28,paymentservice,43.1875,0.0010155202821869366,0.0,0.0993,0.709,0.6449,net_delay_recommendationservice_1
2026-10-02T22:42:28,currencyservice,31.8046875,0.023293230251207313,0.0,0.0993,0.709,0.6449,net_delay_recommendationservice_1
2026-10-02T22:42:34,loadgenerator,63.63671875,0.007264808661163968,0.0,0.0577,0.6308,0.659,net_delay_recommendationservice_1
2026-10-02T22:42:34,redis-cart,6.89453125,0.0034602770615828208,0.0,0.0577,0.6308,0.659,net_delay_recommendationservice_1
2026-10-02T22:42:34,shippingservice,12.46875,0.0017749760241373815,0.0,0.0577,0.6308,0.659,net_delay_recommendationservice_1
2026-10-02T22:42:34,adservice,110.51171875,0.0021333849300447607,0.0,0.0577,0.6308,0.659,net_delay_recommendationservice_1
2026-10-02T22:42:34,emailservice,36.73828125,0.005017054713571297,0.0,0.0577,0.6308,0.659,net_delay_recommendationservice_1
2026-10-02T22:42:34,productcatalogservice,13.40234375,0.01610573880233631,0.0,0.0577,0.6308,0.659,net_delay_recommendationservice_1
2026-10-02T22:42:34,cartservice,58.8046875,0.006819655436155438,0.0,0.0577,0.6308,0.659,net_delay_recommendationservice_1
2026-10-02T22:42:34,frontend,14.359375,0.03234564210526251,0.0,0.0577,0.6308,0.659,net_delay_recommendationservice_1
2026-10-02T22:42:34,recommendationservice,33.484375,0.01834945845089646,1.0,0.0577,0.6308,0.659,net_delay_recommendationservice_1
2026-10-02T22:42:34,checkoutservice,12.25,0.0007854725517890542,0.0,0.0577,0.6308,0.659,net_delay_recommendationservice_1
2026-10-02T22:42:34,paymentservice,43.1875,0.0006279002192691812,0.0,0.0577,0.6308,0.659,net_delay_recommendationservice_1
2026-10-02T22:42:34,currencyservice,31.8046875,0.01817488596396834,0.0,0.0577,0.6308,0.659,net_delay_recommendationservice_1
2026-10-02T22:42:41,loadgenerator,63.9296875,0.0076751126126126225,0.0,0.1547,0.6399,0.6388,net_delay_recommendationservice_1
2026-10-02T22:42:41,redis-cart,6.15625,0.004621356028866991,0.0,0.1547,0.6399,0.6388,net_delay_recommendationservice_1
2026-10-02T22:42:41,shippingservice,12.23046875,0.002330576092526378,0.0,0.1547,0.6399,0.6388,net_delay_recommendationservice_1
2026-10-02T22:42:41,adservice,110.53125,0.004103497954244142,0.0,0.1547,0.6399,0.6388,net_delay_recommendationservice_1
2026-10-02T22:42:41,emailservice,36.73828125,0.006123977667858309,0.0,0.1547,0.6399,0.6388,net_delay_recommendationservice_1
2026-10-02T22:42:41,productcatalogservice,13.40234375,0.011972737796676774,0.0,0.1547,0.6399,0.6388,net_delay_recommendationservice_1
2026-10-02T22:42:41,cartservice,58.80859375,0.009492239041783423,0.0,0.1547,0.6399,0.6388,net_delay_recommendationservice_1
2026-10-02T22:42:41,frontend,14.359375,0.02754023691785004,0.0,0.1547,0.6399,0.6388,net_delay_recommendationservice_1
2026-10-02T22:42:41,recommendationservice,32.50390625,0.018426553265099708,1.0,0.1547,0.6399,0.6388,net_delay_recommendationservice_1
2026-10-02T22:42:41,checkoutservice,12.3046875,0.0013094354239969286,0.0,0.1547,0.6399,0.6388,net_delay_recommendationservice_1
2026-10-02T22:42:41,paymentservice,43.19921875,0.0007034955208150424,0.0,0.1547,0.6399,0.6388,net_delay_recommendationservice_1
2026-10-02T22:42:41,currencyservice,32.13671875,0.025985412499390112,0.0,0.1547,0.6399,0.6388,net_delay_recommendationservice_1
2026-10-02T22:42:47,loadgenerator,63.9296875,0.0076751126126126225,0.0,0.2125,0.6406,0.64,net_delay_recommendationservice_1
2026-10-02T22:42:47,redis-cart,6.15625,0.004583872664486865,0.0,0.2125,0.6406,0.64,net_delay_recommendationservice_1
2026-10-02T22:42:47,shippingservice,11.98046875,0.0022596288452566603,0.0,0.2125,0.6406,0.64,net_delay_recommendationservice_1
2026-10-02T22:42:47,adservice,110.16796875,0.00362703777335993,0.0,0.2125,0.6406,0.64,net_delay_recommendationservice_1
2026-10-02T22:42:47,emailservice,36.9921875,0.006086378801611639,0.0,0.2125,0.6406,0.64,net_delay_recommendationservice_1
2026-10-02T22:42:47,productcatalogservice,14.37109375,0.01645681578550858,0.0,0.2125,0.6406,0.64,net_delay_recommendationservice_1
2026-10-02T22:42:47,cartservice,58.80859375,0.0098235259880102,0.0,0.2125,0.6406,0.64,net_delay_recommendationservice_1
2026-10-02T22:42:47,frontend,13.875,0.03366502463054217,0.0,0.2125,0.6406,0.64,net_delay_recommendationservice_1
2026-10-02T22:42:47,recommendationservice,32.50390625,0.018426553265099708,1.0,0.2125,0.6406,0.64,net_delay_recommendationservice_1
2026-10-02T22:42:47,checkoutservice,12.30859375,0.0010770142180095363,0.0,0.2125,0.6406,0.64,net_delay_recommendationservice_1
2026-10-02T22:42:47,paymentservice,43.19921875,0.00040985000000000056,0.0,0.2125,0.6406,0.64,net_delay_recommendationservice_1
2026-10-02T22:42:47,currencyservice,32.13671875,0.021452401652274283,0.0,0.2125,0.6406,0.64,net_delay_recommendationservice_1
2026-10-02T22:42:54,loadgenerator,63.9296875,0.0057894644231836715,0.0,0.1516,0.6354,0.6425,net_delay_recommendationservice_1
2026-10-02T22:42:54,redis-cart,6.15625,0.004583872664486864,0.0,0.1516,0.6354,0.6425,net_delay_recommendationservice_1
2026-10-02T22:42:54,shippingservice,11.98046875,0.0023250049486440594,0.0,0.1516,0.6354,0.6425,net_delay_recommendationservice_1
2026-10-02T22:42:54,adservice,110.16796875,0.003877430661807992,0.0,0.1516,0.6354,0.6425,net_delay_recommendationservice_1
2026-10-02T22:42:54,emailservice,36.9921875,0.00610206252871346,0.0,0.1516,0.6354,0.6425,net_delay_recommendationservice_1
2026-10-02T22:42:54,productcatalogservice,14.37109375,0.01645681578550858,0.0,0.1516,0.6354,0.6425,net_delay_recommendationservice_1
2026-10-02T22:42:54,cartservice,58.80859375,0.007771145820965166,0.0,0.1516,0.6354,0.6425,net_delay_recommendationservice_1
2026-10-02T22:42:54,frontend,13.875,0.027290926272578238,0.0,0.1516,0.6354,0.6425,net_delay_recommendationservice_1
2026-10-02T22:42:54,recommendationservice,32.50390625,0.011319299999999543,1.0,0.1516,0.6354,0.6425,net_delay_recommendationservice_1
2026-10-02T22:42:54,checkoutservice,12.30859375,0.0008975178317536025,0.0,0.1516,0.6354,0.6425,net_delay_recommendationservice_1
2026-10-02T22:42:54,paymentservice,43.19921875,0.00045054579668975595,0.0,0.1516,0.6354,0.6425,net_delay_recommendationservice_1
2026-10-02T22:42:54,currencyservice,32.13671875,0.020652614546153827,0.0,0.1516,0.6354,0.6425,net_delay_recommendationservice_1
2026-10-02T22:43:00,loadgenerator,64.203125,0.00726999775478124,0.0,0.0953,0.6463,0.6892,net_delay_recommendationservice_1
2026-10-02T22:43:00,redis-cart,6.15625,0.0036655356089970574,0.0,0.0953,0.6463,0.6892,net_delay_recommendationservice_1
2026-10-02T22:43:00,shippingservice,11.98046875,0.0013199500000002475,0.0,0.0953,0.6463,0.6892,net_delay_recommendationservice_1
2026-10-02T22:43:00,adservice,110.16796875,0.003877430661807992,0.0,0.0953,0.6463,0.6892,net_delay_recommendationservice_1
2026-10-02T22:43:00,emailservice,36.73828125,0.004818723428938859,0.0,0.0953,0.6463,0.6892,net_delay_recommendationservice_1
2026-10-02T22:43:00,productcatalogservice,13.41796875,0.016696381628160353,0.0,0.0953,0.6463,0.6892,net_delay_recommendationservice_1
2026-10-02T22:43:00,cartservice,58.625,0.010467934365894818,0.0,0.0953,0.6463,0.6892,net_delay_recommendationservice_1
2026-10-02T22:43:00,frontend,14.609375,0.03660090524451502,0.0,0.0953,0.6463,0.6892,net_delay_recommendationservice_1
2026-10-02T22:43:00,recommendationservice,32.796875,0.01861036414565826,1.0,0.0953,0.6463,0.6892,net_delay_recommendationservice_1
2026-10-02T22:43:00,checkoutservice,12.3515625,0.0018591083540514723,0.0,0.0953,0.6463,0.6892,net_delay_recommendationservice_1
2026-10-02T22:43:00,paymentservice,43.47265625,0.0006894003025079211,0.0,0.0953,0.6463,0.6892,net_delay_recommendationservice_1
2026-10-02T22:43:00,currencyservice,32.45703125,0.026458572636050358,0.0,0.0953,0.6463,0.6892,net_delay_recommendationservice_1
2026-10-02T22:43:07,loadgenerator,64.203125,0.007352228249673272,0.0,0.0435,0.6293,0.6411,net_delay_recommendationservice_1
2026-10-02T22:43:07,redis-cart,6.16015625,0.004376925958881279,0.0,0.0435,0.6293,0.6411,net_delay_recommendationservice_1
2026-10-02T22:43:07,shippingservice,11.98046875,0.001959081669257424,0.0,0.0435,0.6293,0.6411,net_delay_recommendationservice_1
2026-10-02T22:43:07,adservice,110.40234375,0.003742598618938134,0.0,0.0435,0.6293,0.6411,net_delay_recommendationservice_1
2026-10-02T22:43:07,emailservice,36.73828125,0.004871914023072074,0.0,0.0435,0.6293,0.6411,net_delay_recommendationservice_1
2026-10-02T22:43:07,productcatalogservice,14.12890625,0.015926484118290864,0.0,0.0435,0.6293,0.6411,net_delay_recommendationservice_1
2026-10-02T22:43:07,cartservice,58.3046875,0.009287494311655917,0.0,0.0435,0.6293,0.6411,net_delay_recommendationservice_1
2026-10-02T22:43:07,frontend,14.63671875,0.026041258768235077,0.0,0.0435,0.6293,0.6411,net_delay_recommendationservice_1
2026-10-02T22:43:07,recommendationservice,32.796875,0.014791207250233425,1.0,0.0435,0.6293,0.6411,net_delay_recommendationservice_1
2026-10-02T22:43:07,checkoutservice,12.3515625,0.0015996646190537173,0.0,0.0435,0.6293,0.6411,net_delay_recommendationservice_1
2026-10-02T22:43:07,paymentservice,43.671875,0.0008795484132573752,0.0,0.0435,0.6293,0.6411,net_delay_recommendationservice_1
2026-10-02T22:43:07,currencyservice,32.45703125,0.022928894172315837,0.0,0.0435,0.6293,0.6411,net_delay_recommendationservice_1
2026-10-02T22:43:13,loadgenerator,64.203125,0.005564595219333964,0.0,0.0466,0.6383,0.6444,net_delay_recommendationservice_1
2026-10-02T22:43:13,redis-cart,6.16015625,0.0027527499999997927,0.0,0.0466,0.6383,0.6444,net_delay_recommendationservice_1
2026-10-02T22:43:13,shippingservice,11.98046875,0.001959081669257424,0.0,0.0466,0.6383,0.6444,net_delay_recommendationservice_1
2026-10-02T22:43:13,adservice,110.40234375,0.003021561520978002,0.0,0.0466,0.6383,0.6444,net_delay_recommendationservice_1
2026-10-02T22:43:13,emailservice,36.73828125,0.0042621355212643245,0.0,0.0466,0.6383,0.6444,net_delay_recommendationservice_1
2026-10-02T22:43:13,productcatalogservice,14.12890625,0.015926484118290864,0.0,0.0466,0.6383,0.6444,net_delay_recommendationservice_1
2026-10-02T22:43:13,cartservice,58.3046875,0.009287494311655917,0.0,0.0466,0.6383,0.6444,net_delay_recommendationservice_1
2026-10-02T22:43:13,frontend,14.63671875,0.027324780749278865,0.0,0.0466,0.6383,0.6444,net_delay_recommendationservice_1
2026-10-02T22:43:13,recommendationservice,32.796875,0.012801942089321401,1.0,0.0466,0.6383,0.6444,net_delay_recommendationservice_1
2026-10-02T22:43:13,checkoutservice,12.3515625,0.0015127249407613284,0.0,0.0466,0.6383,0.6444,net_delay_recommendationservice_1
2026-10-02T22:43:13,paymentservice,43.671875,0.0008795484132573752,0.0,0.0466,0.6383,0.6444,net_delay_recommendationservice_1
2026-10-02T22:43:13,currencyservice,32.45703125,0.019992219154269828,0.0,0.0466,0.6383,0.6444,net_delay_recommendationservice_1
2026-10-02T22:43:20,loadgenerator,64.01953125,0.00714926077060243,0.0,0.0503,0.6582,0.649,net_delay_recommendationservice_1
2026-10-02T22:43:20,redis-cart,5.91015625,0.004243120332807666,0.0,0.0503,0.6582,0.649,net_delay_recommendationservice_1
2026-10-02T22:43:20,shippingservice,11.98046875,0.0015452423821655876,0.0,0.0503,0.6582,0.649,net_delay_recommendationservice_1
2026-10-02T22:43:20,adservice,110.40234375,0.002326929706984501,0.0,0.0503,0.6582,0.649,net_delay_recommendationservice_1
2026-10-02T22:43:20,emailservice,36.984375,0.0057645068304290675,0.0,0.0503,0.6582,0.649,net_delay_recommendationservice_1
2026-10-02T22:43:20,productcatalogservice,14.12890625,0.009939500000000122,0.0,0.0503,0.6582,0.649,net_delay_recommendationservice_1
2026-10-02T22:43:20,cartservice,58.3046875,0.006637505044465539,0.0,0.0503,0.6582,0.649,net_delay_recommendationservice_1
2026-10-02T22:43:20,frontend,15.296875,0.031769977563901486,0.0,0.0503,0.6582,0.649,net_delay_recommendationservice_1
2026-10-02T22:43:20,recommendationservice,33.0,0.016835547840021427,1.0,0.0503,0.6582,0.649,net_delay_recommendationservice_1
2026-10-02T22:43:20,checkoutservice,12.359375,0.0016935357764382977,0.0,0.0503,0.6582,0.649,net_delay_recommendationservice_1
2026-10-02T22:43:20,paymentservice,43.1875,0.0009231185070276866,0.0,0.0503,0.6582,0.649,net_delay_recommendationservice_1
2026-10-02T22:43:20,currencyservice,33.59375,0.022383743290950345,0.0,0.0503,0.6582,0.649,net_delay_recommendationservice_1
2026-10-02T22:43:26,loadgenerator,64.01953125,0.006855886332881163,0.0,0.0572,0.6324,0.6464,net_delay_recommendationservice_1
2026-10-02T22:43:26,redis-cart,5.91015625,0.003384112407876123,0.0,0.0572,0.6324,0.6464,net_delay_recommendationservice_1
2026-10-02T22:43:26,shippingservice,12.23046875,0.001901435179694046,0.0,0.0572,0.6324,0.6464,net_delay_recommendationservice_1
2026-10-02T22:43:26,adservice,110.390625,0.0028979985898875066,0.0,0.0572,0.6324,0.6464,net_delay_recommendationservice_1
2026-10-02T22:43:26,emailservice,36.73828125,0.005725933477252427,0.0,0.0572,0.6324,0.6464,net_delay_recommendationservice_1
2026-10-02T22:43:26,productcatalogservice,14.62890625,0.014796795321072692,0.0,0.0572,0.6324,0.6464,net_delay_recommendationservice_1
2026-10-02T22:43:26,cartservice,58.2734375,0.008738255970947987,0.0,0.0572,0.6324,0.6464,net_delay_recommendationservice_1
2026-10-02T22:43:26,frontend,15.296875,0.02623610849175904,0.0,0.0572,0.6324,0.6464,net_delay_recommendationservice_1
2026-10-02T22:43:26,recommendationservice,32.73828125,0.016259519979947467,1.0,0.0572,0.6324,0.6464,net_delay_recommendationservice_1
2026-10-02T22:43:26,checkoutservice,12.359375,0.0016702324777033335,0.0,0.0572,0.6324,0.6464,net_delay_recommendationservice_1
2026-10-02T22:43:26,paymentservice,43.1875,0.0009231185070276866,0.0,0.0572,0.6324,0.6464,net_delay_recommendationservice_1
2026-10-02T22:43:26,currencyservice,34.69140625,0.02351791841790015,0.0,0.0572,0.6324,0.6464,net_delay_recommendationservice_1
2026-10-02T22:43:32,loadgenerator,64.01953125,0.005505733784392433,0.0,0.0423,0.6406,0.639,net_delay_recommendationservice_1
2026-10-02T22:43:32,redis-cart,5.91015625,0.0029091778024515117,0.0,0.0423,0.6406,0.639,net_delay_recommendationservice_1
2026-10-02T22:43:32,shippingservice,12.23046875,0.0018353184011603836,0.0,0.0423,0.6406,0.639,net_delay_recommendationservice_1
2026-10-02T22:43:32,adservice,110.390625,0.0028519826942213777,0.0,0.0423,0.6406,0.639,net_delay_recommendationservice_1
2026-10-02T22:43:32,emailservice,36.73828125,0.005663522415605405,0.0,0.0423,0.6406,0.639,net_delay_recommendationservice_1
2026-10-02T22:43:32,productcatalogservice,14.62890625,0.014796795321072692,0.0,0.0423,0.6406,0.639,net_delay_recommendationservice_1
2026-10-02T22:43:32,cartservice,58.2734375,0.007356980431273636,0.0,0.0423,0.6406,0.639,net_delay_recommendationservice_1
2026-10-02T22:43:32,frontend,15.296875,0.023002074847435577,0.0,0.0423,0.6406,0.639,net_delay_recommendationservice_1
2026-10-02T22:43:32,recommendationservice,32.73828125,0.016259519979947467,1.0,0.0423,0.6406,0.639,net_delay_recommendationservice_1
2026-10-02T22:43:32,checkoutservice,12.359375,0.0014395780120671634,0.0,0.0423,0.6406,0.639,net_delay_recommendationservice_1
2026-10-02T22:43:32,paymentservice,43.1875,0.0006455338032309142,0.0,0.0423,0.6406,0.639,net_delay_recommendationservice_1
2026-10-02T22:43:32,currencyservice,34.69140625,0.023807027818448036,0.0,0.0423,0.6406,0.639,net_delay_recommendationservice_1
2026-10-02T22:43:39,loadgenerator,63.49609375,0.006923900997413533,0.0,0.0731,0.5063,5.0,net_delay_recommendationservice_1
2026-10-02T22:43:39,redis-cart,6.40234375,0.003529276356407509,0.0,0.0731,0.5063,5.0,net_delay_recommendationservice_1
2026-10-02T22:43:39,shippingservice,12.484375,0.0018663679710619557,0.0,0.0731,0.5063,5.0,net_delay_recommendationservice_1
2026-10-02T22:43:39,adservice,110.40625,0.0034601375417215156,0.0,0.0731,0.5063,5.0,net_delay_recommendationservice_1
2026-10-02T22:43:39,emailservice,36.98046875,0.005023128798328559,0.0,0.0731,0.5063,5.0,net_delay_recommendationservice_1
2026-10-02T22:43:39,productcatalogservice,14.62890625,0.009561045380868076,0.0,0.0731,0.5063,5.0,net_delay_recommendationservice_1
2026-10-02T22:43:39,cartservice,58.76953125,0.006567693475296595,0.0,0.0731,0.5063,5.0,net_delay_recommendationservice_1
2026-10-02T22:43:39,frontend,14.09375,0.025205231387653126,0.0,0.0731,0.5063,5.0,net_delay_recommendationservice_1
2026-10-02T22:43:39,recommendationservice,2.40625,0.011636283040364744,1.0,0.0731,0.5063,5.0,net_delay_recommendationservice_1
2026-10-02T22:43:39,checkoutservice,12.6171875,0.0010117859260723768,0.0,0.0731,0.5063,5.0,net_delay_recommendationservice_1
2026-10-02T22:43:39,paymentservice,43.171875,0.0007912191827085146,0.0,0.0731,0.5063,5.0,net_delay_recommendationservice_1
2026-10-02T22:43:39,currencyservice,34.69140625,0.017455213600536857,0.0,0.0731,0.5063,5.0,net_delay_recommendationservice_1
2026-10-02T22:43:50,loadgenerator,63.76953125,0.005250922937612046,0.0,0.0686,5.0,4.9339,net_delay_recommendationservice_1
2026-10-02T22:43:50,redis-cart,5.91015625,0.0038718044179701797,0.0,0.0686,5.0,4.9339,net_delay_recommendationservice_1
2026-10-02T22:43:50,shippingservice,12.00390625,0.0017711058263973544,0.0,0.0686,5.0,4.9339,net_delay_recommendationservice_1
2026-10-02T22:43:50,adservice,110.15625,0.0020650240072174397,0.0,0.0686,5.0,4.9339,net_delay_recommendationservice_1
2026-10-02T22:43:50,emailservice,36.73828125,0.005557895014927106,0.0,0.0686,5.0,4.9339,net_delay_recommendationservice_1
2026-10-02T22:43:50,productcatalogservice,13.39453125,0.011906158747013592,0.0,0.0686,5.0,4.9339,net_delay_recommendationservice_1
2026-10-02T22:43:50,cartservice,58.27734375,0.008087771642322664,0.0,0.0686,5.0,4.9339,net_delay_recommendationservice_1
2026-10-02T22:43:50,frontend,14.1328125,0.027342153085702238,0.0,0.0686,5.0,4.9339,net_delay_recommendationservice_1
2026-10-02T22:43:50,checkoutservice,12.3671875,0.0007368832154254606,0.0,0.0686,5.0,4.9339,net_delay_recommendationservice_1
2026-10-02T22:43:50,paymentservice,43.18359375,0.000515415247950004,0.0,0.0686,5.0,4.9339,net_delay_recommendationservice_1
2026-10-02T22:43:50,currencyservice,35.76953125,0.02064063482745608,0.0,0.0686,5.0,4.9339,net_delay_recommendationservice_1
2026-10-02T22:43:50,recommendationservice,0,0.00812577509482449,0.0,0.0686,5.0,4.9339,net_delay_recommendationservice_1
2026-10-02T22:44:05,loadgenerator,63.76953125,0.005250922937612046,0.0,0.0999,0.0658,0.031,net_delay_recommendationservice_1
2026-10-02T22:44:05,redis-cart,5.91015625,0.003288194432034808,0.0,0.0999,0.0658,0.031,net_delay_recommendationservice_1
2026-10-02T22:44:05,shippingservice,12.00390625,0.0011683749999999548,0.0,0.0999,0.0658,0.031,net_delay_recommendationservice_1
2026-10-02T22:44:05,adservice,110.15625,0.0024666165958773354,0.0,0.0999,0.0658,0.031,net_delay_recommendationservice_1
2026-10-02T22:44:05,emailservice,36.73828125,0.004544953209859376,0.0,0.0999,0.0658,0.031,net_delay_recommendationservice_1
2026-10-02T22:44:05,productcatalogservice,13.39453125,0.010884773247207056,0.0,0.0999,0.0658,0.031,net_delay_recommendationservice_1
2026-10-02T22:44:05,cartservice,58.27734375,0.006051469211124899,0.0,0.0999,0.0658,0.031,net_delay_recommendationservice_1
2026-10-02T22:44:05,frontend,14.1328125,0.02631863394426952,0.0,0.0999,0.0658,0.031,net_delay_recommendationservice_1
2026-10-02T22:44:05,checkoutservice,12.3671875,0.0007368832154254605,0.0,0.0999,0.0658,0.031,net_delay_recommendationservice_1
2026-10-02T22:44:05,paymentservice,43.18359375,0.00048538242244096125,0.0,0.0999,0.0658,0.031,net_delay_recommendationservice_1
2026-10-02T22:44:05,currencyservice,35.76953125,0.02064063482745608,0.0,0.0999,0.0658,0.031,net_delay_recommendationservice_1
2026-10-02T22:44:05,recommendationservice,0,0.006772417300868771,0.0,0.0999,0.0658,0.031,net_delay_recommendationservice_1
2026-10-02T22:44:10,loadgenerator,63.76953125,0.005250922937612046,0.0,0.1033,0.0331,0.0217,net_delay_recommendationservice_1
2026-10-02T22:44:10,redis-cart,5.91015625,0.002020000000000266,0.0,0.1033,0.0331,0.0217,net_delay_recommendationservice_1
2026-10-02T22:44:10,shippingservice,12.23046875,0.0014673456428289263,0.0,0.1033,0.0331,0.0217,net_delay_recommendationservice_1
2026-10-02T22:44:10,adservice,110.15625,0.002086154689388789,0.0,0.1033,0.0331,0.0217,net_delay_recommendationservice_1
2026-10-02T22:44:10,emailservice,36.98046875,0.005595894804361634,0.0,0.1033,0.0331,0.0217,net_delay_recommendationservice_1
2026-10-02T22:44:10,productcatalogservice,13.375,0.008655476860386474,0.0,0.1033,0.0331,0.0217,net_delay_recommendationservice_1
2026-10-02T22:44:10,cartservice,59.52734375,0.006485210159058139,0.0,0.1033,0.0331,0.0217,net_delay_recommendationservice_1
2026-10-02T22:44:10,frontend,14.1328125,0.022620500338517098,0.0,0.1033,0.0331,0.0217,net_delay_recommendationservice_1
2026-10-02T22:44:10,checkoutservice,12.3671875,0.0006988444368132402,0.0,0.1033,0.0331,0.0217,net_delay_recommendationservice_1
2026-10-02T22:44:10,paymentservice,43.2265625,0.0007071913035398943,0.0,0.1033,0.0331,0.0217,net_delay_recommendationservice_1
2026-10-02T22:44:10,currencyservice,35.76953125,0.01820800288392216,0.0,0.1033,0.0331,0.0217,net_delay_recommendationservice_1
2026-10-02T22:44:10,recommendationservice,3.78125,0.0,0.0,0.1033,0.0331,0.0217,net_delay_recommendationservice_1
2026-10-02T22:44:15,loadgenerator,63.76953125,0.0033301959555221707,0.0,0.0966,0.0267,0.0571,net_delay_recommendationservice_1
2026-10-02T22:44:15,redis-cart,5.91015625,0.002020000000000266,0.0,0.0966,0.0267,0.0571,net_delay_recommendationservice_1
2026-10-02T22:44:15,shippingservice,12.23046875,0.0014673456428289265,0.0,0.0966,0.0267,0.0571,net_delay_recommendationservice_1
2026-10-02T22:44:15,adservice,110.15625,0.001870490178355914,0.0,0.0966,0.0267,0.0571,net_delay_recommendationservice_1
2026-10-02T22:44:15,emailservice,36.98046875,0.005595894804361634,0.0,0.0966,0.0267,0.0571,net_delay_recommendationservice_1
2026-10-02T22:44:15,productcatalogservice,13.375,0.008655476860386474,0.0,0.0966,0.0267,0.0571,net_delay_recommendationservice_1
2026-10-02T22:44:15,cartservice,59.52734375,0.0055647246493431566,0.0,0.0966,0.0267,0.0571,net_delay_recommendationservice_1
2026-10-02T22:44:15,frontend,14.1328125,0.015774157845004667,0.0,0.0966,0.0267,0.0571,net_delay_recommendationservice_1
2026-10-02T22:44:15,checkoutservice,12.3671875,0.000624982486263784,0.0,0.0966,0.0267,0.0571,net_delay_recommendationservice_1
2026-10-02T22:44:15,paymentservice,43.2265625,0.00045287499999999706,0.0,0.0966,0.0267,0.0571,net_delay_recommendationservice_1
2026-10-02T22:44:15,currencyservice,35.76953125,0.014277805461427559,0.0,0.0966,0.0267,0.0571,net_delay_recommendationservice_1
2026-10-02T22:44:15,recommendationservice,3.78125,0,0.0,0.0966,0.0267,0.0571,net_delay_recommendationservice_1
2026-10-02T22:44:20,loadgenerator,63.796875,0.005310094097520364,0.0,0.4593,0.028,0.0267,net_delay_recommendationservice_1
2026-10-02T22:44:20,redis-cart,6.16015625,0.0037401792872237506,0.0,0.4593,0.028,0.0267,net_delay_recommendationservice_1
2026-10-02T22:44:20,shippingservice,12.23046875,0.0011721890667738875,0.0,0.4593,0.028,0.0267,net_delay_recommendationservice_1
2026-10-02T22:44:20,adservice,111.1484375,0.0042440777353991545,0.0,0.4593,0.028,0.0267,net_delay_recommendationservice_1
2026-10-02T22:44:20,emailservice,36.98046875,0.004527028322874389,0.0,0.4593,0.028,0.0267,net_delay_recommendationservice_1
2026-10-02T22:44:20,productcatalogservice,14.85546875,0.0030217836095375304,0.0,0.4593,0.028,0.0267,net_delay_recommendationservice_1
2026-10-02T22:44:20,cartservice,59.52734375,0.004733831407578058,0.0,0.4593,0.028,0.0267,net_delay_recommendationservice_1
2026-10-02T22:44:20,frontend,14.1015625,0.02100546560556127,0.0,0.4593,0.028,0.0267,net_delay_recommendationservice_1
2026-10-02T22:44:20,checkoutservice,12.37109375,0.000974814383461955,0.0,0.4593,0.028,0.0267,net_delay_recommendationservice_1
2026-10-02T22:44:20,paymentservice,43.24609375,0.0007163752603284091,0.0,0.4593,0.028,0.0267,net_delay_recommendationservice_1
2026-10-02T22:44:20,currencyservice,37.25390625,0.011704710182025032,0.0,0.4593,0.028,0.0267,net_delay_recommendationservice_1
2026-10-02T22:44:20,recommendationservice,0,0,2.0,0.4593,0.028,0.0267,net_delay_recommendationservice_1
2026-10-02T22:44:26,loadgenerator,64.0,0.0058984957095948145,0.0,0.0773,0.0415,0.0545,net_delay_recommendationservice_1
2026-10-02T22:44:26,redis-cart,6.65234375,0.0038294758470961104,0.0,0.0773,0.0415,0.0545,net_delay_recommendationservice_1
2026-10-02T22:44:26,shippingservice,11.98828125,0.001476011391056707,0.0,0.0773,0.0415,0.0545,net_delay_recommendationservice_1
2026-10-02T22:44:26,adservice,110.6484375,0.004102535046515761,0.0,0.0773,0.0415,0.0545,net_delay_recommendationservice_1
2026-10-02T22:44:26,emailservice,37.2421875,0.005608535247781938,0.0,0.0773,0.0415,0.0545,net_delay_recommendationservice_1
2026-10-02T22:44:26,productcatalogservice,13.625,0.003781585397700626,0.0,0.0773,0.0415,0.0545,net_delay_recommendationservice_1
2026-10-02T22:44:26,cartservice,58.28125,0.006897119423884709,0.0,0.0773,0.0415,0.0545,net_delay_recommendationservice_1
2026-10-02T22:44:26,frontend,14.1015625,0.02100546560556127,0.0,0.0773,0.0415,0.0545,net_delay_recommendationservice_1
2026-10-02T22:44:26,checkoutservice,13.11328125,0.0012677057807415494,0.0,0.0773,0.0415,0.0545,net_delay_recommendationservice_1
2026-10-02T22:44:26,paymentservice,43.24609375,0.0007163752603284093,0.0,0.0773,0.0415,0.0545,net_delay_recommendationservice_1
2026-10-02T22:44:26,currencyservice,37.55859375,0.017224698632601655,0.0,0.0773,0.0415,0.0545,net_delay_recommendationservice_1
2026-10-02T22:44:26,recommendationservice,2.12109375,0,2.0,0.0773,0.0415,0.0545,net_delay_recommendationservice_1
2026-10-02T22:44:31,loadgenerator,64.0,0.0058320423593608475,0.0,0.1516,0.0289,0.0399,net_delay_recommendationservice_1
2026-10-02T22:44:31,redis-cart,6.65234375,0.0038258864645776157,0.0,0.1516,0.0289,0.0399,net_delay_recommendationservice_1
2026-10-02T22:44:31,shippingservice,11.98828125,0.001476011391056707,0.0,0.1516,0.0289,0.0399,net_delay_recommendationservice_1
2026-10-02T22:44:31,adservice,110.6484375,0.004713731439799121,0.0,0.1516,0.0289,0.0399,net_delay_recommendationservice_1
2026-10-02T22:44:31,emailservice,37.2421875,0.00571089072430789,0.0,0.1516,0.0289,0.0399,net_delay_recommendationservice_1
2026-10-02T22:44:31,productcatalogservice,13.625,0.0042910694356297395,0.0,0.1516,0.0289,0.0399,net_delay_recommendationservice_1
2026-10-02T22:44:31,cartservice,58.28125,0.006582927510158902,0.0,0.1516,0.0289,0.0399,net_delay_recommendationservice_1
2026-10-02T22:44:31,frontend,14.1015625,0.013998638154296415,0.0,0.1516,0.0289,0.0399,net_delay_recommendationservice_1
2026-10-02T22:44:31,checkoutservice,13.11328125,0.0012677057807415494,0.0,0.1516,0.0289,0.0399,net_delay_recommendationservice_1
2026-10-02T22:44:31,paymentservice,43.24609375,0.0006130865840745873,0.0,0.1516,0.0289,0.0399,net_delay_recommendationservice_1
2026-10-02T22:44:31,currencyservice,37.55859375,0.017224698632601655,0.0,0.1516,0.0289,0.0399,net_delay_recommendationservice_1
2026-10-02T22:44:31,recommendationservice,2.12109375,0,2.0,0.1516,0.0289,0.0399,net_delay_recommendationservice_1
2026-10-02T22:44:36,loadgenerator,64.0,0.0058320423593608475,0.0,0.1607,0.0401,0.0298,net_delay_recommendationservice_1
2026-10-02T22:44:36,redis-cart,6.40234375,0.003989437906585452,0.0,0.1607,0.0401,0.0298,net_delay_recommendationservice_1
2026-10-02T22:44:36,shippingservice,12.4765625,0.0017996108117353195,0.0,0.1607,0.0401,0.0298,net_delay_recommendationservice_1
2026-10-02T22:44:36,adservice,110.6484375,0.004713731439799121,0.0,0.1607,0.0401,0.0298,net_delay_recommendationservice_1
2026-10-02T22:44:36,emailservice,37.2421875,0.005710890724307889,0.0,0.1607,0.0401,0.0298,net_delay_recommendationservice_1
2026-10-02T22:44:36,productcatalogservice,13.625,0.0042910694356297395,0.0,0.1607,0.0401,0.0298,net_delay_recommendationservice_1
2026-10-02T22:44:36,cartservice,58.26953125,0.007251183444347058,0.0,0.1607,0.0401,0.0298,net_delay_recommendationservice_1
2026-10-02T22:44:36,frontend,14.890625,0.019302256037550328,0.0,0.1607,0.0401,0.0298,net_delay_recommendationservice_1
2026-10-02T22:44:36,checkoutservice,13.11328125,0.0017773955308672481,0.0,0.1607,0.0401,0.0298,net_delay_recommendationservice_1
2026-10-02T22:44:36,paymentservice,43.1484375,0.0008611371180526192,0.0,0.1607,0.0401,0.0298,net_delay_recommendationservice_1
2026-10-02T22:44:36,currencyservice,37.55859375,0.017224698632601655,0.0,0.1607,0.0401,0.0298,net_delay_recommendationservice_1
2026-10-02T22:44:36,recommendationservice,0,0,2.0,0.1607,0.0401,0.0298,net_delay_recommendationservice_1
2026-10-02T22:44:42,loadgenerator,64.0,0.00621225468551497,0.0,0.0368,0.0155,0.0329,net_delay_recommendationservice_1
2026-10-02T22:44:42,redis-cart,6.40234375,0.004091852500979504,0.0,0.0368,0.0155,0.0329,net_delay_recommendationservice_1
2026-10-02T22:44:42,shippingservice,12.4765625,0.00179961081173532,0.0,0.0368,0.0155,0.0329,net_delay_recommendationservice_1
2026-10-02T22:44:42,adservice,110.6484375,0.0038369904856949285,0.0,0.0368,0.0155,0.0329,net_delay_recommendationservice_1
2026-10-02T22:44:42,emailservice,37.2421875,0.004424821928571772,0.0,0.0368,0.0155,0.0329,net_delay_recommendationservice_1
2026-10-02T22:44:42,productcatalogservice,13.625,0.00369042277525287,0.0,0.0368,0.0155,0.0329,net_delay_recommendationservice_1
2026-10-02T22:44:42,cartservice,58.26953125,0.007251183444347058,0.0,0.0368,0.0155,0.0329,net_delay_recommendationservice_1
2026-10-02T22:44:42,frontend,14.890625,0.02214322098650074,0.0,0.0368,0.0155,0.0329,net_delay_recommendationservice_1
2026-10-02T22:44:42,checkoutservice,13.11328125,0.001460041558830901,0.0,0.0368,0.0155,0.0329,net_delay_recommendationservice_1
2026-10-02T22:44:42,paymentservice,43.1484375,0.0009096452859104343,0.0,0.0368,0.0155,0.0329,net_delay_recommendationservice_1
2026-10-02T22:44:42,currencyservice,37.55859375,0.018235071922120795,0.0,0.0368,0.0155,0.0329,net_delay_recommendationservice_1
2026-10-02T22:44:42,recommendationservice,0,0,2.0,0.0368,0.0155,0.0329,net_delay_recommendationservice_1
2026-10-02T22:44:47,loadgenerator,63.80078125,0.007972366963443165,0.0,0.1394,0.176,0.0938,net_delay_recommendationservice_1
2026-10-02T22:44:47,redis-cart,6.15625,0.004302244254168408,0.0,0.1394,0.176,0.0938,net_delay_recommendationservice_1
2026-10-02T22:44:47,shippingservice,12.4765625,0.0017996108117353195,0.0,0.1394,0.176,0.0938,net_delay_recommendationservice_1
2026-10-02T22:44:47,adservice,111.1796875,0.005930663723145373,0.0,0.1394,0.176,0.0938,net_delay_recommendationservice_1
2026-10-02T22:44:47,emailservice,37.734375,0.005952493360873347,0.0,0.1394,0.176,0.0938,net_delay_recommendationservice_1
2026-10-02T22:44:47,productcatalogservice,14.12109375,0.00496218836565092,0.0,0.1394,0.176,0.0938,net_delay_recommendationservice_1
2026-10-02T22:44:47,cartservice,58.26953125,0.008453872252545229,0.0,0.1394,0.176,0.0938,net_delay_recommendationservice_1
2026-10-02T22:44:47,frontend,13.88671875,0.025147491667748975,0.0,0.1394,0.176,0.0938,net_delay_recommendationservice_1
2026-10-02T22:44:47,checkoutservice,12.125,0.002156117431037765,0.0,0.1394,0.176,0.0938,net_delay_recommendationservice_1
2026-10-02T22:44:47,paymentservice,43.15234375,0.0009662129813282417,0.0,0.1394,0.176,0.0938,net_delay_recommendationservice_1
2026-10-02T22:44:47,currencyservice,38.5,0.023351743088475884,0.0,0.1394,0.176,0.0938,net_delay_recommendationservice_1
2026-10-02T22:44:47,recommendationservice,1.76171875,0,3.0,0.1394,0.176,0.0938,net_delay_recommendationservice_1
2026-10-02T22:44:52,loadgenerator,63.80078125,0.007972366963443165,0.0,0.0755,0.0463,0.0281,net_delay_recommendationservice_1
2026-10-02T22:44:52,redis-cart,6.15625,0.003826591893616114,0.0,0.0755,0.0463,0.0281,net_delay_recommendationservice_1
2026-10-02T22:44:52,shippingservice,12.4765625,0.0021370412844037034,0.0,0.0755,0.0463,0.0281,net_delay_recommendationservice_1
2026-10-02T22:44:52,adservice,111.1796875,0.005930663723145373,0.0,0.0755,0.0463,0.0281,net_delay_recommendationservice_1
2026-10-02T22:44:52,emailservice,37.734375,0.006059678569470167,0.0,0.0755,0.0463,0.0281,net_delay_recommendationservice_1
2026-10-02T22:44:52,productcatalogservice,14.12109375,0.005571267547903637,0.0,0.0755,0.0463,0.0281,net_delay_recommendationservice_1
2026-10-02T22:44:52,cartservice,58.26953125,0.00698187697103851,0.0,0.0755,0.0463,0.0281,net_delay_recommendationservice_1
2026-10-02T22:44:52,frontend,13.88671875,0.02514749166774898,0.0,0.0755,0.0463,0.0281,net_delay_recommendationservice_1
2026-10-02T22:44:52,checkoutservice,12.125,0.002423983557068546,0.0,0.0755,0.0463,0.0281,net_delay_recommendationservice_1
2026-10-02T22:44:52,paymentservice,43.15234375,0.0009662129813282417,0.0,0.0755,0.0463,0.0281,net_delay_recommendationservice_1
2026-10-02T22:44:52,currencyservice,38.5,0.023351743088475884,0.0,0.0755,0.0463,0.0281,net_delay_recommendationservice_1
2026-10-02T22:44:52,recommendationservice,1.76171875,0,3.0,0.0755,0.0463,0.0281,net_delay_recommendationservice_1
2026-10-02T22:44:58,loadgenerator,63.80078125,0.008066102576740185,0.0,0.104,0.03,0.0217,net_delay_recommendationservice_1
2026-10-02T22:44:58,redis-cart,6.15625,0.004590104831105769,0.0,0.104,0.03,0.0217,net_delay_recommendationservice_1
2026-10-02T22:44:58,shippingservice,12.71875,0.0022768412760931856,0.0,0.104,0.03,0.0217,net_delay_recommendationservice_1
2026-10-02T22:44:58,adservice,111.1796875,0.004913748908481355,0.0,0.104,0.03,0.0217,net_delay_recommendationservice_1
2026-10-02T22:44:58,emailservice,36.984375,0.005980906067113195,0.0,0.104,0.03,0.0217,net_delay_recommendationservice_1
2026-10-02T22:44:58,productcatalogservice,14.12109375,0.004529440516445657,0.0,0.104,0.03,0.0217,net_delay_recommendationservice_1
2026-10-02T22:44:58,cartservice,58.0625,0.009231605085419196,0.0,0.104,0.03,0.0217,net_delay_recommendationservice_1
2026-10-02T22:44:58,frontend,14.37109375,0.028306188209448267,0.0,0.104,0.03,0.0217,net_delay_recommendationservice_1
2026-10-02T22:44:58,checkoutservice,12.62109375,0.002084705780509441,0.0,0.104,0.03,0.0217,net_delay_recommendationservice_1
2026-10-02T22:44:58,paymentservice,43.15234375,0.0008967194525336343,0.0,0.104,0.03,0.0217,net_delay_recommendationservice_1
2026-10-02T22:44:58,currencyservice,38.5,0.018453600000000004,0.0,0.104,0.03,0.0217,net_delay_recommendationservice_1
2026-10-02T22:44:58,recommendationservice,0,0,3.0,0.104,0.03,0.0217,net_delay_recommendationservice_1
2026-10-02T22:45:03,loadgenerator,63.80078125,0.008066102576740185,0.0,0.0958,0.0481,0.0308,net_delay_recommendationservice_1
2026-10-02T22:45:03,redis-cart,6.15625,0.0036416106689225523,0.0,0.0958,0.0481,0.0308,net_delay_recommendationservice_1
2026-10-02T22:45:03,shippingservice,12.71875,0.0025149462300264407,0.0,0.0958,0.0481,0.0308,net_delay_recommendationservice_1
2026-10-02T22:45:03,adservice,111.1796875,0.004029130787278214,0.0,0.0958,0.0481,0.0308,net_delay_recommendationservice_1
2026-10-02T22:45:03,emailservice,36.984375,0.0051242402733229445,0.0,0.0958,0.0481,0.0308,net_delay_recommendationservice_1
2026-10-02T22:45:03,productcatalogservice,14.12109375,0.004289914536759162,0.0,0.0958,0.0481,0.0308,net_delay_recommendationservice_1
2026-10-02T22:45:03,cartservice,58.0625,0.00977006385376193,0.0,0.0958,0.0481,0.0308,net_delay_recommendationservice_1
2026-10-02T22:45:03,frontend,14.37109375,0.02830618820944827,0.0,0.0958,0.0481,0.0308,net_delay_recommendationservice_1
2026-10-02T22:45:03,checkoutservice,12.62109375,0.002084705780509441,0.0,0.0958,0.0481,0.0308,net_delay_recommendationservice_1
2026-10-02T22:45:03,paymentservice,43.15234375,0.0008029968212283845,0.0,0.0958,0.0481,0.0308,net_delay_recommendationservice_1
2026-10-02T22:45:03,currencyservice,38.5,0.019997897823385298,0.0,0.0958,0.0481,0.0308,net_delay_recommendationservice_1
2026-10-02T22:45:03,recommendationservice,0,0,3.0,0.0958,0.0481,0.0308,net_delay_recommendationservice_1
2026-10-02T22:45:08,loadgenerator,63.80078125,0.008581314565335119,0.0,0.1607,0.0315,0.016,net_delay_recommendationservice_1
2026-10-02T22:45:08,redis-cart,6.16015625,0.004537549036169524,0.0,0.1607,0.0315,0.016,net_delay_recommendationservice_1
2026-10-02T22:45:08,shippingservice,12.71875,0.0025149462300264407,0.0,0.1607,0.0315,0.016,net_delay_recommendationservice_1
2026-10-02T22:45:08,adservice,110.70703125,0.005306632557891513,0.0,0.1607,0.0315,0.016,net_delay_recommendationservice_1
2026-10-02T22:45:08,emailservice,36.73828125,0.006105364770616024,0.0,0.1607,0.0315,0.016,net_delay_recommendationservice_1
2026-10-02T22:45:08,productcatalogservice,14.125,0.006042958862630663,0.0,0.1607,0.0315,0.016,net_delay_recommendationservice_1
2026-10-02T22:45:08,cartservice,59.31640625,0.009974526177518976,0.0,0.1607,0.0315,0.016,net_delay_recommendationservice_1
2026-10-02T22:45:08,frontend,14.37109375,0.02372742638166827,0.0,0.1607,0.0315,0.016,net_delay_recommendationservice_1
2026-10-02T22:45:08,checkoutservice,12.62109375,0.0021677826171748625,0.0,0.1607,0.0315,0.016,net_delay_recommendationservice_1
2026-10-02T22:45:08,paymentservice,43.18359375,0.0010043936731107055,0.0,0.1607,0.0315,0.016,net_delay_recommendationservice_1
2026-10-02T22:45:08,currencyservice,38.60546875,0.027902987035739322,0.0,0.1607,0.0315,0.016,net_delay_recommendationservice_1
2026-10-02T22:45:08,recommendationservice,4.5,0,3.0,0.1607,0.0315,0.016,net_delay_recommendationservice_1
2026-10-02T22:45:13,loadgenerator,63.80078125,0.008581314565335117,0.0,0.1365,0.0477,0.0369,net_delay_recommendationservice_1
2026-10-02T22:45:13,redis-cart,6.16015625,0.00462403155045274,0.0,0.1365,0.0477,0.0369,net_delay_recommendationservice_1
2026-10-02T22:45:13,shippingservice,12.71875,0.0019902655727871746,0.0,0.1365,0.0477,0.0369,net_delay_recommendationservice_1
2026-10-02T22:45:13,adservice,110.70703125,0.005306632557891513,0.0,0.1365,0.0477,0.0369,net_delay_recommendationservice_1
2026-10-02T22:45:13,emailservice,36.73828125,0.006105364770616024,0.0,0.1365,0.0477,0.0369,net_delay_recommendationservice_1
2026-10-02T22:45:13,productcatalogservice,14.125,0.005005533899888544,0.0,0.1365,0.0477,0.0369,net_delay_recommendationservice_1
2026-10-02T22:45:13,cartservice,59.31640625,0.009974526177518976,0.0,0.1365,0.0477,0.0369,net_delay_recommendationservice_1
2026-10-02T22:45:13,frontend,14.37109375,0.018240900000000695,0.0,0.1365,0.0477,0.0369,net_delay_recommendationservice_1
2026-10-02T22:45:13,checkoutservice,12.62109375,0.0017382545564368064,0.0,0.1365,0.0477,0.0369,net_delay_recommendationservice_1
2026-10-02T22:45:13,paymentservice,43.18359375,0.0008374004574962082,0.0,0.1365,0.0477,0.0369,net_delay_recommendationservice_1
2026-10-02T22:45:13,currencyservice,38.60546875,0.027902987035739322,0.0,0.1365,0.0477,0.0369,net_delay_recommendationservice_1
2026-10-02T22:45:13,recommendationservice,4.5,0,3.0,0.1365,0.0477,0.0369,net_delay_recommendationservice_1
2026-10-02T22:45:19,loadgenerator,63.80078125,0.006749561460409626,0.0,0.088,0.0313,0.0266,net_delay_recommendationservice_1
2026-10-02T22:45:19,redis-cart,6.15625,0.004506473265678302,0.0,0.088,0.0313,0.0266,net_delay_recommendationservice_1
2026-10-02T22:45:19,shippingservice,11.984375,0.0022052646096861546,0.0,0.088,0.0313,0.0266,net_delay_recommendationservice_1
2026-10-02T22:45:19,adservice,110.70703125,0.005306632557891513,0.0,0.088,0.0313,0.0266,net_delay_recommendationservice_1
2026-10-02T22:45:19,emailservice,36.73828125,0.005065434597367679,0.0,0.088,0.0313,0.0266,net_delay_recommendationservice_1
2026-10-02T22:45:19,productcatalogservice,13.75390625,0.006036601995167911,0.0,0.088,0.0313,0.0266,net_delay_recommendationservice_1
2026-10-02T22:45:19,cartservice,58.58203125,0.00837666471803493,0.0,0.088,0.0313,0.0266,net_delay_recommendationservice_1
2026-10-02T22:45:19,frontend,13.91015625,0.03099220878282602,0.0,0.088,0.0313,0.0266,net_delay_recommendationservice_1
2026-10-02T22:45:19,checkoutservice,12.375,0.0019861580482385447,0.0,0.088,0.0313,0.0266,net_delay_recommendationservice_1
2026-10-02T22:45:19,paymentservice,43.20703125,0.0008997872443305462,0.0,0.088,0.0313,0.0266,net_delay_recommendationservice_1
2026-10-02T22:45:19,currencyservice,38.6171875,0.027150584431733397,0.0,0.088,0.0313,0.0266,net_delay_recommendationservice_1
2026-10-02T22:45:19,recommendationservice,24.4765625,0.07703712258351757,4.0,0.088,0.0313,0.0266,net_delay_recommendationservice_1
2026-10-02T22:45:24,loadgenerator,63.80078125,0.005996122041573202,0.0,0.1186,0.0271,0.0401,net_delay_recommendationservice_1
2026-10-02T22:45:24,redis-cart,6.15625,0.0045123422290532155,0.0,0.1186,0.0271,0.0401,net_delay_recommendationservice_1
2026-10-02T22:45:24,shippingservice,11.984375,0.002084103720406188,0.0,0.1186,0.0271,0.0401,net_delay_recommendationservice_1
2026-10-02T22:45:24,adservice,110.70703125,0.0036519277942629476,0.0,0.1186,0.0271,0.0401,net_delay_recommendationservice_1
2026-10-02T22:45:24,emailservice,36.73828125,0.0034097750000000814,0.0,0.1186,0.0271,0.0401,net_delay_recommendationservice_1
2026-10-02T22:45:24,productcatalogservice,13.75390625,0.004972432905114186,0.0,0.1186,0.0271,0.0401,net_delay_recommendationservice_1
2026-10-02T22:45:24,cartservice,58.58203125,0.009751047822351411,0.0,0.1186,0.0271,0.0401,net_delay_recommendationservice_1
2026-10-02T22:45:24,frontend,13.91015625,0.025244187127237888,0.0,0.1186,0.0271,0.0401,net_delay_recommendationservice_1
2026-10-02T22:45:24,checkoutservice,12.375,0.0011930060258740585,0.0,0.1186,0.0271,0.0401,net_delay_recommendationservice_1
2026-10-02T22:45:24,paymentservice,43.20703125,0.0008997872443305462,0.0,0.1186,0.0271,0.0401,net_delay_recommendationservice_1
2026-10-02T22:45:24,currencyservice,38.6171875,0.027150584431733394,0.0,0.1186,0.0271,0.0401,net_delay_recommendationservice_1
2026-10-02T22:45:24,recommendationservice,24.4765625,0.05551875833333332,4.0,0.1186,0.0271,0.0401,net_delay_recommendationservice_1
2026-10-02T22:45:29,loadgenerator,63.56640625,0.007535295038347875,0.0,0.0823,0.0463,0.0366,net_delay_recommendationservice_1
2026-10-02T22:45:29,redis-cart,6.15625,0.0045123422290532155,0.0,0.0823,0.0463,0.0366,net_delay_recommendationservice_1
2026-10-02T22:45:29,shippingservice,11.984375,0.002084103720406188,0.0,0.0823,0.0463,0.0366,net_delay_recommendationservice_1
2026-10-02T22:45:29,adservice,110.2109375,0.0044016788766784555,0.0,0.0823,0.0463,0.0366,net_delay_recommendationservice_1
2026-10-02T22:45:29,emailservice,36.9921875,0.005926448350817624,0.0,0.0823,0.0463,0.0366,net_delay_recommendationservice_1
2026-10-02T22:45:29,productcatalogservice,14.0234375,0.005852161785216613,0.0,0.0823,0.0463,0.0366,net_delay_recommendationservice_1
2026-10-02T22:45:29,cartservice,58.58203125,0.007987272874995698,0.0,0.0823,0.0463,0.0366,net_delay_recommendationservice_1
2026-10-02T22:45:29,frontend,14.12890625,0.02924935634997676,0.0,0.0823,0.0463,0.0366,net_delay_recommendationservice_1
2026-10-02T22:45:29,checkoutservice,12.125,0.0010706885615617016,0.0,0.0823,0.0463,0.0366,net_delay_recommendationservice_1
2026-10-02T22:45:29,paymentservice,43.5078125,0.0008478144274604557,0.0,0.0823,0.0463,0.0366,net_delay_recommendationservice_1
2026-10-02T22:45:29,currencyservice,38.6171875,0.027612115180893043,0.0,0.0823,0.0463,0.0366,net_delay_recommendationservice_1
2026-10-02T22:45:29,recommendationservice,24.4765625,0.05551875833333332,4.0,0.0823,0.0463,0.0366,net_delay_recommendationservice_1
2026-10-02T22:45:34,loadgenerator,63.56640625,0.0062131333326817615,0.0,0.161,0.0773,0.0444,net_delay_recommendationservice_1
2026-10-02T22:45:34,redis-cart,6.15625,0.0034728090180015537,0.0,0.161,0.0773,0.0444,net_delay_recommendationservice_1
2026-10-02T22:45:34,shippingservice,11.984375,0.001558423291995734,0.0,0.161,0.0773,0.0444,net_delay_recommendationservice_1
2026-10-02T22:45:34,adservice,110.2109375,0.003639674901810804,0.0,0.161,0.0773,0.0444,net_delay_recommendationservice_1
2026-10-02T22:45:34,emailservice,36.9921875,0.005926448350817624,0.0,0.161,0.0773,0.0444,net_delay_recommendationservice_1
2026-10-02T22:45:34,productcatalogservice,14.0234375,0.005852161785216612,0.0,0.161,0.0773,0.0444,net_delay_recommendationservice_1
2026-10-02T22:45:34,cartservice,58.58203125,0.004909800000000075,0.0,0.161,0.0773,0.0444,net_delay_recommendationservice_1
2026-10-02T22:45:34,frontend,14.12890625,0.022459370774037524,0.0,0.161,0.0773,0.0444,net_delay_recommendationservice_1
2026-10-02T22:45:34,checkoutservice,12.125,0.0010706885615617016,0.0,0.161,0.0773,0.0444,net_delay_recommendationservice_1
2026-10-02T22:45:34,paymentservice,43.5078125,0.0008478144274604557,0.0,0.161,0.0773,0.0444,net_delay_recommendationservice_1
2026-10-02T22:45:34,currencyservice,38.6171875,0.021177456889425683,0.0,0.161,0.0773,0.0444,net_delay_recommendationservice_1
2026-10-02T22:45:34,recommendationservice,24.4765625,0.05551875833333332,4.0,0.161,0.0773,0.0444,net_delay_recommendationservice_1
2026-10-02T22:45:40,loadgenerator,63.80078125,0.0073727362036558365,0.0,0.0946,0.0526,0.0369,net_delay_recommendationservice_1
2026-10-02T22:45:40,redis-cart,6.3984375,0.004263129335157383,0.0,0.0946,0.0526,0.0369,net_delay_recommendationservice_1
2026-10-02T22:45:40,shippingservice,11.98046875,0.0016984046062496249,0.0,0.0946,0.0526,0.0369,net_delay_recommendationservice_1
2026-10-02T22:45:40,adservice,110.2109375,0.004076424509067595,0.0,0.0946,0.0526,0.0369,net_delay_recommendationservice_1
2026-10-02T22:45:40,emailservice,36.9921875,0.004866322110344347,0.0,0.0946,0.0526,0.0369,net_delay_recommendationservice_1
2026-10-02T22:45:40,productcatalogservice,13.50390625,0.007865423321946176,0.0,0.0946,0.0526,0.0369,net_delay_recommendationservice_1
2026-10-02T22:45:40,cartservice,58.05859375,0.00846512696493409,0.0,0.0946,0.0526,0.0369,net_delay_recommendationservice_1
2026-10-02T22:45:40,frontend,14.85546875,0.02936138328530152,0.0,0.0946,0.0526,0.0369,net_delay_recommendationservice_1
2026-10-02T22:45:40,checkoutservice,12.125,0.0011035135600304927,0.0,0.0946,0.0526,0.0369,net_delay_recommendationservice_1
2026-10-02T22:45:40,paymentservice,43.5078125,0.0008478144274604557,0.0,0.0946,0.0526,0.0369,net_delay_recommendationservice_1
2026-10-02T22:45:40,currencyservice,37.96875,0.02594895360425199,0.0,0.0946,0.0526,0.0369,net_delay_recommendationservice_1
2026-10-02T22:45:40,recommendationservice,33.33203125,0.06976843732761127,4.0,0.0946,0.0526,0.0369,net_delay_recommendationservice_1
2026-10-02T22:45:45,loadgenerator,63.80078125,0.006977657819762622,0.0,0.0862,0.0461,0.0514,net_delay_recommendationservice_1
2026-10-02T22:45:45,redis-cart,6.3984375,0.0026114999999997226,0.0,0.0862,0.0461,0.0514,net_delay_recommendationservice_1
2026-10-02T22:45:45,shippingservice,11.98046875,0.001396527340860473,0.0,0.0862,0.0461,0.0514,net_delay_recommendationservice_1
2026-10-02T22:45:45,adservice,110.2109375,0.0031079090413015584,0.0,0.0862,0.0461,0.0514,net_delay_recommendationservice_1
2026-10-02T22:45:45,emailservice,36.9921875,0.004343805635468967,0.0,0.0862,0.0461,0.0514,net_delay_recommendationservice_1
2026-10-02T22:45:45,productcatalogservice,13.50390625,0.008552066594662297,0.0,0.0862,0.0461,0.0514,net_delay_recommendationservice_1
2026-10-02T22:45:45,cartservice,58.05859375,0.00846512696493409,0.0,0.0862,0.0461,0.0514,net_delay_recommendationservice_1
2026-10-02T22:45:45,frontend,14.85546875,0.024040713378425782,0.0,0.0862,0.0461,0.0514,net_delay_recommendationservice_1
2026-10-02T22:45:45,checkoutservice,12.125,0.0011035135600304927,0.0,0.0862,0.0461,0.0514,net_delay_recommendationservice_1
2026-10-02T22:45:45,paymentservice,43.5078125,0.0006501763610349315,0.0,0.0862,0.0461,0.0514,net_delay_recommendationservice_1
2026-10-02T22:45:45,currencyservice,37.96875,0.018635704499349048,0.0,0.0862,0.0461,0.0514,net_delay_recommendationservice_1
2026-10-02T22:45:45,recommendationservice,33.33203125,0.059416891666666666,4.0,0.0862,0.0461,0.0514,net_delay_recommendationservice_1
2026-10-02T22:45:50,loadgenerator,63.80078125,0.00568844831683873,0.0,0.1216,0.0382,0.0357,net_delay_recommendationservice_1
2026-10-02T22:45:50,redis-cart,6.15625,0.0043578400880427215,0.0,0.1216,0.0382,0.0357,net_delay_recommendationservice_1
2026-10-02T22:45:50,shippingservice,11.98828125,0.001653580759696926,0.0,0.1216,0.0382,0.0357,net_delay_recommendationservice_1
2026-10-02T22:45:50,adservice,110.46484375,0.0036004426717080856,0.0,0.1216,0.0382,0.0357,net_delay_recommendationservice_1
2026-10-02T22:45:50,emailservice,36.984375,0.00598235495660069,0.0,0.1216,0.0382,0.0357,net_delay_recommendationservice_1
2026-10-02T22:45:50,productcatalogservice,13.50390625,0.007135535541959191,0.0,0.1216,0.0382,0.0357,net_delay_recommendationservice_1
2026-10-02T22:45:50,cartservice,58.52734375,0.008300154544576542,0.0,0.1216,0.0382,0.0357,net_delay_recommendationservice_1
2026-10-02T22:45:50,frontend,14.36328125,0.030534281269941628,0.0,0.1216,0.0382,0.0357,net_delay_recommendationservice_1
2026-10-02T22:45:50,checkoutservice,12.125,0.0009377934111529134,0.0,0.1216,0.0382,0.0357,net_delay_recommendationservice_1
2026-10-02T22:45:50,paymentservice,43.19140625,0.0009461249328798822,0.0,0.1216,0.0382,0.0357,net_delay_recommendationservice_1
2026-10-02T22:45:50,currencyservice,37.80859375,0.023668817536958837,0.0,0.1216,0.0382,0.0357,net_delay_recommendationservice_1
2026-10-02T22:45:50,recommendationservice,32.640625,0.05852640884700754,4.0,0.1216,0.0382,0.0357,net_delay_recommendationservice_1
2026-10-02T22:45:56,loadgenerator,63.80078125,0.0050738329572146395,0.0,0.1189,0.0588,0.0341,net_delay_recommendationservice_1
2026-10-02T22:45:56,redis-cart,6.15625,0.004357840088042721,0.0,0.1189,0.0588,0.0341,net_delay_recommendationservice_1
2026-10-02T22:45:56,shippingservice,11.98828125,0.0011227499999996837,0.0,0.1189,0.0588,0.0341,net_delay_recommendationservice_1
2026-10-02T22:45:56,adservice,110.46484375,0.0036004426717080864,0.0,0.1189,0.0588,0.0341,net_delay_recommendationservice_1
2026-10-02T22:45:56,emailservice,36.984375,0.00598235495660069,0.0,0.1189,0.0588,0.0341,net_delay_recommendationservice_1
2026-10-02T22:45:56,productcatalogservice,13.50390625,0.006382241009412685,0.0,0.1189,0.0588,0.0341,net_delay_recommendationservice_1
2026-10-02T22:45:56,cartservice,58.52734375,0.008300154544576542,0.0,0.1189,0.0588,0.0341,net_delay_recommendationservice_1
2026-10-02T22:45:56,frontend,14.36328125,0.027734811033605433,0.0,0.1189,0.0588,0.0341,net_delay_recommendationservice_1
2026-10-02T22:45:56,checkoutservice,12.125,0.0006994752510182501,0.0,0.1189,0.0588,0.0341,net_delay_recommendationservice_1
2026-10-02T22:45:56,paymentservice,43.19140625,0.000746085212696126,0.0,0.1189,0.0588,0.0341,net_delay_recommendationservice_1
2026-10-02T22:45:56,currencyservice,37.80859375,0.023668817536958837,0.0,0.1189,0.0588,0.0341,net_delay_recommendationservice_1
2026-10-02T22:45:56,recommendationservice,32.640625,0.06325810984177409,4.0,0.1189,0.0588,0.0341,net_delay_recommendationservice_1
2026-10-02T22:46:01,loadgenerator,63.58203125,0.00734959586162159,0.0,0.0694,0.0559,0.0897,net_delay_recommendationservice_1
2026-10-02T22:46:01,redis-cart,6.15625,0.003599091708269061,0.0,0.0694,0.0559,0.0897,net_delay_recommendationservice_1
2026-10-02T22:46:01,shippingservice,12.47265625,0.0018854530857481493,0.0,0.0694,0.0559,0.0897,net_delay_recommendationservice_1
2026-10-02T22:46:01,adservice,110.46484375,0.003066427014886271,0.0,0.0694,0.0559,0.0897,net_delay_recommendationservice_1
2026-10-02T22:46:01,emailservice,37.24609375,0.006181509281833718,0.0,0.0694,0.0559,0.0897,net_delay_recommendationservice_1
2026-10-02T22:46:01,productcatalogservice,14.49609375,0.011612905606534397,0.0,0.0694,0.0559,0.0897,net_delay_recommendationservice_1
2026-10-02T22:46:01,cartservice,58.52734375,0.0070125047110108935,0.0,0.0694,0.0559,0.0897,net_delay_recommendationservice_1
2026-10-02T22:46:01,frontend,14.36328125,0.024912721347016855,0.0,0.0694,0.0559,0.0897,net_delay_recommendationservice_1
2026-10-02T22:46:01,checkoutservice,13.609375,0.001204200824100287,0.0,0.0694,0.0559,0.0897,net_delay_recommendationservice_1
2026-10-02T22:46:01,paymentservice,43.19140625,0.0009331892761124417,0.0,0.0694,0.0559,0.0897,net_delay_recommendationservice_1
2026-10-02T22:46:01,currencyservice,37.80859375,0.023635667499920868,0.0,0.0694,0.0559,0.0897,net_delay_recommendationservice_1
2026-10-02T22:46:01,recommendationservice,32.640625,0.02436571592899532,4.0,0.0694,0.0559,0.0897,net_delay_recommendationservice_1
2026-10-02T22:46:06,loadgenerator,63.8203125,0.007416890579140516,0.0,0.0803,0.0401,0.0383,net_delay_recommendationservice_1
2026-10-02T22:46:06,redis-cart,6.40234375,0.004584893479664578,0.0,0.0803,0.0401,0.0383,net_delay_recommendationservice_1
2026-10-02T22:46:06,shippingservice,11.98046875,0.0017781639746471843,0.0,0.0803,0.0401,0.0383,net_delay_recommendationservice_1
2026-10-02T22:46:06,adservice,110.21484375,0.0033947131608553375,0.0,0.0803,0.0401,0.0383,net_delay_recommendationservice_1
2026-10-02T22:46:06,emailservice,37.24609375,0.006301566579634414,0.0,0.0803,0.0401,0.0383,net_delay_recommendationservice_1
2026-10-02T22:46:06,productcatalogservice,14.49609375,0.00922951802114886,0.0,0.0803,0.0401,0.0383,net_delay_recommendationservice_1
2026-10-02T22:46:06,cartservice,59.04296875,0.008843123340353403,0.0,0.0803,0.0401,0.0383,net_delay_recommendationservice_1
2026-10-02T22:46:06,frontend,14.86328125,0.031321726493791495,0.0,0.0803,0.0401,0.0383,net_delay_recommendationservice_1
2026-10-02T22:46:06,checkoutservice,12.15625,0.0011744288224955779,0.0,0.0803,0.0401,0.0383,net_delay_recommendationservice_1
2026-10-02T22:46:06,paymentservice,43.73046875,0.0009177712915279914,0.0,0.0803,0.0401,0.0383,net_delay_recommendationservice_1
2026-10-02T22:46:06,currencyservice,37.92578125,0.022222863454992275,0.0,0.0803,0.0401,0.0383,net_delay_recommendationservice_1
2026-10-02T22:46:06,recommendationservice,33.140625,0.021991611025509335,4.0,0.0803,0.0401,0.0383,net_delay_recommendationservice_1
2026-10-02T22:46:11,loadgenerator,63.8203125,0.007416890579140516,0.0,0.0983,0.0347,0.0253,net_delay_recommendationservice_1
2026-10-02T22:46:11,redis-cart,6.40234375,0.004584893479664578,0.0,0.0983,0.0347,0.0253,net_delay_recommendationservice_1
2026-10-02T22:46:11,shippingservice,11.98046875,0.0015084157551562137,0.0,0.0983,0.0347,0.0253,net_delay_recommendationservice_1
2026-10-02T22:46:11,adservice,110.21484375,0.0033947131608553375,0.0,0.0983,0.0347,0.0253,net_delay_recommendationservice_1
2026-10-02T22:46:11,emailservice,37.24609375,0.006301566579634414,0.0,0.0983,0.0347,0.0253,net_delay_recommendationservice_1
2026-10-02T22:46:11,productcatalogservice,14.49609375,0.01046310815991623,0.0,0.0983,0.0347,0.0253,net_delay_recommendationservice_1
2026-10-02T22:46:11,cartservice,59.04296875,0.008843123340353403,0.0,0.0983,0.0347,0.0253,net_delay_recommendationservice_1
2026-10-02T22:46:11,frontend,14.86328125,0.033356930131417564,0.0,0.0983,0.0347,0.0253,net_delay_recommendationservice_1
2026-10-02T22:46:11,checkoutservice,12.15625,0.001498283538057199,0.0,0.0983,0.0347,0.0253,net_delay_recommendationservice_1
2026-10-02T22:46:11,paymentservice,43.73046875,0.000799303598469813,0.0,0.0983,0.0347,0.0253,net_delay_recommendationservice_1
2026-10-02T22:46:11,currencyservice,37.92578125,0.022222863454992275,0.0,0.0983,0.0347,0.0253,net_delay_recommendationservice_1
2026-10-02T22:46:11,recommendationservice,33.140625,0.015895889758623764,4.0,0.0983,0.0347,0.0253,net_delay_recommendationservice_1
