time,service,memory_mb,cpu_cores,restarts,latency_s,latency_product_s,latency_cart_s,label
2026-10-04T03:22:14,redis-cart,6.1640625,0.004944734496369962,0.0,0.077,0.0858,0.0872,cpu_hog_cartservice_2
2026-10-04T03:22:14,paymentservice,35.4765625,0.000909688270765509,0.0,0.077,0.0858,0.0872,cpu_hog_cartservice_2
2026-10-04T03:22:14,currencyservice,41.27734375,0.016638849051496818,0.0,0.077,0.0858,0.0872,cpu_hog_cartservice_2
2026-10-04T03:22:14,productcatalogservice,13.62890625,0.013899766477948914,0.0,0.077,0.0858,0.0872,cpu_hog_cartservice_2
2026-10-04T03:22:14,adservice,107.578125,0.0040428250570938365,0.0,0.077,0.0858,0.0872,cpu_hog_cartservice_2
2026-10-04T03:22:14,cartservice,66.625,0.010773081433224268,0.0,0.077,0.0858,0.0872,cpu_hog_cartservice_2
2026-10-04T03:22:14,recommendationservice,33.1171875,0.0183428691628091,4.0,0.077,0.0858,0.0872,cpu_hog_cartservice_2
2026-10-04T03:22:14,emailservice,37.2578125,0.005225246991953459,0.0,0.077,0.0858,0.0872,cpu_hog_cartservice_2
2026-10-04T03:22:14,shippingservice,12.1875,0.002566250251413657,0.0,0.077,0.0858,0.0872,cpu_hog_cartservice_2
2026-10-04T03:22:14,checkoutservice,14.57421875,0.001546036092096698,0.0,0.077,0.0858,0.0872,cpu_hog_cartservice_2
2026-10-04T03:22:14,frontend,15.140625,0.042300163763582165,0.0,0.077,0.0858,0.0872,cpu_hog_cartservice_2
2026-10-04T03:22:14,loadgenerator,87.33984375,0.009314734266684055,0.0,0.077,0.0858,0.0872,cpu_hog_cartservice_2
2026-10-04T03:22:20,redis-cart,6.16015625,0.004960244766754826,0.0,0.0471,0.0729,0.0281,cpu_hog_cartservice_2
2026-10-04T03:22:20,paymentservice,35.48046875,0.0008018216109682428,0.0,0.0471,0.0729,0.0281,cpu_hog_cartservice_2
2026-10-04T03:22:20,currencyservice,41.27734375,0.020672587732873823,0.0,0.0471,0.0729,0.0281,cpu_hog_cartservice_2
2026-10-04T03:22:20,productcatalogservice,13.66015625,0.016823550298480306,0.0,0.0471,0.0729,0.0281,cpu_hog_cartservice_2
2026-10-04T03:22:20,adservice,107.578125,0.0038832630469164027,0.0,0.0471,0.0729,0.0281,cpu_hog_cartservice_2
2026-10-04T03:22:20,cartservice,66.41796875,0.011277422631662136,0.0,0.0471,0.0729,0.0281,cpu_hog_cartservice_2
2026-10-04T03:22:20,recommendationservice,33.1171875,0.0183428691628091,4.0,0.0471,0.0729,0.0281,cpu_hog_cartservice_2
2026-10-04T03:22:20,emailservice,37.23828125,0.006239186942369596,0.0,0.0471,0.0729,0.0281,cpu_hog_cartservice_2
2026-10-04T03:22:20,shippingservice,12.1875,0.002566250251413657,0.0,0.0471,0.0729,0.0281,cpu_hog_cartservice_2
2026-10-04T03:22:20,checkoutservice,14.03125,0.001559354192653111,0.0,0.0471,0.0729,0.0281,cpu_hog_cartservice_2
2026-10-04T03:22:20,frontend,15.1328125,0.04042176718889196,0.0,0.0471,0.0729,0.0281,cpu_hog_cartservice_2
2026-10-04T03:22:20,loadgenerator,87.33984375,0.009314734266684055,0.0,0.0471,0.0729,0.0281,cpu_hog_cartservice_2
2026-10-04T03:22:25,redis-cart,6.16015625,0.0049908187062725025,0.0,0.075,0.0465,0.0827,cpu_hog_cartservice_2
2026-10-04T03:22:25,paymentservice,35.48046875,0.0009713587980784118,0.0,0.075,0.0465,0.0827,cpu_hog_cartservice_2
2026-10-04T03:22:25,currencyservice,41.27734375,0.01711810854377061,0.0,0.075,0.0465,0.0827,cpu_hog_cartservice_2
2026-10-04T03:22:25,productcatalogservice,13.66015625,0.016823550298480306,0.0,0.075,0.0465,0.0827,cpu_hog_cartservice_2
2026-10-04T03:22:25,adservice,107.578125,0.003231155312921169,0.0,0.075,0.0465,0.0827,cpu_hog_cartservice_2
2026-10-04T03:22:25,cartservice,66.41796875,0.012100987782689643,0.0,0.075,0.0465,0.0827,cpu_hog_cartservice_2
2026-10-04T03:22:25,recommendationservice,33.1171875,0.0183428691628091,4.0,0.075,0.0465,0.0827,cpu_hog_cartservice_2
2026-10-04T03:22:25,emailservice,37.23828125,0.006239186942369597,0.0,0.075,0.0465,0.0827,cpu_hog_cartservice_2
2026-10-04T03:22:25,shippingservice,12.1875,0.002064804040795106,0.0,0.075,0.0465,0.0827,cpu_hog_cartservice_2
2026-10-04T03:22:25,checkoutservice,14.03125,0.0017769063087707683,0.0,0.075,0.0465,0.0827,cpu_hog_cartservice_2
2026-10-04T03:22:25,frontend,15.1328125,0.04056733524355164,0.0,0.075,0.0465,0.0827,cpu_hog_cartservice_2
2026-10-04T03:22:25,loadgenerator,87.33984375,0.005987049999998818,0.0,0.075,0.0465,0.0827,cpu_hog_cartservice_2
2026-10-04T03:22:30,redis-cart,6.16015625,0.004300352801644996,0.0,0.0643,0.054,0.0389,cpu_hog_cartservice_2
2026-10-04T03:22:30,paymentservice,35.48828125,0.0009205365366902821,0.0,0.0643,0.054,0.0389,cpu_hog_cartservice_2
2026-10-04T03:22:30,currencyservice,42.046875,0.022360235603735578,0.0,0.0643,0.054,0.0389,cpu_hog_cartservice_2
2026-10-04T03:22:30,productcatalogservice,13.66015625,0.01706888731813027,0.0,0.0643,0.054,0.0389,cpu_hog_cartservice_2
2026-10-04T03:22:30,adservice,107.33984375,0.004112722544509234,0.0,0.0643,0.054,0.0389,cpu_hog_cartservice_2
2026-10-04T03:22:30,cartservice,66.41796875,0.012100987782689643,0.0,0.0643,0.054,0.0389,cpu_hog_cartservice_2
2026-10-04T03:22:30,recommendationservice,33.37890625,0.013680211707229663,4.0,0.0643,0.054,0.0389,cpu_hog_cartservice_2
2026-10-04T03:22:30,emailservice,37.23828125,0.005323603589651698,0.0,0.0643,0.054,0.0389,cpu_hog_cartservice_2
2026-10-04T03:22:30,shippingservice,11.69921875,0.002270887933745441,0.0,0.0643,0.054,0.0389,cpu_hog_cartservice_2
2026-10-04T03:22:30,checkoutservice,14.7890625,0.002170388200348335,0.0,0.0643,0.054,0.0389,cpu_hog_cartservice_2
2026-10-04T03:22:30,frontend,15.1796875,0.04190143664102023,0.0,0.0643,0.054,0.0389,cpu_hog_cartservice_2
2026-10-04T03:22:30,loadgenerator,87.1328125,0.008487575343386046,0.0,0.0643,0.054,0.0389,cpu_hog_cartservice_2
2026-10-04T03:22:35,redis-cart,6.16015625,0.0027977500000005763,0.0,0.1038,0.0796,0.1054,cpu_hog_cartservice_2
2026-10-04T03:22:35,paymentservice,35.48828125,0.0009205365366902821,0.0,0.1038,0.0796,0.1054,cpu_hog_cartservice_2
2026-10-04T03:22:35,currencyservice,42.046875,0.019643547445314376,0.0,0.1038,0.0796,0.1054,cpu_hog_cartservice_2
2026-10-04T03:22:35,productcatalogservice,13.66015625,0.013042763521966294,0.0,0.1038,0.0796,0.1054,cpu_hog_cartservice_2
2026-10-04T03:22:35,adservice,107.33984375,0.0033751139996628468,0.0,0.1038,0.0796,0.1054,cpu_hog_cartservice_2
2026-10-04T03:22:35,cartservice,66.41796875,0.012100987782689643,0.0,0.1038,0.0796,0.1054,cpu_hog_cartservice_2
2026-10-04T03:22:35,recommendationservice,33.37890625,0.016743249715621685,4.0,0.1038,0.0796,0.1054,cpu_hog_cartservice_2
2026-10-04T03:22:35,emailservice,37.23828125,0.004568237002775282,0.0,0.1038,0.0796,0.1054,cpu_hog_cartservice_2
2026-10-04T03:22:35,shippingservice,11.69921875,0.0019950323697192495,0.0,0.1038,0.0796,0.1054,cpu_hog_cartservice_2
2026-10-04T03:22:35,checkoutservice,14.7890625,0.002129649771590176,0.0,0.1038,0.0796,0.1054,cpu_hog_cartservice_2
2026-10-04T03:22:35,frontend,15.1796875,0.04190143664102023,0.0,0.1038,0.0796,0.1054,cpu_hog_cartservice_2
2026-10-04T03:22:35,loadgenerator,87.1328125,0.008487575343386046,0.0,0.1038,0.0796,0.1054,cpu_hog_cartservice_2
2026-10-04T03:22:41,redis-cart,6.1640625,0.004555321764623624,0.0,0.1092,0.0836,0.0894,cpu_hog_cartservice_2
2026-10-04T03:22:41,paymentservice,35.99609375,0.0008932901097215757,0.0,0.1092,0.0836,0.0894,cpu_hog_cartservice_2
2026-10-04T03:22:41,currencyservice,42.0390625,0.024421990273987948,0.0,0.1092,0.0836,0.0894,cpu_hog_cartservice_2
2026-10-04T03:22:41,productcatalogservice,15.82421875,0.018023457463608478,0.0,0.1092,0.0836,0.0894,cpu_hog_cartservice_2
2026-10-04T03:22:41,adservice,107.33984375,0.0030156446585521855,0.0,0.1092,0.0836,0.0894,cpu_hog_cartservice_2
2026-10-04T03:22:41,cartservice,66.4140625,0.012235110171698923,0.0,0.1092,0.0836,0.0894,cpu_hog_cartservice_2
2026-10-04T03:22:41,recommendationservice,32.125,0.017447978267683437,4.0,0.1092,0.0836,0.0894,cpu_hog_cartservice_2
2026-10-04T03:22:41,emailservice,36.74609375,0.005727414398595314,0.0,0.1092,0.0836,0.0894,cpu_hog_cartservice_2
2026-10-04T03:22:41,shippingservice,11.9453125,0.0022053931998782914,0.0,0.1092,0.0836,0.0894,cpu_hog_cartservice_2
2026-10-04T03:22:41,checkoutservice,14.7890625,0.0021296497715901763,0.0,0.1092,0.0836,0.0894,cpu_hog_cartservice_2
2026-10-04T03:22:41,frontend,14.6640625,0.039873754916925366,0.0,0.1092,0.0836,0.0894,cpu_hog_cartservice_2
2026-10-04T03:22:41,loadgenerator,87.37890625,0.008408132055952765,0.0,0.1092,0.0836,0.0894,cpu_hog_cartservice_2
2026-10-04T03:22:46,redis-cart,6.1640625,0.004555321764623624,0.0,0.3268,0.089,0.088,cpu_hog_cartservice_2
2026-10-04T03:22:46,paymentservice,35.99609375,0.0006635762577052753,0.0,0.3268,0.089,0.088,cpu_hog_cartservice_2
2026-10-04T03:22:46,currencyservice,42.0390625,0.024421990273987948,0.0,0.3268,0.089,0.088,cpu_hog_cartservice_2
2026-10-04T03:22:46,productcatalogservice,15.82421875,0.018023457463608478,0.0,0.3268,0.089,0.088,cpu_hog_cartservice_2
2026-10-04T03:22:46,adservice,107.33984375,0.0026436418908597718,0.0,0.3268,0.089,0.088,cpu_hog_cartservice_2
2026-10-04T03:22:46,cartservice,66.4140625,0.012235110171698925,0.0,0.3268,0.089,0.088,cpu_hog_cartservice_2
2026-10-04T03:22:46,recommendationservice,32.125,0.017447978267683434,4.0,0.3268,0.089,0.088,cpu_hog_cartservice_2
2026-10-04T03:22:46,emailservice,36.74609375,0.005590357383679847,0.0,0.3268,0.089,0.088,cpu_hog_cartservice_2
2026-10-04T03:22:46,shippingservice,11.9453125,0.0022053931998782914,0.0,0.3268,0.089,0.088,cpu_hog_cartservice_2
2026-10-04T03:22:46,checkoutservice,14.7890625,0.0017531454390544627,0.0,0.3268,0.089,0.088,cpu_hog_cartservice_2
2026-10-04T03:22:46,frontend,14.6640625,0.046476519057726366,0.0,0.3268,0.089,0.088,cpu_hog_cartservice_2
2026-10-04T03:22:46,loadgenerator,87.37890625,0.008408132055952765,0.0,0.3268,0.089,0.088,cpu_hog_cartservice_2
2026-10-04T03:22:52,redis-cart,5.6796875,0.004779259829030144,0.0,0.1101,0.0139,0.0807,cpu_hog_cartservice_2
2026-10-04T03:22:52,paymentservice,35.515625,0.0008385612880197706,0.0,0.1101,0.0139,0.0807,cpu_hog_cartservice_2
2026-10-04T03:22:52,currencyservice,41.5546875,0.025914540179971596,0.0,0.1101,0.0139,0.0807,cpu_hog_cartservice_2
2026-10-04T03:22:52,productcatalogservice,14.4140625,0.020047189975272946,0.0,0.1101,0.0139,0.0807,cpu_hog_cartservice_2
2026-10-04T03:22:52,adservice,107.21875,0.004560349133113319,0.0,0.1101,0.0139,0.0807,cpu_hog_cartservice_2
2026-10-04T03:22:52,cartservice,66.9375,0.013320590790616274,0.0,0.1101,0.0139,0.0807,cpu_hog_cartservice_2
2026-10-04T03:22:52,recommendationservice,32.8984375,0.020562937711608484,4.0,0.1101,0.0139,0.0807,cpu_hog_cartservice_2
2026-10-04T03:22:52,emailservice,36.75,0.0056204032957487314,0.0,0.1101,0.0139,0.0807,cpu_hog_cartservice_2
2026-10-04T03:22:52,shippingservice,11.9453125,0.002181331217140925,0.0,0.1101,0.0139,0.0807,cpu_hog_cartservice_2
2026-10-04T03:22:52,checkoutservice,13.81640625,0.0032768515817118006,0.0,0.1101,0.0139,0.0807,cpu_hog_cartservice_2
2026-10-04T03:22:52,frontend,15.32421875,0.04817976700715132,0.0,0.1101,0.0139,0.0807,cpu_hog_cartservice_2
2026-10-04T03:22:52,loadgenerator,87.37890625,0.008408132055952765,0.0,0.1101,0.0139,0.0807,cpu_hog_cartservice_2
2026-10-04T03:22:57,redis-cart,5.6796875,0.0048237566914178815,0.0,0.2356,0.1176,0.1845,cpu_hog_cartservice_2
2026-10-04T03:22:57,paymentservice,35.515625,0.0008385612880197708,0.0,0.2356,0.1176,0.1845,cpu_hog_cartservice_2
2026-10-04T03:22:57,currencyservice,41.5546875,0.02776366627614183,0.0,0.2356,0.1176,0.1845,cpu_hog_cartservice_2
2026-10-04T03:22:57,productcatalogservice,14.4140625,0.022789003505933512,0.0,0.2356,0.1176,0.1845,cpu_hog_cartservice_2
2026-10-04T03:22:57,adservice,107.21875,0.003731797033809032,0.0,0.2356,0.1176,0.1845,cpu_hog_cartservice_2
2026-10-04T03:22:57,cartservice,66.9375,0.013320590790616274,0.0,0.2356,0.1176,0.1845,cpu_hog_cartservice_2
2026-10-04T03:22:57,recommendationservice,32.8984375,0.020562937711608484,4.0,0.2356,0.1176,0.1845,cpu_hog_cartservice_2
2026-10-04T03:22:57,emailservice,36.75,0.005620403295748732,0.0,0.2356,0.1176,0.1845,cpu_hog_cartservice_2
2026-10-04T03:22:57,shippingservice,11.9453125,0.0016809974580892964,0.0,0.2356,0.1176,0.1845,cpu_hog_cartservice_2
2026-10-04T03:22:57,checkoutservice,13.81640625,0.0032768515817117997,0.0,0.2356,0.1176,0.1845,cpu_hog_cartservice_2
2026-10-04T03:22:57,frontend,15.32421875,0.04595228351845476,0.0,0.2356,0.1176,0.1845,cpu_hog_cartservice_2
2026-10-04T03:22:57,loadgenerator,87.37890625,0.008188233541854495,0.0,0.2356,0.1176,0.1845,cpu_hog_cartservice_2
2026-10-04T03:23:03,redis-cart,5.921875,0.00469163413148017,0.0,0.1319,0.0834,0.1953,cpu_hog_cartservice_2
2026-10-04T03:23:03,paymentservice,35.515625,0.000849114797117448,0.0,0.1319,0.0834,0.1953,cpu_hog_cartservice_2
2026-10-04T03:23:03,currencyservice,41.5546875,0.02331970588216927,0.0,0.1319,0.0834,0.1953,cpu_hog_cartservice_2
2026-10-04T03:23:03,productcatalogservice,14.1171875,0.022942373729335382,0.0,0.1319,0.0834,0.1953,cpu_hog_cartservice_2
2026-10-04T03:23:03,adservice,106.7265625,0.004566273755111798,0.0,0.1319,0.0834,0.1953,cpu_hog_cartservice_2
2026-10-04T03:23:03,cartservice,66.9375,0.009186449999998559,0.0,0.1319,0.0834,0.1953,cpu_hog_cartservice_2
2026-10-04T03:23:03,recommendationservice,32.8984375,0.020562937711608484,4.0,0.1319,0.0834,0.1953,cpu_hog_cartservice_2
2026-10-04T03:23:03,emailservice,36.7421875,0.005673111272025921,0.0,0.1319,0.0834,0.1953,cpu_hog_cartservice_2
2026-10-04T03:23:03,shippingservice,12.1953125,0.003525338054003356,0.0,0.1319,0.0834,0.1953,cpu_hog_cartservice_2
2026-10-04T03:23:03,checkoutservice,13.81640625,0.004180377720870665,0.0,0.1319,0.0834,0.1953,cpu_hog_cartservice_2
2026-10-04T03:23:03,frontend,15.32421875,0.04631716693227744,0.0,0.1319,0.0834,0.1953,cpu_hog_cartservice_2
2026-10-04T03:23:03,loadgenerator,87.3671875,0.008524027631777663,0.0,0.1319,0.0834,0.1953,cpu_hog_cartservice_2
2026-10-04T03:23:08,redis-cart,5.921875,0.00469163413148017,0.0,0.1655,0.0696,0.0415,cpu_hog_cartservice_2
2026-10-04T03:23:08,paymentservice,35.515625,0.0007612484144572186,0.0,0.1655,0.0696,0.0415,cpu_hog_cartservice_2
2026-10-04T03:23:08,currencyservice,41.5546875,0.017781700000000455,0.0,0.1655,0.0696,0.0415,cpu_hog_cartservice_2
2026-10-04T03:23:08,productcatalogservice,14.1171875,0.022942373729335382,0.0,0.1655,0.0696,0.0415,cpu_hog_cartservice_2
2026-10-04T03:23:08,adservice,106.7265625,0.003709437853152598,0.0,0.1655,0.0696,0.0415,cpu_hog_cartservice_2
2026-10-04T03:23:08,cartservice,66.9375,0.009894967872700706,0.0,0.1655,0.0696,0.0415,cpu_hog_cartservice_2
2026-10-04T03:23:08,recommendationservice,32.8984375,0.014619399999997998,4.0,0.1655,0.0696,0.0415,cpu_hog_cartservice_2
2026-10-04T03:23:08,emailservice,36.7421875,0.005673111272025921,0.0,0.1655,0.0696,0.0415,cpu_hog_cartservice_2
2026-10-04T03:23:08,shippingservice,12.1953125,0.004401600050795984,0.0,0.1655,0.0696,0.0415,cpu_hog_cartservice_2
2026-10-04T03:23:08,checkoutservice,13.81640625,0.0033443021766965324,0.0,0.1655,0.0696,0.0415,cpu_hog_cartservice_2
2026-10-04T03:23:08,frontend,15.32421875,0.04158253894612204,0.0,0.1655,0.0696,0.0415,cpu_hog_cartservice_2
2026-10-04T03:23:08,loadgenerator,87.3671875,0.009165293346922013,0.0,0.1655,0.0696,0.0415,cpu_hog_cartservice_2
2026-10-04T03:23:14,redis-cart,5.921875,0.00469163413148017,0.0,0.0897,0.0375,0.0255,cpu_hog_cartservice_2
2026-10-04T03:23:14,paymentservice,35.546875,0.000986988886780003,0.0,0.0897,0.0375,0.0255,cpu_hog_cartservice_2
2026-10-04T03:23:14,currencyservice,41.47265625,0.02796901526044771,0.0,0.0897,0.0375,0.0255,cpu_hog_cartservice_2
2026-10-04T03:23:14,productcatalogservice,14.1171875,0.016544625000000226,0.0,0.0897,0.0375,0.0255,cpu_hog_cartservice_2
2026-10-04T03:23:14,adservice,107.3359375,0.004589539158686888,0.0,0.0897,0.0375,0.0255,cpu_hog_cartservice_2
2026-10-04T03:23:14,cartservice,66.90234375,0.015576108514759832,0.0,0.0897,0.0375,0.0255,cpu_hog_cartservice_2
2026-10-04T03:23:14,recommendationservice,33.12109375,0.02138117011064305,4.0,0.0897,0.0375,0.0255,cpu_hog_cartservice_2
2026-10-04T03:23:14,emailservice,36.7421875,0.005587359883698975,0.0,0.0897,0.0375,0.0255,cpu_hog_cartservice_2
2026-10-04T03:23:14,shippingservice,11.96484375,0.003992734920180163,0.0,0.0897,0.0375,0.0255,cpu_hog_cartservice_2
2026-10-04T03:23:14,checkoutservice,14.1171875,0.004122574334007731,0.0,0.0897,0.0375,0.0255,cpu_hog_cartservice_2
2026-10-04T03:23:14,frontend,15.2109375,0.05266120081302438,0.0,0.0897,0.0375,0.0255,cpu_hog_cartservice_2
2026-10-04T03:23:14,loadgenerator,87.3671875,0.009165293346922013,0.0,0.0897,0.0375,0.0255,cpu_hog_cartservice_2
2026-10-04T03:23:19,redis-cart,5.921875,0.00317799999999977,0.0,0.191,0.0465,0.0734,cpu_hog_cartservice_2
2026-10-04T03:23:19,paymentservice,35.546875,0.0008619187951003223,0.0,0.191,0.0465,0.0734,cpu_hog_cartservice_2
2026-10-04T03:23:19,currencyservice,41.47265625,0.02796901526044771,0.0,0.191,0.0465,0.0734,cpu_hog_cartservice_2
2026-10-04T03:23:19,productcatalogservice,14.1171875,0.018182544091427347,0.0,0.191,0.0465,0.0734,cpu_hog_cartservice_2
2026-10-04T03:23:19,adservice,107.3359375,0.004589539158686888,0.0,0.191,0.0465,0.0734,cpu_hog_cartservice_2
2026-10-04T03:23:19,cartservice,66.90234375,0.01455990819607861,0.0,0.191,0.0465,0.0734,cpu_hog_cartservice_2
2026-10-04T03:23:19,recommendationservice,33.12109375,0.017905185772044453,4.0,0.191,0.0465,0.0734,cpu_hog_cartservice_2
2026-10-04T03:23:19,emailservice,36.7421875,0.0057074250304311545,0.0,0.191,0.0465,0.0734,cpu_hog_cartservice_2
2026-10-04T03:23:19,shippingservice,11.96484375,0.0034087308925218112,0.0,0.191,0.0465,0.0734,cpu_hog_cartservice_2
2026-10-04T03:23:19,checkoutservice,14.1171875,0.004265456467003666,0.0,0.191,0.0465,0.0734,cpu_hog_cartservice_2
2026-10-04T03:23:19,frontend,15.2109375,0.05266120081302438,0.0,0.191,0.0465,0.0734,cpu_hog_cartservice_2
2026-10-04T03:23:19,loadgenerator,87.3671875,0.007458448404669182,0.0,0.191,0.0465,0.0734,cpu_hog_cartservice_2
2026-10-04T03:23:24,redis-cart,6.171875,0.004650730735163158,0.0,0.1352,0.1018,0.021,cpu_hog_cartservice_2
2026-10-04T03:23:24,paymentservice,35.4921875,0.001012964375204085,0.0,0.1352,0.1018,0.021,cpu_hog_cartservice_2
2026-10-04T03:23:24,currencyservice,41.47265625,0.023061429638361778,0.0,0.1352,0.1018,0.021,cpu_hog_cartservice_2
2026-10-04T03:23:24,productcatalogservice,14.1328125,0.022714684482681304,0.0,0.1352,0.1018,0.021,cpu_hog_cartservice_2
2026-10-04T03:23:24,adservice,107.3359375,0.0030584250000003973,0.0,0.1352,0.1018,0.021,cpu_hog_cartservice_2
2026-10-04T03:23:24,cartservice,68.14453125,0.015844492492493104,0.0,0.1352,0.1018,0.021,cpu_hog_cartservice_2
2026-10-04T03:23:24,recommendationservice,33.12109375,0.021777497255764004,4.0,0.1352,0.1018,0.021,cpu_hog_cartservice_2
2026-10-04T03:23:24,emailservice,36.7421875,0.00460300657912589,0.0,0.1352,0.1018,0.021,cpu_hog_cartservice_2
2026-10-04T03:23:24,shippingservice,11.71484375,0.0036231177606174765,0.0,0.1352,0.1018,0.021,cpu_hog_cartservice_2
2026-10-04T03:23:24,checkoutservice,15.12109375,0.0031377471578179082,0.0,0.1352,0.1018,0.021,cpu_hog_cartservice_2
2026-10-04T03:23:24,frontend,14.359375,0.0475468102148493,0.0,0.1352,0.1018,0.021,cpu_hog_cartservice_2
2026-10-04T03:23:24,loadgenerator,86.8359375,0.008397827274382865,0.0,0.1352,0.1018,0.021,cpu_hog_cartservice_2
2026-10-04T03:23:29,redis-cart,6.171875,0.004650730735163158,0.0,0.2036,0.1984,0.1003,cpu_hog_cartservice_2
2026-10-04T03:23:29,paymentservice,35.74609375,0.0010420075553156985,0.0,0.2036,0.1984,0.1003,cpu_hog_cartservice_2
2026-10-04T03:23:29,currencyservice,41.484375,0.026752290654129006,0.0,0.2036,0.1984,0.1003,cpu_hog_cartservice_2
2026-10-04T03:23:29,productcatalogservice,14.1328125,0.021543342095872303,0.0,0.2036,0.1984,0.1003,cpu_hog_cartservice_2
2026-10-04T03:23:29,adservice,107.09375,0.004144563398363214,0.0,0.2036,0.1984,0.1003,cpu_hog_cartservice_2
2026-10-04T03:23:29,cartservice,67.6875,0.08744377635955372,0.0,0.2036,0.1984,0.1003,cpu_hog_cartservice_2
2026-10-04T03:23:29,recommendationservice,33.12109375,0.01818832373582236,4.0,0.2036,0.1984,0.1003,cpu_hog_cartservice_2
2026-10-04T03:23:29,emailservice,36.75,0.005295003559759253,0.0,0.2036,0.1984,0.1003,cpu_hog_cartservice_2
2026-10-04T03:23:29,shippingservice,11.71484375,0.0036231177606174765,0.0,0.2036,0.1984,0.1003,cpu_hog_cartservice_2
2026-10-04T03:23:29,checkoutservice,15.12109375,0.0017697182872136875,0.0,0.2036,0.1984,0.1003,cpu_hog_cartservice_2
2026-10-04T03:23:29,frontend,14.359375,0.0475468102148493,0.0,0.2036,0.1984,0.1003,cpu_hog_cartservice_2
2026-10-04T03:23:29,loadgenerator,86.8359375,0.008035644475105989,0.0,0.2036,0.1984,0.1003,cpu_hog_cartservice_2
2026-10-04T03:23:35,redis-cart,6.171875,0.004274334820691026,0.0,0.2016,0.188,0.1995,cpu_hog_cartservice_2
2026-10-04T03:23:35,paymentservice,35.74609375,0.0010420075553156985,0.0,0.2016,0.188,0.1995,cpu_hog_cartservice_2
2026-10-04T03:23:35,currencyservice,41.484375,0.02536903765690303,0.0,0.2016,0.188,0.1995,cpu_hog_cartservice_2
2026-10-04T03:23:35,productcatalogservice,14.1328125,0.01638811009625546,0.0,0.2016,0.188,0.1995,cpu_hog_cartservice_2
2026-10-04T03:23:35,adservice,107.09375,0.004144563398363215,0.0,0.2016,0.188,0.1995,cpu_hog_cartservice_2
2026-10-04T03:23:35,cartservice,67.6875,0.114153967342283,0.0,0.2016,0.188,0.1995,cpu_hog_cartservice_2
2026-10-04T03:23:35,recommendationservice,33.12109375,0.016121639246250354,4.0,0.2016,0.188,0.1995,cpu_hog_cartservice_2
2026-10-04T03:23:35,emailservice,36.75,0.005164902506965225,0.0,0.2016,0.188,0.1995,cpu_hog_cartservice_2
2026-10-04T03:23:35,shippingservice,11.71484375,0.0029589801466642896,0.0,0.2016,0.188,0.1995,cpu_hog_cartservice_2
2026-10-04T03:23:35,checkoutservice,15.12109375,0.0017393879798747495,0.0,0.2016,0.188,0.1995,cpu_hog_cartservice_2
2026-10-04T03:23:35,frontend,14.359375,0.03938434364568787,0.0,0.2016,0.188,0.1995,cpu_hog_cartservice_2
2026-10-04T03:23:35,loadgenerator,86.8359375,0.006350301973860426,0.0,0.2016,0.188,0.1995,cpu_hog_cartservice_2
2026-10-04T03:23:41,redis-cart,6.1640625,0.004117040480165946,0.0,0.1333,0.1856,0.0944,cpu_hog_cartservice_2
2026-10-04T03:23:41,paymentservice,35.4921875,0.0009693017404068846,0.0,0.1333,0.1856,0.0944,cpu_hog_cartservice_2
2026-10-04T03:23:41,currencyservice,41.484375,0.02536903765690303,0.0,0.1333,0.1856,0.0944,cpu_hog_cartservice_2
2026-10-04T03:23:41,productcatalogservice,14.3828125,0.021530164727861057,0.0,0.1333,0.1856,0.0944,cpu_hog_cartservice_2
2026-10-04T03:23:41,adservice,107.3359375,0.004614654917998101,0.0,0.1333,0.1856,0.0944,cpu_hog_cartservice_2
2026-10-04T03:23:41,cartservice,67.6875,0.10079668639280565,0.0,0.1333,0.1856,0.0944,cpu_hog_cartservice_2
2026-10-04T03:23:41,recommendationservice,32.86328125,0.01917886048377935,4.0,0.1333,0.1856,0.0944,cpu_hog_cartservice_2
2026-10-04T03:23:41,emailservice,36.75,0.004399966098732266,0.0,0.1333,0.1856,0.0944,cpu_hog_cartservice_2
2026-10-04T03:23:41,shippingservice,11.94140625,0.0023011244520675365,0.0,0.1333,0.1856,0.0944,cpu_hog_cartservice_2
2026-10-04T03:23:41,checkoutservice,13.94140625,0.002725010891136503,0.0,0.1333,0.1856,0.0944,cpu_hog_cartservice_2
2026-10-04T03:23:41,frontend,15.1640625,0.04753524669158515,0.0,0.1333,0.1856,0.0944,cpu_hog_cartservice_2
2026-10-04T03:23:41,loadgenerator,87.55859375,0.005865048815616006,0.0,0.1333,0.1856,0.0944,cpu_hog_cartservice_2
2026-10-04T03:23:46,redis-cart,6.1640625,0.004117040480165946,0.0,0.0826,0.1372,0.0974,cpu_hog_cartservice_2
2026-10-04T03:23:46,paymentservice,35.4921875,0.0009693017404068846,0.0,0.0826,0.1372,0.0974,cpu_hog_cartservice_2
2026-10-04T03:23:46,currencyservice,41.484375,0.02035569299860471,0.0,0.0826,0.1372,0.0974,cpu_hog_cartservice_2
2026-10-04T03:23:46,productcatalogservice,14.3828125,0.02077535900484849,0.0,0.0826,0.1372,0.0974,cpu_hog_cartservice_2
2026-10-04T03:23:46,adservice,107.3359375,0.004614654917998101,0.0,0.0826,0.1372,0.0974,cpu_hog_cartservice_2
2026-10-04T03:23:46,cartservice,67.6875,0.09423160000000191,0.0,0.0826,0.1372,0.0974,cpu_hog_cartservice_2
2026-10-04T03:23:46,recommendationservice,32.86328125,0.01917886048377935,4.0,0.0826,0.1372,0.0974,cpu_hog_cartservice_2
2026-10-04T03:23:46,emailservice,36.75,0.0036794407552836277,0.0,0.0826,0.1372,0.0974,cpu_hog_cartservice_2
2026-10-04T03:23:46,shippingservice,11.94140625,0.0023011244520675365,0.0,0.0826,0.1372,0.0974,cpu_hog_cartservice_2
2026-10-04T03:23:46,checkoutservice,13.94140625,0.0022877980326030463,0.0,0.0826,0.1372,0.0974,cpu_hog_cartservice_2
2026-10-04T03:23:46,frontend,15.1640625,0.04753524669158515,0.0,0.0826,0.1372,0.0974,cpu_hog_cartservice_2
2026-10-04T03:23:46,loadgenerator,87.55859375,0.00710072245439928,0.0,0.0826,0.1372,0.0974,cpu_hog_cartservice_2
2026-10-04T03:23:52,redis-cart,6.1640625,0.004094556715945192,0.0,0.1532,0.1779,0.1095,cpu_hog_cartservice_2
2026-10-04T03:23:52,paymentservice,35.4921875,0.0008095481367228142,0.0,0.1532,0.1779,0.1095,cpu_hog_cartservice_2
2026-10-04T03:23:52,currencyservice,41.453125,0.02512535838623772,0.0,0.1532,0.1779,0.1095,cpu_hog_cartservice_2
2026-10-04T03:23:52,productcatalogservice,14.9375,0.020762143835169816,0.0,0.1532,0.1779,0.1095,cpu_hog_cartservice_2
2026-10-04T03:23:52,adservice,107.3359375,0.004498873202093713,0.0,0.1532,0.1779,0.1095,cpu_hog_cartservice_2
2026-10-04T03:23:52,cartservice,67.92578125,0.19036033878520844,0.0,0.1532,0.1779,0.1095,cpu_hog_cartservice_2
2026-10-04T03:23:52,recommendationservice,32.86328125,0.015418043155506378,4.0,0.1532,0.1779,0.1095,cpu_hog_cartservice_2
2026-10-04T03:23:52,emailservice,36.7421875,0.005146375655098755,0.0,0.1532,0.1779,0.1095,cpu_hog_cartservice_2
2026-10-04T03:23:52,shippingservice,12.69140625,0.0024141984277781135,0.0,0.1532,0.1779,0.1095,cpu_hog_cartservice_2
2026-10-04T03:23:52,checkoutservice,14.18359375,0.001847183537726445,0.0,0.1532,0.1779,0.1095,cpu_hog_cartservice_2
2026-10-04T03:23:52,frontend,16.3359375,0.03978764045616834,0.0,0.1532,0.1779,0.1095,cpu_hog_cartservice_2
2026-10-04T03:23:52,loadgenerator,86.84375,0.00695754042958477,0.0,0.1532,0.1779,0.1095,cpu_hog_cartservice_2
2026-10-04T03:23:57,redis-cart,6.1640625,0.004094556715945192,0.0,0.0543,0.0798,0.1576,cpu_hog_cartservice_2
2026-10-04T03:23:57,paymentservice,35.4921875,0.0007230582252689468,0.0,0.0543,0.0798,0.1576,cpu_hog_cartservice_2
2026-10-04T03:23:57,currencyservice,41.453125,0.02512535838623772,0.0,0.0543,0.0798,0.1576,cpu_hog_cartservice_2
2026-10-04T03:23:57,productcatalogservice,14.9375,0.021157826956313356,0.0,0.0543,0.0798,0.1576,cpu_hog_cartservice_2
2026-10-04T03:23:57,adservice,107.3359375,0.0035869141134192996,0.0,0.0543,0.0798,0.1576,cpu_hog_cartservice_2
2026-10-04T03:23:57,cartservice,67.92578125,0.2162687787049869,0.0,0.0543,0.0798,0.1576,cpu_hog_cartservice_2
2026-10-04T03:23:57,recommendationservice,32.86328125,0.013673611126207668,4.0,0.0543,0.0798,0.1576,cpu_hog_cartservice_2
2026-10-04T03:23:57,emailservice,36.7421875,0.005111714856836702,0.0,0.0543,0.0798,0.1576,cpu_hog_cartservice_2
2026-10-04T03:23:57,shippingservice,12.69140625,0.00233456399843064,0.0,0.0543,0.0798,0.1576,cpu_hog_cartservice_2
2026-10-04T03:23:57,checkoutservice,14.18359375,0.001847183537726445,0.0,0.0543,0.0798,0.1576,cpu_hog_cartservice_2
2026-10-04T03:23:57,frontend,16.3359375,0.04643176858664769,0.0,0.0543,0.0798,0.1576,cpu_hog_cartservice_2
2026-10-04T03:23:57,loadgenerator,86.84375,0.00695754042958477,0.0,0.0543,0.0798,0.1576,cpu_hog_cartservice_2
2026-10-04T03:24:03,redis-cart,6.1640625,0.0024557000000001495,0.0,0.0844,0.0609,0.1675,cpu_hog_cartservice_2
2026-10-04T03:24:03,paymentservice,35.5078125,0.0008956265791462284,0.0,0.0844,0.0609,0.1675,cpu_hog_cartservice_2
2026-10-04T03:24:03,currencyservice,41.75,0.025226016854581482,0.0,0.0844,0.0609,0.1675,cpu_hog_cartservice_2
2026-10-04T03:24:03,productcatalogservice,14.9375,0.016794994880309225,0.0,0.0844,0.0609,0.1675,cpu_hog_cartservice_2
2026-10-04T03:24:03,adservice,107.09375,0.00460493640870843,0.0,0.0844,0.0609,0.1675,cpu_hog_cartservice_2
2026-10-04T03:24:03,cartservice,67.92578125,0.24215380446807816,0.0,0.0844,0.0609,0.1675,cpu_hog_cartservice_2
2026-10-04T03:24:03,recommendationservice,32.87109375,0.01907763188806925,4.0,0.0844,0.0609,0.1675,cpu_hog_cartservice_2
2026-10-04T03:24:03,emailservice,37.234375,0.0049642493003882815,0.0,0.0844,0.0609,0.1675,cpu_hog_cartservice_2
2026-10-04T03:24:03,shippingservice,12.1953125,0.0025421186456180233,0.0,0.0844,0.0609,0.1675,cpu_hog_cartservice_2
2026-10-04T03:24:03,checkoutservice,14.18359375,0.0023649619737713986,0.0,0.0844,0.0609,0.1675,cpu_hog_cartservice_2
2026-10-04T03:24:03,frontend,16.3359375,0.03895341634722823,0.0,0.0844,0.0609,0.1675,cpu_hog_cartservice_2
2026-10-04T03:24:03,loadgenerator,87.1484375,0.007479634307710085,0.0,0.0844,0.0609,0.1675,cpu_hog_cartservice_2
2026-10-04T03:24:08,redis-cart,6.1640625,0.0028052604510723916,0.0,0.2108,0.034,0.0671,cpu_hog_cartservice_2
2026-10-04T03:24:08,paymentservice,35.5078125,0.0007641112795534309,0.0,0.2108,0.034,0.0671,cpu_hog_cartservice_2
2026-10-04T03:24:08,currencyservice,41.75,0.02587420273701196,0.0,0.2108,0.034,0.0671,cpu_hog_cartservice_2
2026-10-04T03:24:08,productcatalogservice,14.9375,0.0149048956722119,0.0,0.2108,0.034,0.0671,cpu_hog_cartservice_2
2026-10-04T03:24:08,adservice,107.09375,0.005068761637212892,0.0,0.2108,0.034,0.0671,cpu_hog_cartservice_2
2026-10-04T03:24:08,cartservice,67.92578125,0.2653047573822646,0.0,0.2108,0.034,0.0671,cpu_hog_cartservice_2
2026-10-04T03:24:08,recommendationservice,32.87109375,0.01907763188806925,4.0,0.2108,0.034,0.0671,cpu_hog_cartservice_2
2026-10-04T03:24:08,emailservice,37.234375,0.003627349999999297,0.0,0.2108,0.034,0.0671,cpu_hog_cartservice_2
2026-10-04T03:24:08,shippingservice,12.1953125,0.0028987442496585026,0.0,0.2108,0.034,0.0671,cpu_hog_cartservice_2
2026-10-04T03:24:08,checkoutservice,14.18359375,0.001956907493213592,0.0,0.2108,0.034,0.0671,cpu_hog_cartservice_2
2026-10-04T03:24:08,frontend,16.3359375,0.036784850001175456,0.0,0.2108,0.034,0.0671,cpu_hog_cartservice_2
2026-10-04T03:24:08,loadgenerator,87.1484375,0.007479634307710085,0.0,0.2108,0.034,0.0671,cpu_hog_cartservice_2
2026-10-04T03:24:13,redis-cart,6.16015625,0.003966474915126855,0.0,0.0979,0.08,0.1155,cpu_hog_cartservice_2
2026-10-04T03:24:13,paymentservice,35.5078125,0.0006838780651715813,0.0,0.0979,0.08,0.1155,cpu_hog_cartservice_2
2026-10-04T03:24:13,currencyservice,41.75,0.025874202737011957,0.0,0.0979,0.08,0.1155,cpu_hog_cartservice_2
2026-10-04T03:24:13,productcatalogservice,13.62890625,0.02074188758822598,0.0,0.0979,0.08,0.1155,cpu_hog_cartservice_2
2026-10-04T03:24:13,adservice,107.09375,0.004057226892986594,0.0,0.0979,0.08,0.1155,cpu_hog_cartservice_2
2026-10-04T03:24:13,cartservice,67.359375,0.29390628261939467,0.0,0.0979,0.08,0.1155,cpu_hog_cartservice_2
2026-10-04T03:24:13,recommendationservice,33.8984375,0.018637381108561005,4.0,0.0979,0.08,0.1155,cpu_hog_cartservice_2
2026-10-04T03:24:13,emailservice,37.234375,0.004059781115438908,0.0,0.0979,0.08,0.1155,cpu_hog_cartservice_2
2026-10-04T03:24:13,shippingservice,12.1953125,0.002467918385553008,0.0,0.0979,0.08,0.1155,cpu_hog_cartservice_2
2026-10-04T03:24:13,checkoutservice,13.9375,0.002127435581780478,0.0,0.0979,0.08,0.1155,cpu_hog_cartservice_2
2026-10-04T03:24:13,frontend,15.16796875,0.049489710407443335,0.0,0.0979,0.08,0.1155,cpu_hog_cartservice_2
2026-10-04T03:24:13,loadgenerator,87.1484375,0.006143459968923574,0.0,0.0979,0.08,0.1155,cpu_hog_cartservice_2
2026-10-04T03:24:19,redis-cart,6.16015625,0.003306673848967253,0.0,0.1065,0.094,0.0648,cpu_hog_cartservice_2
2026-10-04T03:24:19,paymentservice,35.5078125,0.0006209986084189795,0.0,0.1065,0.094,0.0648,cpu_hog_cartservice_2
2026-10-04T03:24:19,currencyservice,41.75,0.02005617263323868,0.0,0.1065,0.094,0.0648,cpu_hog_cartservice_2
2026-10-04T03:24:19,productcatalogservice,13.62890625,0.016484412362203844,0.0,0.1065,0.094,0.0648,cpu_hog_cartservice_2
2026-10-04T03:24:19,adservice,107.09375,0.00360323480901356,0.0,0.1065,0.094,0.0648,cpu_hog_cartservice_2
2026-10-04T03:24:19,cartservice,67.359375,0.2442739144349495,0.0,0.1065,0.094,0.0648,cpu_hog_cartservice_2
2026-10-04T03:24:19,recommendationservice,33.8984375,0.018291060700569812,4.0,0.1065,0.094,0.0648,cpu_hog_cartservice_2
2026-10-04T03:24:19,emailservice,37.234375,0.0035866293666101446,0.0,0.1065,0.094,0.0648,cpu_hog_cartservice_2
2026-10-04T03:24:19,shippingservice,12.1953125,0.001770100000000241,0.0,0.1065,0.094,0.0648,cpu_hog_cartservice_2
2026-10-04T03:24:19,checkoutservice,13.9375,0.0014490293453726932,0.0,0.1065,0.094,0.0648,cpu_hog_cartservice_2
2026-10-04T03:24:19,frontend,15.16796875,0.04796912988339335,0.0,0.1065,0.094,0.0648,cpu_hog_cartservice_2
2026-10-04T03:24:19,loadgenerator,87.1484375,0.005390747972903369,0.0,0.1065,0.094,0.0648,cpu_hog_cartservice_2
2026-10-04T03:24:24,redis-cart,6.66015625,0.0041445329471403265,0.0,0.1583,0.1335,0.2871,cpu_hog_cartservice_2
2026-10-04T03:24:24,paymentservice,35.55859375,0.0009498712106200168,0.0,0.1583,0.1335,0.2871,cpu_hog_cartservice_2
2026-10-04T03:24:24,currencyservice,41.1484375,0.025678918062375343,0.0,0.1583,0.1335,0.2871,cpu_hog_cartservice_2
2026-10-04T03:24:24,productcatalogservice,14.1171875,0.019591583808491363,0.0,0.1583,0.1335,0.2871,cpu_hog_cartservice_2
2026-10-04T03:24:24,adservice,107.22265625,0.0044603010456171705,0.0,0.1583,0.1335,0.2871,cpu_hog_cartservice_2
2026-10-04T03:24:24,cartservice,68.59765625,0.30009996838129105,0.0,0.1583,0.1335,0.2871,cpu_hog_cartservice_2
2026-10-04T03:24:24,recommendationservice,33.12890625,0.018543036103877933,4.0,0.1583,0.1335,0.2871,cpu_hog_cartservice_2
2026-10-04T03:24:24,emailservice,36.9921875,0.005383053898953363,0.0,0.1583,0.1335,0.2871,cpu_hog_cartservice_2
2026-10-04T03:24:24,shippingservice,11.6953125,0.0026914552637466844,0.0,0.1583,0.1335,0.2871,cpu_hog_cartservice_2
2026-10-04T03:24:24,checkoutservice,14.12109375,0.0011464812782051648,0.0,0.1583,0.1335,0.2871,cpu_hog_cartservice_2
2026-10-04T03:24:24,frontend,15.16796875,0.03803012604292877,0.0,0.1583,0.1335,0.2871,cpu_hog_cartservice_2
2026-10-04T03:24:24,loadgenerator,86.84765625,0.007486397608371421,0.0,0.1583,0.1335,0.2871,cpu_hog_cartservice_2
2026-10-04T03:24:30,redis-cart,5.9140625,0.004053744125705208,0.0,0.2298,0.1079,0.1155,cpu_hog_cartservice_2
2026-10-04T03:24:30,paymentservice,35.48046875,0.0010216979144721961,0.0,0.2298,0.1079,0.1155,cpu_hog_cartservice_2
2026-10-04T03:24:30,currencyservice,41.1484375,0.0165172000000041,0.0,0.2298,0.1079,0.1155,cpu_hog_cartservice_2
2026-10-04T03:24:30,productcatalogservice,13.859375,0.021698009081386128,0.0,0.2298,0.1079,0.1155,cpu_hog_cartservice_2
2026-10-04T03:24:30,adservice,107.22265625,0.0044603010456171705,0.0,0.2298,0.1079,0.1155,cpu_hog_cartservice_2
2026-10-04T03:24:30,cartservice,67.85546875,0.24408529767756107,0.0,0.2298,0.1079,0.1155,cpu_hog_cartservice_2
2026-10-04T03:24:30,recommendationservice,32.6796875,0.018714369566014567,4.0,0.2298,0.1079,0.1155,cpu_hog_cartservice_2
2026-10-04T03:24:30,emailservice,36.7421875,0.005181697430495459,0.0,0.2298,0.1079,0.1155,cpu_hog_cartservice_2
2026-10-04T03:24:30,shippingservice,12.4375,0.002639485375786688,0.0,0.2298,0.1079,0.1155,cpu_hog_cartservice_2
2026-10-04T03:24:30,checkoutservice,14.12109375,0.0007961097404695181,0.0,0.2298,0.1079,0.1155,cpu_hog_cartservice_2
2026-10-04T03:24:30,frontend,14.66015625,0.0497866378026297,0.0,0.2298,0.1079,0.1155,cpu_hog_cartservice_2
2026-10-04T03:24:30,loadgenerator,87.33203125,0.007458543178788646,0.0,0.2298,0.1079,0.1155,cpu_hog_cartservice_2
2026-10-04T03:24:35,redis-cart,5.9140625,0.0039774501494395445,0.0,0.1492,0.0685,0.1796,cpu_hog_cartservice_2
2026-10-04T03:24:35,paymentservice,35.48046875,0.0010216979144721963,0.0,0.1492,0.0685,0.1796,cpu_hog_cartservice_2
2026-10-04T03:24:35,currencyservice,41.1484375,0.017510912052930237,0.0,0.1492,0.0685,0.1796,cpu_hog_cartservice_2
2026-10-04T03:24:35,productcatalogservice,13.859375,0.021698009081386128,0.0,0.1492,0.0685,0.1796,cpu_hog_cartservice_2
2026-10-04T03:24:35,adservice,107.22265625,0.003392579313647181,0.0,0.1492,0.0685,0.1796,cpu_hog_cartservice_2
2026-10-04T03:24:35,cartservice,67.85546875,0.25414772148989556,0.0,0.1492,0.0685,0.1796,cpu_hog_cartservice_2
2026-10-04T03:24:35,recommendationservice,32.6796875,0.015191259851408083,4.0,0.1492,0.0685,0.1796,cpu_hog_cartservice_2
2026-10-04T03:24:35,emailservice,36.7421875,0.005181697430495459,0.0,0.1492,0.0685,0.1796,cpu_hog_cartservice_2
2026-10-04T03:24:35,shippingservice,12.4375,0.002589639362858606,0.0,0.1492,0.0685,0.1796,cpu_hog_cartservice_2
2026-10-04T03:24:35,checkoutservice,14.12109375,0.0008446933680030737,0.0,0.1492,0.0685,0.1796,cpu_hog_cartservice_2
2026-10-04T03:24:35,frontend,14.66015625,0.05207277438252433,0.0,0.1492,0.0685,0.1796,cpu_hog_cartservice_2
2026-10-04T03:24:35,loadgenerator,87.33203125,0.007729318883930684,0.0,0.1492,0.0685,0.1796,cpu_hog_cartservice_2
2026-10-04T03:24:41,redis-cart,5.9140625,0.003977450149439544,0.0,0.1697,0.1656,0.0948,cpu_hog_cartservice_2
2026-10-04T03:24:41,paymentservice,35.48046875,0.001157614898532911,0.0,0.1697,0.1656,0.0948,cpu_hog_cartservice_2
2026-10-04T03:24:41,currencyservice,42.203125,0.025705877152268793,0.0,0.1697,0.1656,0.0948,cpu_hog_cartservice_2
2026-10-04T03:24:41,productcatalogservice,14.13671875,0.022310243850494103,0.0,0.1697,0.1656,0.0948,cpu_hog_cartservice_2
2026-10-04T03:24:41,adservice,106.7265625,0.004803423153157727,0.0,0.1697,0.1656,0.0948,cpu_hog_cartservice_2
2026-10-04T03:24:41,cartservice,67.85546875,0.2985592050462426,0.0,0.1697,0.1656,0.0948,cpu_hog_cartservice_2
2026-10-04T03:24:41,recommendationservice,32.63671875,0.019318906506286114,4.0,0.1697,0.1656,0.0948,cpu_hog_cartservice_2
2026-10-04T03:24:41,emailservice,36.7421875,0.005062858859070646,0.0,0.1697,0.1656,0.0948,cpu_hog_cartservice_2
2026-10-04T03:24:41,shippingservice,12.4375,0.002589639362858606,0.0,0.1697,0.1656,0.0948,cpu_hog_cartservice_2
2026-10-04T03:24:41,checkoutservice,13.875,0.0012248687442802046,0.0,0.1697,0.1656,0.0948,cpu_hog_cartservice_2
2026-10-04T03:24:41,frontend,14.484375,0.053058937465419176,0.0,0.1697,0.1656,0.0948,cpu_hog_cartservice_2
2026-10-04T03:24:41,loadgenerator,87.41015625,0.007694032412510879,0.0,0.1697,0.1656,0.0948,cpu_hog_cartservice_2
2026-10-04T03:24:46,redis-cart,5.9140625,0.0027077749999989465,0.0,0.2187,0.0784,0.0706,cpu_hog_cartservice_2
2026-10-04T03:24:46,paymentservice,35.48046875,0.001157614898532911,0.0,0.2187,0.0784,0.0706,cpu_hog_cartservice_2
2026-10-04T03:24:46,currencyservice,42.203125,0.025775863668699755,0.0,0.2187,0.0784,0.0706,cpu_hog_cartservice_2
2026-10-04T03:24:46,productcatalogservice,14.13671875,0.023297529265377755,0.0,0.2187,0.0784,0.0706,cpu_hog_cartservice_2
2026-10-04T03:24:46,adservice,106.7265625,0.004803423153157727,0.0,0.2187,0.0784,0.0706,cpu_hog_cartservice_2
2026-10-04T03:24:46,cartservice,67.85546875,0.29606673941698536,0.0,0.2187,0.0784,0.0706,cpu_hog_cartservice_2
2026-10-04T03:24:46,recommendationservice,32.63671875,0.019318906506286114,4.0,0.2187,0.0784,0.0706,cpu_hog_cartservice_2
2026-10-04T03:24:46,emailservice,36.7421875,0.0051993264530137955,0.0,0.2187,0.0784,0.0706,cpu_hog_cartservice_2
2026-10-04T03:24:46,shippingservice,12.4375,0.002135301523530413,0.0,0.2187,0.0784,0.0706,cpu_hog_cartservice_2
2026-10-04T03:24:46,checkoutservice,13.875,0.001049760147632635,0.0,0.2187,0.0784,0.0706,cpu_hog_cartservice_2
2026-10-04T03:24:46,frontend,14.484375,0.053058937465419176,0.0,0.2187,0.0784,0.0706,cpu_hog_cartservice_2
2026-10-04T03:24:46,loadgenerator,87.41015625,0.007511300161265689,0.0,0.2187,0.0784,0.0706,cpu_hog_cartservice_2
2026-10-04T03:24:52,redis-cart,6.66015625,0.004085499193403847,0.0,0.1901,0.0576,0.1719,cpu_hog_cartservice_2
2026-10-04T03:24:52,paymentservice,35.48046875,0.00155732812615152,0.0,0.1901,0.0576,0.1719,cpu_hog_cartservice_2
2026-10-04T03:24:52,currencyservice,42.203125,0.01966150660818831,0.0,0.1901,0.0576,0.1719,cpu_hog_cartservice_2
2026-10-04T03:24:52,productcatalogservice,14.13671875,0.023297529265377755,0.0,0.1901,0.0576,0.1719,cpu_hog_cartservice_2
2026-10-04T03:24:52,adservice,106.9609375,0.004804807674291872,0.0,0.1901,0.0576,0.1719,cpu_hog_cartservice_2
2026-10-04T03:24:52,cartservice,67.87109375,0.2997689813756532,0.0,0.1901,0.0576,0.1719,cpu_hog_cartservice_2
2026-10-04T03:24:52,recommendationservice,32.63671875,0.016648590902176606,4.0,0.1901,0.0576,0.1719,cpu_hog_cartservice_2
2026-10-04T03:24:52,emailservice,36.7421875,0.0051993264530137955,0.0,0.1901,0.0576,0.1719,cpu_hog_cartservice_2
2026-10-04T03:24:52,shippingservice,12.0390625,0.0024227358293241125,0.0,0.1901,0.0576,0.1719,cpu_hog_cartservice_2
2026-10-04T03:24:52,checkoutservice,13.875,0.0008153878503444471,0.0,0.1901,0.0576,0.1719,cpu_hog_cartservice_2
2026-10-04T03:24:52,frontend,14.07421875,0.04980908182524723,0.0,0.1901,0.0576,0.1719,cpu_hog_cartservice_2
2026-10-04T03:24:52,loadgenerator,87.41015625,0.007511300161265689,0.0,0.1901,0.0576,0.1719,cpu_hog_cartservice_2
2026-10-04T03:24:57,redis-cart,6.66015625,0.004085499193403847,0.0,0.093,0.1326,0.1694,cpu_hog_cartservice_2
2026-10-04T03:24:57,paymentservice,35.48046875,0.0018165404934373961,0.0,0.093,0.1326,0.1694,cpu_hog_cartservice_2
2026-10-04T03:24:57,currencyservice,42.203125,0.01822275215692161,0.0,0.093,0.1326,0.1694,cpu_hog_cartservice_2
2026-10-04T03:24:57,productcatalogservice,14.13671875,0.01881877341018609,0.0,0.093,0.1326,0.1694,cpu_hog_cartservice_2
2026-10-04T03:24:57,adservice,106.9609375,0.005148488943841148,0.0,0.093,0.1326,0.1694,cpu_hog_cartservice_2
2026-10-04T03:24:57,cartservice,67.87109375,0.24387288834044069,0.0,0.093,0.1326,0.1694,cpu_hog_cartservice_2
2026-10-04T03:24:57,recommendationservice,32.63671875,0.015454245649171203,4.0,0.093,0.1326,0.1694,cpu_hog_cartservice_2
2026-10-04T03:24:57,emailservice,36.7421875,0.004045437477627711,0.0,0.093,0.1326,0.1694,cpu_hog_cartservice_2
2026-10-04T03:24:57,shippingservice,12.0390625,0.002422735829324112,0.0,0.093,0.1326,0.1694,cpu_hog_cartservice_2
2026-10-04T03:24:57,checkoutservice,13.875,0.0007177141851881983,0.0,0.093,0.1326,0.1694,cpu_hog_cartservice_2
2026-10-04T03:24:57,frontend,14.07421875,0.04980908182524723,0.0,0.093,0.1326,0.1694,cpu_hog_cartservice_2
2026-10-04T03:24:57,loadgenerator,87.41015625,0.004697100000001342,0.0,0.093,0.1326,0.1694,cpu_hog_cartservice_2
2026-10-04T03:25:03,redis-cart,6.41015625,0.003949517078916836,0.0,0.1613,0.166,0.2013,cpu_hog_cartservice_2
2026-10-04T03:25:03,paymentservice,35.48046875,0.0018165404934373964,0.0,0.1613,0.166,0.2013,cpu_hog_cartservice_2
2026-10-04T03:25:03,currencyservice,40.9453125,0.027617014757694406,0.0,0.1613,0.166,0.2013,cpu_hog_cartservice_2
2026-10-04T03:25:03,productcatalogservice,14.12109375,0.023722225802986396,0.0,0.1613,0.166,0.2013,cpu_hog_cartservice_2
2026-10-04T03:25:03,adservice,106.9609375,0.005148488943841148,0.0,0.1613,0.166,0.2013,cpu_hog_cartservice_2
2026-10-04T03:25:03,cartservice,67.87109375,0.29804217462723515,0.0,0.1613,0.166,0.2013,cpu_hog_cartservice_2
2026-10-04T03:25:03,recommendationservice,33.375,0.018460025743708038,4.0,0.1613,0.166,0.2013,cpu_hog_cartservice_2
2026-10-04T03:25:03,emailservice,36.7421875,0.0048153589948986145,0.0,0.1613,0.166,0.2013,cpu_hog_cartservice_2
2026-10-04T03:25:03,shippingservice,12.0390625,0.0021443409294416623,0.0,0.1613,0.166,0.2013,cpu_hog_cartservice_2
2026-10-04T03:25:03,checkoutservice,13.875,0.0015376044568247657,0.0,0.1613,0.166,0.2013,cpu_hog_cartservice_2
2026-10-04T03:25:03,frontend,14.07421875,0.04980908182524723,0.0,0.1613,0.166,0.2013,cpu_hog_cartservice_2
2026-10-04T03:25:03,loadgenerator,86.93359375,0.0069724098290002545,0.0,0.1613,0.166,0.2013,cpu_hog_cartservice_2
2026-10-04T03:25:08,redis-cart,6.41015625,0.003949517078916836,0.0,0.2622,0.1081,0.0307,cpu_hog_cartservice_2
2026-10-04T03:25:08,paymentservice,35.48046875,0.001447646532732597,0.0,0.2622,0.1081,0.0307,cpu_hog_cartservice_2
2026-10-04T03:25:08,currencyservice,40.9453125,0.02761701475769441,0.0,0.2622,0.1081,0.0307,cpu_hog_cartservice_2
2026-10-04T03:25:08,productcatalogservice,14.12109375,0.023722225802986396,0.0,0.2622,0.1081,0.0307,cpu_hog_cartservice_2
2026-10-04T03:25:08,adservice,106.9609375,0.0040651825139451725,0.0,0.2622,0.1081,0.0307,cpu_hog_cartservice_2
2026-10-04T03:25:08,cartservice,67.87109375,0.2970649020020278,0.0,0.2622,0.1081,0.0307,cpu_hog_cartservice_2
2026-10-04T03:25:08,recommendationservice,33.375,0.018460025743708038,4.0,0.2622,0.1081,0.0307,cpu_hog_cartservice_2
2026-10-04T03:25:08,emailservice,36.7421875,0.004815358994898615,0.0,0.2622,0.1081,0.0307,cpu_hog_cartservice_2
2026-10-04T03:25:08,shippingservice,12.0390625,0.0019098664564197202,0.0,0.2622,0.1081,0.0307,cpu_hog_cartservice_2
2026-10-04T03:25:08,checkoutservice,13.875,0.0016864640956319225,0.0,0.2622,0.1081,0.0307,cpu_hog_cartservice_2
2026-10-04T03:25:08,frontend,14.07421875,0.03751653850846578,0.0,0.2622,0.1081,0.0307,cpu_hog_cartservice_2
2026-10-04T03:25:08,loadgenerator,86.93359375,0.0069724098290002545,0.0,0.2622,0.1081,0.0307,cpu_hog_cartservice_2
2026-10-04T03:25:14,redis-cart,6.41015625,0.003320688134668628,0.0,0.104,0.0481,0.157,cpu_hog_cartservice_2
2026-10-04T03:25:14,paymentservice,35.52734375,0.0016225186347588252,0.0,0.104,0.0481,0.157,cpu_hog_cartservice_2
2026-10-04T03:25:14,currencyservice,41.05859375,0.028853349376011073,0.0,0.104,0.0481,0.157,cpu_hog_cartservice_2
2026-10-04T03:25:14,productcatalogservice,14.12109375,0.022234541577821867,0.0,0.104,0.0481,0.157,cpu_hog_cartservice_2
2026-10-04T03:25:14,adservice,107.08984375,0.0048887256702163425,0.0,0.104,0.0481,0.157,cpu_hog_cartservice_2
2026-10-04T03:25:14,cartservice,67.359375,0.29949033240715506,0.0,0.104,0.0481,0.157,cpu_hog_cartservice_2
2026-10-04T03:25:14,recommendationservice,33.375,0.015330743713053792,4.0,0.104,0.0481,0.157,cpu_hog_cartservice_2
2026-10-04T03:25:14,emailservice,36.7421875,0.004583256170376526,0.0,0.104,0.0481,0.157,cpu_hog_cartservice_2
2026-10-04T03:25:14,shippingservice,11.79296875,0.0024700709503343416,0.0,0.104,0.0481,0.157,cpu_hog_cartservice_2
2026-10-04T03:25:14,checkoutservice,14.12109375,0.002064327485379824,0.0,0.104,0.0481,0.157,cpu_hog_cartservice_2
2026-10-04T03:25:14,frontend,14.79296875,0.04904100274548873,0.0,0.104,0.0481,0.157,cpu_hog_cartservice_2
2026-10-04T03:25:14,loadgenerator,86.93359375,0.005607759904824507,0.0,0.104,0.0481,0.157,cpu_hog_cartservice_2
2026-10-04T03:25:19,redis-cart,6.41015625,0.0030336857169976955,0.0,0.1155,0.0905,0.0945,cpu_hog_cartservice_2
2026-10-04T03:25:19,paymentservice,35.52734375,0.0016225186347588252,0.0,0.1155,0.0905,0.0945,cpu_hog_cartservice_2
2026-10-04T03:25:19,currencyservice,41.05859375,0.028853349376011073,0.0,0.1155,0.0905,0.0945,cpu_hog_cartservice_2
2026-10-04T03:25:19,productcatalogservice,14.12109375,0.017644776332619985,0.0,0.1155,0.0905,0.0945,cpu_hog_cartservice_2
2026-10-04T03:25:19,adservice,107.08984375,0.0048887256702163425,0.0,0.1155,0.0905,0.0945,cpu_hog_cartservice_2
2026-10-04T03:25:19,cartservice,67.359375,0.29949033240715506,0.0,0.1155,0.0905,0.0945,cpu_hog_cartservice_2
2026-10-04T03:25:19,recommendationservice,33.375,0.013571420003078623,4.0,0.1155,0.0905,0.0945,cpu_hog_cartservice_2
2026-10-04T03:25:19,emailservice,36.7421875,0.0034830264297769304,0.0,0.1155,0.0905,0.0945,cpu_hog_cartservice_2
2026-10-04T03:25:19,shippingservice,11.79296875,0.0024634052175829995,0.0,0.1155,0.0905,0.0945,cpu_hog_cartservice_2
2026-10-04T03:25:19,checkoutservice,14.12109375,0.0021440893079151457,0.0,0.1155,0.0905,0.0945,cpu_hog_cartservice_2
2026-10-04T03:25:19,frontend,14.79296875,0.03933456227708788,0.0,0.1155,0.0905,0.0945,cpu_hog_cartservice_2
2026-10-04T03:25:19,loadgenerator,86.93359375,0.004990923719089987,0.0,0.1155,0.0905,0.0945,cpu_hog_cartservice_2
2026-10-04T03:25:25,redis-cart,6.15625,0.0043177789203093855,0.0,0.182,0.0911,0.0893,cpu_hog_cartservice_2
2026-10-04T03:25:25,paymentservice,35.52734375,0.0016225186347588252,0.0,0.182,0.0911,0.0893,cpu_hog_cartservice_2
2026-10-04T03:25:25,currencyservice,41.05859375,0.028853349376011073,0.0,0.182,0.0911,0.0893,cpu_hog_cartservice_2
2026-10-04T03:25:25,productcatalogservice,14.16015625,0.022597984392603004,0.0,0.182,0.0911,0.0893,cpu_hog_cartservice_2
2026-10-04T03:25:25,adservice,107.33203125,0.004869822485206811,0.0,0.182,0.0911,0.0893,cpu_hog_cartservice_2
2026-10-04T03:25:25,cartservice,67.359375,0.2432788840348613,0.0,0.182,0.0911,0.0893,cpu_hog_cartservice_2
2026-10-04T03:25:25,recommendationservice,32.66015625,0.020759965427118693,4.0,0.182,0.0911,0.0893,cpu_hog_cartservice_2
2026-10-04T03:25:25,emailservice,36.98828125,0.005198572136389725,0.0,0.182,0.0911,0.0893,cpu_hog_cartservice_2
2026-10-04T03:25:25,shippingservice,11.79296875,0.0024634052175829995,0.0,0.182,0.0911,0.0893,cpu_hog_cartservice_2
2026-10-04T03:25:25,checkoutservice,14.12109375,0.0021440893079151457,0.0,0.182,0.0911,0.0893,cpu_hog_cartservice_2
2026-10-04T03:25:25,frontend,15.01171875,0.041749796403548596,0.0,0.182,0.0911,0.0893,cpu_hog_cartservice_2
2026-10-04T03:25:25,loadgenerator,87.20703125,0.00722100089365363,0.0,0.182,0.0911,0.0893,cpu_hog_cartservice_2
2026-10-04T03:25:30,redis-cart,6.15625,0.004419698891165129,0.0,0.1326,0.0758,0.1661,cpu_hog_cartservice_2
2026-10-04T03:25:30,paymentservice,35.51953125,0.001161269712194667,0.0,0.1326,0.0758,0.1661,cpu_hog_cartservice_2
2026-10-04T03:25:30,currencyservice,41.3671875,0.022467801740788912,0.0,0.1326,0.0758,0.1661,cpu_hog_cartservice_2
2026-10-04T03:25:30,productcatalogservice,14.3671875,0.021682238453095793,0.0,0.1326,0.0758,0.1661,cpu_hog_cartservice_2
2026-10-04T03:25:30,adservice,107.33203125,0.004869822485206811,0.0,0.1326,0.0758,0.1661,cpu_hog_cartservice_2
2026-10-04T03:25:30,cartservice,68.36328125,0.3010647633809072,0.0,0.1326,0.0758,0.1661,cpu_hog_cartservice_2
2026-10-04T03:25:30,recommendationservice,32.6171875,0.01955384490227646,4.0,0.1326,0.0758,0.1661,cpu_hog_cartservice_2
2026-10-04T03:25:30,emailservice,36.7421875,0.005206086164148812,0.0,0.1326,0.0758,0.1661,cpu_hog_cartservice_2
2026-10-04T03:25:30,shippingservice,12.29296875,0.0024749028127141787,0.0,0.1326,0.0758,0.1661,cpu_hog_cartservice_2
2026-10-04T03:25:30,checkoutservice,13.87109375,0.002173337028824567,0.0,0.1326,0.0758,0.1661,cpu_hog_cartservice_2
2026-10-04T03:25:30,frontend,15.01171875,0.03737710579672359,0.0,0.1326,0.0758,0.1661,cpu_hog_cartservice_2
2026-10-04T03:25:30,loadgenerator,87.1796875,0.0070526209799211025,0.0,0.1326,0.0758,0.1661,cpu_hog_cartservice_2
2026-10-04T03:25:35,redis-cart,6.15625,0.003621298701888195,0.0,0.1846,0.1022,0.0951,cpu_hog_cartservice_2
2026-10-04T03:25:35,paymentservice,35.51953125,0.001161269712194667,0.0,0.1846,0.1022,0.0951,cpu_hog_cartservice_2
2026-10-04T03:25:35,currencyservice,41.3671875,0.027609212254498507,0.0,0.1846,0.1022,0.0951,cpu_hog_cartservice_2
2026-10-04T03:25:35,productcatalogservice,14.3671875,0.021682238453095793,0.0,0.1846,0.1022,0.0951,cpu_hog_cartservice_2
2026-10-04T03:25:35,adservice,107.33203125,0.003980520312499923,0.0,0.1846,0.1022,0.0951,cpu_hog_cartservice_2
2026-10-04T03:25:35,cartservice,68.36328125,0.30106476338090715,0.0,0.1846,0.1022,0.0951,cpu_hog_cartservice_2
2026-10-04T03:25:35,recommendationservice,32.6171875,0.01955384490227646,4.0,0.1846,0.1022,0.0951,cpu_hog_cartservice_2
2026-10-04T03:25:35,emailservice,36.7421875,0.005206086164148812,0.0,0.1846,0.1022,0.0951,cpu_hog_cartservice_2
2026-10-04T03:25:35,shippingservice,12.29296875,0.0024749028127141787,0.0,0.1846,0.1022,0.0951,cpu_hog_cartservice_2
2026-10-04T03:25:35,checkoutservice,13.87109375,0.0021407136373947167,0.0,0.1846,0.1022,0.0951,cpu_hog_cartservice_2
2026-10-04T03:25:35,frontend,15.01171875,0.03298034974902446,0.0,0.1846,0.1022,0.0951,cpu_hog_cartservice_2
2026-10-04T03:25:35,loadgenerator,87.1796875,0.007052620979921103,0.0,0.1846,0.1022,0.0951,cpu_hog_cartservice_2
2026-10-04T03:25:41,redis-cart,6.65625,0.004231855629658464,0.0,0.0798,0.0162,0.0558,cpu_hog_cartservice_2
2026-10-04T03:25:41,paymentservice,35.55078125,0.0009741118033337017,0.0,0.0798,0.0162,0.0558,cpu_hog_cartservice_2
2026-10-04T03:25:41,currencyservice,41.3671875,0.02280417397675622,0.0,0.0798,0.0162,0.0558,cpu_hog_cartservice_2
2026-10-04T03:25:41,productcatalogservice,14.3671875,0.018256126442668292,0.0,0.0798,0.0162,0.0558,cpu_hog_cartservice_2
2026-10-04T03:25:41,adservice,107.32421875,0.004747471334755312,0.0,0.0798,0.0162,0.0558,cpu_hog_cartservice_2
2026-10-04T03:25:41,cartservice,67.6328125,0.2994192097150549,0.0,0.0798,0.0162,0.0558,cpu_hog_cartservice_2
2026-10-04T03:25:41,recommendationservice,32.6171875,0.021739678558462802,4.0,0.0798,0.0162,0.0558,cpu_hog_cartservice_2
2026-10-04T03:25:41,emailservice,36.984375,0.004543319146192675,0.0,0.0798,0.0162,0.0558,cpu_hog_cartservice_2
2026-10-04T03:25:41,shippingservice,11.81640625,0.0023908391251426108,0.0,0.0798,0.0162,0.0558,cpu_hog_cartservice_2
2026-10-04T03:25:41,checkoutservice,13.87109375,0.0017581485734472937,0.0,0.0798,0.0162,0.0558,cpu_hog_cartservice_2
2026-10-04T03:25:41,frontend,15.04296875,0.052265739724352146,0.0,0.0798,0.0162,0.0558,cpu_hog_cartservice_2
2026-10-04T03:25:41,loadgenerator,87.1796875,0.007486434872227691,0.0,0.0798,0.0162,0.0558,cpu_hog_cartservice_2
2026-10-04T03:25:46,redis-cart,6.65625,0.004231855629658464,0.0,0.1313,0.0861,0.0911,cpu_hog_cartservice_2
2026-10-04T03:25:46,paymentservice,35.55078125,0.0009741118033337015,0.0,0.1313,0.0861,0.0911,cpu_hog_cartservice_2
2026-10-04T03:25:46,currencyservice,41.3671875,0.02030922149602471,0.0,0.1313,0.0861,0.0911,cpu_hog_cartservice_2
2026-10-04T03:25:46,productcatalogservice,14.3671875,0.01756744366880724,0.0,0.1313,0.0861,0.0911,cpu_hog_cartservice_2
2026-10-04T03:25:46,adservice,107.32421875,0.004747471334755312,0.0,0.1313,0.0861,0.0911,cpu_hog_cartservice_2
2026-10-04T03:25:46,cartservice,67.6328125,0.30056149205425925,0.0,0.1313,0.0861,0.0911,cpu_hog_cartservice_2
2026-10-04T03:25:46,recommendationservice,32.6171875,0.017497270869772773,4.0,0.1313,0.0861,0.0911,cpu_hog_cartservice_2
2026-10-04T03:25:46,emailservice,36.984375,0.005374588895338338,0.0,0.1313,0.0861,0.0911,cpu_hog_cartservice_2
2026-10-04T03:25:46,shippingservice,11.81640625,0.001989432821925659,0.0,0.1313,0.0861,0.0911,cpu_hog_cartservice_2
2026-10-04T03:25:46,checkoutservice,13.87109375,0.0017581485734472937,0.0,0.1313,0.0861,0.0911,cpu_hog_cartservice_2
2026-10-04T03:25:46,frontend,15.04296875,0.043972473473590575,0.0,0.1313,0.0861,0.0911,cpu_hog_cartservice_2
2026-10-04T03:25:46,loadgenerator,87.1796875,0.007486434872227692,0.0,0.1313,0.0861,0.0911,cpu_hog_cartservice_2
2026-10-04T03:25:52,redis-cart,6.40234375,0.004293384114503383,0.0,0.0989,0.0684,0.1085,cpu_hog_cartservice_2
2026-10-04T03:25:52,paymentservice,35.5703125,0.0007484912012512066,0.0,0.0989,0.0684,0.1085,cpu_hog_cartservice_2
2026-10-04T03:25:52,currencyservice,41.4921875,0.025469995339084416,0.0,0.0989,0.0684,0.1085,cpu_hog_cartservice_2
2026-10-04T03:25:52,productcatalogservice,13.87890625,0.02142411394916767,0.0,0.0989,0.0684,0.1085,cpu_hog_cartservice_2
2026-10-04T03:25:52,adservice,107.078125,0.004528125876742647,0.0,0.0989,0.0684,0.1085,cpu_hog_cartservice_2
2026-10-04T03:25:52,cartservice,67.6640625,0.3003596912786887,0.0,0.0989,0.0684,0.1085,cpu_hog_cartservice_2
2026-10-04T03:25:52,recommendationservice,32.37109375,0.02077743804312821,4.0,0.0989,0.0684,0.1085,cpu_hog_cartservice_2
2026-10-04T03:25:52,emailservice,36.984375,0.005374588895338337,0.0,0.0989,0.0684,0.1085,cpu_hog_cartservice_2
2026-10-04T03:25:52,shippingservice,11.81640625,0.0024286303892316207,0.0,0.0989,0.0684,0.1085,cpu_hog_cartservice_2
2026-10-04T03:25:52,checkoutservice,13.87109375,0.0009746249999999178,0.0,0.0989,0.0684,0.1085,cpu_hog_cartservice_2
2026-10-04T03:25:52,frontend,14.953125,0.050854749563972824,0.0,0.0989,0.0684,0.1085,cpu_hog_cartservice_2
2026-10-04T03:25:52,loadgenerator,86.92578125,0.007177134633112889,0.0,0.0989,0.0684,0.1085,cpu_hog_cartservice_2
2026-10-04T03:25:57,redis-cart,6.40234375,0.004293384114503383,0.0,0.2645,0.107,0.0935,cpu_hog_cartservice_2
2026-10-04T03:25:57,paymentservice,35.5703125,0.0008801033183101737,0.0,0.2645,0.107,0.0935,cpu_hog_cartservice_2
2026-10-04T03:25:57,currencyservice,41.4921875,0.025469995339084416,0.0,0.2645,0.107,0.0935,cpu_hog_cartservice_2
2026-10-04T03:25:57,productcatalogservice,13.87890625,0.02142411394916767,0.0,0.2645,0.107,0.0935,cpu_hog_cartservice_2
2026-10-04T03:25:57,adservice,107.078125,0.004528125876742647,0.0,0.2645,0.107,0.0935,cpu_hog_cartservice_2
2026-10-04T03:25:57,cartservice,67.6640625,0.25158120733002043,0.0,0.2645,0.107,0.0935,cpu_hog_cartservice_2
2026-10-04T03:25:57,recommendationservice,32.37109375,0.010989675000001855,4.0,0.2645,0.107,0.0935,cpu_hog_cartservice_2
2026-10-04T03:25:57,emailservice,36.984375,0.0038388331620642776,0.0,0.2645,0.107,0.0935,cpu_hog_cartservice_2
2026-10-04T03:25:57,shippingservice,11.81640625,0.001909368973427323,0.0,0.2645,0.107,0.0935,cpu_hog_cartservice_2
2026-10-04T03:25:57,checkoutservice,13.87109375,0.0011232228758808764,0.0,0.2645,0.107,0.0935,cpu_hog_cartservice_2
2026-10-04T03:25:57,frontend,14.953125,0.043378960114875596,0.0,0.2645,0.107,0.0935,cpu_hog_cartservice_2
2026-10-04T03:25:57,loadgenerator,86.92578125,0.005369553935713234,0.0,0.2645,0.107,0.0935,cpu_hog_cartservice_2
2026-10-04T03:26:03,redis-cart,6.40234375,0.0033724238133651476,0.0,0.1532,0.1606,0.0303,cpu_hog_cartservice_2
2026-10-04T03:26:03,paymentservice,35.5703125,0.0007128470168596445,0.0,0.1532,0.1606,0.0303,cpu_hog_cartservice_2
2026-10-04T03:26:03,currencyservice,41.625,0.024211136341198872,0.0,0.1532,0.1606,0.0303,cpu_hog_cartservice_2
2026-10-04T03:26:03,productcatalogservice,13.87890625,0.020519658380359844,0.0,0.1532,0.1606,0.0303,cpu_hog_cartservice_2
2026-10-04T03:26:03,adservice,107.078125,0.003852126995854712,0.0,0.1532,0.1606,0.0303,cpu_hog_cartservice_2
2026-10-04T03:26:03,cartservice,67.6640625,0.2951080922587209,0.0,0.1532,0.1606,0.0303,cpu_hog_cartservice_2
2026-10-04T03:26:03,recommendationservice,32.859375,0.019118300835656517,4.0,0.1532,0.1606,0.0303,cpu_hog_cartservice_2
2026-10-04T03:26:03,emailservice,36.7421875,0.00484147019707559,0.0,0.1532,0.1606,0.0303,cpu_hog_cartservice_2
2026-10-04T03:26:03,shippingservice,12.58203125,0.002526707619706547,0.0,0.1532,0.1606,0.0303,cpu_hog_cartservice_2
2026-10-04T03:26:03,checkoutservice,14.1171875,0.0012343604331508495,0.0,0.1532,0.1606,0.0303,cpu_hog_cartservice_2
2026-10-04T03:26:03,frontend,14.90234375,0.05015222934490021,0.0,0.1532,0.1606,0.0303,cpu_hog_cartservice_2
2026-10-04T03:26:03,loadgenerator,87.16015625,0.006925448373697071,0.0,0.1532,0.1606,0.0303,cpu_hog_cartservice_2
2026-10-04T03:26:08,redis-cart,6.40234375,0.003007317817068947,0.0,0.144,0.1269,0.1395,cpu_hog_cartservice_2
2026-10-04T03:26:08,paymentservice,35.5703125,0.00031224999999999173,0.0,0.144,0.1269,0.1395,cpu_hog_cartservice_2
2026-10-04T03:26:08,currencyservice,41.625,0.02298975409835911,0.0,0.144,0.1269,0.1395,cpu_hog_cartservice_2
2026-10-04T03:26:08,productcatalogservice,13.87890625,0.01595035795193663,0.0,0.144,0.1269,0.1395,cpu_hog_cartservice_2
2026-10-04T03:26:08,adservice,107.078125,0.003359729805952865,0.0,0.144,0.1269,0.1395,cpu_hog_cartservice_2
2026-10-04T03:26:08,cartservice,67.6640625,0.19922165560151975,0.0,0.144,0.1269,0.1395,cpu_hog_cartservice_2
2026-10-04T03:26:08,recommendationservice,32.859375,0.015614022505263095,4.0,0.144,0.1269,0.1395,cpu_hog_cartservice_2
2026-10-04T03:26:08,emailservice,36.7421875,0.004054933017975684,0.0,0.144,0.1269,0.1395,cpu_hog_cartservice_2
2026-10-04T03:26:08,shippingservice,12.58203125,0.002466650800262289,0.0,0.144,0.1269,0.1395,cpu_hog_cartservice_2
2026-10-04T03:26:08,checkoutservice,14.1171875,0.00103129099800263,0.0,0.144,0.1269,0.1395,cpu_hog_cartservice_2
2026-10-04T03:26:08,frontend,14.90234375,0.05015222934490021,0.0,0.144,0.1269,0.1395,cpu_hog_cartservice_2
2026-10-04T03:26:08,loadgenerator,87.16015625,0.00577551614595786,0.0,0.144,0.1269,0.1395,cpu_hog_cartservice_2
2026-10-04T03:26:13,redis-cart,6.40625,0.003982896461335983,0.0,0.2653,0.1683,0.1916,cpu_hog_cartservice_2
2026-10-04T03:26:13,paymentservice,35.50390625,0.0006889332237997588,0.0,0.2653,0.1683,0.1916,cpu_hog_cartservice_2
2026-10-04T03:26:13,currencyservice,40.8828125,0.02213181674422836,0.0,0.2653,0.1683,0.1916,cpu_hog_cartservice_2
2026-10-04T03:26:13,productcatalogservice,13.8671875,0.02045380072946511,0.0,0.2653,0.1683,0.1916,cpu_hog_cartservice_2
2026-10-04T03:26:13,adservice,107.078125,0.004471243805647238,0.0,0.2653,0.1683,0.1916,cpu_hog_cartservice_2
2026-10-04T03:26:13,cartservice,67.87890625,0.29903424996324074,0.0,0.2653,0.1683,0.1916,cpu_hog_cartservice_2
2026-10-04T03:26:13,recommendationservice,33.13671875,0.019664430605339095,4.0,0.2653,0.1683,0.1916,cpu_hog_cartservice_2
2026-10-04T03:26:13,emailservice,36.7421875,0.0035845570417674987,0.0,0.2653,0.1683,0.1916,cpu_hog_cartservice_2
2026-10-04T03:26:13,shippingservice,12.58203125,0.002005037658416537,0.0,0.2653,0.1683,0.1916,cpu_hog_cartservice_2
2026-10-04T03:26:13,checkoutservice,13.87109375,0.0006126785280381179,0.0,0.2653,0.1683,0.1916,cpu_hog_cartservice_2
2026-10-04T03:26:13,frontend,14.8671875,0.03899528052887085,0.0,0.2653,0.1683,0.1916,cpu_hog_cartservice_2
2026-10-04T03:26:13,loadgenerator,87.1875,0.007242945529541628,0.0,0.2653,0.1683,0.1916,cpu_hog_cartservice_2
2026-10-04T03:26:19,redis-cart,6.40625,0.0028325749999993377,0.0,0.036,0.0424,0.0713,cpu_hog_cartservice_2
2026-10-04T03:26:19,paymentservice,35.50390625,0.0006889332237997586,0.0,0.036,0.0424,0.0713,cpu_hog_cartservice_2
2026-10-04T03:26:19,currencyservice,40.8828125,0.02213181674422836,0.0,0.036,0.0424,0.0713,cpu_hog_cartservice_2
2026-10-04T03:26:19,productcatalogservice,13.8671875,0.02045380072946511,0.0,0.036,0.0424,0.0713,cpu_hog_cartservice_2
2026-10-04T03:26:19,adservice,107.078125,0.0044638806547245774,0.0,0.036,0.0424,0.0713,cpu_hog_cartservice_2
2026-10-04T03:26:19,cartservice,67.87890625,0.2521881657549369,0.0,0.036,0.0424,0.0713,cpu_hog_cartservice_2
2026-10-04T03:26:19,recommendationservice,33.13671875,0.02063080953628411,4.0,0.036,0.0424,0.0713,cpu_hog_cartservice_2
2026-10-04T03:26:19,emailservice,36.7421875,0.00315898149457835,0.0,0.036,0.0424,0.0713,cpu_hog_cartservice_2
2026-10-04T03:26:19,shippingservice,12.58203125,0.0017899045977869945,0.0,0.036,0.0424,0.0713,cpu_hog_cartservice_2
2026-10-04T03:26:19,checkoutservice,13.87109375,0.0005016220354072085,0.0,0.036,0.0424,0.0713,cpu_hog_cartservice_2
2026-10-04T03:26:19,frontend,14.8671875,0.04687887487233146,0.0,0.036,0.0424,0.0713,cpu_hog_cartservice_2
2026-10-04T03:26:19,loadgenerator,87.1875,0.007242945529541628,0.0,0.036,0.0424,0.0713,cpu_hog_cartservice_2
2026-10-04T03:26:24,redis-cart,6.40234375,0.004222337939443131,0.0,0.0403,0.0626,0.036,cpu_hog_cartservice_2
2026-10-04T03:26:24,paymentservice,35.75,0.0010299871828976712,0.0,0.0403,0.0626,0.036,cpu_hog_cartservice_2
2026-10-04T03:26:24,currencyservice,40.8828125,0.013935374999999795,0.0,0.0403,0.0626,0.036,cpu_hog_cartservice_2
2026-10-04T03:26:24,productcatalogservice,13.12890625,0.02399083657189602,0.0,0.0403,0.0626,0.036,cpu_hog_cartservice_2
2026-10-04T03:26:24,adservice,107.078125,0.003647288086953628,0.0,0.0403,0.0626,0.036,cpu_hog_cartservice_2
2026-10-04T03:26:24,cartservice,1.66796875,0.26555209527059603,0.0,0.0403,0.0626,0.036,cpu_hog_cartservice_2
2026-10-04T03:26:24,recommendationservice,33.13671875,0.016255244064855325,4.0,0.0403,0.0626,0.036,cpu_hog_cartservice_2
2026-10-04T03:26:24,emailservice,36.7421875,0.004879563742769177,0.0,0.0403,0.0626,0.036,cpu_hog_cartservice_2
2026-10-04T03:26:24,shippingservice,12.12890625,0.0025330670706512244,0.0,0.0403,0.0626,0.036,cpu_hog_cartservice_2
2026-10-04T03:26:24,checkoutservice,13.87109375,0.00133456199513785,0.0,0.0403,0.0626,0.036,cpu_hog_cartservice_2
2026-10-04T03:26:24,frontend,14.4296875,0.05030045268987167,0.0,0.0403,0.0626,0.036,cpu_hog_cartservice_2
2026-10-04T03:26:24,loadgenerator,87.1875,0.007242945529541628,0.0,0.0403,0.0626,0.036,cpu_hog_cartservice_2
2026-10-04T03:26:30,redis-cart,6.40234375,0.0036089964388730227,0.0,0.0252,0.0219,0.0266,cpu_hog_cartservice_2
2026-10-04T03:26:30,paymentservice,35.75,0.0010299871828976712,0.0,0.0252,0.0219,0.0266,cpu_hog_cartservice_2
2026-10-04T03:26:30,currencyservice,40.8828125,0.015125439074634683,0.0,0.0252,0.0219,0.0266,cpu_hog_cartservice_2
2026-10-04T03:26:30,productcatalogservice,13.12890625,0.022193495904712247,0.0,0.0252,0.0219,0.0266,cpu_hog_cartservice_2
2026-10-04T03:26:30,adservice,107.078125,0.0032635431466691385,0.0,0.0252,0.0219,0.0266,cpu_hog_cartservice_2
2026-10-04T03:26:30,cartservice,1.66796875,0.3041802028399662,0.0,0.0252,0.0219,0.0266,cpu_hog_cartservice_2
2026-10-04T03:26:30,recommendationservice,33.13671875,0.01520396744400493,4.0,0.0252,0.0219,0.0266,cpu_hog_cartservice_2
2026-10-04T03:26:30,emailservice,36.7421875,0.004075754354234131,0.0,0.0252,0.0219,0.0266,cpu_hog_cartservice_2
2026-10-04T03:26:30,shippingservice,12.12890625,0.0025330670706512244,0.0,0.0252,0.0219,0.0266,cpu_hog_cartservice_2
2026-10-04T03:26:30,checkoutservice,13.87109375,0.0015600595470522205,0.0,0.0252,0.0219,0.0266,cpu_hog_cartservice_2
2026-10-04T03:26:30,frontend,14.4296875,0.05030045268987167,0.0,0.0252,0.0219,0.0266,cpu_hog_cartservice_2
2026-10-04T03:26:30,loadgenerator,87.1875,0.006014957422792341,0.0,0.0252,0.0219,0.0266,cpu_hog_cartservice_2
2026-10-04T03:26:35,redis-cart,6.1640625,0.0041074544802582255,0.0,0.0253,0.0246,0.0255,cpu_hog_cartservice_2
2026-10-04T03:26:35,paymentservice,35.75,0.0008282441655986059,0.0,0.0253,0.0246,0.0255,cpu_hog_cartservice_2
2026-10-04T03:26:35,currencyservice,40.62109375,0.023319723199850307,0.0,0.0253,0.0246,0.0255,cpu_hog_cartservice_2
2026-10-04T03:26:35,productcatalogservice,13.12890625,0.021332743728121245,0.0,0.0253,0.0246,0.0255,cpu_hog_cartservice_2
2026-10-04T03:26:35,adservice,107.328125,0.00439250843702486,0.0,0.0253,0.0246,0.0255,cpu_hog_cartservice_2
2026-10-04T03:26:35,recommendationservice,32.125,0.0196112342445189,4.0,0.0253,0.0246,0.0255,cpu_hog_cartservice_2
2026-10-04T03:26:35,emailservice,36.7421875,0.0036511837898418552,0.0,0.0253,0.0246,0.0255,cpu_hog_cartservice_2
2026-10-04T03:26:35,shippingservice,12.12890625,0.001996827326240488,0.0,0.0253,0.0246,0.0255,cpu_hog_cartservice_2
2026-10-04T03:26:35,checkoutservice,13.87109375,0.001253022494197376,0.0,0.0253,0.0246,0.0255,cpu_hog_cartservice_2
2026-10-04T03:26:35,frontend,14.4296875,0.04365876264974146,0.0,0.0253,0.0246,0.0255,cpu_hog_cartservice_2
2026-10-04T03:26:35,loadgenerator,87.4453125,0.006967233451302435,0.0,0.0253,0.0246,0.0255,cpu_hog_cartservice_2
2026-10-04T03:26:35,cartservice,16.36328125,0.05164910958471086,0.0,0.0253,0.0246,0.0255,cpu_hog_cartservice_2
2026-10-04T03:26:40,redis-cart,6.1640625,0.003534107717889827,0.0,0.0373,0.0182,0.0299,cpu_hog_cartservice_2
2026-10-04T03:26:40,paymentservice,35.50390625,0.0010006040957692296,0.0,0.0373,0.0182,0.0299,cpu_hog_cartservice_2
2026-10-04T03:26:40,currencyservice,40.62109375,0.01572005000000445,0.0,0.0373,0.0182,0.0299,cpu_hog_cartservice_2
2026-10-04T03:26:40,productcatalogservice,13.87890625,0.018930052388560492,0.0,0.0373,0.0182,0.0299,cpu_hog_cartservice_2
2026-10-04T03:26:40,adservice,107.328125,0.00439250843702486,0.0,0.0373,0.0182,0.0299,cpu_hog_cartservice_2
2026-10-04T03:26:40,recommendationservice,32.125,0.0196112342445189,4.0,0.0373,0.0182,0.0299,cpu_hog_cartservice_2
2026-10-04T03:26:40,emailservice,36.98828125,0.005351256910398599,0.0,0.0373,0.0182,0.0299,cpu_hog_cartservice_2
2026-10-04T03:26:40,shippingservice,12.3984375,0.002124070704445222,0.0,0.0373,0.0182,0.0299,cpu_hog_cartservice_2
2026-10-04T03:26:40,checkoutservice,13.37109375,0.0035056159623363917,0.0,0.0373,0.0182,0.0299,cpu_hog_cartservice_2
2026-10-04T03:26:40,frontend,14.56640625,0.03900557227039,0.0,0.0373,0.0182,0.0299,cpu_hog_cartservice_2
2026-10-04T03:26:40,loadgenerator,88.0,0.008418337439468526,0.0,0.0373,0.0182,0.0299,cpu_hog_cartservice_2
2026-10-04T03:26:40,cartservice,16.36328125,0.06568503740212282,0.0,0.0373,0.0182,0.0299,cpu_hog_cartservice_2
2026-10-04T03:26:45,redis-cart,6.1640625,0.0031847770282908442,0.0,0.0223,0.023,0.0299,cpu_hog_cartservice_2
2026-10-04T03:26:45,paymentservice,35.50390625,0.0010006040957692296,0.0,0.0223,0.023,0.0299,cpu_hog_cartservice_2
2026-10-04T03:26:45,currencyservice,40.62109375,0.017597069376016895,0.0,0.0223,0.023,0.0299,cpu_hog_cartservice_2
2026-10-04T03:26:45,productcatalogservice,13.87890625,0.018930052388560492,0.0,0.0223,0.023,0.0299,cpu_hog_cartservice_2
2026-10-04T03:26:45,adservice,107.328125,0.00439250843702486,0.0,0.0223,0.023,0.0299,cpu_hog_cartservice_2
2026-10-04T03:26:45,recommendationservice,32.125,0.015056931095537832,4.0,0.0223,0.023,0.0299,cpu_hog_cartservice_2
2026-10-04T03:26:45,emailservice,36.98828125,0.005351256910398599,0.0,0.0223,0.023,0.0299,cpu_hog_cartservice_2
2026-10-04T03:26:45,shippingservice,12.3984375,0.002124070704445222,0.0,0.0223,0.023,0.0299,cpu_hog_cartservice_2
2026-10-04T03:26:45,checkoutservice,13.37109375,0.0035056159623363917,0.0,0.0223,0.023,0.0299,cpu_hog_cartservice_2
2026-10-04T03:26:45,frontend,14.56640625,0.03560895989275088,0.0,0.0223,0.023,0.0299,cpu_hog_cartservice_2
2026-10-04T03:26:45,loadgenerator,88.0,0.008418337439468526,0.0,0.0223,0.023,0.0299,cpu_hog_cartservice_2
2026-10-04T03:26:45,cartservice,16.36328125,0.047770475,0.0,0.0223,0.023,0.0299,cpu_hog_cartservice_2
2026-10-04T03:26:50,redis-cart,6.16015625,0.003735208959301187,0.0,1.4743,1.0039,0.1041,cpu_hog_cartservice_2
2026-10-04T03:26:50,paymentservice,35.50390625,0.0008926015777976711,0.0,1.4743,1.0039,0.1041,cpu_hog_cartservice_2
2026-10-04T03:26:50,currencyservice,41.3359375,0.017541467889911237,0.0,1.4743,1.0039,0.1041,cpu_hog_cartservice_2
2026-10-04T03:26:50,productcatalogservice,13.62890625,0.012753026584015174,0.0,1.4743,1.0039,0.1041,cpu_hog_cartservice_2
2026-10-04T03:26:50,adservice,107.078125,0.002496411052296246,0.0,1.4743,1.0039,0.1041,cpu_hog_cartservice_2
2026-10-04T03:26:50,recommendationservice,32.125,0.011807295525790257,4.0,1.4743,1.0039,0.1041,cpu_hog_cartservice_2
2026-10-04T03:26:50,emailservice,36.7421875,0.004210217673148811,0.0,1.4743,1.0039,0.1041,cpu_hog_cartservice_2
2026-10-04T03:26:50,shippingservice,11.69921875,0.0019168112589164556,0.0,1.4743,1.0039,0.1041,cpu_hog_cartservice_2
2026-10-04T03:26:50,checkoutservice,13.37109375,0.004440345855343133,0.0,1.4743,1.0039,0.1041,cpu_hog_cartservice_2
2026-10-04T03:26:50,frontend,14.56640625,0.03560895989275088,0.0,1.4743,1.0039,0.1041,cpu_hog_cartservice_2
2026-10-04T03:26:50,loadgenerator,88.0,0.00756802872462099,0.0,1.4743,1.0039,0.1041,cpu_hog_cartservice_2
2026-10-04T03:26:50,cartservice,21.60546875,0.06822636813586978,0.0,1.4743,1.0039,0.1041,cpu_hog_cartservice_2
2026-10-04T03:26:58,redis-cart,6.16015625,0.0029609416443598206,0.0,0.1323,0.1818,0.1092,cpu_hog_cartservice_2
2026-10-04T03:26:58,paymentservice,35.50390625,0.0007935904009792003,0.0,0.1323,0.1818,0.1092,cpu_hog_cartservice_2
2026-10-04T03:26:58,currencyservice,41.3359375,0.014045325900342995,0.0,0.1323,0.1818,0.1092,cpu_hog_cartservice_2
2026-10-04T03:26:58,productcatalogservice,13.62890625,0.012753026584015174,0.0,0.1323,0.1818,0.1092,cpu_hog_cartservice_2
2026-10-04T03:26:58,adservice,107.078125,0.002496411052296246,0.0,0.1323,0.1818,0.1092,cpu_hog_cartservice_2
2026-10-04T03:26:58,recommendationservice,32.125,0.011807295525790257,4.0,0.1323,0.1818,0.1092,cpu_hog_cartservice_2
2026-10-04T03:26:58,emailservice,36.7421875,0.005117509453308254,0.0,0.1323,0.1818,0.1092,cpu_hog_cartservice_2
2026-10-04T03:26:58,shippingservice,11.69921875,0.0016606879532937958,0.0,0.1323,0.1818,0.1092,cpu_hog_cartservice_2
2026-10-04T03:26:58,checkoutservice,13.37109375,0.0034282985277051137,0.0,0.1323,0.1818,0.1092,cpu_hog_cartservice_2
2026-10-04T03:26:58,frontend,14.56640625,0.026239229297393536,0.0,0.1323,0.1818,0.1092,cpu_hog_cartservice_2
2026-10-04T03:26:58,loadgenerator,88.0,0.007195265999896195,0.0,0.1323,0.1818,0.1092,cpu_hog_cartservice_2
2026-10-04T03:26:58,cartservice,21.60546875,0.058692433333333335,0.0,0.1323,0.1818,0.1092,cpu_hog_cartservice_2
2026-10-04T03:27:03,redis-cart,6.1796875,0.0038278988318221742,0.0,0.2025,0.1189,0.1828,cpu_hog_cartservice_2
2026-10-04T03:27:03,paymentservice,35.5234375,0.0009135683343940924,0.0,0.2025,0.1189,0.1828,cpu_hog_cartservice_2
2026-10-04T03:27:03,currencyservice,41.60546875,0.017054605175721542,0.0,0.2025,0.1189,0.1828,cpu_hog_cartservice_2
2026-10-04T03:27:03,productcatalogservice,13.62890625,0.004351437889120971,0.0,0.2025,0.1189,0.1828,cpu_hog_cartservice_2
2026-10-04T03:27:03,adservice,107.44140625,0.0025321484277207747,0.0,0.2025,0.1189,0.1828,cpu_hog_cartservice_2
2026-10-04T03:27:03,recommendationservice,32.859375,0.011955309928793975,4.0,0.2025,0.1189,0.1828,cpu_hog_cartservice_2
2026-10-04T03:27:03,emailservice,37.23828125,0.0053621372599657775,0.0,0.2025,0.1189,0.1828,cpu_hog_cartservice_2
2026-10-04T03:27:03,shippingservice,11.69921875,0.0016606879532937958,0.0,0.2025,0.1189,0.1828,cpu_hog_cartservice_2
2026-10-04T03:27:03,checkoutservice,13.61328125,0.0035304902580605086,0.0,0.2025,0.1189,0.1828,cpu_hog_cartservice_2
2026-10-04T03:27:03,frontend,14.62109375,0.029621881675125784,0.0,0.2025,0.1189,0.1828,cpu_hog_cartservice_2
2026-10-04T03:27:03,loadgenerator,88.0078125,0.008511176985129331,0.0,0.2025,0.1189,0.1828,cpu_hog_cartservice_2
2026-10-04T03:27:03,cartservice,30.94140625,0.08728725320915671,0.0,0.2025,0.1189,0.1828,cpu_hog_cartservice_2
2026-10-04T03:27:09,redis-cart,6.1796875,0.0038278988318221742,0.0,0.1941,0.2942,0.1086,cpu_hog_cartservice_2
2026-10-04T03:27:09,paymentservice,35.5234375,0.0006768246394099637,0.0,0.1941,0.2942,0.1086,cpu_hog_cartservice_2
2026-10-04T03:27:09,currencyservice,41.60546875,0.012657828821145935,0.0,0.1941,0.2942,0.1086,cpu_hog_cartservice_2
2026-10-04T03:27:09,productcatalogservice,13.62890625,0.003509108299734379,0.0,0.1941,0.2942,0.1086,cpu_hog_cartservice_2
2026-10-04T03:27:09,adservice,107.44140625,0.001497133777804743,0.0,0.1941,0.2942,0.1086,cpu_hog_cartservice_2
2026-10-04T03:27:09,recommendationservice,32.859375,0.008954541283001738,4.0,0.1941,0.2942,0.1086,cpu_hog_cartservice_2
2026-10-04T03:27:09,emailservice,37.23828125,0.0053621372599657775,0.0,0.1941,0.2942,0.1086,cpu_hog_cartservice_2
2026-10-04T03:27:09,shippingservice,11.69921875,0.001247294284986999,0.0,0.1941,0.2942,0.1086,cpu_hog_cartservice_2
2026-10-04T03:27:09,checkoutservice,13.61328125,0.0035304902580605086,0.0,0.1941,0.2942,0.1086,cpu_hog_cartservice_2
2026-10-04T03:27:09,frontend,14.62109375,0.019084264308776286,0.0,0.1941,0.2942,0.1086,cpu_hog_cartservice_2
2026-10-04T03:27:09,loadgenerator,88.0078125,0.006827004197038573,0.0,0.1941,0.2942,0.1086,cpu_hog_cartservice_2
2026-10-04T03:27:09,cartservice,30.94140625,0.09752823439707836,0.0,0.1941,0.2942,0.1086,cpu_hog_cartservice_2
2026-10-04T03:27:15,redis-cart,6.1796875,0.0038715106612603476,0.0,0.1715,0.1834,0.1907,cpu_hog_cartservice_2
2026-10-04T03:27:15,paymentservice,35.5234375,0.0005318600820590063,0.0,0.1715,0.1834,0.1907,cpu_hog_cartservice_2
2026-10-04T03:27:15,currencyservice,41.60546875,0.012657828821145935,0.0,0.1715,0.1834,0.1907,cpu_hog_cartservice_2
2026-10-04T03:27:15,productcatalogservice,13.14453125,0.008494951756709767,0.0,0.1715,0.1834,0.1907,cpu_hog_cartservice_2
2026-10-04T03:27:15,adservice,107.44140625,0.001497133777804743,0.0,0.1715,0.1834,0.1907,cpu_hog_cartservice_2
2026-10-04T03:27:15,recommendationservice,32.859375,0.008954541283001738,4.0,0.1715,0.1834,0.1907,cpu_hog_cartservice_2
2026-10-04T03:27:15,emailservice,37.23828125,0.00414655594184936,0.0,0.1715,0.1834,0.1907,cpu_hog_cartservice_2
2026-10-04T03:27:15,shippingservice,12.19921875,0.0013146932321870398,0.0,0.1715,0.1834,0.1907,cpu_hog_cartservice_2
2026-10-04T03:27:15,checkoutservice,13.8515625,0.003063355995664634,0.0,0.1715,0.1834,0.1907,cpu_hog_cartservice_2
2026-10-04T03:27:15,frontend,14.62109375,0.019084264308776286,0.0,0.1715,0.1834,0.1907,cpu_hog_cartservice_2
2026-10-04T03:27:15,loadgenerator,88.015625,0.008132082136296619,0.0,0.1715,0.1834,0.1907,cpu_hog_cartservice_2
2026-10-04T03:27:15,cartservice,36.2109375,0.12143778474510401,0.0,0.1715,0.1834,0.1907,cpu_hog_cartservice_2
2026-10-04T03:27:20,redis-cart,6.18359375,0.004124523582658835,0.0,0.3296,0.2003,0.1136,cpu_hog_cartservice_2
2026-10-04T03:27:20,paymentservice,35.57421875,0.0008622043954205773,0.0,0.3296,0.2003,0.1136,cpu_hog_cartservice_2
2026-10-04T03:27:20,currencyservice,41.45703125,0.01723483882239735,0.0,0.3296,0.2003,0.1136,cpu_hog_cartservice_2
2026-10-04T03:27:20,productcatalogservice,13.64453125,0.015002408722108488,0.0,0.3296,0.2003,0.1136,cpu_hog_cartservice_2
2026-10-04T03:27:20,adservice,107.203125,0.0026874824555720915,0.0,0.3296,0.2003,0.1136,cpu_hog_cartservice_2
2026-10-04T03:27:20,recommendationservice,32.86328125,0.012302721836252395,4.0,0.3296,0.2003,0.1136,cpu_hog_cartservice_2
2026-10-04T03:27:20,emailservice,36.7421875,0.005194123150195147,0.0,0.3296,0.2003,0.1136,cpu_hog_cartservice_2
2026-10-04T03:27:20,shippingservice,11.97265625,0.0020294046226183964,0.0,0.3296,0.2003,0.1136,cpu_hog_cartservice_2
2026-10-04T03:27:20,checkoutservice,13.8515625,0.0016336826395871964,0.0,0.3296,0.2003,0.1136,cpu_hog_cartservice_2
2026-10-04T03:27:20,frontend,14.359375,0.0366073487031679,0.0,0.3296,0.2003,0.1136,cpu_hog_cartservice_2
2026-10-04T03:27:20,loadgenerator,88.5703125,0.006443843658261291,0.0,0.3296,0.2003,0.1136,cpu_hog_cartservice_2
2026-10-04T03:27:20,cartservice,36.2109375,0.11133789057765497,0.0,0.3296,0.2003,0.1136,cpu_hog_cartservice_2
2026-10-04T03:27:26,redis-cart,6.18359375,0.004570687635938705,0.0,0.128,0.0656,0.0593,cpu_hog_cartservice_2
2026-10-04T03:27:26,paymentservice,35.57421875,0.0008622043954205773,0.0,0.128,0.0656,0.0593,cpu_hog_cartservice_2
2026-10-04T03:27:26,currencyservice,41.45703125,0.021600965201929397,0.0,0.128,0.0656,0.0593,cpu_hog_cartservice_2
2026-10-04T03:27:26,productcatalogservice,13.64453125,0.015002408722108486,0.0,0.128,0.0656,0.0593,cpu_hog_cartservice_2
2026-10-04T03:27:26,adservice,107.203125,0.003919497022719956,0.0,0.128,0.0656,0.0593,cpu_hog_cartservice_2
2026-10-04T03:27:26,recommendationservice,32.86328125,0.01591328768944744,4.0,0.128,0.0656,0.0593,cpu_hog_cartservice_2
2026-10-04T03:27:26,emailservice,36.7421875,0.005194123150195147,0.0,0.128,0.0656,0.0593,cpu_hog_cartservice_2
2026-10-04T03:27:26,shippingservice,11.97265625,0.0020294046226183964,0.0,0.128,0.0656,0.0593,cpu_hog_cartservice_2
2026-10-04T03:27:26,checkoutservice,13.8515625,0.001318130030739931,0.0,0.128,0.0656,0.0593,cpu_hog_cartservice_2
2026-10-04T03:27:26,frontend,14.359375,0.0366073487031679,0.0,0.128,0.0656,0.0593,cpu_hog_cartservice_2
2026-10-04T03:27:26,loadgenerator,88.5703125,0.007949909927944018,0.0,0.128,0.0656,0.0593,cpu_hog_cartservice_2
2026-10-04T03:27:26,cartservice,36.2109375,0.0919511803808208,0.0,0.128,0.0656,0.0593,cpu_hog_cartservice_2
2026-10-04T03:27:31,redis-cart,5.93359375,0.004443689713178301,0.0,0.2341,0.1021,0.0795,cpu_hog_cartservice_2
2026-10-04T03:27:31,paymentservice,35.57421875,0.0006885600227011875,0.0,0.2341,0.1021,0.0795,cpu_hog_cartservice_2
2026-10-04T03:27:31,currencyservice,41.45703125,0.021600965201929397,0.0,0.2341,0.1021,0.0795,cpu_hog_cartservice_2
2026-10-04T03:27:31,productcatalogservice,13.64453125,0.015002408722108488,0.0,0.2341,0.1021,0.0795,cpu_hog_cartservice_2
2026-10-04T03:27:31,adservice,107.19921875,0.0044148788848773985,0.0,0.2341,0.1021,0.0795,cpu_hog_cartservice_2
2026-10-04T03:27:31,recommendationservice,32.37109375,0.01925981207791176,4.0,0.2341,0.1021,0.0795,cpu_hog_cartservice_2
2026-10-04T03:27:31,emailservice,36.7421875,0.005613304894218139,0.0,0.2341,0.1021,0.0795,cpu_hog_cartservice_2
2026-10-04T03:27:31,shippingservice,12.22265625,0.002205697432093373,0.0,0.2341,0.1021,0.0795,cpu_hog_cartservice_2
2026-10-04T03:27:31,checkoutservice,13.37109375,0.0021968686636421072,0.0,0.2341,0.1021,0.0795,cpu_hog_cartservice_2
2026-10-04T03:27:31,frontend,14.3984375,0.04068414507771897,0.0,0.2341,0.1021,0.0795,cpu_hog_cartservice_2
2026-10-04T03:27:31,loadgenerator,88.5703125,0.007949909927944018,0.0,0.2341,0.1021,0.0795,cpu_hog_cartservice_2
2026-10-04T03:27:31,cartservice,38.7578125,0.11370780204104029,0.0,0.2341,0.1021,0.0795,cpu_hog_cartservice_2
2026-10-04T03:27:37,redis-cart,5.93359375,0.004443689713178301,0.0,0.311,0.0877,0.0347,cpu_hog_cartservice_2
2026-10-04T03:27:37,paymentservice,35.57421875,0.0007699562677254268,0.0,0.311,0.0877,0.0347,cpu_hog_cartservice_2
2026-10-04T03:27:37,currencyservice,41.45703125,0.021600965201929397,0.0,0.311,0.0877,0.0347,cpu_hog_cartservice_2
2026-10-04T03:27:37,productcatalogservice,13.64453125,0.017893930352369157,0.0,0.311,0.0877,0.0347,cpu_hog_cartservice_2
2026-10-04T03:27:37,adservice,107.19921875,0.0044148788848773985,0.0,0.311,0.0877,0.0347,cpu_hog_cartservice_2
2026-10-04T03:27:37,recommendationservice,32.37109375,0.0163385265815165,4.0,0.311,0.0877,0.0347,cpu_hog_cartservice_2
2026-10-04T03:27:37,emailservice,36.7421875,0.004536064907476893,0.0,0.311,0.0877,0.0347,cpu_hog_cartservice_2
2026-10-04T03:27:37,shippingservice,12.22265625,0.0024797325436120986,0.0,0.311,0.0877,0.0347,cpu_hog_cartservice_2
2026-10-04T03:27:37,checkoutservice,13.37109375,0.002649546461183475,0.0,0.311,0.0877,0.0347,cpu_hog_cartservice_2
2026-10-04T03:27:37,frontend,14.3984375,0.04068414507771897,0.0,0.311,0.0877,0.0347,cpu_hog_cartservice_2
2026-10-04T03:27:37,loadgenerator,88.5703125,0.006392169243729655,0.0,0.311,0.0877,0.0347,cpu_hog_cartservice_2
2026-10-04T03:27:37,cartservice,38.7578125,0.11370780204104029,0.0,0.311,0.0877,0.0347,cpu_hog_cartservice_2
2026-10-04T03:27:42,redis-cart,6.203125,0.0038713013497606807,0.0,0.0631,0.1327,0.1358,cpu_hog_cartservice_2
2026-10-04T03:27:42,paymentservice,35.48828125,0.0010965333042624577,0.0,0.0631,0.1327,0.1358,cpu_hog_cartservice_2
2026-10-04T03:27:42,currencyservice,41.80859375,0.02737201286764189,0.0,0.0631,0.1327,0.1358,cpu_hog_cartservice_2
2026-10-04T03:27:42,productcatalogservice,14.6328125,0.023498711549622502,0.0,0.0631,0.1327,0.1358,cpu_hog_cartservice_2
2026-10-04T03:27:42,adservice,107.19921875,0.004547278705837926,0.0,0.0631,0.1327,0.1358,cpu_hog_cartservice_2
2026-10-04T03:27:42,recommendationservice,33.61328125,0.022128067503204524,4.0,0.0631,0.1327,0.1358,cpu_hog_cartservice_2
2026-10-04T03:27:42,emailservice,36.7578125,0.005554302322480889,0.0,0.0631,0.1327,0.1358,cpu_hog_cartservice_2
2026-10-04T03:27:42,shippingservice,12.22265625,0.0024797325436120986,0.0,0.0631,0.1327,0.1358,cpu_hog_cartservice_2
2026-10-04T03:27:42,checkoutservice,13.375,0.0023856438834712044,0.0,0.0631,0.1327,0.1358,cpu_hog_cartservice_2
2026-10-04T03:27:42,frontend,14.3984375,0.043919990733033154,0.0,0.0631,0.1327,0.1358,cpu_hog_cartservice_2
2026-10-04T03:27:42,loadgenerator,87.7890625,0.008248961512377617,0.0,0.0631,0.1327,0.1358,cpu_hog_cartservice_2
2026-10-04T03:27:42,cartservice,38.7578125,0.11816728495648864,0.0,0.0631,0.1327,0.1358,cpu_hog_cartservice_2
2026-10-04T03:27:48,redis-cart,6.203125,0.004658590143480751,0.0,0.2835,0.1018,0.1146,cpu_hog_cartservice_2
2026-10-04T03:27:48,paymentservice,35.48828125,0.0010965333042624577,0.0,0.2835,0.1018,0.1146,cpu_hog_cartservice_2
2026-10-04T03:27:48,currencyservice,41.80859375,0.022456455556827865,0.0,0.2835,0.1018,0.1146,cpu_hog_cartservice_2
2026-10-04T03:27:48,productcatalogservice,14.6328125,0.023498711549622506,0.0,0.2835,0.1018,0.1146,cpu_hog_cartservice_2
2026-10-04T03:27:48,adservice,107.19921875,0.004041374756805378,0.0,0.2835,0.1018,0.1146,cpu_hog_cartservice_2
2026-10-04T03:27:48,recommendationservice,33.61328125,0.022128067503204524,4.0,0.2835,0.1018,0.1146,cpu_hog_cartservice_2
2026-10-04T03:27:48,emailservice,36.7578125,0.005554302322480889,0.0,0.2835,0.1018,0.1146,cpu_hog_cartservice_2
2026-10-04T03:27:48,shippingservice,12.22265625,0.002263871952539044,0.0,0.2835,0.1018,0.1146,cpu_hog_cartservice_2
2026-10-04T03:27:48,checkoutservice,13.375,0.0023856438834712044,0.0,0.2835,0.1018,0.1146,cpu_hog_cartservice_2
2026-10-04T03:27:48,frontend,14.3984375,0.03908482584520786,0.0,0.2835,0.1018,0.1146,cpu_hog_cartservice_2
2026-10-04T03:27:48,loadgenerator,87.7890625,0.008248961512377619,0.0,0.2835,0.1018,0.1146,cpu_hog_cartservice_2
2026-10-04T03:27:48,cartservice,38.7578125,0.09020053515309899,0.0,0.2835,0.1018,0.1146,cpu_hog_cartservice_2
2026-10-04T03:27:53,redis-cart,6.203125,0.004658590143480752,0.0,0.1932,0.0412,0.0857,cpu_hog_cartservice_2
2026-10-04T03:27:53,paymentservice,35.4921875,0.0011283278743597208,0.0,0.1932,0.0412,0.0857,cpu_hog_cartservice_2
2026-10-04T03:27:53,currencyservice,41.5,0.027447097660295332,0.0,0.1932,0.0412,0.0857,cpu_hog_cartservice_2
2026-10-04T03:27:53,productcatalogservice,13.375,0.025962988736820295,0.0,0.1932,0.0412,0.0857,cpu_hog_cartservice_2
2026-10-04T03:27:53,adservice,107.69140625,0.005273130486740588,0.0,0.1932,0.0412,0.0857,cpu_hog_cartservice_2
2026-10-04T03:27:53,recommendationservice,33.61328125,0.022128067503204524,4.0,0.1932,0.0412,0.0857,cpu_hog_cartservice_2
2026-10-04T03:27:53,emailservice,36.7578125,0.005554302322480889,0.0,0.1932,0.0412,0.0857,cpu_hog_cartservice_2
2026-10-04T03:27:53,shippingservice,12.234375,0.0030267043516398607,0.0,0.1932,0.0412,0.0857,cpu_hog_cartservice_2
2026-10-04T03:27:53,checkoutservice,13.375,0.002555126928820353,0.0,0.1932,0.0412,0.0857,cpu_hog_cartservice_2
2026-10-04T03:27:53,frontend,14.5859375,0.05488355566637443,0.0,0.1932,0.0412,0.0857,cpu_hog_cartservice_2
2026-10-04T03:27:53,loadgenerator,87.7890625,0.008385518370112904,0.0,0.1932,0.0412,0.0857,cpu_hog_cartservice_2
2026-10-04T03:27:53,cartservice,39.4453125,0.08164405982905984,0.0,0.1932,0.0412,0.0857,cpu_hog_cartservice_2
2026-10-04T03:27:59,redis-cart,6.203125,0.0036639940883757874,0.0,0.1975,0.0929,0.0239,cpu_hog_cartservice_2
2026-10-04T03:27:59,paymentservice,35.4921875,0.0011283278743597208,0.0,0.1975,0.0929,0.0239,cpu_hog_cartservice_2
2026-10-04T03:27:59,currencyservice,41.5,0.022311211994488458,0.0,0.1975,0.0929,0.0239,cpu_hog_cartservice_2
2026-10-04T03:27:59,productcatalogservice,13.375,0.022104672252289327,0.0,0.1975,0.0929,0.0239,cpu_hog_cartservice_2
2026-10-04T03:27:59,adservice,107.69140625,0.004307300724947026,0.0,0.1975,0.0929,0.0239,cpu_hog_cartservice_2
2026-10-04T03:27:59,recommendationservice,33.61328125,0.01787069340503813,4.0,0.1975,0.0929,0.0239,cpu_hog_cartservice_2
2026-10-04T03:27:59,emailservice,36.7578125,0.004287456226344993,0.0,0.1975,0.0929,0.0239,cpu_hog_cartservice_2
2026-10-04T03:27:59,shippingservice,12.234375,0.0025214633202302887,0.0,0.1975,0.0929,0.0239,cpu_hog_cartservice_2
2026-10-04T03:27:59,checkoutservice,13.375,0.00204674184088273,0.0,0.1975,0.0929,0.0239,cpu_hog_cartservice_2
2026-10-04T03:27:59,frontend,14.5859375,0.05683379439727877,0.0,0.1975,0.0929,0.0239,cpu_hog_cartservice_2
2026-10-04T03:27:59,loadgenerator,87.7890625,0.006677737674719661,0.0,0.1975,0.0929,0.0239,cpu_hog_cartservice_2
2026-10-04T03:27:59,cartservice,39.4453125,0.05291805470447329,0.0,0.1975,0.0929,0.0239,cpu_hog_cartservice_2
2026-10-04T03:28:04,redis-cart,5.9375,0.003993318037739652,0.0,0.1184,0.0396,0.058,cpu_hog_cartservice_2
2026-10-04T03:28:04,paymentservice,35.4921875,0.0011283278743597208,0.0,0.1184,0.0396,0.058,cpu_hog_cartservice_2
2026-10-04T03:28:04,currencyservice,41.015625,0.024525531444118384,0.0,0.1184,0.0396,0.058,cpu_hog_cartservice_2
2026-10-04T03:28:04,productcatalogservice,13.87109375,0.02600364308934046,0.0,0.1184,0.0396,0.058,cpu_hog_cartservice_2
2026-10-04T03:28:04,adservice,106.83984375,0.005110133984068991,0.0,0.1184,0.0396,0.058,cpu_hog_cartservice_2
2026-10-04T03:28:04,recommendationservice,32.640625,0.019747968833677434,4.0,0.1184,0.0396,0.058,cpu_hog_cartservice_2
2026-10-04T03:28:04,emailservice,36.9921875,0.0056560051309239205,0.0,0.1184,0.0396,0.058,cpu_hog_cartservice_2
2026-10-04T03:28:04,shippingservice,12.234375,0.001937674999999928,0.0,0.1184,0.0396,0.058,cpu_hog_cartservice_2
2026-10-04T03:28:04,checkoutservice,14.12109375,0.0033221669980117753,0.0,0.1184,0.0396,0.058,cpu_hog_cartservice_2
2026-10-04T03:28:04,frontend,14.5859375,0.046486491704824204,0.0,0.1184,0.0396,0.058,cpu_hog_cartservice_2
2026-10-04T03:28:04,loadgenerator,88.08203125,0.009198469044903153,0.0,0.1184,0.0396,0.058,cpu_hog_cartservice_2
2026-10-04T03:28:04,cartservice,39.4453125,0.05291805470447329,0.0,0.1184,0.0396,0.058,cpu_hog_cartservice_2
2026-10-04T03:28:09,redis-cart,5.9375,0.0035882209925692586,0.0,0.0975,0.1255,0.0228,cpu_hog_cartservice_2
2026-10-04T03:28:09,paymentservice,35.4921875,0.0008589066847933353,0.0,0.0975,0.1255,0.0228,cpu_hog_cartservice_2
2026-10-04T03:28:09,currencyservice,41.015625,0.028454643462188983,0.0,0.0975,0.1255,0.0228,cpu_hog_cartservice_2
2026-10-04T03:28:09,productcatalogservice,13.87109375,0.02589849087387103,0.0,0.0975,0.1255,0.0228,cpu_hog_cartservice_2
2026-10-04T03:28:09,adservice,106.83984375,0.005110133984068991,0.0,0.0975,0.1255,0.0228,cpu_hog_cartservice_2
2026-10-04T03:28:09,recommendationservice,32.640625,0.017720286625821213,4.0,0.0975,0.1255,0.0228,cpu_hog_cartservice_2
2026-10-04T03:28:09,emailservice,36.9921875,0.0056560051309239205,0.0,0.0975,0.1255,0.0228,cpu_hog_cartservice_2
2026-10-04T03:28:09,shippingservice,12.234375,0.002071981421131805,0.0,0.0975,0.1255,0.0228,cpu_hog_cartservice_2
2026-10-04T03:28:09,checkoutservice,14.12109375,0.0033759163562075973,0.0,0.0975,0.1255,0.0228,cpu_hog_cartservice_2
2026-10-04T03:28:09,frontend,14.5859375,0.04142923123337301,0.0,0.0975,0.1255,0.0228,cpu_hog_cartservice_2
2026-10-04T03:28:09,loadgenerator,88.08203125,0.009198469044903151,0.0,0.0975,0.1255,0.0228,cpu_hog_cartservice_2
2026-10-04T03:28:09,cartservice,39.4453125,0.01689434175576837,0.0,0.0975,0.1255,0.0228,cpu_hog_cartservice_2
2026-10-04T03:28:15,redis-cart,6.43359375,0.004547496777192411,0.0,0.1267,0.0639,0.1003,cpu_hog_cartservice_2
2026-10-04T03:28:15,paymentservice,35.49609375,0.0011556287388968375,0.0,0.1267,0.0639,0.1003,cpu_hog_cartservice_2
2026-10-04T03:28:15,currencyservice,41.015625,0.023464647487036437,0.0,0.1267,0.0639,0.1003,cpu_hog_cartservice_2
2026-10-04T03:28:15,productcatalogservice,13.88671875,0.02470915006587131,0.0,0.1267,0.0639,0.1003,cpu_hog_cartservice_2
2026-10-04T03:28:15,adservice,106.83984375,0.003916221333050606,0.0,0.1267,0.0639,0.1003,cpu_hog_cartservice_2
2026-10-04T03:28:15,recommendationservice,32.375,0.0208272859216253,4.0,0.1267,0.0639,0.1003,cpu_hog_cartservice_2
2026-10-04T03:28:15,emailservice,36.9921875,0.004414347037869801,0.0,0.1267,0.0639,0.1003,cpu_hog_cartservice_2
2026-10-04T03:28:15,shippingservice,11.96875,0.003251600988175565,0.0,0.1267,0.0639,0.1003,cpu_hog_cartservice_2
2026-10-04T03:28:15,checkoutservice,14.1484375,0.0027047799293748037,0.0,0.1267,0.0639,0.1003,cpu_hog_cartservice_2
2026-10-04T03:28:15,frontend,15.59375,0.06074361638955164,0.0,0.1267,0.0639,0.1003,cpu_hog_cartservice_2
2026-10-04T03:28:15,loadgenerator,88.08203125,0.007137360420620832,0.0,0.1267,0.0639,0.1003,cpu_hog_cartservice_2
2026-10-04T03:28:15,cartservice,40.21484375,0.023442496806203358,0.0,0.1267,0.0639,0.1003,cpu_hog_cartservice_2
2026-10-04T03:28:20,redis-cart,6.18359375,0.004477117397699636,0.0,0.1758,0.1185,0.1969,cpu_hog_cartservice_2
2026-10-04T03:28:20,paymentservice,35.515625,0.0009687849380619723,0.0,0.1758,0.1185,0.1969,cpu_hog_cartservice_2
2026-10-04T03:28:20,currencyservice,41.4921875,0.029809187202297086,0.0,0.1758,0.1185,0.1969,cpu_hog_cartservice_2
2026-10-04T03:28:20,productcatalogservice,13.88671875,0.023753193343680847,0.0,0.1758,0.1185,0.1969,cpu_hog_cartservice_2
2026-10-04T03:28:20,adservice,107.34765625,0.00489527799704553,0.0,0.1758,0.1185,0.1969,cpu_hog_cartservice_2
2026-10-04T03:28:20,recommendationservice,32.375,0.016979444847605028,4.0,0.1758,0.1185,0.1969,cpu_hog_cartservice_2
2026-10-04T03:28:20,emailservice,36.9765625,0.00540424398945739,0.0,0.1758,0.1185,0.1969,cpu_hog_cartservice_2
2026-10-04T03:28:20,shippingservice,11.76171875,0.002904949997716671,0.0,0.1758,0.1185,0.1969,cpu_hog_cartservice_2
2026-10-04T03:28:20,checkoutservice,14.1484375,0.0027047799293748037,0.0,0.1758,0.1185,0.1969,cpu_hog_cartservice_2
2026-10-04T03:28:20,frontend,15.71484375,0.05493285070851812,0.0,0.1758,0.1185,0.1969,cpu_hog_cartservice_2
2026-10-04T03:28:20,loadgenerator,88.0546875,0.008804080095046896,0.0,0.1758,0.1185,0.1969,cpu_hog_cartservice_2
2026-10-04T03:28:20,cartservice,40.609375,0.020311301122900992,0.0,0.1758,0.1185,0.1969,cpu_hog_cartservice_2
2026-10-04T03:28:26,redis-cart,6.18359375,0.003926096173977753,0.0,0.0975,0.1818,0.0503,cpu_hog_cartservice_2
2026-10-04T03:28:26,paymentservice,35.515625,0.0009687849380619723,0.0,0.0975,0.1818,0.0503,cpu_hog_cartservice_2
2026-10-04T03:28:26,currencyservice,41.4921875,0.029809187202297086,0.0,0.0975,0.1818,0.0503,cpu_hog_cartservice_2
2026-10-04T03:28:26,productcatalogservice,13.88671875,0.019518592800336146,0.0,0.0975,0.1818,0.0503,cpu_hog_cartservice_2
2026-10-04T03:28:26,adservice,107.34765625,0.004852994661817358,0.0,0.0975,0.1818,0.0503,cpu_hog_cartservice_2
2026-10-04T03:28:26,recommendationservice,32.375,0.013023350000000279,4.0,0.0975,0.1818,0.0503,cpu_hog_cartservice_2
2026-10-04T03:28:26,emailservice,36.9765625,0.005404243989457389,0.0,0.0975,0.1818,0.0503,cpu_hog_cartservice_2
2026-10-04T03:28:26,shippingservice,11.76171875,0.002904949997716671,0.0,0.0975,0.1818,0.0503,cpu_hog_cartservice_2
2026-10-04T03:28:26,checkoutservice,14.1484375,0.0025605697041561556,0.0,0.0975,0.1818,0.0503,cpu_hog_cartservice_2
2026-10-04T03:28:26,frontend,15.71484375,0.05493285070851812,0.0,0.0975,0.1818,0.0503,cpu_hog_cartservice_2
2026-10-04T03:28:26,loadgenerator,88.0546875,0.008804080095046896,0.0,0.0975,0.1818,0.0503,cpu_hog_cartservice_2
2026-10-04T03:28:26,cartservice,40.609375,0.020311301122900992,0.0,0.0975,0.1818,0.0503,cpu_hog_cartservice_2
2026-10-04T03:28:31,redis-cart,6.68359375,0.004222866057499514,0.0,0.3995,0.2052,0.1897,cpu_hog_cartservice_2
2026-10-04T03:28:31,paymentservice,35.515625,0.0007051548178800985,0.0,0.3995,0.2052,0.1897,cpu_hog_cartservice_2
2026-10-04T03:28:31,currencyservice,41.4921875,0.0304898683457338,0.0,0.3995,0.2052,0.1897,cpu_hog_cartservice_2
2026-10-04T03:28:31,productcatalogservice,14.6640625,0.02385453718256466,0.0,0.3995,0.2052,0.1897,cpu_hog_cartservice_2
2026-10-04T03:28:31,adservice,107.34765625,0.004852994661817358,0.0,0.3995,0.2052,0.1897,cpu_hog_cartservice_2
2026-10-04T03:28:31,recommendationservice,33.8671875,0.020778997647392425,4.0,0.3995,0.2052,0.1897,cpu_hog_cartservice_2
2026-10-04T03:28:31,emailservice,37.46484375,0.005262818856364156,0.0,0.3995,0.2052,0.1897,cpu_hog_cartservice_2
2026-10-04T03:28:31,shippingservice,12.2734375,0.0027911605411552734,0.0,0.3995,0.2052,0.1897,cpu_hog_cartservice_2
2026-10-04T03:28:31,checkoutservice,13.609375,0.0028848100057281903,0.0,0.3995,0.2052,0.1897,cpu_hog_cartservice_2
2026-10-04T03:28:31,frontend,15.71484375,0.0435567887521667,0.0,0.3995,0.2052,0.1897,cpu_hog_cartservice_2
2026-10-04T03:28:31,loadgenerator,87.8359375,0.008190383846460871,0.0,0.3995,0.2052,0.1897,cpu_hog_cartservice_2
2026-10-04T03:28:31,cartservice,39.91015625,0.018192194575416633,0.0,0.3995,0.2052,0.1897,cpu_hog_cartservice_2
2026-10-04T03:28:37,redis-cart,6.68359375,0.0037149784377089995,0.0,0.0472,0.0594,0.1106,cpu_hog_cartservice_2
2026-10-04T03:28:37,paymentservice,35.515625,0.0006298014445177731,0.0,0.0472,0.0594,0.1106,cpu_hog_cartservice_2
2026-10-04T03:28:37,currencyservice,41.4921875,0.024048883657697532,0.0,0.0472,0.0594,0.1106,cpu_hog_cartservice_2
2026-10-04T03:28:37,productcatalogservice,14.6640625,0.019811020244747946,0.0,0.0472,0.0594,0.1106,cpu_hog_cartservice_2
2026-10-04T03:28:37,adservice,107.34765625,0.0037662069489255417,0.0,0.0472,0.0594,0.1106,cpu_hog_cartservice_2
2026-10-04T03:28:37,recommendationservice,33.8671875,0.017657819042440355,4.0,0.0472,0.0594,0.1106,cpu_hog_cartservice_2
2026-10-04T03:28:37,emailservice,37.46484375,0.0050929011327401335,0.0,0.0472,0.0594,0.1106,cpu_hog_cartservice_2
2026-10-04T03:28:37,shippingservice,12.2734375,0.0027911605411552734,0.0,0.0472,0.0594,0.1106,cpu_hog_cartservice_2
2026-10-04T03:28:37,checkoutservice,13.609375,0.0024376003479513043,0.0,0.0472,0.0594,0.1106,cpu_hog_cartservice_2
2026-10-04T03:28:37,frontend,15.71484375,0.038969263473782115,0.0,0.0472,0.0594,0.1106,cpu_hog_cartservice_2
2026-10-04T03:28:37,loadgenerator,87.8359375,0.008190383846460871,0.0,0.0472,0.0594,0.1106,cpu_hog_cartservice_2
2026-10-04T03:28:37,cartservice,39.91015625,0.018192194575416633,0.0,0.0472,0.0594,0.1106,cpu_hog_cartservice_2
2026-10-04T03:28:42,redis-cart,6.68359375,0.0033091549017846967,0.0,0.0621,0.0445,0.0852,cpu_hog_cartservice_2
2026-10-04T03:28:42,paymentservice,35.57421875,0.0009924949821100417,0.0,0.0621,0.0445,0.0852,cpu_hog_cartservice_2
2026-10-04T03:28:42,currencyservice,41.1484375,0.02789068036366521,0.0,0.0621,0.0445,0.0852,cpu_hog_cartservice_2
2026-10-04T03:28:42,productcatalogservice,13.51953125,0.023875873999856197,0.0,0.0621,0.0445,0.0852,cpu_hog_cartservice_2
2026-10-04T03:28:42,adservice,107.328125,0.004544824611846228,0.0,0.0621,0.0445,0.0852,cpu_hog_cartservice_2
2026-10-04T03:28:42,recommendationservice,32.8671875,0.02062713645428988,4.0,0.0621,0.0445,0.0852,cpu_hog_cartservice_2
2026-10-04T03:28:42,emailservice,37.46484375,0.0050929011327401335,0.0,0.0621,0.0445,0.0852,cpu_hog_cartservice_2
2026-10-04T03:28:42,shippingservice,12.2734375,0.001679225000000173,0.0,0.0621,0.0445,0.0852,cpu_hog_cartservice_2
2026-10-04T03:28:42,checkoutservice,13.63671875,0.001719590331035751,0.0,0.0621,0.0445,0.0852,cpu_hog_cartservice_2
2026-10-04T03:28:42,frontend,15.30078125,0.05139579570431238,0.0,0.0621,0.0445,0.0852,cpu_hog_cartservice_2
2026-10-04T03:28:42,loadgenerator,87.8359375,0.00725278597416165,0.0,0.0621,0.0445,0.0852,cpu_hog_cartservice_2
2026-10-04T03:28:42,cartservice,40.54296875,0.018203360839081965,0.0,0.0621,0.0445,0.0852,cpu_hog_cartservice_2
2026-10-04T03:28:48,redis-cart,6.68359375,0.002933082616815089,0.0,0.0666,0.1722,0.0875,cpu_hog_cartservice_2
2026-10-04T03:28:48,paymentservice,35.57421875,0.0009047862026734971,0.0,0.0666,0.1722,0.0875,cpu_hog_cartservice_2
2026-10-04T03:28:48,currencyservice,41.1484375,0.027890680363665207,0.0,0.0666,0.1722,0.0875,cpu_hog_cartservice_2
2026-10-04T03:28:48,productcatalogservice,13.51953125,0.02306849012633076,0.0,0.0666,0.1722,0.0875,cpu_hog_cartservice_2
2026-10-04T03:28:48,adservice,107.328125,0.004544824611846228,0.0,0.0666,0.1722,0.0875,cpu_hog_cartservice_2
2026-10-04T03:28:48,recommendationservice,32.8671875,0.02062713645428988,4.0,0.0666,0.1722,0.0875,cpu_hog_cartservice_2
2026-10-04T03:28:48,emailservice,37.46484375,0.0050929011327401335,0.0,0.0666,0.1722,0.0875,cpu_hog_cartservice_2
2026-10-04T03:28:48,shippingservice,12.2734375,0.0018910244292344339,0.0,0.0666,0.1722,0.0875,cpu_hog_cartservice_2
2026-10-04T03:28:48,checkoutservice,13.63671875,0.001719590331035751,0.0,0.0666,0.1722,0.0875,cpu_hog_cartservice_2
2026-10-04T03:28:48,frontend,15.30078125,0.046305069708497154,0.0,0.0666,0.1722,0.0875,cpu_hog_cartservice_2
2026-10-04T03:28:48,loadgenerator,87.8359375,0.005898056214012931,0.0,0.0666,0.1722,0.0875,cpu_hog_cartservice_2
2026-10-04T03:28:48,cartservice,40.54296875,0.015787861009626925,0.0,0.0666,0.1722,0.0875,cpu_hog_cartservice_2
2026-10-04T03:28:53,redis-cart,6.4296875,0.004208240970139244,0.0,0.0536,0.0783,0.0865,cpu_hog_cartservice_2
2026-10-04T03:28:53,paymentservice,35.50390625,0.0010722841322429516,0.0,0.0536,0.0783,0.0865,cpu_hog_cartservice_2
2026-10-04T03:28:53,currencyservice,42.21484375,0.02717497331128678,0.0,0.0536,0.0783,0.0865,cpu_hog_cartservice_2
2026-10-04T03:28:53,productcatalogservice,13.51953125,0.02306849012633076,0.0,0.0536,0.0783,0.0865,cpu_hog_cartservice_2
2026-10-04T03:28:53,adservice,107.36328125,0.004572781195078681,0.0,0.0536,0.0783,0.0865,cpu_hog_cartservice_2
2026-10-04T03:28:53,recommendationservice,32.8671875,0.02034479895623266,4.0,0.0536,0.0783,0.0865,cpu_hog_cartservice_2
2026-10-04T03:28:53,emailservice,36.734375,0.003992633334231217,0.0,0.0536,0.0783,0.0865,cpu_hog_cartservice_2
2026-10-04T03:28:53,shippingservice,11.7734375,0.0026466143205253587,0.0,0.0536,0.0783,0.0865,cpu_hog_cartservice_2
2026-10-04T03:28:53,checkoutservice,13.63671875,0.001719590331035751,0.0,0.0536,0.0783,0.0865,cpu_hog_cartservice_2
2026-10-04T03:28:53,frontend,14.94140625,0.04726782641942038,0.0,0.0536,0.0783,0.0865,cpu_hog_cartservice_2
2026-10-04T03:28:53,loadgenerator,88.08203125,0.006614307028015508,0.0,0.0536,0.0783,0.0865,cpu_hog_cartservice_2
2026-10-04T03:28:53,cartservice,40.54296875,0.013421743051148034,0.0,0.0536,0.0783,0.0865,cpu_hog_cartservice_2
