time,service,memory_mb,cpu_cores,restarts,latency_s,latency_product_s,latency_cart_s,label
2026-10-02T22:47:54,loadgenerator,64.1328125,0.005993946596257131,0.0,0.0604,0.0412,0.0273,net_delay_adservice_1
2026-10-02T22:47:54,redis-cart,6.15625,0.003927384204756723,0.0,0.0604,0.0412,0.0273,net_delay_adservice_1
2026-10-02T22:47:54,shippingservice,12.98046875,0.0018898949856275137,0.0,0.0604,0.0412,0.0273,net_delay_adservice_1
2026-10-02T22:47:54,adservice,110.48046875,0.005863275023162247,0.0,0.0604,0.0412,0.0273,net_delay_adservice_1
2026-10-02T22:47:54,emailservice,37.00390625,0.004756830682807642,0.0,0.0604,0.0412,0.0273,net_delay_adservice_1
2026-10-02T22:47:54,productcatalogservice,13.90234375,0.014579407845181499,0.0,0.0604,0.0412,0.0273,net_delay_adservice_1
2026-10-02T22:47:54,cartservice,59.55078125,0.00749798766363833,0.0,0.0604,0.0412,0.0273,net_delay_adservice_1
2026-10-02T22:47:54,frontend,14.6484375,0.02627982939439592,0.0,0.0604,0.0412,0.0273,net_delay_adservice_1
2026-10-02T22:47:54,checkoutservice,12.84765625,0.00338126188516449,0.0,0.0604,0.0412,0.0273,net_delay_adservice_1
2026-10-02T22:47:54,paymentservice,43.19140625,0.001246624071053108,0.0,0.0604,0.0412,0.0273,net_delay_adservice_1
2026-10-02T22:47:54,currencyservice,38.359375,0.016560602019275845,0.0,0.0604,0.0412,0.0273,net_delay_adservice_1
2026-10-02T22:47:54,recommendationservice,32.640625,0.013267997325527999,4.0,0.0604,0.0412,0.0273,net_delay_adservice_1
2026-10-02T22:47:59,loadgenerator,64.00390625,0.008578854036453988,0.0,0.034,0.0436,0.0375,net_delay_adservice_1
2026-10-02T22:47:59,redis-cart,6.15625,0.004782204151842991,0.0,0.034,0.0436,0.0375,net_delay_adservice_1
2026-10-02T22:47:59,shippingservice,11.98046875,0.002215147831372574,0.0,0.034,0.0436,0.0375,net_delay_adservice_1
2026-10-02T22:47:59,adservice,111.3359375,0.007038122648555489,0.0,0.034,0.0436,0.0375,net_delay_adservice_1
2026-10-02T22:47:59,emailservice,36.73828125,0.006466246864827573,0.0,0.034,0.0436,0.0375,net_delay_adservice_1
2026-10-02T22:47:59,productcatalogservice,13.90234375,0.014579407845181499,0.0,0.034,0.0436,0.0375,net_delay_adservice_1
2026-10-02T22:47:59,cartservice,59.80859375,0.009943541591428875,0.0,0.034,0.0436,0.0375,net_delay_adservice_1
2026-10-02T22:47:59,frontend,15.08203125,0.033998557309273376,0.0,0.034,0.0436,0.0375,net_delay_adservice_1
2026-10-02T22:47:59,checkoutservice,12.84375,0.0033197328737612705,0.0,0.034,0.0436,0.0375,net_delay_adservice_1
2026-10-02T22:47:59,paymentservice,43.19140625,0.0011697880681159763,0.0,0.034,0.0436,0.0375,net_delay_adservice_1
2026-10-02T22:47:59,currencyservice,38.6640625,0.022417138478566315,0.0,0.034,0.0436,0.0375,net_delay_adservice_1
2026-10-02T22:47:59,recommendationservice,32.64453125,0.016443938173396434,4.0,0.034,0.0436,0.0375,net_delay_adservice_1
2026-10-02T22:48:04,loadgenerator,64.00390625,0.008578854036453988,0.0,0.1674,0.0426,0.0498,net_delay_adservice_1
2026-10-02T22:48:04,redis-cart,6.15625,0.004679468645153875,0.0,0.1674,0.0426,0.0498,net_delay_adservice_1
2026-10-02T22:48:04,shippingservice,11.98046875,0.002215147831372574,0.0,0.1674,0.0426,0.0498,net_delay_adservice_1
2026-10-02T22:48:04,adservice,111.3359375,0.007176156346964525,0.0,0.1674,0.0426,0.0498,net_delay_adservice_1
2026-10-02T22:48:04,emailservice,36.73828125,0.006466246864827573,0.0,0.1674,0.0426,0.0498,net_delay_adservice_1
2026-10-02T22:48:04,productcatalogservice,13.90234375,0.011820133415415523,0.0,0.1674,0.0426,0.0498,net_delay_adservice_1
2026-10-02T22:48:04,cartservice,59.80859375,0.008312127938861963,0.0,0.1674,0.0426,0.0498,net_delay_adservice_1
2026-10-02T22:48:04,frontend,15.08203125,0.023181299999998833,0.0,0.1674,0.0426,0.0498,net_delay_adservice_1
2026-10-02T22:48:04,checkoutservice,12.84375,0.0019624497120205127,0.0,0.1674,0.0426,0.0498,net_delay_adservice_1
2026-10-02T22:48:04,paymentservice,43.19140625,0.001047504268695683,0.0,0.1674,0.0426,0.0498,net_delay_adservice_1
2026-10-02T22:48:04,currencyservice,38.6640625,0.017998981161363434,0.0,0.1674,0.0426,0.0498,net_delay_adservice_1
2026-10-02T22:48:04,recommendationservice,32.64453125,0.013497367163147945,4.0,0.1674,0.0426,0.0498,net_delay_adservice_1
2026-10-02T22:48:10,loadgenerator,64.35546875,0.00804401322102596,0.0,0.0551,0.0279,0.0373,net_delay_adservice_1
2026-10-02T22:48:10,redis-cart,6.15625,0.004679468645153875,0.0,0.0551,0.0279,0.0373,net_delay_adservice_1
2026-10-02T22:48:10,shippingservice,11.98046875,0.0020925867903247596,0.0,0.0551,0.0279,0.0373,net_delay_adservice_1
2026-10-02T22:48:10,adservice,110.8671875,0.006917519516125487,0.0,0.0551,0.0279,0.0373,net_delay_adservice_1
2026-10-02T22:48:10,emailservice,37.48828125,0.006228068712473572,0.0,0.0551,0.0279,0.0373,net_delay_adservice_1
2026-10-02T22:48:10,productcatalogservice,14.86328125,0.014833692639359216,0.0,0.0551,0.0279,0.0373,net_delay_adservice_1
2026-10-02T22:48:10,cartservice,59.39453125,0.01052752575545246,0.0,0.0551,0.0279,0.0373,net_delay_adservice_1
2026-10-02T22:48:10,frontend,15.55078125,0.03499182288050582,0.0,0.0551,0.0279,0.0373,net_delay_adservice_1
2026-10-02T22:48:10,checkoutservice,12.6015625,0.0016549329924175815,0.0,0.0551,0.0279,0.0373,net_delay_adservice_1
2026-10-02T22:48:10,paymentservice,43.19140625,0.001195294493507683,0.0,0.0551,0.0279,0.0373,net_delay_adservice_1
2026-10-02T22:48:10,currencyservice,37.66015625,0.024025754947848643,0.0,0.0551,0.0279,0.0373,net_delay_adservice_1
2026-10-02T22:48:10,recommendationservice,32.38671875,0.01328337366452249,4.0,0.0551,0.0279,0.0373,net_delay_adservice_1
2026-10-02T22:48:15,loadgenerator,64.35546875,0.006693018472416114,0.0,0.1381,0.0497,0.049,net_delay_adservice_1
2026-10-02T22:48:15,redis-cart,6.15625,0.0037162975134790574,0.0,0.1381,0.0497,0.049,net_delay_adservice_1
2026-10-02T22:48:15,shippingservice,11.98046875,0.0015835999300247675,0.0,0.1381,0.0497,0.049,net_delay_adservice_1
2026-10-02T22:48:15,adservice,110.8671875,0.006917519516125487,0.0,0.1381,0.0497,0.049,net_delay_adservice_1
2026-10-02T22:48:15,emailservice,37.48828125,0.006228068712473572,0.0,0.1381,0.0497,0.049,net_delay_adservice_1
2026-10-02T22:48:15,productcatalogservice,14.86328125,0.01177805924442158,0.0,0.1381,0.0497,0.049,net_delay_adservice_1
2026-10-02T22:48:15,cartservice,59.39453125,0.00900954427089751,0.0,0.1381,0.0497,0.049,net_delay_adservice_1
2026-10-02T22:48:15,frontend,15.55078125,0.029519976577566727,0.0,0.1381,0.0497,0.049,net_delay_adservice_1
2026-10-02T22:48:15,checkoutservice,12.6015625,0.0016549329924175815,0.0,0.1381,0.0497,0.049,net_delay_adservice_1
2026-10-02T22:48:15,paymentservice,43.19140625,0.0008516268521782506,0.0,0.1381,0.0497,0.049,net_delay_adservice_1
2026-10-02T22:48:15,currencyservice,37.66015625,0.024025754947848643,0.0,0.1381,0.0497,0.049,net_delay_adservice_1
2026-10-02T22:48:15,recommendationservice,32.38671875,0.012628794610750666,4.0,0.1381,0.0497,0.049,net_delay_adservice_1
2026-10-02T22:48:20,loadgenerator,64.35546875,0.005995678460653864,0.0,0.1424,0.0341,0.0439,net_delay_adservice_1
2026-10-02T22:48:20,redis-cart,6.40625,0.00468015809870919,0.0,0.1424,0.0341,0.0439,net_delay_adservice_1
2026-10-02T22:48:20,shippingservice,12.23828125,0.002050413172801625,0.0,0.1424,0.0341,0.0439,net_delay_adservice_1
2026-10-02T22:48:20,adservice,110.8671875,0.0038593636142821948,0.0,0.1424,0.0341,0.0439,net_delay_adservice_1
2026-10-02T22:48:20,emailservice,37.48828125,0.006228068712473572,0.0,0.1424,0.0341,0.0439,net_delay_adservice_1
2026-10-02T22:48:20,productcatalogservice,14.859375,0.0164959152936886,0.0,0.1424,0.0341,0.0439,net_delay_adservice_1
2026-10-02T22:48:20,cartservice,59.3828125,0.010651802930968119,0.0,0.1424,0.0341,0.0439,net_delay_adservice_1
2026-10-02T22:48:20,frontend,15.30859375,0.03708052625914837,0.0,0.1424,0.0341,0.0439,net_delay_adservice_1
2026-10-02T22:48:20,checkoutservice,12.6015625,0.001245076617647024,0.0,0.1424,0.0341,0.0439,net_delay_adservice_1
2026-10-02T22:48:20,paymentservice,43.19140625,0.0008966441667863746,0.0,0.1424,0.0341,0.0439,net_delay_adservice_1
2026-10-02T22:48:20,currencyservice,37.66015625,0.021472534583648693,0.0,0.1424,0.0341,0.0439,net_delay_adservice_1
2026-10-02T22:48:20,recommendationservice,32.93359375,0.015963274354791484,4.0,0.1424,0.0341,0.0439,net_delay_adservice_1
2026-10-02T22:48:26,loadgenerator,64.35546875,0.005310352447579681,0.0,0.0827,0.0623,0.0224,net_delay_adservice_1
2026-10-02T22:48:26,redis-cart,6.40625,0.00468015809870919,0.0,0.0827,0.0623,0.0224,net_delay_adservice_1
2026-10-02T22:48:26,shippingservice,12.23828125,0.001973492872273629,0.0,0.0827,0.0623,0.0224,net_delay_adservice_1
2026-10-02T22:48:26,adservice,110.8671875,0.0031325972036676786,0.0,0.0827,0.0623,0.0224,net_delay_adservice_1
2026-10-02T22:48:26,emailservice,37.48828125,0.005024494433788054,0.0,0.0827,0.0623,0.0224,net_delay_adservice_1
2026-10-02T22:48:26,productcatalogservice,14.859375,0.0164959152936886,0.0,0.0827,0.0623,0.0224,net_delay_adservice_1
2026-10-02T22:48:26,cartservice,59.3828125,0.010651802930968119,0.0,0.0827,0.0623,0.0224,net_delay_adservice_1
2026-10-02T22:48:26,frontend,15.30859375,0.031451496370085985,0.0,0.0827,0.0623,0.0224,net_delay_adservice_1
2026-10-02T22:48:26,checkoutservice,12.6015625,0.001116045664074109,0.0,0.0827,0.0623,0.0224,net_delay_adservice_1
2026-10-02T22:48:26,paymentservice,43.19140625,0.0007713979207557645,0.0,0.0827,0.0623,0.0224,net_delay_adservice_1
2026-10-02T22:48:26,currencyservice,37.66015625,0.01917205623838848,0.0,0.0827,0.0623,0.0224,net_delay_adservice_1
2026-10-02T22:48:26,recommendationservice,32.93359375,0.013734012810264382,4.0,0.0827,0.0623,0.0224,net_delay_adservice_1
2026-10-02T22:48:31,loadgenerator,63.87890625,0.007985302705859822,0.0,0.0815,0.0464,0.0764,net_delay_adservice_1
2026-10-02T22:48:31,redis-cart,6.40625,0.00468015809870919,0.0,0.0815,0.0464,0.0764,net_delay_adservice_1
2026-10-02T22:48:31,shippingservice,12.484375,0.002076761198517015,0.0,0.0815,0.0464,0.0764,net_delay_adservice_1
2026-10-02T22:48:31,adservice,110.59765625,0.00381526861451451,0.0,0.0815,0.0464,0.0764,net_delay_adservice_1
2026-10-02T22:48:31,emailservice,36.73828125,0.005862311787942766,0.0,0.0815,0.0464,0.0764,net_delay_adservice_1
2026-10-02T22:48:31,productcatalogservice,14.859375,0.01431076874509942,0.0,0.0815,0.0464,0.0764,net_delay_adservice_1
2026-10-02T22:48:31,cartservice,59.3828125,0.008880526456914018,0.0,0.0815,0.0464,0.0764,net_delay_adservice_1
2026-10-02T22:48:31,frontend,15.30859375,0.028184702006655016,0.0,0.0815,0.0464,0.0764,net_delay_adservice_1
2026-10-02T22:48:31,checkoutservice,12.35546875,0.0013512400258787571,0.0,0.0815,0.0464,0.0764,net_delay_adservice_1
2026-10-02T22:48:31,paymentservice,43.19140625,0.000575741899157488,0.0,0.0815,0.0464,0.0764,net_delay_adservice_1
2026-10-02T22:48:31,currencyservice,38.83984375,0.025287526835551685,0.0,0.0815,0.0464,0.0764,net_delay_adservice_1
2026-10-02T22:48:31,recommendationservice,33.390625,0.016194690810544487,4.0,0.0815,0.0464,0.0764,net_delay_adservice_1
2026-10-02T22:48:36,loadgenerator,64.1328125,0.008217968043413295,0.0,0.1722,0.0393,0.0328,net_delay_adservice_1
2026-10-02T22:48:36,redis-cart,5.90625,0.004689354080376381,0.0,0.1722,0.0393,0.0328,net_delay_adservice_1
2026-10-02T22:48:36,shippingservice,12.484375,0.002132639791937363,0.0,0.1722,0.0393,0.0328,net_delay_adservice_1
2026-10-02T22:48:36,adservice,110.59765625,0.00381526861451451,0.0,0.1722,0.0393,0.0328,net_delay_adservice_1
2026-10-02T22:48:36,emailservice,36.73828125,0.005862311787942767,0.0,0.1722,0.0393,0.0328,net_delay_adservice_1
2026-10-02T22:48:36,productcatalogservice,14.59375,0.017532879412291445,0.0,0.1722,0.0393,0.0328,net_delay_adservice_1
2026-10-02T22:48:36,cartservice,58.5703125,0.011141059334882734,0.0,0.1722,0.0393,0.0328,net_delay_adservice_1
2026-10-02T22:48:36,frontend,14.03515625,0.03759625825557727,0.0,0.1722,0.0393,0.0328,net_delay_adservice_1
2026-10-02T22:48:36,checkoutservice,12.35546875,0.0007869425574851558,0.0,0.1722,0.0393,0.0328,net_delay_adservice_1
2026-10-02T22:48:36,paymentservice,43.2421875,0.0009409872459959493,0.0,0.1722,0.0393,0.0328,net_delay_adservice_1
2026-10-02T22:48:36,currencyservice,38.83984375,0.025615085511965268,0.0,0.1722,0.0393,0.0328,net_delay_adservice_1
2026-10-02T22:48:36,recommendationservice,33.390625,0.016016971419379068,4.0,0.1722,0.0393,0.0328,net_delay_adservice_1
2026-10-02T22:48:41,loadgenerator,64.1328125,0.008217968043413296,0.0,0.0677,0.0586,0.0337,net_delay_adservice_1
2026-10-02T22:48:41,redis-cart,5.90625,0.004689354080376381,0.0,0.0677,0.0586,0.0337,net_delay_adservice_1
2026-10-02T22:48:41,shippingservice,12.484375,0.002132639791937363,0.0,0.0677,0.0586,0.0337,net_delay_adservice_1
2026-10-02T22:48:41,adservice,110.59765625,0.00381526861451451,0.0,0.0677,0.0586,0.0337,net_delay_adservice_1
2026-10-02T22:48:41,emailservice,36.73828125,0.0048036271316385356,0.0,0.0677,0.0586,0.0337,net_delay_adservice_1
2026-10-02T22:48:41,productcatalogservice,14.59375,0.01753287941229145,0.0,0.0677,0.0586,0.0337,net_delay_adservice_1
2026-10-02T22:48:41,cartservice,58.5703125,0.009440995575153712,0.0,0.0677,0.0586,0.0337,net_delay_adservice_1
2026-10-02T22:48:41,frontend,14.03515625,0.03759625825557727,0.0,0.0677,0.0586,0.0337,net_delay_adservice_1
2026-10-02T22:48:41,checkoutservice,12.35546875,0.0006459716350936587,0.0,0.0677,0.0586,0.0337,net_delay_adservice_1
2026-10-02T22:48:41,paymentservice,43.2421875,0.0009409872459959493,0.0,0.0677,0.0586,0.0337,net_delay_adservice_1
2026-10-02T22:48:41,currencyservice,38.83984375,0.019450494994941926,0.0,0.0677,0.0586,0.0337,net_delay_adservice_1
2026-10-02T22:48:41,recommendationservice,33.390625,0.013162302196572957,4.0,0.0677,0.0586,0.0337,net_delay_adservice_1
2026-10-02T22:48:47,loadgenerator,64.1328125,0.007405303602040628,0.0,0.156,0.0201,0.0355,net_delay_adservice_1
2026-10-02T22:48:47,redis-cart,5.90625,0.004689354080376381,0.0,0.156,0.0201,0.0355,net_delay_adservice_1
2026-10-02T22:48:47,shippingservice,11.984375,0.002141096438575379,0.0,0.156,0.0201,0.0355,net_delay_adservice_1
2026-10-02T22:48:47,adservice,111.09375,0.0035830025261641626,0.0,0.156,0.0201,0.0355,net_delay_adservice_1
2026-10-02T22:48:47,emailservice,37.23046875,0.0060320615280470835,0.0,0.156,0.0201,0.0355,net_delay_adservice_1
2026-10-02T22:48:47,productcatalogservice,14.21484375,0.01646804419889519,0.0,0.156,0.0201,0.0355,net_delay_adservice_1
2026-10-02T22:48:47,cartservice,59.08203125,0.010165128042279998,0.0,0.156,0.0201,0.0355,net_delay_adservice_1
2026-10-02T22:48:47,frontend,14.03515625,0.031522060564135215,0.0,0.156,0.0201,0.0355,net_delay_adservice_1
2026-10-02T22:48:47,checkoutservice,12.35546875,0.0016754182959593578,0.0,0.156,0.0201,0.0355,net_delay_adservice_1
2026-10-02T22:48:47,paymentservice,43.2421875,0.0007858140134837692,0.0,0.156,0.0201,0.0355,net_delay_adservice_1
2026-10-02T22:48:47,currencyservice,39.0703125,0.0253634646733728,0.0,0.156,0.0201,0.0355,net_delay_adservice_1
2026-10-02T22:48:47,recommendationservice,32.66015625,0.016179660822952635,4.0,0.156,0.0201,0.0355,net_delay_adservice_1
2026-10-02T22:48:52,loadgenerator,64.1328125,0.006636344728571258,0.0,0.0535,0.0462,0.028,net_delay_adservice_1
2026-10-02T22:48:52,redis-cart,5.90625,0.003621119220866641,0.0,0.0535,0.0462,0.028,net_delay_adservice_1
2026-10-02T22:48:52,shippingservice,11.984375,0.002141096438575379,0.0,0.0535,0.0462,0.028,net_delay_adservice_1
2026-10-02T22:48:52,adservice,111.09375,0.0032843850135574164,0.0,0.0535,0.0462,0.028,net_delay_adservice_1
2026-10-02T22:48:52,emailservice,37.23046875,0.006098485279882353,0.0,0.0535,0.0462,0.028,net_delay_adservice_1
2026-10-02T22:48:52,productcatalogservice,14.21484375,0.01646804419889519,0.0,0.0535,0.0462,0.028,net_delay_adservice_1
2026-10-02T22:48:52,cartservice,59.08203125,0.010165128042279998,0.0,0.0535,0.0462,0.028,net_delay_adservice_1
2026-10-02T22:48:52,frontend,14.03515625,0.028924523024202068,0.0,0.0535,0.0462,0.028,net_delay_adservice_1
2026-10-02T22:48:52,checkoutservice,12.35546875,0.001675418295959358,0.0,0.0535,0.0462,0.028,net_delay_adservice_1
2026-10-02T22:48:52,paymentservice,43.2421875,0.0007005815217391346,0.0,0.0535,0.0462,0.028,net_delay_adservice_1
2026-10-02T22:48:52,currencyservice,39.0703125,0.024060442749357418,0.0,0.0535,0.0462,0.028,net_delay_adservice_1
2026-10-02T22:48:52,recommendationservice,32.66015625,0.017097829304390716,4.0,0.0535,0.0462,0.028,net_delay_adservice_1
2026-10-02T22:48:57,loadgenerator,63.63671875,0.00823303181470025,0.0,0.1778,0.1469,0.0383,net_delay_adservice_1
2026-10-02T22:48:57,redis-cart,6.3984375,0.004440477263847777,0.0,0.1778,0.1469,0.0383,net_delay_adservice_1
2026-10-02T22:48:57,shippingservice,11.9921875,0.0021247017512267398,0.0,0.1778,0.1469,0.0383,net_delay_adservice_1
2026-10-02T22:48:57,adservice,110.23046875,0.003356959692283478,0.0,0.1778,0.1469,0.0383,net_delay_adservice_1
2026-10-02T22:48:57,emailservice,37.23046875,0.006098485279882353,0.0,0.1778,0.1469,0.0383,net_delay_adservice_1
2026-10-02T22:48:57,productcatalogservice,14.21484375,0.012643417350251167,0.0,0.1778,0.1469,0.0383,net_delay_adservice_1
2026-10-02T22:48:57,cartservice,59.08203125,0.010165128042279998,0.0,0.1778,0.1469,0.0383,net_delay_adservice_1
2026-10-02T22:48:57,frontend,14.1015625,0.03458843854665649,0.0,0.1778,0.1469,0.0383,net_delay_adservice_1
2026-10-02T22:48:57,checkoutservice,12.35546875,0.0016754182959593578,0.0,0.1778,0.1469,0.0383,net_delay_adservice_1
2026-10-02T22:48:57,paymentservice,43.4921875,0.0009360246533128109,0.0,0.1778,0.1469,0.0383,net_delay_adservice_1
2026-10-02T22:48:57,currencyservice,37.96484375,0.022381226589142943,0.0,0.1778,0.1469,0.0383,net_delay_adservice_1
2026-10-02T22:48:57,recommendationservice,33.63671875,0.01664975655430711,4.0,0.1778,0.1469,0.0383,net_delay_adservice_1
2026-10-02T22:49:03,loadgenerator,63.63671875,0.007795330998832885,0.0,0.1816,0.1409,0.054,net_delay_adservice_1
2026-10-02T22:49:03,redis-cart,6.3984375,0.004440477263847777,0.0,0.1816,0.1409,0.054,net_delay_adservice_1
2026-10-02T22:49:03,shippingservice,11.9921875,0.00212470175122674,0.0,0.1816,0.1409,0.054,net_delay_adservice_1
2026-10-02T22:49:03,adservice,110.23046875,0.003356959692283478,0.0,0.1816,0.1409,0.054,net_delay_adservice_1
2026-10-02T22:49:03,emailservice,37.23046875,0.004685415419822946,0.0,0.1816,0.1409,0.054,net_delay_adservice_1
2026-10-02T22:49:03,productcatalogservice,14.21484375,0.011281225187186055,0.0,0.1816,0.1409,0.054,net_delay_adservice_1
2026-10-02T22:49:03,cartservice,59.08203125,0.007875197945619597,0.0,0.1816,0.1409,0.054,net_delay_adservice_1
2026-10-02T22:49:03,frontend,14.1015625,0.032892861095738114,0.0,0.1816,0.1409,0.054,net_delay_adservice_1
2026-10-02T22:49:03,checkoutservice,12.35546875,0.0013314898243467345,0.0,0.1816,0.1409,0.054,net_delay_adservice_1
2026-10-02T22:49:03,paymentservice,43.4921875,0.0010410533202486142,0.0,0.1816,0.1409,0.054,net_delay_adservice_1
2026-10-02T22:49:03,currencyservice,37.96484375,0.02202038896727257,0.0,0.1816,0.1409,0.054,net_delay_adservice_1
2026-10-02T22:49:03,recommendationservice,33.63671875,0.016149914451647113,4.0,0.1816,0.1409,0.054,net_delay_adservice_1
2026-10-02T22:49:08,loadgenerator,63.87890625,0.007700985295588998,0.0,0.1527,0.1448,0.0377,net_delay_adservice_1
2026-10-02T22:49:08,redis-cart,6.15625,0.004415079900967519,0.0,0.1527,0.1448,0.0377,net_delay_adservice_1
2026-10-02T22:49:08,shippingservice,12.23828125,0.002248901048791542,0.0,0.1527,0.1448,0.0377,net_delay_adservice_1
2026-10-02T22:49:08,adservice,112.96875,0.0032641056806557785,0.0,0.1527,0.1448,0.0377,net_delay_adservice_1
2026-10-02T22:49:08,emailservice,36.7421875,0.005910684377708211,0.0,0.1527,0.1448,0.0377,net_delay_adservice_1
2026-10-02T22:49:08,productcatalogservice,13.6328125,0.014926050956866041,0.0,0.1527,0.1448,0.0377,net_delay_adservice_1
2026-10-02T22:49:08,cartservice,58.546875,0.009169153544660375,0.0,0.1527,0.1448,0.0377,net_delay_adservice_1
2026-10-02T22:49:08,frontend,14.3359375,0.033951192355965824,0.0,0.1527,0.1448,0.0377,net_delay_adservice_1
2026-10-02T22:49:08,checkoutservice,12.35546875,0.0017579001993827095,0.0,0.1527,0.1448,0.0377,net_delay_adservice_1
2026-10-02T22:49:08,paymentservice,43.19921875,0.0010545172578336056,0.0,0.1527,0.1448,0.0377,net_delay_adservice_1
2026-10-02T22:49:08,currencyservice,37.96484375,0.02202038896727257,0.0,0.1527,0.1448,0.0377,net_delay_adservice_1
2026-10-02T22:49:08,recommendationservice,33.63671875,0.013790187645894084,4.0,0.1527,0.1448,0.0377,net_delay_adservice_1
2026-10-02T22:49:13,loadgenerator,63.87890625,0.006381378681938181,0.0,0.2524,0.1328,0.0541,net_delay_adservice_1
2026-10-02T22:49:13,redis-cart,6.15625,0.0030539499999996168,0.0,0.2524,0.1328,0.0541,net_delay_adservice_1
2026-10-02T22:49:13,shippingservice,12.23828125,0.002223008227975034,0.0,0.2524,0.1328,0.0541,net_delay_adservice_1
2026-10-02T22:49:13,adservice,112.96875,0.0026686784027428207,0.0,0.2524,0.1328,0.0541,net_delay_adservice_1
2026-10-02T22:49:13,emailservice,36.7421875,0.005910684377708211,0.0,0.2524,0.1328,0.0541,net_delay_adservice_1
2026-10-02T22:49:13,productcatalogservice,13.6328125,0.009125099999999976,0.0,0.2524,0.1328,0.0541,net_delay_adservice_1
2026-10-02T22:49:13,cartservice,58.546875,0.007821211563982428,0.0,0.2524,0.1328,0.0541,net_delay_adservice_1
2026-10-02T22:49:13,frontend,14.3359375,0.032093692178300715,0.0,0.2524,0.1328,0.0541,net_delay_adservice_1
2026-10-02T22:49:13,checkoutservice,12.35546875,0.0017579001993827095,0.0,0.2524,0.1328,0.0541,net_delay_adservice_1
2026-10-02T22:49:13,paymentservice,43.19921875,0.0009562848110793243,0.0,0.2524,0.1328,0.0541,net_delay_adservice_1
2026-10-02T22:49:13,currencyservice,37.96484375,0.02202038896727257,0.0,0.2524,0.1328,0.0541,net_delay_adservice_1
2026-10-02T22:49:13,recommendationservice,33.63671875,0.012188260293749763,4.0,0.2524,0.1328,0.0541,net_delay_adservice_1
2026-10-02T22:49:19,loadgenerator,64.1328125,0.007883372173312309,0.0,0.1743,0.1491,0.0543,net_delay_adservice_1
2026-10-02T22:49:19,redis-cart,5.91796875,0.004464602295681586,0.0,0.1743,0.1491,0.0543,net_delay_adservice_1
2026-10-02T22:49:19,shippingservice,12.23828125,0.002223008227975034,0.0,0.1743,0.1491,0.0543,net_delay_adservice_1
2026-10-02T22:49:19,adservice,113.48046875,0.003397057097932719,0.0,0.1743,0.1491,0.0543,net_delay_adservice_1
2026-10-02T22:49:19,emailservice,36.7421875,0.00585178165276761,0.0,0.1743,0.1491,0.0543,net_delay_adservice_1
2026-10-02T22:49:19,productcatalogservice,14.859375,0.014582824694817056,0.0,0.1743,0.1491,0.0543,net_delay_adservice_1
2026-10-02T22:49:19,cartservice,58.546875,0.00641720815826987,0.0,0.1743,0.1491,0.0543,net_delay_adservice_1
2026-10-02T22:49:19,frontend,15.06640625,0.03389398701507206,0.0,0.1743,0.1491,0.0543,net_delay_adservice_1
2026-10-02T22:49:19,checkoutservice,12.3671875,0.002006078036621622,0.0,0.1743,0.1491,0.0543,net_delay_adservice_1
2026-10-02T22:49:19,paymentservice,43.19921875,0.0007915767059310493,0.0,0.1743,0.1491,0.0543,net_delay_adservice_1
2026-10-02T22:49:19,currencyservice,38.54296875,0.017612135358167375,0.0,0.1743,0.1491,0.0543,net_delay_adservice_1
2026-10-02T22:49:19,recommendationservice,32.44140625,0.01614541703110631,4.0,0.1743,0.1491,0.0543,net_delay_adservice_1
2026-10-02T22:49:24,loadgenerator,64.1328125,0.007883372173312309,0.0,0.2636,0.14,0.0273,net_delay_adservice_1
2026-10-02T22:49:24,redis-cart,5.91796875,0.004464602295681585,0.0,0.2636,0.14,0.0273,net_delay_adservice_1
2026-10-02T22:49:24,shippingservice,12.23828125,0.0017286111980733866,0.0,0.2636,0.14,0.0273,net_delay_adservice_1
2026-10-02T22:49:24,adservice,113.48046875,0.002926959426094109,0.0,0.2636,0.14,0.0273,net_delay_adservice_1
2026-10-02T22:49:24,emailservice,36.7421875,0.005536475255651491,0.0,0.2636,0.14,0.0273,net_delay_adservice_1
2026-10-02T22:49:24,productcatalogservice,14.859375,0.01244854728503783,0.0,0.2636,0.14,0.0273,net_delay_adservice_1
2026-10-02T22:49:24,cartservice,58.546875,0.0056548127608327696,0.0,0.2636,0.14,0.0273,net_delay_adservice_1
2026-10-02T22:49:24,frontend,15.06640625,0.03389398701507206,0.0,0.2636,0.14,0.0273,net_delay_adservice_1
2026-10-02T22:49:24,checkoutservice,12.3671875,0.0018986562319895555,0.0,0.2636,0.14,0.0273,net_delay_adservice_1
2026-10-02T22:49:24,paymentservice,43.19921875,0.0007036941317928593,0.0,0.2636,0.14,0.0273,net_delay_adservice_1
2026-10-02T22:49:24,currencyservice,38.54296875,0.02140360575413027,0.0,0.2636,0.14,0.0273,net_delay_adservice_1
2026-10-02T22:49:24,recommendationservice,32.44140625,0.015921909997963744,4.0,0.2636,0.14,0.0273,net_delay_adservice_1
2026-10-02T22:49:30,loadgenerator,64.1328125,0.007047735433968262,0.0,0.1743,0.1553,0.0387,net_delay_adservice_1
2026-10-02T22:49:30,redis-cart,5.91796875,0.002853049999999513,0.0,0.1743,0.1553,0.0387,net_delay_adservice_1
2026-10-02T22:49:30,shippingservice,12.98046875,0.0015423333333330902,0.0,0.1743,0.1553,0.0387,net_delay_adservice_1
2026-10-02T22:49:30,adservice,110.73828125,0.0036163288415804054,0.0,0.1743,0.1553,0.0387,net_delay_adservice_1
2026-10-02T22:49:30,emailservice,36.7421875,0.0042958203568006885,0.0,0.1743,0.1553,0.0387,net_delay_adservice_1
2026-10-02T22:49:30,productcatalogservice,14.92578125,0.015311036139899594,0.0,0.1743,0.1553,0.0387,net_delay_adservice_1
2026-10-02T22:49:30,cartservice,58.57421875,0.009310452126831627,0.0,0.1743,0.1553,0.0387,net_delay_adservice_1
2026-10-02T22:49:30,frontend,15.06640625,0.02529482500000029,0.0,0.1743,0.1553,0.0387,net_delay_adservice_1
2026-10-02T22:49:30,checkoutservice,12.3671875,0.0018986562319895555,0.0,0.1743,0.1553,0.0387,net_delay_adservice_1
2026-10-02T22:49:30,paymentservice,43.19921875,0.0010234319889587072,0.0,0.1743,0.1553,0.0387,net_delay_adservice_1
2026-10-02T22:49:30,currencyservice,38.54296875,0.016926149793747503,0.0,0.1743,0.1553,0.0387,net_delay_adservice_1
2026-10-02T22:49:30,recommendationservice,32.921875,0.015535794493931221,4.0,0.1743,0.1553,0.0387,net_delay_adservice_1
2026-10-02T22:49:35,loadgenerator,63.66796875,0.007980722388474906,0.0,0.2194,0.2632,0.0545,net_delay_adservice_1
2026-10-02T22:49:35,redis-cart,6.90234375,0.00450276025236571,0.0,0.2194,0.2632,0.0545,net_delay_adservice_1
2026-10-02T22:49:35,shippingservice,12.2421875,0.0020374933267625866,0.0,0.2194,0.2632,0.0545,net_delay_adservice_1
2026-10-02T22:49:35,adservice,110.73828125,0.0036163288415804054,0.0,0.2194,0.2632,0.0545,net_delay_adservice_1
2026-10-02T22:49:35,emailservice,36.7421875,0.005551637961555157,0.0,0.2194,0.2632,0.0545,net_delay_adservice_1
2026-10-02T22:49:35,productcatalogservice,14.92578125,0.015311036139899594,0.0,0.2194,0.2632,0.0545,net_delay_adservice_1
2026-10-02T22:49:35,cartservice,58.3125,0.008927730828719014,0.0,0.2194,0.2632,0.0545,net_delay_adservice_1
2026-10-02T22:49:35,frontend,14.5390625,0.03593103023129704,0.0,0.2194,0.2632,0.0545,net_delay_adservice_1
2026-10-02T22:49:35,checkoutservice,12.86328125,0.0016381177309389185,0.0,0.2194,0.2632,0.0545,net_delay_adservice_1
2026-10-02T22:49:35,paymentservice,43.46484375,0.000937272849643267,0.0,0.2194,0.2632,0.0545,net_delay_adservice_1
2026-10-02T22:49:35,currencyservice,37.73046875,0.020162870049049056,0.0,0.2194,0.2632,0.0545,net_delay_adservice_1
2026-10-02T22:49:35,recommendationservice,32.76953125,0.015436901988718407,4.0,0.2194,0.2632,0.0545,net_delay_adservice_1
2026-10-02T22:49:41,loadgenerator,63.66796875,0.007980722388474906,0.0,0.2848,0.1408,0.047,net_delay_adservice_1
2026-10-02T22:49:41,redis-cart,6.90234375,0.00450276025236571,0.0,0.2848,0.1408,0.047,net_delay_adservice_1
2026-10-02T22:49:41,shippingservice,12.2421875,0.0020374933267625866,0.0,0.2848,0.1408,0.047,net_delay_adservice_1
2026-10-02T22:49:41,adservice,110.73828125,0.002897467058281245,0.0,0.2848,0.1408,0.047,net_delay_adservice_1
2026-10-02T22:49:41,emailservice,36.7421875,0.005623134800201754,0.0,0.2848,0.1408,0.047,net_delay_adservice_1
2026-10-02T22:49:41,productcatalogservice,14.92578125,0.00998137500000098,0.0,0.2848,0.1408,0.047,net_delay_adservice_1
2026-10-02T22:49:41,cartservice,58.3125,0.008927730828719014,0.0,0.2848,0.1408,0.047,net_delay_adservice_1
2026-10-02T22:49:41,frontend,14.5390625,0.03593103023129704,0.0,0.2848,0.1408,0.047,net_delay_adservice_1
2026-10-02T22:49:41,checkoutservice,12.86328125,0.00127985000000006,0.0,0.2848,0.1408,0.047,net_delay_adservice_1
2026-10-02T22:49:41,paymentservice,43.46484375,0.000937272849643267,0.0,0.2848,0.1408,0.047,net_delay_adservice_1
2026-10-02T22:49:41,currencyservice,37.73046875,0.020807582910594355,0.0,0.2848,0.1408,0.047,net_delay_adservice_1
2026-10-02T22:49:41,recommendationservice,32.76953125,0.015502597037074949,4.0,0.2848,0.1408,0.047,net_delay_adservice_1
2026-10-02T22:49:46,loadgenerator,63.66796875,0.008150706863218312,0.0,0.1819,0.2139,0.0527,net_delay_adservice_1
2026-10-02T22:49:46,redis-cart,6.1640625,0.004758645333825221,0.0,0.1819,0.2139,0.0527,net_delay_adservice_1
2026-10-02T22:49:46,shippingservice,11.98828125,0.0020747490222956387,0.0,0.1819,0.2139,0.0527,net_delay_adservice_1
2026-10-02T22:49:46,adservice,110.60546875,0.003764435569242546,0.0,0.1819,0.2139,0.0527,net_delay_adservice_1
2026-10-02T22:49:46,emailservice,37.48046875,0.005854278232560144,0.0,0.1819,0.2139,0.0527,net_delay_adservice_1
2026-10-02T22:49:46,productcatalogservice,14.46875,0.014973111338645971,0.0,0.1819,0.2139,0.0527,net_delay_adservice_1
2026-10-02T22:49:46,cartservice,58.56640625,0.009451445295103644,0.0,0.1819,0.2139,0.0527,net_delay_adservice_1
2026-10-02T22:49:46,frontend,14.5390625,0.027790379111713448,0.0,0.1819,0.2139,0.0527,net_delay_adservice_1
2026-10-02T22:49:46,checkoutservice,14.35546875,0.0017185214041466974,0.0,0.1819,0.2139,0.0527,net_delay_adservice_1
2026-10-02T22:49:46,paymentservice,43.46484375,0.000937272849643267,0.0,0.1819,0.2139,0.0527,net_delay_adservice_1
2026-10-02T22:49:46,currencyservice,38.609375,0.022549018387083376,0.0,0.1819,0.2139,0.0527,net_delay_adservice_1
2026-10-02T22:49:46,recommendationservice,33.65625,0.01519405860285917,4.0,0.1819,0.2139,0.0527,net_delay_adservice_1
2026-10-02T22:49:52,loadgenerator,63.66796875,0.006214234757632028,0.0,0.2195,0.1409,0.1169,net_delay_adservice_1
2026-10-02T22:49:52,redis-cart,6.1640625,0.004758645333825221,0.0,0.2195,0.1409,0.1169,net_delay_adservice_1
2026-10-02T22:49:52,shippingservice,11.98828125,0.0020747490222956387,0.0,0.2195,0.1409,0.1169,net_delay_adservice_1
2026-10-02T22:49:52,adservice,110.60546875,0.0032023635116927534,0.0,0.2195,0.1409,0.1169,net_delay_adservice_1
2026-10-02T22:49:52,emailservice,37.48046875,0.005854278232560144,0.0,0.2195,0.1409,0.1169,net_delay_adservice_1
2026-10-02T22:49:52,productcatalogservice,14.46875,0.01497311133864597,0.0,0.2195,0.1409,0.1169,net_delay_adservice_1
2026-10-02T22:49:52,cartservice,58.56640625,0.009451445295103644,0.0,0.2195,0.1409,0.1169,net_delay_adservice_1
2026-10-02T22:49:52,frontend,14.5390625,0.024495591609271106,0.0,0.2195,0.1409,0.1169,net_delay_adservice_1
2026-10-02T22:49:52,checkoutservice,14.35546875,0.0017185214041466974,0.0,0.2195,0.1409,0.1169,net_delay_adservice_1
2026-10-02T22:49:52,paymentservice,43.46484375,0.0006791572276769403,0.0,0.2195,0.1409,0.1169,net_delay_adservice_1
2026-10-02T22:49:52,currencyservice,38.609375,0.022549018387083376,0.0,0.2195,0.1409,0.1169,net_delay_adservice_1
2026-10-02T22:49:52,recommendationservice,33.65625,0.01519405860285917,4.0,0.2195,0.1409,0.1169,net_delay_adservice_1
2026-10-02T22:49:58,loadgenerator,64.1640625,0.0075678539626012785,0.0,0.2057,0.1447,0.0151,net_delay_adservice_1
2026-10-02T22:49:58,redis-cart,6.1640625,0.004005777811593772,0.0,0.2057,0.1447,0.0151,net_delay_adservice_1
2026-10-02T22:49:58,shippingservice,11.98828125,0.0018878261534930063,0.0,0.2057,0.1447,0.0151,net_delay_adservice_1
2026-10-02T22:49:58,adservice,110.86328125,0.003963132675847024,0.0,0.2057,0.1447,0.0151,net_delay_adservice_1
2026-10-02T22:49:58,emailservice,36.984375,0.0058671411919355015,0.0,0.2057,0.1447,0.0151,net_delay_adservice_1
2026-10-02T22:49:58,productcatalogservice,14.46875,0.014123148119390045,0.0,0.2057,0.1447,0.0151,net_delay_adservice_1
2026-10-02T22:49:58,cartservice,58.56640625,0.0072576214239303315,0.0,0.2057,0.1447,0.0151,net_delay_adservice_1
2026-10-02T22:49:58,frontend,13.8203125,0.0346149163850618,0.0,0.2057,0.1447,0.0151,net_delay_adservice_1
2026-10-02T22:49:58,checkoutservice,14.35546875,0.0017185214041466974,0.0,0.2057,0.1447,0.0151,net_delay_adservice_1
2026-10-02T22:49:58,paymentservice,43.25390625,0.0010051918588163576,0.0,0.2057,0.1447,0.0151,net_delay_adservice_1
2026-10-02T22:49:58,currencyservice,38.45703125,0.022599721854908553,0.0,0.2057,0.1447,0.0151,net_delay_adservice_1
2026-10-02T22:49:58,recommendationservice,33.65625,0.011998582910666794,4.0,0.2057,0.1447,0.0151,net_delay_adservice_1
2026-10-02T22:50:03,loadgenerator,64.1640625,0.0075678539626012785,0.0,0.2084,0.1568,0.0578,net_delay_adservice_1
2026-10-02T22:50:03,redis-cart,6.1640625,0.0035698866805490494,0.0,0.2084,0.1568,0.0578,net_delay_adservice_1
2026-10-02T22:50:03,shippingservice,11.98828125,0.0014822424362996465,0.0,0.2084,0.1568,0.0578,net_delay_adservice_1
2026-10-02T22:50:03,adservice,110.86328125,0.0039631326758470245,0.0,0.2084,0.1568,0.0578,net_delay_adservice_1
2026-10-02T22:50:03,emailservice,36.984375,0.0058671411919355015,0.0,0.2084,0.1568,0.0578,net_delay_adservice_1
2026-10-02T22:50:03,productcatalogservice,14.46875,0.010864996694697258,0.0,0.2084,0.1568,0.0578,net_delay_adservice_1
2026-10-02T22:50:03,cartservice,58.56640625,0.007185678587333549,0.0,0.2084,0.1568,0.0578,net_delay_adservice_1
2026-10-02T22:50:03,frontend,13.8203125,0.03326758513931906,0.0,0.2084,0.1568,0.0578,net_delay_adservice_1
2026-10-02T22:50:03,checkoutservice,14.35546875,0.0010434962007566076,0.0,0.2084,0.1568,0.0578,net_delay_adservice_1
2026-10-02T22:50:03,paymentservice,43.25390625,0.0006889500000000216,0.0,0.2084,0.1568,0.0578,net_delay_adservice_1
2026-10-02T22:50:03,currencyservice,38.45703125,0.022599721854908553,0.0,0.2084,0.1568,0.0578,net_delay_adservice_1
2026-10-02T22:50:03,recommendationservice,33.65625,0.010661431264330924,4.0,0.2084,0.1568,0.0578,net_delay_adservice_1
2026-10-02T22:50:09,loadgenerator,64.1640625,0.006149827326358864,0.0,0.1813,0.1343,0.0371,net_delay_adservice_1
2026-10-02T22:50:09,redis-cart,6.16015625,0.004567311505751196,0.0,0.1813,0.1343,0.0371,net_delay_adservice_1
2026-10-02T22:50:09,shippingservice,12.2265625,0.0019285049008739281,0.0,0.1813,0.1343,0.0371,net_delay_adservice_1
2026-10-02T22:50:09,adservice,110.859375,0.003956160890831731,0.0,0.1813,0.1343,0.0371,net_delay_adservice_1
2026-10-02T22:50:09,emailservice,36.984375,0.004657939689892017,0.0,0.1813,0.1343,0.0371,net_delay_adservice_1
2026-10-02T22:50:09,productcatalogservice,14.15234375,0.01436120619054633,0.0,0.1813,0.1343,0.0371,net_delay_adservice_1
2026-10-02T22:50:09,cartservice,58.09765625,0.009879719961059465,0.0,0.1813,0.1343,0.0371,net_delay_adservice_1
2026-10-02T22:50:09,frontend,14.3203125,0.034324546138146374,0.0,0.1813,0.1343,0.0371,net_delay_adservice_1
2026-10-02T22:50:09,checkoutservice,12.36328125,0.0014349751522924168,0.0,0.1813,0.1343,0.0371,net_delay_adservice_1
2026-10-02T22:50:09,paymentservice,43.25390625,0.0007583034788438853,0.0,0.1813,0.1343,0.0371,net_delay_adservice_1
2026-10-02T22:50:09,currencyservice,38.45703125,0.022599721854908553,0.0,0.1813,0.1343,0.0371,net_delay_adservice_1
2026-10-02T22:50:09,recommendationservice,33.140625,0.014536621969283544,4.0,0.1813,0.1343,0.0371,net_delay_adservice_1
2026-10-02T22:50:14,loadgenerator,64.1640625,0.0054532063691014165,0.0,0.2601,0.1529,0.0379,net_delay_adservice_1
2026-10-02T22:50:14,redis-cart,6.16015625,0.003182275000000345,0.0,0.2601,0.1529,0.0379,net_delay_adservice_1
2026-10-02T22:50:14,shippingservice,12.2265625,0.0019285049008739281,0.0,0.2601,0.1529,0.0379,net_delay_adservice_1
2026-10-02T22:50:14,adservice,110.859375,0.003441134678860286,0.0,0.2601,0.1529,0.0379,net_delay_adservice_1
2026-10-02T22:50:14,emailservice,36.984375,0.0032969250000007837,0.0,0.2601,0.1529,0.0379,net_delay_adservice_1
2026-10-02T22:50:14,productcatalogservice,14.15234375,0.01442012394560094,0.0,0.2601,0.1529,0.0379,net_delay_adservice_1
2026-10-02T22:50:14,cartservice,58.09765625,0.009879719961059465,0.0,0.2601,0.1529,0.0379,net_delay_adservice_1
2026-10-02T22:50:14,frontend,14.3203125,0.03479847793917838,0.0,0.2601,0.1529,0.0379,net_delay_adservice_1
2026-10-02T22:50:14,checkoutservice,12.36328125,0.0015973571296954354,0.0,0.2601,0.1529,0.0379,net_delay_adservice_1
2026-10-02T22:50:14,paymentservice,43.25390625,0.0006638192006853604,0.0,0.2601,0.1529,0.0379,net_delay_adservice_1
2026-10-02T22:50:14,currencyservice,38.45703125,0.01581739999999998,0.0,0.2601,0.1529,0.0379,net_delay_adservice_1
2026-10-02T22:50:14,recommendationservice,33.140625,0.01456633855875561,4.0,0.2601,0.1529,0.0379,net_delay_adservice_1
2026-10-02T22:50:19,loadgenerator,63.91015625,0.007891778024762566,0.0,0.1872,0.1378,0.0387,net_delay_adservice_1
2026-10-02T22:50:19,redis-cart,6.16015625,0.0034271991104424344,0.0,0.1872,0.1378,0.0387,net_delay_adservice_1
2026-10-02T22:50:19,shippingservice,11.99609375,0.0021662753017423443,0.0,0.1872,0.1378,0.0387,net_delay_adservice_1
2026-10-02T22:50:19,adservice,110.8671875,0.0038825695828053,0.0,0.1872,0.1378,0.0387,net_delay_adservice_1
2026-10-02T22:50:19,emailservice,36.73828125,0.0059489351039834866,0.0,0.1872,0.1378,0.0387,net_delay_adservice_1
2026-10-02T22:50:19,productcatalogservice,13.6328125,0.014952958637155548,0.0,0.1872,0.1378,0.0387,net_delay_adservice_1
2026-10-02T22:50:19,cartservice,58.09765625,0.010554894567797625,0.0,0.1872,0.1378,0.0387,net_delay_adservice_1
2026-10-02T22:50:19,frontend,14.8125,0.03735507720049619,0.0,0.1872,0.1378,0.0387,net_delay_adservice_1
2026-10-02T22:50:19,checkoutservice,12.36328125,0.0015973571296954356,0.0,0.1872,0.1378,0.0387,net_delay_adservice_1
2026-10-02T22:50:19,paymentservice,43.234375,0.0012846052101903739,0.0,0.1872,0.1378,0.0387,net_delay_adservice_1
2026-10-02T22:50:19,currencyservice,38.00390625,0.02567984162741482,0.0,0.1872,0.1378,0.0387,net_delay_adservice_1
2026-10-02T22:50:19,recommendationservice,33.140625,0.011444948532684716,4.0,0.1872,0.1378,0.0387,net_delay_adservice_1
2026-10-02T22:50:25,loadgenerator,63.91015625,0.007891778024762566,0.0,0.1669,0.1412,0.0387,net_delay_adservice_1
2026-10-02T22:50:25,redis-cart,6.16015625,0.0030046615590361603,0.0,0.1669,0.1412,0.0387,net_delay_adservice_1
2026-10-02T22:50:25,shippingservice,11.99609375,0.0021662753017423443,0.0,0.1669,0.1412,0.0387,net_delay_adservice_1
2026-10-02T22:50:25,adservice,110.8671875,0.0033643160327716057,0.0,0.1669,0.1412,0.0387,net_delay_adservice_1
2026-10-02T22:50:25,emailservice,36.73828125,0.00491487798435329,0.0,0.1669,0.1412,0.0387,net_delay_adservice_1
2026-10-02T22:50:25,productcatalogservice,13.6328125,0.010543775000000723,0.0,0.1669,0.1412,0.0387,net_delay_adservice_1
2026-10-02T22:50:25,cartservice,58.09765625,0.008445718782060099,0.0,0.1669,0.1412,0.0387,net_delay_adservice_1
2026-10-02T22:50:25,frontend,14.8125,0.03735507720049618,0.0,0.1669,0.1412,0.0387,net_delay_adservice_1
2026-10-02T22:50:25,checkoutservice,12.36328125,0.0012866245783867238,0.0,0.1669,0.1412,0.0387,net_delay_adservice_1
2026-10-02T22:50:25,paymentservice,43.234375,0.0012846052101903739,0.0,0.1669,0.1412,0.0387,net_delay_adservice_1
2026-10-02T22:50:25,currencyservice,38.00390625,0.025679841627414823,0.0,0.1669,0.1412,0.0387,net_delay_adservice_1
2026-10-02T22:50:25,recommendationservice,33.140625,0.010153297943619707,4.0,0.1669,0.1412,0.0387,net_delay_adservice_1
2026-10-02T22:50:30,loadgenerator,63.9140625,0.008105480342555742,0.0,0.1953,0.16,0.0516,net_delay_adservice_1
2026-10-02T22:50:30,redis-cart,6.16015625,0.004558472758473029,0.0,0.1953,0.16,0.0516,net_delay_adservice_1
2026-10-02T22:50:30,shippingservice,11.99609375,0.0018171680020037783,0.0,0.1953,0.16,0.0516,net_delay_adservice_1
2026-10-02T22:50:30,adservice,110.6171875,0.0037050201308503603,0.0,0.1953,0.16,0.0516,net_delay_adservice_1
2026-10-02T22:50:30,emailservice,36.73828125,0.004276793702191139,0.0,0.1953,0.16,0.0516,net_delay_adservice_1
2026-10-02T22:50:30,productcatalogservice,14.6796875,0.015329212080472958,0.0,0.1953,0.16,0.0516,net_delay_adservice_1
2026-10-02T22:50:30,cartservice,58.3515625,0.012058666157079711,0.0,0.1953,0.16,0.0516,net_delay_adservice_1
2026-10-02T22:50:30,frontend,15.03515625,0.03168120659149068,0.0,0.1953,0.16,0.0516,net_delay_adservice_1
2026-10-02T22:50:30,checkoutservice,12.5625,0.0022508689209214685,0.0,0.1953,0.16,0.0516,net_delay_adservice_1
2026-10-02T22:50:30,paymentservice,43.234375,0.0011090131670962484,0.0,0.1953,0.16,0.0516,net_delay_adservice_1
2026-10-02T22:50:30,currencyservice,37.8125,0.023555769092175747,0.0,0.1953,0.16,0.0516,net_delay_adservice_1
2026-10-02T22:50:30,recommendationservice,33.1484375,0.014884404746381525,4.0,0.1953,0.16,0.0516,net_delay_adservice_1
2026-10-02T22:50:36,loadgenerator,63.9140625,0.008105480342555742,0.0,0.1814,0.1238,0.0447,net_delay_adservice_1
2026-10-02T22:50:36,redis-cart,6.16015625,0.00441312681424375,0.0,0.1814,0.1238,0.0447,net_delay_adservice_1
2026-10-02T22:50:36,shippingservice,12.0234375,0.0022114260833697554,0.0,0.1814,0.1238,0.0447,net_delay_adservice_1
2026-10-02T22:50:36,adservice,110.6171875,0.00370502013085036,0.0,0.1814,0.1238,0.0447,net_delay_adservice_1
2026-10-02T22:50:36,emailservice,36.73828125,0.005757339673509114,0.0,0.1814,0.1238,0.0447,net_delay_adservice_1
2026-10-02T22:50:36,productcatalogservice,14.6796875,0.015329212080472958,0.0,0.1814,0.1238,0.0447,net_delay_adservice_1
2026-10-02T22:50:36,cartservice,59.29296875,0.010280155950048244,0.0,0.1814,0.1238,0.0447,net_delay_adservice_1
2026-10-02T22:50:36,frontend,15.03515625,0.037271642346436616,0.0,0.1814,0.1238,0.0447,net_delay_adservice_1
2026-10-02T22:50:36,checkoutservice,13.35546875,0.002107275887757598,0.0,0.1814,0.1238,0.0447,net_delay_adservice_1
2026-10-02T22:50:36,paymentservice,43.234375,0.0010337219220926815,0.0,0.1814,0.1238,0.0447,net_delay_adservice_1
2026-10-02T22:50:36,currencyservice,37.8125,0.02355576909217575,0.0,0.1814,0.1238,0.0447,net_delay_adservice_1
2026-10-02T22:50:36,recommendationservice,32.40625,0.015342393961319586,4.0,0.1814,0.1238,0.0447,net_delay_adservice_1
2026-10-02T22:50:41,loadgenerator,63.9140625,0.008105480342555742,0.0,0.1508,0.1392,0.0445,net_delay_adservice_1
2026-10-02T22:50:41,redis-cart,6.16015625,0.00450967785828433,0.0,0.1508,0.1392,0.0445,net_delay_adservice_1
2026-10-02T22:50:41,shippingservice,12.0234375,0.0022114260833697554,0.0,0.1508,0.1392,0.0445,net_delay_adservice_1
2026-10-02T22:50:41,adservice,110.6171875,0.0027860543662497294,0.0,0.1508,0.1392,0.0445,net_delay_adservice_1
2026-10-02T22:50:41,emailservice,36.73828125,0.005771316869028183,0.0,0.1508,0.1392,0.0445,net_delay_adservice_1
2026-10-02T22:50:41,productcatalogservice,14.6796875,0.012426199961588722,0.0,0.1508,0.1392,0.0445,net_delay_adservice_1
2026-10-02T22:50:41,cartservice,59.29296875,0.010280155950048244,0.0,0.1508,0.1392,0.0445,net_delay_adservice_1
2026-10-02T22:50:41,frontend,15.03515625,0.03002634567130889,0.0,0.1508,0.1392,0.0445,net_delay_adservice_1
2026-10-02T22:50:41,checkoutservice,13.35546875,0.002107275887757598,0.0,0.1508,0.1392,0.0445,net_delay_adservice_1
2026-10-02T22:50:41,paymentservice,43.234375,0.0008431639001042465,0.0,0.1508,0.1392,0.0445,net_delay_adservice_1
2026-10-02T22:50:41,currencyservice,37.8125,0.019861766469679135,0.0,0.1508,0.1392,0.0445,net_delay_adservice_1
2026-10-02T22:50:41,recommendationservice,32.40625,0.015342393961319586,4.0,0.1508,0.1392,0.0445,net_delay_adservice_1
2026-10-02T22:50:47,loadgenerator,63.91015625,0.007972629500482093,0.0,0.1549,0.1422,0.0476,net_delay_adservice_1
2026-10-02T22:50:47,redis-cart,6.15625,0.004508843402225248,0.0,0.1549,0.1422,0.0476,net_delay_adservice_1
2026-10-02T22:50:47,shippingservice,12.27734375,0.0024709421470232324,0.0,0.1549,0.1422,0.0476,net_delay_adservice_1
2026-10-02T22:50:47,adservice,110.61328125,0.003517961818757706,0.0,0.1549,0.1422,0.0476,net_delay_adservice_1
2026-10-02T22:50:47,emailservice,36.73828125,0.005770295298939962,0.0,0.1549,0.1422,0.0476,net_delay_adservice_1
2026-10-02T22:50:47,productcatalogservice,13.875,0.01573735923210637,0.0,0.1549,0.1422,0.0476,net_delay_adservice_1
2026-10-02T22:50:47,cartservice,59.29296875,0.00805217776214997,0.0,0.1549,0.1422,0.0476,net_delay_adservice_1
2026-10-02T22:50:47,frontend,14.08984375,0.03711987740602214,0.0,0.1549,0.1422,0.0476,net_delay_adservice_1
2026-10-02T22:50:47,checkoutservice,13.35546875,0.0019919355819923365,0.0,0.1549,0.1422,0.0476,net_delay_adservice_1
2026-10-02T22:50:47,paymentservice,43.23828125,0.0006656325935328446,0.0,0.1549,0.1422,0.0476,net_delay_adservice_1
2026-10-02T22:50:47,currencyservice,38.26953125,0.02094229354095954,0.0,0.1549,0.1422,0.0476,net_delay_adservice_1
2026-10-02T22:50:47,recommendationservice,32.40625,0.015821808347163308,4.0,0.1549,0.1422,0.0476,net_delay_adservice_1
2026-10-02T22:50:52,loadgenerator,63.91015625,0.005625099999998896,0.0,0.177,0.1491,0.0541,net_delay_adservice_1
2026-10-02T22:50:52,redis-cart,6.15625,0.003872219762961055,0.0,0.177,0.1491,0.0541,net_delay_adservice_1
2026-10-02T22:50:52,shippingservice,12.27734375,0.0024709421470232324,0.0,0.177,0.1491,0.0541,net_delay_adservice_1
2026-10-02T22:50:52,adservice,110.61328125,0.0035250604473102106,0.0,0.177,0.1491,0.0541,net_delay_adservice_1
2026-10-02T22:50:52,emailservice,36.73828125,0.0057850501920101195,0.0,0.177,0.1491,0.0541,net_delay_adservice_1
2026-10-02T22:50:52,productcatalogservice,13.875,0.01336193600068018,0.0,0.177,0.1491,0.0541,net_delay_adservice_1
2026-10-02T22:50:52,cartservice,59.29296875,0.009587590419547012,0.0,0.177,0.1491,0.0541,net_delay_adservice_1
2026-10-02T22:50:52,frontend,14.08984375,0.03711987740602214,0.0,0.177,0.1491,0.0541,net_delay_adservice_1
2026-10-02T22:50:52,checkoutservice,13.35546875,0.0019111277231466965,0.0,0.177,0.1491,0.0541,net_delay_adservice_1
2026-10-02T22:50:52,paymentservice,43.23828125,0.0008243085559304787,0.0,0.177,0.1491,0.0541,net_delay_adservice_1
2026-10-02T22:50:52,currencyservice,38.26953125,0.01758460398292997,0.0,0.177,0.1491,0.0541,net_delay_adservice_1
2026-10-02T22:50:52,recommendationservice,32.40625,0.012886994747167408,4.0,0.177,0.1491,0.0541,net_delay_adservice_1
2026-10-02T22:50:57,loadgenerator,64.14453125,0.008320700226596265,0.0,0.174,0.1526,0.0446,net_delay_adservice_1
2026-10-02T22:50:57,redis-cart,5.91015625,0.0034557248241046086,0.0,0.174,0.1526,0.0446,net_delay_adservice_1
2026-10-02T22:50:57,shippingservice,12.03515625,0.0021793631192176966,0.0,0.174,0.1526,0.0446,net_delay_adservice_1
2026-10-02T22:50:57,adservice,110.61328125,0.0028621336628552223,0.0,0.174,0.1526,0.0446,net_delay_adservice_1
2026-10-02T22:50:57,emailservice,36.73828125,0.004577662008186007,0.0,0.174,0.1526,0.0446,net_delay_adservice_1
2026-10-02T22:50:57,productcatalogservice,13.875,0.011781075605930308,0.0,0.174,0.1526,0.0446,net_delay_adservice_1
2026-10-02T22:50:57,cartservice,59.078125,0.009971126986307989,0.0,0.174,0.1526,0.0446,net_delay_adservice_1
2026-10-02T22:50:57,frontend,14.0703125,0.036123469123468616,0.0,0.174,0.1526,0.0446,net_delay_adservice_1
2026-10-02T22:50:57,checkoutservice,12.859375,0.0019673831775700867,0.0,0.174,0.1526,0.0446,net_delay_adservice_1
2026-10-02T22:50:57,paymentservice,43.2578125,0.0007736582168854924,0.0,0.174,0.1526,0.0446,net_delay_adservice_1
2026-10-02T22:50:57,currencyservice,38.36328125,0.017053169778192274,0.0,0.174,0.1526,0.0446,net_delay_adservice_1
2026-10-02T22:50:57,recommendationservice,32.1953125,0.015617967509731863,4.0,0.174,0.1526,0.0446,net_delay_adservice_1
2026-10-02T22:51:03,loadgenerator,64.14453125,0.008320700226596266,0.0,0.1753,0.157,0.0402,net_delay_adservice_1
2026-10-02T22:51:03,redis-cart,5.91015625,0.0043558031465202865,0.0,0.1753,0.157,0.0402,net_delay_adservice_1
2026-10-02T22:51:03,shippingservice,12.03515625,0.0020015451685890294,0.0,0.1753,0.157,0.0402,net_delay_adservice_1
2026-10-02T22:51:03,adservice,110.61328125,0.002541528114272503,0.0,0.1753,0.157,0.0402,net_delay_adservice_1
2026-10-02T22:51:03,emailservice,36.73828125,0.0040540185483058915,0.0,0.1753,0.157,0.0402,net_delay_adservice_1
2026-10-02T22:51:03,productcatalogservice,13.875,0.010387049251496402,0.0,0.1753,0.157,0.0402,net_delay_adservice_1
2026-10-02T22:51:03,cartservice,59.078125,0.009971126986307989,0.0,0.1753,0.157,0.0402,net_delay_adservice_1
2026-10-02T22:51:03,frontend,14.0703125,0.03382183075557155,0.0,0.1753,0.157,0.0402,net_delay_adservice_1
2026-10-02T22:51:03,checkoutservice,12.859375,0.0016652040514018637,0.0,0.1753,0.157,0.0402,net_delay_adservice_1
2026-10-02T22:51:03,paymentservice,43.2578125,0.0007736582168854924,0.0,0.1753,0.157,0.0402,net_delay_adservice_1
2026-10-02T22:51:03,currencyservice,38.36328125,0.019924060923415407,0.0,0.1753,0.157,0.0402,net_delay_adservice_1
2026-10-02T22:51:03,recommendationservice,32.1953125,0.013048289401620384,4.0,0.1753,0.157,0.0402,net_delay_adservice_1
2026-10-02T22:51:08,loadgenerator,64.14453125,0.008332210034044024,0.0,0.2102,0.164,0.0475,net_delay_adservice_1
2026-10-02T22:51:08,redis-cart,5.91015625,0.0035638213388574196,0.0,0.2102,0.164,0.0475,net_delay_adservice_1
2026-10-02T22:51:08,shippingservice,12.03515625,0.0015838004525137368,0.0,0.2102,0.164,0.0475,net_delay_adservice_1
2026-10-02T22:51:08,adservice,110.85546875,0.003534392930158907,0.0,0.2102,0.164,0.0475,net_delay_adservice_1
2026-10-02T22:51:08,emailservice,36.74609375,0.0049334873110705845,0.0,0.2102,0.164,0.0475,net_delay_adservice_1
2026-10-02T22:51:08,productcatalogservice,14.90234375,0.013643939853271395,0.0,0.2102,0.164,0.0475,net_delay_adservice_1
2026-10-02T22:51:08,cartservice,58.8515625,0.008478936990230444,0.0,0.2102,0.164,0.0475,net_delay_adservice_1
2026-10-02T22:51:08,frontend,14.0703125,0.03382183075557155,0.0,0.2102,0.164,0.0475,net_delay_adservice_1
2026-10-02T22:51:08,checkoutservice,12.62109375,0.0012464143268443024,0.0,0.2102,0.164,0.0475,net_delay_adservice_1
2026-10-02T22:51:08,paymentservice,43.2578125,0.0006375408130555029,0.0,0.2102,0.164,0.0475,net_delay_adservice_1
2026-10-02T22:51:08,currencyservice,38.36328125,0.019924060923415407,0.0,0.2102,0.164,0.0475,net_delay_adservice_1
2026-10-02T22:51:08,recommendationservice,32.90234375,0.014970829690598557,4.0,0.2102,0.164,0.0475,net_delay_adservice_1
2026-10-02T22:51:14,loadgenerator,64.14453125,0.006486521358877849,0.0,0.1797,0.1398,0.1176,net_delay_adservice_1
2026-10-02T22:51:14,redis-cart,5.91015625,0.0031638134165686413,0.0,0.1797,0.1398,0.1176,net_delay_adservice_1
2026-10-02T22:51:14,shippingservice,12.03515625,0.0010755249999998995,0.0,0.1797,0.1398,0.1176,net_delay_adservice_1
2026-10-02T22:51:14,adservice,110.85546875,0.003655865853284758,0.0,0.1797,0.1398,0.1176,net_delay_adservice_1
2026-10-02T22:51:14,emailservice,36.74609375,0.005867000414527014,0.0,0.1797,0.1398,0.1176,net_delay_adservice_1
2026-10-02T22:51:14,productcatalogservice,14.90234375,0.013643939853271394,0.0,0.1797,0.1398,0.1176,net_delay_adservice_1
2026-10-02T22:51:14,cartservice,58.8515625,0.008478936990230444,0.0,0.1797,0.1398,0.1176,net_delay_adservice_1
2026-10-02T22:51:14,frontend,14.0703125,0.02781346633633255,0.0,0.1797,0.1398,0.1176,net_delay_adservice_1
2026-10-02T22:51:14,checkoutservice,12.62109375,0.0010777086854439073,0.0,0.1797,0.1398,0.1176,net_delay_adservice_1
2026-10-02T22:51:14,paymentservice,43.2578125,0.0005631963572781475,0.0,0.1797,0.1398,0.1176,net_delay_adservice_1
2026-10-02T22:51:14,currencyservice,38.36328125,0.016253287501663383,0.0,0.1797,0.1398,0.1176,net_delay_adservice_1
2026-10-02T22:51:14,recommendationservice,32.90234375,0.014970829690598557,4.0,0.1797,0.1398,0.1176,net_delay_adservice_1
2026-10-02T22:51:19,loadgenerator,63.93359375,0.00830212389803426,0.0,0.2205,0.1453,0.0418,net_delay_adservice_1
2026-10-02T22:51:19,redis-cart,6.65234375,0.004519490330378448,0.0,0.2205,0.1453,0.0418,net_delay_adservice_1
2026-10-02T22:51:19,shippingservice,12.0859375,0.0019178516171810586,0.0,0.2205,0.1453,0.0418,net_delay_adservice_1
2026-10-02T22:51:19,adservice,110.99609375,0.0036731792310370193,0.0,0.2205,0.1453,0.0418,net_delay_adservice_1
2026-10-02T22:51:19,emailservice,37.48828125,0.0060078237030792075,0.0,0.2205,0.1453,0.0418,net_delay_adservice_1
2026-10-02T22:51:19,productcatalogservice,14.87109375,0.013996867990011309,0.0,0.2205,0.1453,0.0418,net_delay_adservice_1
2026-10-02T22:51:19,cartservice,58.8515625,0.005939250000000129,0.0,0.2205,0.1453,0.0418,net_delay_adservice_1
2026-10-02T22:51:19,frontend,15.3203125,0.035665637569301224,0.0,0.2205,0.1453,0.0418,net_delay_adservice_1
2026-10-02T22:51:19,checkoutservice,12.625,0.0011027382802755367,0.0,0.2205,0.1453,0.0418,net_delay_adservice_1
2026-10-02T22:51:19,paymentservice,43.30078125,0.0008677767756978604,0.0,0.2205,0.1453,0.0418,net_delay_adservice_1
2026-10-02T22:51:19,currencyservice,37.91796875,0.020029789475995027,0.0,0.2205,0.1453,0.0418,net_delay_adservice_1
2026-10-02T22:51:19,recommendationservice,32.90234375,0.014552247796588693,4.0,0.2205,0.1453,0.0418,net_delay_adservice_1
2026-10-02T22:51:25,loadgenerator,63.93359375,0.0069207620764723116,0.0,0.5229,0.1503,0.082,net_delay_adservice_1
2026-10-02T22:51:25,redis-cart,6.65234375,0.003546268304290676,0.0,0.5229,0.1503,0.082,net_delay_adservice_1
2026-10-02T22:51:25,shippingservice,12.0859375,0.0015856956991821092,0.0,0.5229,0.1503,0.082,net_delay_adservice_1
2026-10-02T22:51:25,adservice,110.99609375,0.00296888155360088,0.0,0.5229,0.1503,0.082,net_delay_adservice_1
2026-10-02T22:51:25,emailservice,37.48828125,0.0060078237030792075,0.0,0.5229,0.1503,0.082,net_delay_adservice_1
2026-10-02T22:51:25,productcatalogservice,14.87109375,0.01320162173359804,0.0,0.5229,0.1503,0.082,net_delay_adservice_1
2026-10-02T22:51:25,cartservice,58.8515625,0.006478698292936566,0.0,0.5229,0.1503,0.082,net_delay_adservice_1
2026-10-02T22:51:25,frontend,15.3203125,0.023022575000000246,0.0,0.5229,0.1503,0.082,net_delay_adservice_1
2026-10-02T22:51:25,checkoutservice,12.625,0.0009577547428124684,0.0,0.5229,0.1503,0.082,net_delay_adservice_1
2026-10-02T22:51:25,paymentservice,43.30078125,0.0006768367660993058,0.0,0.5229,0.1503,0.082,net_delay_adservice_1
2026-10-02T22:51:25,currencyservice,37.91796875,0.021560584858782872,0.0,0.5229,0.1503,0.082,net_delay_adservice_1
2026-10-02T22:51:25,recommendationservice,32.90234375,0.011387740244488844,4.0,0.5229,0.1503,0.082,net_delay_adservice_1
2026-10-02T22:51:31,loadgenerator,64.171875,0.008057748391550254,0.0,0.2544,0.173,0.0263,net_delay_adservice_1
2026-10-02T22:51:31,redis-cart,6.65625,0.004453251079001793,0.0,0.2544,0.173,0.0263,net_delay_adservice_1
2026-10-02T22:51:31,shippingservice,12.07421875,0.0017642639003344245,0.0,0.2544,0.173,0.0263,net_delay_adservice_1
2026-10-02T22:51:31,adservice,111.2734375,0.004695386770739273,0.0,0.2544,0.173,0.0263,net_delay_adservice_1
2026-10-02T22:51:31,emailservice,37.48828125,0.006086947993724125,0.0,0.2544,0.173,0.0263,net_delay_adservice_1
2026-10-02T22:51:31,productcatalogservice,15.08984375,0.0140565601812771,0.0,0.2544,0.173,0.0263,net_delay_adservice_1
2026-10-02T22:51:31,cartservice,58.33984375,0.009682183594583673,0.0,0.2544,0.173,0.0263,net_delay_adservice_1
2026-10-02T22:51:31,frontend,15.3203125,0.02628433985832348,0.0,0.2544,0.173,0.0263,net_delay_adservice_1
2026-10-02T22:51:31,checkoutservice,12.625,0.000794462880022625,0.0,0.2544,0.173,0.0263,net_delay_adservice_1
2026-10-02T22:51:31,paymentservice,43.2578125,0.0010261958473366751,0.0,0.2544,0.173,0.0263,net_delay_adservice_1
2026-10-02T22:51:31,currencyservice,38.64453125,0.02135891139758544,0.0,0.2544,0.173,0.0263,net_delay_adservice_1
2026-10-02T22:51:31,recommendationservice,31.90234375,0.015174871257746348,4.0,0.2544,0.173,0.0263,net_delay_adservice_1
2026-10-02T22:51:36,loadgenerator,64.171875,0.008057748391550254,0.0,0.181,0.1915,0.049,net_delay_adservice_1
2026-10-02T22:51:36,redis-cart,6.15234375,0.004471246474488449,0.0,0.181,0.1915,0.049,net_delay_adservice_1
2026-10-02T22:51:36,shippingservice,12.1015625,0.001778796811879023,0.0,0.181,0.1915,0.049,net_delay_adservice_1
2026-10-02T22:51:36,adservice,111.2734375,0.003906013998131822,0.0,0.181,0.1915,0.049,net_delay_adservice_1
2026-10-02T22:51:36,emailservice,36.98828125,0.00594533078483351,0.0,0.181,0.1915,0.049,net_delay_adservice_1
2026-10-02T22:51:36,productcatalogservice,15.08984375,0.0140565601812771,0.0,0.181,0.1915,0.049,net_delay_adservice_1
2026-10-02T22:51:36,cartservice,58.33984375,0.007380711308558383,0.0,0.181,0.1915,0.049,net_delay_adservice_1
2026-10-02T22:51:36,frontend,15.47265625,0.035142664336128705,0.0,0.181,0.1915,0.049,net_delay_adservice_1
2026-10-02T22:51:36,checkoutservice,12.6328125,0.0007204665079607656,0.0,0.181,0.1915,0.049,net_delay_adservice_1
2026-10-02T22:51:36,paymentservice,43.5078125,0.0010015855570169809,0.0,0.181,0.1915,0.049,net_delay_adservice_1
2026-10-02T22:51:36,currencyservice,38.64453125,0.016515463808241912,0.0,0.181,0.1915,0.049,net_delay_adservice_1
2026-10-02T22:51:36,recommendationservice,31.90234375,0.015195719976530868,4.0,0.181,0.1915,0.049,net_delay_adservice_1
2026-10-02T22:51:42,loadgenerator,64.171875,0.005885054701623653,0.0,0.2156,0.1864,0.0353,net_delay_adservice_1
2026-10-02T22:51:42,redis-cart,6.15234375,0.004442046963887739,0.0,0.2156,0.1864,0.0353,net_delay_adservice_1
2026-10-02T22:51:42,shippingservice,12.1015625,0.0019291363855201066,0.0,0.2156,0.1864,0.0353,net_delay_adservice_1
2026-10-02T22:51:42,adservice,111.2734375,0.003150124999999804,0.0,0.2156,0.1864,0.0353,net_delay_adservice_1
2026-10-02T22:51:42,emailservice,36.98828125,0.0059568940998006355,0.0,0.2156,0.1864,0.0353,net_delay_adservice_1
2026-10-02T22:51:42,productcatalogservice,15.08984375,0.00994987499999951,0.0,0.2156,0.1864,0.0353,net_delay_adservice_1
2026-10-02T22:51:42,cartservice,58.33984375,0.006542590671171016,0.0,0.2156,0.1864,0.0353,net_delay_adservice_1
2026-10-02T22:51:42,frontend,15.47265625,0.035142664336128705,0.0,0.2156,0.1864,0.0353,net_delay_adservice_1
2026-10-02T22:51:42,checkoutservice,12.6328125,0.0007204665079607656,0.0,0.2156,0.1864,0.0353,net_delay_adservice_1
2026-10-02T22:51:42,paymentservice,43.5078125,0.001094117382606157,0.0,0.2156,0.1864,0.0353,net_delay_adservice_1
2026-10-02T22:51:42,currencyservice,38.64453125,0.01688565699300304,0.0,0.2156,0.1864,0.0353,net_delay_adservice_1
2026-10-02T22:51:42,recommendationservice,31.90234375,0.011372413514935802,4.0,0.2156,0.1864,0.0353,net_delay_adservice_1
2026-10-02T22:51:47,loadgenerator,63.9375,0.00801900027383921,0.0,0.2866,0.1414,0.0584,net_delay_adservice_1
2026-10-02T22:51:47,redis-cart,6.15234375,0.0037568982367660888,0.0,0.2866,0.1414,0.0584,net_delay_adservice_1
2026-10-02T22:51:47,shippingservice,12.1015625,0.0019291363855201066,0.0,0.2866,0.1414,0.0584,net_delay_adservice_1
2026-10-02T22:51:47,adservice,110.76171875,0.004640115549451816,0.0,0.2866,0.1414,0.0584,net_delay_adservice_1
2026-10-02T22:51:47,emailservice,36.9921875,0.005989608446255459,0.0,0.2866,0.1414,0.0584,net_delay_adservice_1
2026-10-02T22:51:47,productcatalogservice,14.3984375,0.016531974552309113,0.0,0.2866,0.1414,0.0584,net_delay_adservice_1
2026-10-02T22:51:47,cartservice,58.328125,0.008899873257287425,0.0,0.2866,0.1414,0.0584,net_delay_adservice_1
2026-10-02T22:51:47,frontend,14.3671875,0.03721595003603233,0.0,0.2866,0.1414,0.0584,net_delay_adservice_1
2026-10-02T22:51:47,checkoutservice,12.6328125,0.0005762944023377023,0.0,0.2866,0.1414,0.0584,net_delay_adservice_1
2026-10-02T22:51:47,paymentservice,43.30078125,0.0010186066637819305,0.0,0.2866,0.1414,0.0584,net_delay_adservice_1
2026-10-02T22:51:47,currencyservice,38.59765625,0.022779909298017705,0.0,0.2866,0.1414,0.0584,net_delay_adservice_1
2026-10-02T22:51:47,recommendationservice,32.40625,0.017017962951412703,4.0,0.2866,0.1414,0.0584,net_delay_adservice_1
2026-10-02T22:51:53,loadgenerator,63.9375,0.00801900027383921,0.0,0.2178,0.1352,0.0357,net_delay_adservice_1
2026-10-02T22:51:53,redis-cart,6.15234375,0.00331331176453526,0.0,0.2178,0.1352,0.0357,net_delay_adservice_1
2026-10-02T22:51:53,shippingservice,12.1015625,0.0012268750000000495,0.0,0.2178,0.1352,0.0357,net_delay_adservice_1
2026-10-02T22:51:53,adservice,110.76171875,0.004640115549451816,0.0,0.2178,0.1352,0.0357,net_delay_adservice_1
2026-10-02T22:51:53,emailservice,36.9921875,0.005989608446255459,0.0,0.2178,0.1352,0.0357,net_delay_adservice_1
2026-10-02T22:51:53,productcatalogservice,14.3984375,0.016531974552309113,0.0,0.2178,0.1352,0.0357,net_delay_adservice_1
2026-10-02T22:51:53,cartservice,58.328125,0.00931874094485914,0.0,0.2178,0.1352,0.0357,net_delay_adservice_1
2026-10-02T22:51:53,frontend,14.3671875,0.037215950036032334,0.0,0.2178,0.1352,0.0357,net_delay_adservice_1
2026-10-02T22:51:53,checkoutservice,12.6328125,0.00045843499337961297,0.0,0.2178,0.1352,0.0357,net_delay_adservice_1
2026-10-02T22:51:53,paymentservice,43.30078125,0.0009132332599118975,0.0,0.2178,0.1352,0.0357,net_delay_adservice_1
2026-10-02T22:51:53,currencyservice,38.59765625,0.022779909298017705,0.0,0.2178,0.1352,0.0357,net_delay_adservice_1
2026-10-02T22:51:53,recommendationservice,32.40625,0.017017962951412703,4.0,0.2178,0.1352,0.0357,net_delay_adservice_1
2026-10-02T22:51:58,loadgenerator,63.9375,0.007939965991295591,0.0,0.1716,0.1535,0.0407,net_delay_adservice_1
2026-10-02T22:51:58,redis-cart,6.40625,0.004423372249663598,0.0,0.1716,0.1535,0.0407,net_delay_adservice_1
2026-10-02T22:51:58,shippingservice,12.11328125,0.0018554671351799135,0.0,0.1716,0.1535,0.0407,net_delay_adservice_1
2026-10-02T22:51:58,adservice,112.01171875,0.004588538237231298,0.0,0.1716,0.1535,0.0407,net_delay_adservice_1
2026-10-02T22:51:58,emailservice,36.9921875,0.005842717659169397,0.0,0.1716,0.1535,0.0407,net_delay_adservice_1
2026-10-02T22:51:58,productcatalogservice,14.62109375,0.017138651602828986,0.0,0.1716,0.1535,0.0407,net_delay_adservice_1
2026-10-02T22:51:58,cartservice,58.7734375,0.009129419377610571,0.0,0.1716,0.1535,0.0407,net_delay_adservice_1
2026-10-02T22:51:58,frontend,14.3671875,0.037305742414182136,0.0,0.1716,0.1535,0.0407,net_delay_adservice_1
2026-10-02T22:51:58,checkoutservice,12.88671875,0.0007722814865794728,0.0,0.1716,0.1535,0.0407,net_delay_adservice_1
2026-10-02T22:51:58,paymentservice,43.30078125,0.0009125342878120444,0.0,0.1716,0.1535,0.0407,net_delay_adservice_1
2026-10-02T22:51:58,currencyservice,39.00390625,0.022447855784803884,0.0,0.1716,0.1535,0.0407,net_delay_adservice_1
2026-10-02T22:51:58,recommendationservice,32.4453125,0.016503494328197248,4.0,0.1716,0.1535,0.0407,net_delay_adservice_1
2026-10-02T22:52:04,loadgenerator,63.9375,0.006055580479219736,0.0,0.2234,0.0893,0.0795,net_delay_adservice_1
2026-10-02T22:52:04,redis-cart,6.40625,0.004423372249663598,0.0,0.2234,0.0893,0.0795,net_delay_adservice_1
2026-10-02T22:52:04,shippingservice,12.11328125,0.0015298532692573409,0.0,0.2234,0.0893,0.0795,net_delay_adservice_1
2026-10-02T22:52:04,adservice,112.01171875,0.004588538237231298,0.0,0.2234,0.0893,0.0795,net_delay_adservice_1
2026-10-02T22:52:04,emailservice,36.9921875,0.004824356315833085,0.0,0.2234,0.0893,0.0795,net_delay_adservice_1
2026-10-02T22:52:04,productcatalogservice,14.62109375,0.017138651602828986,0.0,0.2234,0.0893,0.0795,net_delay_adservice_1
2026-10-02T22:52:04,cartservice,58.7734375,0.008590094683175892,0.0,0.2234,0.0893,0.0795,net_delay_adservice_1
2026-10-02T22:52:04,frontend,14.3671875,0.03034837689453056,0.0,0.2234,0.0893,0.0795,net_delay_adservice_1
2026-10-02T22:52:04,checkoutservice,12.88671875,0.0006663802315302648,0.0,0.2234,0.0893,0.0795,net_delay_adservice_1
2026-10-02T22:52:04,paymentservice,43.30078125,0.000817072173274599,0.0,0.2234,0.0893,0.0795,net_delay_adservice_1
2026-10-02T22:52:04,currencyservice,39.00390625,0.022447855784803884,0.0,0.2234,0.0893,0.0795,net_delay_adservice_1
2026-10-02T22:52:04,recommendationservice,32.4453125,0.016503494328197248,4.0,0.2234,0.0893,0.0795,net_delay_adservice_1
2026-10-02T22:52:09,loadgenerator,63.69921875,0.00827625679168627,0.0,0.1135,0.0385,0.0329,net_delay_adservice_1
2026-10-02T22:52:09,redis-cart,6.40625,0.00365164245893084,0.0,0.1135,0.0385,0.0329,net_delay_adservice_1
2026-10-02T22:52:09,shippingservice,12.8984375,0.002077713321918823,0.0,0.1135,0.0385,0.0329,net_delay_adservice_1
2026-10-02T22:52:09,emailservice,36.99609375,0.005966038978650715,0.0,0.1135,0.0385,0.0329,net_delay_adservice_1
2026-10-02T22:52:09,productcatalogservice,14.62109375,0.017138651602828986,0.0,0.1135,0.0385,0.0329,net_delay_adservice_1
2026-10-02T22:52:09,cartservice,58.7734375,0.008590094683175892,0.0,0.1135,0.0385,0.0329,net_delay_adservice_1
2026-10-02T22:52:09,frontend,15.08203125,0.03862843038821936,0.0,0.1135,0.0385,0.0329,net_delay_adservice_1
2026-10-02T22:52:09,checkoutservice,12.96875,0.0011404372496662109,0.0,0.1135,0.0385,0.0329,net_delay_adservice_1
2026-10-02T22:52:09,paymentservice,43.27734375,0.0007103370727753158,0.0,0.1135,0.0385,0.0329,net_delay_adservice_1
2026-10-02T22:52:09,currencyservice,39.00390625,0.019125386063188036,0.0,0.1135,0.0385,0.0329,net_delay_adservice_1
2026-10-02T22:52:09,recommendationservice,32.4453125,0.016484101959628707,4.0,0.1135,0.0385,0.0329,net_delay_adservice_1
2026-10-02T22:52:09,adservice,0.84375,0.002882257152218333,0.0,0.1135,0.0385,0.0329,net_delay_adservice_1
2026-10-02T22:52:14,loadgenerator,63.69921875,0.00827625679168627,0.0,0.0656,0.0371,0.1019,net_delay_adservice_1
2026-10-02T22:52:14,redis-cart,6.40625,0.003258142725502131,0.0,0.0656,0.0371,0.1019,net_delay_adservice_1
2026-10-02T22:52:14,shippingservice,12.8984375,0.001771591121063555,0.0,0.0656,0.0371,0.1019,net_delay_adservice_1
2026-10-02T22:52:14,emailservice,36.99609375,0.006115252261753773,0.0,0.0656,0.0371,0.1019,net_delay_adservice_1
2026-10-02T22:52:14,productcatalogservice,14.62109375,0.013711835957205478,0.0,0.0656,0.0371,0.1019,net_delay_adservice_1
2026-10-02T22:52:14,cartservice,58.7734375,0.006571458224690738,0.0,0.0656,0.0371,0.1019,net_delay_adservice_1
2026-10-02T22:52:14,frontend,15.08203125,0.03401072202720594,0.0,0.0656,0.0371,0.1019,net_delay_adservice_1
2026-10-02T22:52:14,checkoutservice,12.96875,0.0012875839801274717,0.0,0.0656,0.0371,0.1019,net_delay_adservice_1
2026-10-02T22:52:14,paymentservice,43.27734375,0.000610623506184481,0.0,0.0656,0.0371,0.1019,net_delay_adservice_1
2026-10-02T22:52:14,currencyservice,39.00390625,0.01777449286811592,0.0,0.0656,0.0371,0.1019,net_delay_adservice_1
2026-10-02T22:52:14,recommendationservice,32.4453125,0.012843519358086542,4.0,0.0656,0.0371,0.1019,net_delay_adservice_1
2026-10-02T22:52:14,adservice,0.84375,0.00256604675706935,0.0,0.0656,0.0371,0.1019,net_delay_adservice_1
2026-10-02T22:52:20,loadgenerator,64.1875,0.008196183474758227,0.0,0.1355,0.0483,0.0321,net_delay_adservice_1
2026-10-02T22:52:20,redis-cart,6.40625,0.004598791851771651,0.0,0.1355,0.0483,0.0321,net_delay_adservice_1
2026-10-02T22:52:20,shippingservice,12.42578125,0.0022288213998390444,0.0,0.1355,0.0483,0.0321,net_delay_adservice_1
2026-10-02T22:52:20,emailservice,36.99609375,0.006115252261753773,0.0,0.1355,0.0483,0.0321,net_delay_adservice_1
2026-10-02T22:52:20,productcatalogservice,13.625,0.01857283383883886,0.0,0.1355,0.0483,0.0321,net_delay_adservice_1
2026-10-02T22:52:20,cartservice,58.5625,0.010643856353901353,0.0,0.1355,0.0483,0.0321,net_delay_adservice_1
2026-10-02T22:52:20,frontend,13.6484375,0.0402569038029326,0.0,0.1355,0.0483,0.0321,net_delay_adservice_1
2026-10-02T22:52:20,checkoutservice,12.96875,0.0012928121902375713,0.0,0.1355,0.0483,0.0321,net_delay_adservice_1
2026-10-02T22:52:20,paymentservice,43.27734375,0.0005479362595120593,0.0,0.1355,0.0483,0.0321,net_delay_adservice_1
2026-10-02T22:52:20,currencyservice,37.8984375,0.025556774463033373,0.0,0.1355,0.0483,0.0321,net_delay_adservice_1
2026-10-02T22:52:20,recommendationservice,32.63671875,0.017667672197083983,4.0,0.1355,0.0483,0.0321,net_delay_adservice_1
2026-10-02T22:52:20,adservice,44.109375,0.08178389166666668,0.0,0.1355,0.0483,0.0321,net_delay_adservice_1
2026-10-02T22:52:25,loadgenerator,64.1875,0.007906415427275423,0.0,0.1959,0.0505,0.0551,net_delay_adservice_1
2026-10-02T22:52:25,redis-cart,6.40625,0.004598791851771652,0.0,0.1959,0.0505,0.0551,net_delay_adservice_1
2026-10-02T22:52:25,shippingservice,12.42578125,0.002008383535975902,0.0,0.1959,0.0505,0.0551,net_delay_adservice_1
2026-10-02T22:52:25,emailservice,36.99609375,0.00498510268334616,0.0,0.1959,0.0505,0.0551,net_delay_adservice_1
2026-10-02T22:52:25,productcatalogservice,13.625,0.01892354067886968,0.0,0.1959,0.0505,0.0551,net_delay_adservice_1
2026-10-02T22:52:25,cartservice,58.5625,0.010643856353901353,0.0,0.1959,0.0505,0.0551,net_delay_adservice_1
2026-10-02T22:52:25,frontend,13.6484375,0.0402569038029326,0.0,0.1959,0.0505,0.0551,net_delay_adservice_1
2026-10-02T22:52:25,checkoutservice,12.96875,0.001152330184579189,0.0,0.1959,0.0505,0.0551,net_delay_adservice_1
2026-10-02T22:52:25,paymentservice,43.27734375,0.0004224629373233846,0.0,0.1959,0.0505,0.0551,net_delay_adservice_1
2026-10-02T22:52:25,currencyservice,37.8984375,0.02062764378842801,0.0,0.1959,0.0505,0.0551,net_delay_adservice_1
2026-10-02T22:52:25,recommendationservice,32.63671875,0.017667672197083987,4.0,0.1959,0.0505,0.0551,net_delay_adservice_1
2026-10-02T22:52:25,adservice,44.109375,0.08178389166666668,0.0,0.1959,0.0505,0.0551,net_delay_adservice_1
2026-10-02T22:52:30,loadgenerator,64.1875,0.006633218996303171,0.0,0.07,0.0351,0.0288,net_delay_adservice_1
2026-10-02T22:52:30,redis-cart,5.94140625,0.004517219969343469,0.0,0.07,0.0351,0.0288,net_delay_adservice_1
2026-10-02T22:52:30,shippingservice,12.3125,0.0022473022312373948,0.0,0.07,0.0351,0.0288,net_delay_adservice_1
2026-10-02T22:52:30,emailservice,36.98828125,0.005932108218478574,0.0,0.07,0.0351,0.0288,net_delay_adservice_1
2026-10-02T22:52:30,productcatalogservice,14.66015625,0.01767375432869346,0.0,0.07,0.0351,0.0288,net_delay_adservice_1
2026-10-02T22:52:30,cartservice,58.5625,0.010643856353901353,0.0,0.07,0.0351,0.0288,net_delay_adservice_1
2026-10-02T22:52:30,frontend,14.203125,0.039342481417952976,0.0,0.07,0.0351,0.0288,net_delay_adservice_1
2026-10-02T22:52:30,checkoutservice,12.75390625,0.0012935027157239183,0.0,0.07,0.0351,0.0288,net_delay_adservice_1
2026-10-02T22:52:30,paymentservice,43.3203125,0.0008329341056574121,0.0,0.07,0.0351,0.0288,net_delay_adservice_1
2026-10-02T22:52:30,currencyservice,37.8984375,0.01919581861557698,0.0,0.07,0.0351,0.0288,net_delay_adservice_1
2026-10-02T22:52:30,recommendationservice,32.3984375,0.01715257030793626,4.0,0.07,0.0351,0.0288,net_delay_adservice_1
2026-10-02T22:52:30,adservice,44.109375,0.08178389166666668,0.0,0.07,0.0351,0.0288,net_delay_adservice_1
2026-10-02T22:52:36,loadgenerator,63.70703125,0.007594305906107782,0.0,0.1316,0.0242,0.0302,net_delay_adservice_1
2026-10-02T22:52:36,redis-cart,5.94140625,0.004561927445950926,0.0,0.1316,0.0242,0.0302,net_delay_adservice_1
2026-10-02T22:52:36,shippingservice,12.3125,0.002445916666666727,0.0,0.1316,0.0242,0.0302,net_delay_adservice_1
2026-10-02T22:52:36,emailservice,36.98828125,0.005932108218478574,0.0,0.1316,0.0242,0.0302,net_delay_adservice_1
2026-10-02T22:52:36,productcatalogservice,14.66015625,0.01767375432869346,0.0,0.1316,0.0242,0.0302,net_delay_adservice_1
2026-10-02T22:52:36,cartservice,58.30859375,0.010444501379582255,0.0,0.1316,0.0242,0.0302,net_delay_adservice_1
2026-10-02T22:52:36,frontend,14.82421875,0.037021760924691685,0.0,0.1316,0.0242,0.0302,net_delay_adservice_1
2026-10-02T22:52:36,checkoutservice,11.96875,0.0015275629995861845,0.0,0.1316,0.0242,0.0302,net_delay_adservice_1
2026-10-02T22:52:36,paymentservice,43.3203125,0.0008707397338674714,0.0,0.1316,0.0242,0.0302,net_delay_adservice_1
2026-10-02T22:52:36,currencyservice,37.78515625,0.023553886127428883,0.0,0.1316,0.0242,0.0302,net_delay_adservice_1
2026-10-02T22:52:36,recommendationservice,32.3984375,0.01715257030793626,4.0,0.1316,0.0242,0.0302,net_delay_adservice_1
2026-10-02T22:52:36,adservice,64.36328125,0.1456062948327439,0.0,0.1316,0.0242,0.0302,net_delay_adservice_1
2026-10-02T22:52:41,loadgenerator,63.70703125,0.007594305906107782,0.0,0.1577,0.0178,0.0223,net_delay_adservice_1
2026-10-02T22:52:41,redis-cart,5.94140625,0.004561927445950926,0.0,0.1577,0.0178,0.0223,net_delay_adservice_1
2026-10-02T22:52:41,shippingservice,12.3125,0.001961584401388937,0.0,0.1577,0.0178,0.0223,net_delay_adservice_1
2026-10-02T22:52:41,emailservice,36.98828125,0.005932108218478574,0.0,0.1577,0.0178,0.0223,net_delay_adservice_1
2026-10-02T22:52:41,productcatalogservice,14.66015625,0.015315566234576989,0.0,0.1577,0.0178,0.0223,net_delay_adservice_1
2026-10-02T22:52:41,cartservice,58.30859375,0.011229681776556318,0.0,0.1577,0.0178,0.0223,net_delay_adservice_1
2026-10-02T22:52:41,frontend,14.82421875,0.037021760924691685,0.0,0.1577,0.0178,0.0223,net_delay_adservice_1
2026-10-02T22:52:41,checkoutservice,11.96875,0.0015275629995861848,0.0,0.1577,0.0178,0.0223,net_delay_adservice_1
2026-10-02T22:52:41,paymentservice,43.3203125,0.0006863787356321566,0.0,0.1577,0.0178,0.0223,net_delay_adservice_1
2026-10-02T22:52:41,currencyservice,37.78515625,0.023553886127428886,0.0,0.1577,0.0178,0.0223,net_delay_adservice_1
2026-10-02T22:52:41,recommendationservice,32.3984375,0.018001699342291635,4.0,0.1577,0.0178,0.0223,net_delay_adservice_1
2026-10-02T22:52:41,adservice,64.36328125,0.16448201893363137,0.0,0.1577,0.0178,0.0223,net_delay_adservice_1
2026-10-02T22:52:46,loadgenerator,64.19140625,0.007694663593653225,0.0,0.0787,0.0868,0.0422,net_delay_adservice_1
2026-10-02T22:52:46,redis-cart,6.64453125,0.004527021356942286,0.0,0.0787,0.0868,0.0422,net_delay_adservice_1
2026-10-02T22:52:46,shippingservice,13.546875,0.0022959023471230324,0.0,0.0787,0.0868,0.0422,net_delay_adservice_1
2026-10-02T22:52:46,emailservice,36.7421875,0.004797857332897632,0.0,0.0787,0.0868,0.0422,net_delay_adservice_1
2026-10-02T22:52:46,productcatalogservice,14.1171875,0.016421203945332273,0.0,0.0787,0.0868,0.0422,net_delay_adservice_1
2026-10-02T22:52:46,cartservice,58.30859375,0.009230985581692235,0.0,0.0787,0.0868,0.0422,net_delay_adservice_1
2026-10-02T22:52:46,frontend,14.82421875,0.03524522546419168,0.0,0.0787,0.0868,0.0422,net_delay_adservice_1
2026-10-02T22:52:46,checkoutservice,11.96875,0.0015275629995861845,0.0,0.0787,0.0868,0.0422,net_delay_adservice_1
2026-10-02T22:52:46,paymentservice,43.2421875,0.0011595174631089775,0.0,0.0787,0.0868,0.0422,net_delay_adservice_1
2026-10-02T22:52:46,currencyservice,38.69140625,0.024480722303562717,0.0,0.0787,0.0868,0.0422,net_delay_adservice_1
2026-10-02T22:52:46,recommendationservice,32.390625,0.016411353711790425,4.0,0.0787,0.0868,0.0422,net_delay_adservice_1
2026-10-02T22:52:46,adservice,70.90625,0.13961837579155578,0.0,0.0787,0.0868,0.0422,net_delay_adservice_1
2026-10-02T22:52:51,loadgenerator,64.19140625,0.007694663593653225,0.0,0.0979,0.098,0.0376,net_delay_adservice_1
2026-10-02T22:52:51,redis-cart,6.64453125,0.0036707243428624864,0.0,0.0979,0.098,0.0376,net_delay_adservice_1
2026-10-02T22:52:51,shippingservice,13.546875,0.002148012673552957,0.0,0.0979,0.098,0.0376,net_delay_adservice_1
2026-10-02T22:52:51,emailservice,36.7421875,0.005903723056825289,0.0,0.0979,0.098,0.0376,net_delay_adservice_1
2026-10-02T22:52:51,productcatalogservice,14.1171875,0.01642120394533227,0.0,0.0979,0.098,0.0376,net_delay_adservice_1
2026-10-02T22:52:51,cartservice,58.30859375,0.00823790738991877,0.0,0.0979,0.098,0.0376,net_delay_adservice_1
2026-10-02T22:52:51,frontend,14.82421875,0.02925608262378484,0.0,0.0979,0.098,0.0376,net_delay_adservice_1
2026-10-02T22:52:51,checkoutservice,11.96875,0.0010926147467928454,0.0,0.0979,0.098,0.0376,net_delay_adservice_1
2026-10-02T22:52:51,paymentservice,43.2421875,0.0011595174631089775,0.0,0.0979,0.098,0.0376,net_delay_adservice_1
2026-10-02T22:52:51,currencyservice,38.69140625,0.024480722303562717,0.0,0.0979,0.098,0.0376,net_delay_adservice_1
2026-10-02T22:52:51,recommendationservice,32.390625,0.016411353711790425,4.0,0.0979,0.098,0.0376,net_delay_adservice_1
2026-10-02T22:52:51,adservice,70.90625,0.1541298208691955,0.0,0.0979,0.098,0.0376,net_delay_adservice_1
2026-10-02T22:52:57,loadgenerator,64.19140625,0.007694663593653225,0.0,0.0972,0.0502,0.0295,net_delay_adservice_1
2026-10-02T22:52:57,redis-cart,6.15234375,0.00438953059719775,0.0,0.0972,0.0502,0.0295,net_delay_adservice_1
2026-10-02T22:52:57,shippingservice,12.3515625,0.0020120570675350394,0.0,0.0972,0.0502,0.0295,net_delay_adservice_1
2026-10-02T22:52:57,emailservice,37.7421875,0.0059259970389562286,0.0,0.0972,0.0502,0.0295,net_delay_adservice_1
2026-10-02T22:52:57,productcatalogservice,14.359375,0.013203490815596122,0.0,0.0972,0.0502,0.0295,net_delay_adservice_1
2026-10-02T22:52:57,cartservice,58.7890625,0.00884840659663122,0.0,0.0972,0.0502,0.0295,net_delay_adservice_1
2026-10-02T22:52:57,frontend,14.26953125,0.03454998602068919,0.0,0.0972,0.0502,0.0295,net_delay_adservice_1
2026-10-02T22:52:57,checkoutservice,11.96875,0.0011750444049733759,0.0,0.0972,0.0502,0.0295,net_delay_adservice_1
2026-10-02T22:52:57,paymentservice,43.24609375,0.0010583877340663039,0.0,0.0972,0.0502,0.0295,net_delay_adservice_1
2026-10-02T22:52:57,currencyservice,38.69140625,0.02167571569595263,0.0,0.0972,0.0502,0.0295,net_delay_adservice_1
2026-10-02T22:52:57,recommendationservice,32.41796875,0.01461930275922296,4.0,0.0972,0.0502,0.0295,net_delay_adservice_1
2026-10-02T22:52:57,adservice,75.12890625,0.09975034224994021,0.0,0.0972,0.0502,0.0295,net_delay_adservice_1
2026-10-02T22:53:02,loadgenerator,64.19140625,0.007581775993980216,0.0,0.1473,0.0628,0.0502,net_delay_adservice_1
2026-10-02T22:53:02,redis-cart,6.15234375,0.00438953059719775,0.0,0.1473,0.0628,0.0502,net_delay_adservice_1
2026-10-02T22:53:02,shippingservice,12.3515625,0.0018118490694896412,0.0,0.1473,0.0628,0.0502,net_delay_adservice_1
2026-10-02T22:53:02,emailservice,37.7421875,0.0059259970389562286,0.0,0.1473,0.0628,0.0502,net_delay_adservice_1
2026-10-02T22:53:02,productcatalogservice,14.359375,0.013203490815596122,0.0,0.1473,0.0628,0.0502,net_delay_adservice_1
2026-10-02T22:53:02,cartservice,58.7890625,0.008848406596631218,0.0,0.1473,0.0628,0.0502,net_delay_adservice_1
2026-10-02T22:53:02,frontend,14.26953125,0.027482778770924962,0.0,0.1473,0.0628,0.0502,net_delay_adservice_1
2026-10-02T22:53:02,checkoutservice,11.96875,0.0013834200302890905,0.0,0.1473,0.0628,0.0502,net_delay_adservice_1
2026-10-02T22:53:02,paymentservice,43.24609375,0.0006798000000000304,0.0,0.1473,0.0628,0.0502,net_delay_adservice_1
2026-10-02T22:53:02,currencyservice,38.69140625,0.016598721187068125,0.0,0.1473,0.0628,0.0502,net_delay_adservice_1
2026-10-02T22:53:02,recommendationservice,32.41796875,0.01461930275922296,4.0,0.1473,0.0628,0.0502,net_delay_adservice_1
2026-10-02T22:53:02,adservice,75.12890625,0.09975034224994024,0.0,0.1473,0.0628,0.0502,net_delay_adservice_1
2026-10-02T22:53:07,loadgenerator,63.94921875,0.007120619790463079,0.0,0.0754,0.0419,0.0154,net_delay_adservice_1
2026-10-02T22:53:07,redis-cart,6.15234375,0.00438953059719775,0.0,0.0754,0.0419,0.0154,net_delay_adservice_1
2026-10-02T22:53:07,shippingservice,12.1015625,0.001765453315538297,0.0,0.0754,0.0419,0.0154,net_delay_adservice_1
2026-10-02T22:53:07,emailservice,37.4921875,0.004922477758989794,0.0,0.0754,0.0419,0.0154,net_delay_adservice_1
2026-10-02T22:53:07,productcatalogservice,14.1484375,0.013217375373638962,0.0,0.0754,0.0419,0.0154,net_delay_adservice_1
2026-10-02T22:53:07,cartservice,58.546875,0.008502243589743774,0.0,0.0754,0.0419,0.0154,net_delay_adservice_1
2026-10-02T22:53:07,frontend,14.26953125,0.024689855044052727,0.0,0.0754,0.0419,0.0154,net_delay_adservice_1
2026-10-02T22:53:07,checkoutservice,11.9765625,0.0012894779866869412,0.0,0.0754,0.0419,0.0154,net_delay_adservice_1
2026-10-02T22:53:07,paymentservice,43.24609375,0.000909575312337032,0.0,0.0754,0.0419,0.0154,net_delay_adservice_1
2026-10-02T22:53:07,currencyservice,38.13671875,0.022913987561926866,0.0,0.0754,0.0419,0.0154,net_delay_adservice_1
2026-10-02T22:53:07,recommendationservice,32.41796875,0.01461930275922296,4.0,0.0754,0.0419,0.0154,net_delay_adservice_1
2026-10-02T22:53:07,adservice,77.046875,0.03659797860716518,0.0,0.0754,0.0419,0.0154,net_delay_adservice_1
2026-10-02T22:53:12,loadgenerator,63.94921875,0.0071206197904630794,0.0,0.0678,0.0492,0.0328,net_delay_adservice_1
2026-10-02T22:53:12,redis-cart,6.15234375,0.003577342454760193,0.0,0.0678,0.0492,0.0328,net_delay_adservice_1
2026-10-02T22:53:12,shippingservice,12.1015625,0.0017292677627288044,0.0,0.0678,0.0492,0.0328,net_delay_adservice_1
2026-10-02T22:53:12,emailservice,37.4921875,0.006098213279224224,0.0,0.0678,0.0492,0.0328,net_delay_adservice_1
2026-10-02T22:53:12,productcatalogservice,14.1484375,0.012687866545028943,0.0,0.0678,0.0492,0.0328,net_delay_adservice_1
2026-10-02T22:53:12,cartservice,58.546875,0.007803977183196878,0.0,0.0678,0.0492,0.0328,net_delay_adservice_1
2026-10-02T22:53:12,frontend,14.26953125,0.021885083202643055,0.0,0.0678,0.0492,0.0328,net_delay_adservice_1
2026-10-02T22:53:12,checkoutservice,11.9765625,0.0012894779866869414,0.0,0.0678,0.0492,0.0328,net_delay_adservice_1
2026-10-02T22:53:12,paymentservice,43.24609375,0.000909575312337032,0.0,0.0678,0.0492,0.0328,net_delay_adservice_1
2026-10-02T22:53:12,currencyservice,38.13671875,0.02364398698495539,0.0,0.0678,0.0492,0.0328,net_delay_adservice_1
2026-10-02T22:53:12,recommendationservice,32.41796875,0.011044209595959573,4.0,0.0678,0.0492,0.0328,net_delay_adservice_1
2026-10-02T22:53:12,adservice,77.046875,0.04595202358616992,0.0,0.0678,0.0492,0.0328,net_delay_adservice_1
2026-10-02T22:53:18,loadgenerator,63.71484375,0.007279212471570157,0.0,0.1409,0.0452,0.0253,net_delay_adservice_1
2026-10-02T22:53:18,redis-cart,6.65234375,0.004363940619674302,0.0,0.1409,0.0452,0.0253,net_delay_adservice_1
2026-10-02T22:53:18,shippingservice,12.1015625,0.0017292677627288044,0.0,0.1409,0.0452,0.0253,net_delay_adservice_1
2026-10-02T22:53:18,emailservice,37.4921875,0.004918005735918363,0.0,0.1409,0.0452,0.0253,net_delay_adservice_1
2026-10-02T22:53:18,productcatalogservice,14.12109375,0.013300232487617381,0.0,0.1409,0.0452,0.0253,net_delay_adservice_1
2026-10-02T22:53:18,cartservice,58.546875,0.006337577353902588,0.0,0.1409,0.0452,0.0253,net_delay_adservice_1
2026-10-02T22:53:18,frontend,14.2734375,0.028985672542180794,0.0,0.1409,0.0452,0.0253,net_delay_adservice_1
2026-10-02T22:53:18,checkoutservice,11.9765625,0.0007419437284499115,0.0,0.1409,0.0452,0.0253,net_delay_adservice_1
2026-10-02T22:53:18,paymentservice,43.24609375,0.000909575312337032,0.0,0.1409,0.0452,0.0253,net_delay_adservice_1
2026-10-02T22:53:18,currencyservice,38.18359375,0.022324272295024917,0.0,0.1409,0.0452,0.0253,net_delay_adservice_1
2026-10-02T22:53:18,recommendationservice,32.671875,0.01438773561404964,4.0,0.1409,0.0452,0.0253,net_delay_adservice_1
2026-10-02T22:53:18,adservice,77.046875,0.03941790112123648,0.0,0.1409,0.0452,0.0253,net_delay_adservice_1
2026-10-02T22:53:23,loadgenerator,63.71484375,0.007279212471570157,0.0,0.2032,0.0454,0.0746,net_delay_adservice_1
2026-10-02T22:53:23,redis-cart,6.65234375,0.004363940619674302,0.0,0.2032,0.0454,0.0746,net_delay_adservice_1
2026-10-02T22:53:23,shippingservice,12.1015625,0.0010672749999997677,0.0,0.2032,0.0454,0.0746,net_delay_adservice_1
2026-10-02T22:53:23,emailservice,37.4921875,0.004370487820332015,0.0,0.2032,0.0454,0.0746,net_delay_adservice_1
2026-10-02T22:53:23,productcatalogservice,14.12109375,0.013300232487617381,0.0,0.2032,0.0454,0.0746,net_delay_adservice_1
2026-10-02T22:53:23,cartservice,58.546875,0.005636910269137895,0.0,0.2032,0.0454,0.0746,net_delay_adservice_1
2026-10-02T22:53:23,frontend,14.2734375,0.024532346019102962,0.0,0.2032,0.0454,0.0746,net_delay_adservice_1
2026-10-02T22:53:23,checkoutservice,11.9765625,0.0006595539679774531,0.0,0.2032,0.0454,0.0746,net_delay_adservice_1
2026-10-02T22:53:23,paymentservice,43.24609375,0.0005750051653795645,0.0,0.2032,0.0454,0.0746,net_delay_adservice_1
2026-10-02T22:53:23,currencyservice,38.18359375,0.022324272295024913,0.0,0.2032,0.0454,0.0746,net_delay_adservice_1
2026-10-02T22:53:23,recommendationservice,32.671875,0.01438773561404964,4.0,0.2032,0.0454,0.0746,net_delay_adservice_1
2026-10-02T22:53:23,adservice,77.046875,0.035292175270258186,0.0,0.2032,0.0454,0.0746,net_delay_adservice_1
2026-10-02T22:53:28,loadgenerator,63.74609375,0.007486980741392472,0.0,0.1535,0.1418,0.0429,net_delay_adservice_1
2026-10-02T22:53:28,redis-cart,6.40234375,0.0045139735942629254,0.0,0.1535,0.1418,0.0429,net_delay_adservice_1
2026-10-02T22:53:28,shippingservice,12.58984375,0.0017855123940067863,0.0,0.1535,0.1418,0.0429,net_delay_adservice_1
2026-10-02T22:53:28,emailservice,36.7421875,0.0060272813974507015,0.0,0.1535,0.1418,0.0429,net_delay_adservice_1
2026-10-02T22:53:28,productcatalogservice,14.12109375,0.011348027381508032,0.0,0.1535,0.1418,0.0429,net_delay_adservice_1
2026-10-02T22:53:28,cartservice,58.60546875,0.008687644652990914,0.0,0.1535,0.1418,0.0429,net_delay_adservice_1
2026-10-02T22:53:28,frontend,13.33984375,0.0316696119318582,0.0,0.1535,0.1418,0.0429,net_delay_adservice_1
2026-10-02T22:53:28,checkoutservice,12.2265625,0.0009561755683868769,0.0,0.1535,0.1418,0.0429,net_delay_adservice_1
2026-10-02T22:53:28,paymentservice,43.26953125,0.0007100896702676235,0.0,0.1535,0.1418,0.0429,net_delay_adservice_1
2026-10-02T22:53:28,currencyservice,37.96875,0.029812581214033785,0.0,0.1535,0.1418,0.0429,net_delay_adservice_1
2026-10-02T22:53:28,recommendationservice,32.671875,0.01512302752545347,4.0,0.1535,0.1418,0.0429,net_delay_adservice_1
2026-10-02T22:53:28,adservice,78.6328125,0.03414606922457741,0.0,0.1535,0.1418,0.0429,net_delay_adservice_1
2026-10-02T22:53:34,loadgenerator,63.74609375,0.007214702248578437,0.0,0.0845,0.0387,0.0233,net_delay_adservice_1
2026-10-02T22:53:34,redis-cart,6.40234375,0.0045139735942629254,0.0,0.0845,0.0387,0.0233,net_delay_adservice_1
2026-10-02T22:53:34,shippingservice,12.58984375,0.0015153098114704094,0.0,0.0845,0.0387,0.0233,net_delay_adservice_1
2026-10-02T22:53:34,emailservice,36.7421875,0.004871617159282835,0.0,0.0845,0.0387,0.0233,net_delay_adservice_1
2026-10-02T22:53:34,productcatalogservice,14.12109375,0.010182558342102164,0.0,0.0845,0.0387,0.0233,net_delay_adservice_1
2026-10-02T22:53:34,cartservice,58.60546875,0.008687644652990914,0.0,0.0845,0.0387,0.0233,net_delay_adservice_1
2026-10-02T22:53:34,frontend,13.33984375,0.026833926103296223,0.0,0.0845,0.0387,0.0233,net_delay_adservice_1
2026-10-02T22:53:34,checkoutservice,12.2265625,0.0008658918311310431,0.0,0.0845,0.0387,0.0233,net_delay_adservice_1
2026-10-02T22:53:34,paymentservice,43.26953125,0.0007100896702676235,0.0,0.0845,0.0387,0.0233,net_delay_adservice_1
2026-10-02T22:53:34,currencyservice,37.96875,0.029812581214033792,0.0,0.0845,0.0387,0.0233,net_delay_adservice_1
2026-10-02T22:53:34,recommendationservice,32.671875,0.012134402223350417,4.0,0.0845,0.0387,0.0233,net_delay_adservice_1
2026-10-02T22:53:34,adservice,78.6328125,0.02876673541901441,0.0,0.0845,0.0387,0.0233,net_delay_adservice_1
2026-10-02T22:53:39,loadgenerator,63.74609375,0.007214702248578437,0.0,0.0767,0.0323,0.0211,net_delay_adservice_1
2026-10-02T22:53:39,redis-cart,6.40234375,0.004570079539685838,0.0,0.0767,0.0323,0.0211,net_delay_adservice_1
2026-10-02T22:53:39,shippingservice,12.1328125,0.0020412823154513683,0.0,0.0767,0.0323,0.0211,net_delay_adservice_1
2026-10-02T22:53:39,emailservice,36.984375,0.006136230807329742,0.0,0.0767,0.0323,0.0211,net_delay_adservice_1
2026-10-02T22:53:39,productcatalogservice,14.625,0.015109161080641094,0.0,0.0767,0.0323,0.0211,net_delay_adservice_1
2026-10-02T22:53:39,cartservice,58.3359375,0.009277511961722468,0.0,0.0767,0.0323,0.0211,net_delay_adservice_1
2026-10-02T22:53:39,frontend,14.33984375,0.03507983233304788,0.0,0.0767,0.0323,0.0211,net_delay_adservice_1
2026-10-02T22:53:39,checkoutservice,12.05078125,0.0016350085386679283,0.0,0.0767,0.0323,0.0211,net_delay_adservice_1
2026-10-02T22:53:39,paymentservice,43.3046875,0.0008060923886926879,0.0,0.0767,0.0323,0.0211,net_delay_adservice_1
2026-10-02T22:53:39,currencyservice,37.96875,0.029812581214033792,0.0,0.0767,0.0323,0.0211,net_delay_adservice_1
2026-10-02T22:53:39,recommendationservice,32.15234375,0.015748470254957497,4.0,0.0767,0.0323,0.0211,net_delay_adservice_1
2026-10-02T22:53:39,adservice,78.6328125,0.0258057021160898,0.0,0.0767,0.0323,0.0211,net_delay_adservice_1
2026-10-02T22:53:44,loadgenerator,63.74609375,0.00574831401655487,0.0,0.0679,0.0544,0.0217,net_delay_adservice_1
2026-10-02T22:53:44,redis-cart,6.40234375,0.0035179139356635845,0.0,0.0679,0.0544,0.0217,net_delay_adservice_1
2026-10-02T22:53:44,shippingservice,12.1328125,0.0020412823154513683,0.0,0.0679,0.0544,0.0217,net_delay_adservice_1
2026-10-02T22:53:44,emailservice,36.984375,0.005246784151807295,0.0,0.0679,0.0544,0.0217,net_delay_adservice_1
2026-10-02T22:53:44,productcatalogservice,14.625,0.013592572175441608,0.0,0.0679,0.0544,0.0217,net_delay_adservice_1
2026-10-02T22:53:44,cartservice,58.3359375,0.007948817623604448,0.0,0.0679,0.0544,0.0217,net_delay_adservice_1
2026-10-02T22:53:44,frontend,14.33984375,0.03507983233304788,0.0,0.0679,0.0544,0.0217,net_delay_adservice_1
2026-10-02T22:53:44,checkoutservice,12.05078125,0.0013807828776666062,0.0,0.0679,0.0544,0.0217,net_delay_adservice_1
2026-10-02T22:53:44,paymentservice,43.3046875,0.0008060923886926879,0.0,0.0679,0.0544,0.0217,net_delay_adservice_1
2026-10-02T22:53:44,currencyservice,37.96875,0.025140168561187663,0.0,0.0679,0.0544,0.0217,net_delay_adservice_1
2026-10-02T22:53:44,recommendationservice,32.15234375,0.015748470254957497,4.0,0.0679,0.0544,0.0217,net_delay_adservice_1
2026-10-02T22:53:44,adservice,78.6328125,0.022752373950605243,0.0,0.0679,0.0544,0.0217,net_delay_adservice_1
2026-10-02T22:53:49,loadgenerator,64.21484375,0.008078447674730956,0.0,0.1241,0.0375,0.0272,net_delay_adservice_1
2026-10-02T22:53:49,redis-cart,6.40234375,0.004506654696442642,0.0,0.1241,0.0375,0.0272,net_delay_adservice_1
2026-10-02T22:53:49,shippingservice,12.1328125,0.0017024691426870192,0.0,0.1241,0.0375,0.0272,net_delay_adservice_1
2026-10-02T22:53:49,emailservice,37.234375,0.006171672433679163,0.0,0.1241,0.0375,0.0272,net_delay_adservice_1
2026-10-02T22:53:49,productcatalogservice,14.375,0.015300151562256595,0.0,0.1241,0.0375,0.0272,net_delay_adservice_1
2026-10-02T22:53:49,cartservice,58.3359375,0.007752634546533115,0.0,0.1241,0.0375,0.0272,net_delay_adservice_1
2026-10-02T22:53:49,frontend,14.30859375,0.031067172043832726,0.0,0.1241,0.0375,0.0272,net_delay_adservice_1
2026-10-02T22:53:49,checkoutservice,12.05078125,0.001436310441404778,0.0,0.1241,0.0375,0.0272,net_delay_adservice_1
2026-10-02T22:53:49,paymentservice,43.3046875,0.0008388583758336346,0.0,0.1241,0.0375,0.0272,net_delay_adservice_1
2026-10-02T22:53:49,currencyservice,38.3828125,0.02916531257347363,0.0,0.1241,0.0375,0.0272,net_delay_adservice_1
2026-10-02T22:53:49,recommendationservice,32.15234375,0.015558528780159162,4.0,0.1241,0.0375,0.0272,net_delay_adservice_1
2026-10-02T22:53:49,adservice,82.9375,0.033434726806013934,0.0,0.1241,0.0375,0.0272,net_delay_adservice_1
2026-10-02T22:53:55,loadgenerator,64.21484375,0.006645510578293123,0.0,0.0749,0.0631,0.0293,net_delay_adservice_1
2026-10-02T22:53:55,redis-cart,6.40234375,0.0030420999999996924,0.0,0.0749,0.0631,0.0293,net_delay_adservice_1
2026-10-02T22:53:55,shippingservice,12.1328125,0.001679007220300331,0.0,0.0749,0.0631,0.0293,net_delay_adservice_1
2026-10-02T22:53:55,emailservice,37.234375,0.0061716724336791625,0.0,0.0749,0.0631,0.0293,net_delay_adservice_1
2026-10-02T22:53:55,productcatalogservice,14.375,0.01587917519596516,0.0,0.0749,0.0631,0.0293,net_delay_adservice_1
2026-10-02T22:53:55,cartservice,58.3359375,0.006885998404592919,0.0,0.0749,0.0631,0.0293,net_delay_adservice_1
2026-10-02T22:53:55,frontend,14.30859375,0.03306829406218134,0.0,0.0749,0.0631,0.0293,net_delay_adservice_1
2026-10-02T22:53:55,checkoutservice,12.05078125,0.0012729292546732006,0.0,0.0749,0.0631,0.0293,net_delay_adservice_1
2026-10-02T22:53:55,paymentservice,43.3046875,0.0006599718271871119,0.0,0.0749,0.0631,0.0293,net_delay_adservice_1
2026-10-02T22:53:55,currencyservice,38.3828125,0.023088638684033245,0.0,0.0749,0.0631,0.0293,net_delay_adservice_1
2026-10-02T22:53:55,recommendationservice,32.15234375,0.012982430422680779,4.0,0.0749,0.0631,0.0293,net_delay_adservice_1
2026-10-02T22:53:55,adservice,82.9375,0.026648528756648946,0.0,0.0749,0.0631,0.0293,net_delay_adservice_1
2026-10-02T22:54:00,loadgenerator,63.96484375,0.007881774441878374,0.0,0.0552,0.0296,0.0352,net_delay_adservice_1
2026-10-02T22:54:00,redis-cart,6.40234375,0.004633930692285602,0.0,0.0552,0.0296,0.0352,net_delay_adservice_1
2026-10-02T22:54:00,shippingservice,12.4296875,0.0023020263891633313,0.0,0.0552,0.0296,0.0352,net_delay_adservice_1
2026-10-02T22:54:00,emailservice,37.234375,0.00524530440138392,0.0,0.0552,0.0296,0.0352,net_delay_adservice_1
2026-10-02T22:54:00,productcatalogservice,14.375,0.013030804036368922,0.0,0.0552,0.0296,0.0352,net_delay_adservice_1
2026-10-02T22:54:00,cartservice,58.6171875,0.008199522130934661,0.0,0.0552,0.0296,0.0352,net_delay_adservice_1
2026-10-02T22:54:00,frontend,14.71875,0.03789376801467406,0.0,0.0552,0.0296,0.0352,net_delay_adservice_1
2026-10-02T22:54:00,checkoutservice,12.3203125,0.0019592520784726414,0.0,0.0552,0.0296,0.0352,net_delay_adservice_1
2026-10-02T22:54:00,paymentservice,43.24609375,0.0010098406747891472,0.0,0.0552,0.0296,0.0352,net_delay_adservice_1
2026-10-02T22:54:00,currencyservice,38.4375,0.029760154177272336,0.0,0.0552,0.0296,0.0352,net_delay_adservice_1
2026-10-02T22:54:00,recommendationservice,32.15234375,0.012628024038043077,4.0,0.0552,0.0296,0.0352,net_delay_adservice_1
2026-10-02T22:54:00,adservice,81.97265625,0.02804294871794874,0.0,0.0552,0.0296,0.0352,net_delay_adservice_1
2026-10-02T22:54:05,loadgenerator,63.96484375,0.007987825823397608,0.0,0.0532,0.0256,0.0318,net_delay_adservice_1
2026-10-02T22:54:05,redis-cart,6.40234375,0.003952730008489917,0.0,0.0532,0.0256,0.0318,net_delay_adservice_1
2026-10-02T22:54:05,shippingservice,12.4296875,0.0023774933666300606,0.0,0.0532,0.0256,0.0318,net_delay_adservice_1
2026-10-02T22:54:05,emailservice,37.234375,0.004742502727409662,0.0,0.0532,0.0256,0.0318,net_delay_adservice_1
2026-10-02T22:54:05,productcatalogservice,14.375,0.011936213692819848,0.0,0.0532,0.0256,0.0318,net_delay_adservice_1
2026-10-02T22:54:05,cartservice,58.6171875,0.009797542064794598,0.0,0.0532,0.0256,0.0318,net_delay_adservice_1
2026-10-02T22:54:05,frontend,14.71875,0.03789376801467406,0.0,0.0532,0.0256,0.0318,net_delay_adservice_1
2026-10-02T22:54:05,checkoutservice,12.3203125,0.001618236090664151,0.0,0.0532,0.0256,0.0318,net_delay_adservice_1
2026-10-02T22:54:05,paymentservice,43.24609375,0.0009570537563759216,0.0,0.0532,0.0256,0.0318,net_delay_adservice_1
2026-10-02T22:54:05,currencyservice,38.4375,0.026797743314594027,0.0,0.0532,0.0256,0.0318,net_delay_adservice_1
2026-10-02T22:54:05,recommendationservice,32.15234375,0.011244214886305934,4.0,0.0532,0.0256,0.0318,net_delay_adservice_1
2026-10-02T22:54:05,adservice,81.97265625,0.026678283077937053,0.0,0.0532,0.0256,0.0318,net_delay_adservice_1
2026-10-02T22:54:10,loadgenerator,64.15625,0.007999921619344038,0.0,0.1735,0.0647,0.0932,net_delay_adservice_1
2026-10-02T22:54:10,redis-cart,6.40234375,0.003535599014006008,0.0,0.1735,0.0647,0.0932,net_delay_adservice_1
2026-10-02T22:54:10,shippingservice,12.4296875,0.0018872443282085811,0.0,0.1735,0.0647,0.0932,net_delay_adservice_1
2026-10-02T22:54:10,emailservice,36.75,0.006202408702407762,0.0,0.1735,0.0647,0.0932,net_delay_adservice_1
2026-10-02T22:54:10,productcatalogservice,14.34765625,0.015788032825726987,0.0,0.1735,0.0647,0.0932,net_delay_adservice_1
2026-10-02T22:54:10,cartservice,58.6171875,0.007480872420481979,0.0,0.1735,0.0647,0.0932,net_delay_adservice_1
2026-10-02T22:54:10,frontend,14.71875,0.0301201053294419,0.0,0.1735,0.0647,0.0932,net_delay_adservice_1
2026-10-02T22:54:10,checkoutservice,12.07421875,0.0014213938411669058,0.0,0.1735,0.0647,0.0932,net_delay_adservice_1
2026-10-02T22:54:10,paymentservice,43.25390625,0.0011266211781863658,0.0,0.1735,0.0647,0.0932,net_delay_adservice_1
2026-10-02T22:54:10,currencyservice,38.65234375,0.02487642027640521,0.0,0.1735,0.0647,0.0932,net_delay_adservice_1
2026-10-02T22:54:10,recommendationservice,31.91796875,0.015848156823025487,4.0,0.1735,0.0647,0.0932,net_delay_adservice_1
2026-10-02T22:54:10,adservice,82.85546875,0.026865474454097704,0.0,0.1735,0.0647,0.0932,net_delay_adservice_1
2026-10-02T22:54:16,loadgenerator,64.15625,0.007937157339402248,0.0,0.1049,0.0397,0.0223,net_delay_adservice_1
2026-10-02T22:54:16,redis-cart,6.40234375,0.0030373683342005227,0.0,0.1049,0.0397,0.0223,net_delay_adservice_1
2026-10-02T22:54:16,shippingservice,12.4296875,0.0016809175288745356,0.0,0.1049,0.0397,0.0223,net_delay_adservice_1
2026-10-02T22:54:16,emailservice,36.75,0.006153328542496901,0.0,0.1049,0.0397,0.0223,net_delay_adservice_1
2026-10-02T22:54:16,productcatalogservice,14.34765625,0.014319949052699203,0.0,0.1049,0.0397,0.0223,net_delay_adservice_1
2026-10-02T22:54:16,cartservice,58.6171875,0.0066306090616255545,0.0,0.1049,0.0397,0.0223,net_delay_adservice_1
2026-10-02T22:54:16,frontend,14.71875,0.0268592796662748,0.0,0.1049,0.0397,0.0223,net_delay_adservice_1
2026-10-02T22:54:16,checkoutservice,12.07421875,0.0014213938411669058,0.0,0.1049,0.0397,0.0223,net_delay_adservice_1
2026-10-02T22:54:16,paymentservice,43.25390625,0.0008979295970276246,0.0,0.1049,0.0397,0.0223,net_delay_adservice_1
2026-10-02T22:54:16,currencyservice,38.65234375,0.024876420276405208,0.0,0.1049,0.0397,0.0223,net_delay_adservice_1
2026-10-02T22:54:16,recommendationservice,31.91796875,0.01541805403717011,4.0,0.1049,0.0397,0.0223,net_delay_adservice_1
2026-10-02T22:54:16,adservice,82.85546875,0.026865474454097704,0.0,0.1049,0.0397,0.0223,net_delay_adservice_1
2026-10-02T22:54:21,loadgenerator,64.15625,0.006548639853510929,0.0,0.0838,0.0466,0.0248,net_delay_adservice_1
2026-10-02T22:54:21,redis-cart,6.15625,0.004405171405171359,0.0,0.0838,0.0466,0.0248,net_delay_adservice_1
2026-10-02T22:54:21,shippingservice,12.1875,0.0019787807043503375,0.0,0.0838,0.0466,0.0248,net_delay_adservice_1
2026-10-02T22:54:21,emailservice,36.98828125,0.006138573246171992,0.0,0.0838,0.0466,0.0248,net_delay_adservice_1
2026-10-02T22:54:21,productcatalogservice,14.33984375,0.013208973502560376,0.0,0.0838,0.0466,0.0248,net_delay_adservice_1
2026-10-02T22:54:21,cartservice,58.59375,0.009200078802206357,0.0,0.0838,0.0466,0.0248,net_delay_adservice_1
2026-10-02T22:54:21,frontend,14.35546875,0.03297652999816872,0.0,0.0838,0.0466,0.0248,net_delay_adservice_1
2026-10-02T22:54:21,checkoutservice,12.33984375,0.0008072323587601671,0.0,0.0838,0.0466,0.0248,net_delay_adservice_1
2026-10-02T22:54:21,paymentservice,43.25390625,0.0009493626254408254,0.0,0.0838,0.0466,0.0248,net_delay_adservice_1
2026-10-02T22:54:21,currencyservice,38.65234375,0.02040108316751248,0.0,0.0838,0.0466,0.0248,net_delay_adservice_1
2026-10-02T22:54:21,recommendationservice,31.91796875,0.012162981620464393,4.0,0.0838,0.0466,0.0248,net_delay_adservice_1
2026-10-02T22:54:21,adservice,82.85546875,0.023198156052586665,0.0,0.0838,0.0466,0.0248,net_delay_adservice_1
2026-10-02T22:54:26,loadgenerator,64.15234375,0.007520702384515172,0.0,0.1167,0.0867,0.0504,net_delay_adservice_1
2026-10-02T22:54:26,redis-cart,6.15625,0.004539384035198008,0.0,0.1167,0.0867,0.0504,net_delay_adservice_1
2026-10-02T22:54:26,shippingservice,12.62890625,0.002248828266982972,0.0,0.1167,0.0867,0.0504,net_delay_adservice_1
2026-10-02T22:54:26,emailservice,36.98828125,0.006138573246171993,0.0,0.1167,0.0867,0.0504,net_delay_adservice_1
2026-10-02T22:54:26,productcatalogservice,14.34765625,0.013454797939848433,0.0,0.1167,0.0867,0.0504,net_delay_adservice_1
2026-10-02T22:54:26,cartservice,58.34375,0.009151087290610217,0.0,0.1167,0.0867,0.0504,net_delay_adservice_1
2026-10-02T22:54:26,frontend,14.671875,0.03392009101339963,0.0,0.1167,0.0867,0.0504,net_delay_adservice_1
2026-10-02T22:54:26,checkoutservice,12.33984375,0.0008072323587601673,0.0,0.1167,0.0867,0.0504,net_delay_adservice_1
2026-10-02T22:54:26,paymentservice,43.30859375,0.0009796092095104658,0.0,0.1167,0.0867,0.0504,net_delay_adservice_1
2026-10-02T22:54:26,currencyservice,38.6328125,0.02355835086826838,0.0,0.1167,0.0867,0.0504,net_delay_adservice_1
2026-10-02T22:54:26,recommendationservice,33.3984375,0.014852629110733347,4.0,0.1167,0.0867,0.0504,net_delay_adservice_1
2026-10-02T22:54:26,adservice,84.28125,0.022336595396774267,0.0,0.1167,0.0867,0.0504,net_delay_adservice_1
2026-10-02T22:54:31,loadgenerator,64.15234375,0.007520702384515172,0.0,0.2224,0.0451,0.1245,net_delay_adservice_1
2026-10-02T22:54:31,redis-cart,6.15625,0.004539384035198007,0.0,0.2224,0.0451,0.1245,net_delay_adservice_1
2026-10-02T22:54:31,shippingservice,12.62890625,0.002248828266982972,0.0,0.2224,0.0451,0.1245,net_delay_adservice_1
2026-10-02T22:54:31,emailservice,36.98828125,0.005138394361899849,0.0,0.2224,0.0451,0.1245,net_delay_adservice_1
2026-10-02T22:54:31,productcatalogservice,14.34765625,0.013590226526669427,0.0,0.2224,0.0451,0.1245,net_delay_adservice_1
2026-10-02T22:54:31,cartservice,58.34375,0.009148403392790558,0.0,0.2224,0.0451,0.1245,net_delay_adservice_1
2026-10-02T22:54:31,frontend,14.671875,0.03439308626135058,0.0,0.2224,0.0451,0.1245,net_delay_adservice_1
2026-10-02T22:54:31,checkoutservice,12.33984375,0.0003388249999999537,0.0,0.2224,0.0451,0.1245,net_delay_adservice_1
2026-10-02T22:54:31,paymentservice,43.30859375,0.0009796092095104658,0.0,0.2224,0.0451,0.1245,net_delay_adservice_1
2026-10-02T22:54:31,currencyservice,38.6328125,0.02355835086826838,0.0,0.2224,0.0451,0.1245,net_delay_adservice_1
2026-10-02T22:54:31,recommendationservice,33.3984375,0.01480374047564074,4.0,0.2224,0.0451,0.1245,net_delay_adservice_1
2026-10-02T22:54:31,adservice,84.28125,0.019197248959855973,0.0,0.2224,0.0451,0.1245,net_delay_adservice_1
