time,service,memory_mb,cpu_cores,restarts,latency_s,latency_product_s,latency_cart_s,label
2026-10-04T04:26:57,redis-cart,6.1796875,0.004863105352590711,0.0,0.0284,0.0137,0.0256,cpu_hog_cartservice_3
2026-10-04T04:26:57,paymentservice,35.45703125,0.0009464544419083275,0.0,0.0284,0.0137,0.0256,cpu_hog_cartservice_3
2026-10-04T04:26:57,currencyservice,41.21875,0.023411392405064537,0.0,0.0284,0.0137,0.0256,cpu_hog_cartservice_3
2026-10-04T04:26:57,productcatalogservice,13.50390625,0.014333389447585282,0.0,0.0284,0.0137,0.0256,cpu_hog_cartservice_3
2026-10-04T04:26:57,adservice,107.84375,0.0037238801618032238,0.0,0.0284,0.0137,0.0256,cpu_hog_cartservice_3
2026-10-04T04:26:57,recommendationservice,32.60546875,0.015776933544357996,4.0,0.0284,0.0137,0.0256,cpu_hog_cartservice_3
2026-10-04T04:26:57,emailservice,36.7421875,0.006292263402360495,0.0,0.0284,0.0137,0.0256,cpu_hog_cartservice_3
2026-10-04T04:26:57,shippingservice,11.8515625,0.002335502060290824,0.0,0.0284,0.0137,0.0256,cpu_hog_cartservice_3
2026-10-04T04:26:57,checkoutservice,14.1796875,0.0017604912014922106,0.0,0.0284,0.0137,0.0256,cpu_hog_cartservice_3
2026-10-04T04:26:57,frontend,14.03515625,0.039287681713853134,0.0,0.0284,0.0137,0.0256,cpu_hog_cartservice_3
2026-10-04T04:26:57,loadgenerator,87.96484375,0.00844516968192147,0.0,0.0284,0.0137,0.0256,cpu_hog_cartservice_3
2026-10-04T04:26:57,cartservice,50.89453125,0.008764382444869585,0.0,0.0284,0.0137,0.0256,cpu_hog_cartservice_3
2026-10-04T04:27:02,redis-cart,6.1796875,0.004863105352590711,0.0,0.1267,0.0399,0.065,cpu_hog_cartservice_3
2026-10-04T04:27:02,paymentservice,36.19140625,0.0013685965249729802,0.0,0.1267,0.0399,0.065,cpu_hog_cartservice_3
2026-10-04T04:27:02,currencyservice,41.21875,0.023411392405064537,0.0,0.1267,0.0399,0.065,cpu_hog_cartservice_3
2026-10-04T04:27:02,productcatalogservice,13.6484375,0.018237514268072172,0.0,0.1267,0.0399,0.065,cpu_hog_cartservice_3
2026-10-04T04:27:02,adservice,107.12109375,0.004570798362524175,0.0,0.1267,0.0399,0.065,cpu_hog_cartservice_3
2026-10-04T04:27:02,recommendationservice,32.60546875,0.014656967575151477,4.0,0.1267,0.0399,0.065,cpu_hog_cartservice_3
2026-10-04T04:27:02,emailservice,36.7421875,0.0050490343751077305,0.0,0.1267,0.0399,0.065,cpu_hog_cartservice_3
2026-10-04T04:27:02,shippingservice,11.8515625,0.002335502060290824,0.0,0.1267,0.0399,0.065,cpu_hog_cartservice_3
2026-10-04T04:27:02,checkoutservice,13.67578125,0.0025320803244633073,0.0,0.1267,0.0399,0.065,cpu_hog_cartservice_3
2026-10-04T04:27:02,frontend,15.4765625,0.04404236079208621,0.0,0.1267,0.0399,0.065,cpu_hog_cartservice_3
2026-10-04T04:27:02,loadgenerator,87.96484375,0.00844516968192147,0.0,0.1267,0.0399,0.065,cpu_hog_cartservice_3
2026-10-04T04:27:02,cartservice,49.94140625,0.011954263319563615,0.0,0.1267,0.0399,0.065,cpu_hog_cartservice_3
2026-10-04T04:27:07,redis-cart,6.1796875,0.003671406242328545,0.0,0.1418,0.0368,0.0469,cpu_hog_cartservice_3
2026-10-04T04:27:07,paymentservice,36.19140625,0.0013685965249729802,0.0,0.1418,0.0368,0.0469,cpu_hog_cartservice_3
2026-10-04T04:27:07,currencyservice,41.21875,0.023411392405064537,0.0,0.1418,0.0368,0.0469,cpu_hog_cartservice_3
2026-10-04T04:27:07,productcatalogservice,13.6484375,0.01886970701894079,0.0,0.1418,0.0368,0.0469,cpu_hog_cartservice_3
2026-10-04T04:27:07,adservice,107.12109375,0.004648126599953182,0.0,0.1418,0.0368,0.0469,cpu_hog_cartservice_3
2026-10-04T04:27:07,recommendationservice,32.60546875,0.0130764185860927,4.0,0.1418,0.0368,0.0469,cpu_hog_cartservice_3
2026-10-04T04:27:07,emailservice,36.7421875,0.00448213314117811,0.0,0.1418,0.0368,0.0469,cpu_hog_cartservice_3
2026-10-04T04:27:07,shippingservice,11.8515625,0.0018699180886786735,0.0,0.1418,0.0368,0.0469,cpu_hog_cartservice_3
2026-10-04T04:27:07,checkoutservice,13.67578125,0.0025320803244633073,0.0,0.1418,0.0368,0.0469,cpu_hog_cartservice_3
2026-10-04T04:27:07,frontend,15.4765625,0.04404236079208621,0.0,0.1418,0.0368,0.0469,cpu_hog_cartservice_3
2026-10-04T04:27:07,loadgenerator,87.96484375,0.0064686274966705305,0.0,0.1418,0.0368,0.0469,cpu_hog_cartservice_3
2026-10-04T04:27:07,cartservice,49.94140625,0.012636515671405208,0.0,0.1418,0.0368,0.0469,cpu_hog_cartservice_3
2026-10-04T04:27:12,redis-cart,6.17578125,0.004852826907924355,0.0,0.0504,0.0881,0.0748,cpu_hog_cartservice_3
2026-10-04T04:27:12,paymentservice,36.19140625,0.0014854363519806754,0.0,0.0504,0.0881,0.0748,cpu_hog_cartservice_3
2026-10-04T04:27:12,currencyservice,41.33203125,0.0247753330695137,0.0,0.0504,0.0881,0.0748,cpu_hog_cartservice_3
2026-10-04T04:27:12,productcatalogservice,13.39453125,0.019356852075777052,0.0,0.0504,0.0881,0.0748,cpu_hog_cartservice_3
2026-10-04T04:27:12,adservice,107.08984375,0.004408993576017184,0.0,0.0504,0.0881,0.0748,cpu_hog_cartservice_3
2026-10-04T04:27:12,recommendationservice,32.3828125,0.018404754434654377,4.0,0.0504,0.0881,0.0748,cpu_hog_cartservice_3
2026-10-04T04:27:12,emailservice,36.98828125,0.006416829787234689,0.0,0.0504,0.0881,0.0748,cpu_hog_cartservice_3
2026-10-04T04:27:12,shippingservice,11.6015625,0.002268183135323102,0.0,0.0504,0.0881,0.0748,cpu_hog_cartservice_3
2026-10-04T04:27:12,checkoutservice,13.67578125,0.0027990937519942337,0.0,0.0504,0.0881,0.0748,cpu_hog_cartservice_3
2026-10-04T04:27:12,frontend,15.4765625,0.02604257499999676,0.0,0.0504,0.0881,0.0748,cpu_hog_cartservice_3
2026-10-04T04:27:12,loadgenerator,88.21484375,0.008227155300519328,0.0,0.0504,0.0881,0.0748,cpu_hog_cartservice_3
2026-10-04T04:27:12,cartservice,49.94921875,0.01248479886710632,0.0,0.0504,0.0881,0.0748,cpu_hog_cartservice_3
2026-10-04T04:27:18,redis-cart,6.17578125,0.004852826907924355,0.0,0.0864,0.03,0.0745,cpu_hog_cartservice_3
2026-10-04T04:27:18,paymentservice,36.19140625,0.00114993198393144,0.0,0.0864,0.03,0.0745,cpu_hog_cartservice_3
2026-10-04T04:27:18,currencyservice,41.33203125,0.024775333069513697,0.0,0.0864,0.03,0.0745,cpu_hog_cartservice_3
2026-10-04T04:27:18,productcatalogservice,13.39453125,0.019356852075777052,0.0,0.0864,0.03,0.0745,cpu_hog_cartservice_3
2026-10-04T04:27:18,adservice,107.08984375,0.0046896669396671075,0.0,0.0864,0.03,0.0745,cpu_hog_cartservice_3
2026-10-04T04:27:18,recommendationservice,32.3828125,0.015564542955162087,4.0,0.0864,0.03,0.0745,cpu_hog_cartservice_3
2026-10-04T04:27:18,emailservice,36.98828125,0.006586769888845296,0.0,0.0864,0.03,0.0745,cpu_hog_cartservice_3
2026-10-04T04:27:18,shippingservice,11.6015625,0.0018391940983289927,0.0,0.0864,0.03,0.0745,cpu_hog_cartservice_3
2026-10-04T04:27:18,checkoutservice,13.67578125,0.002253060538323958,0.0,0.0864,0.03,0.0745,cpu_hog_cartservice_3
2026-10-04T04:27:18,frontend,15.4765625,0.02604257499999676,0.0,0.0864,0.03,0.0745,cpu_hog_cartservice_3
2026-10-04T04:27:18,loadgenerator,88.21484375,0.008227155300519328,0.0,0.0864,0.03,0.0745,cpu_hog_cartservice_3
2026-10-04T04:27:18,cartservice,49.94921875,0.009369938579227402,0.0,0.0864,0.03,0.0745,cpu_hog_cartservice_3
2026-10-04T04:27:23,redis-cart,6.17578125,0.004757353880208934,0.0,0.1617,0.0738,0.0394,cpu_hog_cartservice_3
2026-10-04T04:27:23,paymentservice,35.38671875,0.0010560144845536451,0.0,0.1617,0.0738,0.0394,cpu_hog_cartservice_3
2026-10-04T04:27:23,currencyservice,41.33203125,0.024775333069513697,0.0,0.1617,0.0738,0.0394,cpu_hog_cartservice_3
2026-10-04T04:27:23,productcatalogservice,14.875,0.0225825450906551,0.0,0.1617,0.0738,0.0394,cpu_hog_cartservice_3
2026-10-04T04:27:23,adservice,107.08984375,0.0046896669396671075,0.0,0.1617,0.0738,0.0394,cpu_hog_cartservice_3
2026-10-04T04:27:23,recommendationservice,32.89453125,0.020287309966693298,4.0,0.1617,0.0738,0.0394,cpu_hog_cartservice_3
2026-10-04T04:27:23,emailservice,36.7421875,0.006299077680678801,0.0,0.1617,0.0738,0.0394,cpu_hog_cartservice_3
2026-10-04T04:27:23,shippingservice,11.6328125,0.002807689676404189,0.0,0.1617,0.0738,0.0394,cpu_hog_cartservice_3
2026-10-04T04:27:23,checkoutservice,13.91015625,0.0021419049763567546,0.0,0.1617,0.0738,0.0394,cpu_hog_cartservice_3
2026-10-04T04:27:23,frontend,14.69921875,0.04835246707293146,0.0,0.1617,0.0738,0.0394,cpu_hog_cartservice_3
2026-10-04T04:27:23,loadgenerator,88.21484375,0.006215969479192042,0.0,0.1617,0.0738,0.0394,cpu_hog_cartservice_3
2026-10-04T04:27:23,cartservice,50.234375,0.012122930354796356,0.0,0.1617,0.0738,0.0394,cpu_hog_cartservice_3
2026-10-04T04:27:28,redis-cart,6.17578125,0.003880550821589519,0.0,0.0517,0.0297,0.0254,cpu_hog_cartservice_3
2026-10-04T04:27:28,paymentservice,35.38671875,0.0010560144845536451,0.0,0.0517,0.0297,0.0254,cpu_hog_cartservice_3
2026-10-04T04:27:28,currencyservice,41.33203125,0.019998752084265915,0.0,0.0517,0.0297,0.0254,cpu_hog_cartservice_3
2026-10-04T04:27:28,productcatalogservice,14.875,0.022582545090655104,0.0,0.0517,0.0297,0.0254,cpu_hog_cartservice_3
2026-10-04T04:27:28,adservice,107.08984375,0.0033232038098301273,0.0,0.0517,0.0297,0.0254,cpu_hog_cartservice_3
2026-10-04T04:27:28,recommendationservice,32.89453125,0.020287309966693298,4.0,0.0517,0.0297,0.0254,cpu_hog_cartservice_3
2026-10-04T04:27:28,emailservice,36.7421875,0.006076734907830346,0.0,0.0517,0.0297,0.0254,cpu_hog_cartservice_3
2026-10-04T04:27:28,shippingservice,11.6328125,0.0028076896764041895,0.0,0.0517,0.0297,0.0254,cpu_hog_cartservice_3
2026-10-04T04:27:28,checkoutservice,13.91015625,0.0016866187231103485,0.0,0.0517,0.0297,0.0254,cpu_hog_cartservice_3
2026-10-04T04:27:28,frontend,14.69921875,0.04000898025468006,0.0,0.0517,0.0297,0.0254,cpu_hog_cartservice_3
2026-10-04T04:27:28,loadgenerator,88.21484375,0.005544829514314649,0.0,0.0517,0.0297,0.0254,cpu_hog_cartservice_3
2026-10-04T04:27:28,cartservice,50.234375,0.012122930354796356,0.0,0.0517,0.0297,0.0254,cpu_hog_cartservice_3
2026-10-04T04:27:33,redis-cart,6.421875,0.004489739924375063,0.0,0.2365,0.1881,0.0481,cpu_hog_cartservice_3
2026-10-04T04:27:33,paymentservice,35.38671875,0.0008553717324884524,0.0,0.2365,0.1881,0.0481,cpu_hog_cartservice_3
2026-10-04T04:27:33,currencyservice,40.87109375,0.024859501081166694,0.0,0.2365,0.1881,0.0481,cpu_hog_cartservice_3
2026-10-04T04:27:33,productcatalogservice,14.875,0.022582545090655104,0.0,0.2365,0.1881,0.0481,cpu_hog_cartservice_3
2026-10-04T04:27:33,adservice,107.2421875,0.004204688040310259,0.0,0.2365,0.1881,0.0481,cpu_hog_cartservice_3
2026-10-04T04:27:33,recommendationservice,32.89453125,0.020287309966693298,4.0,0.2365,0.1881,0.0481,cpu_hog_cartservice_3
2026-10-04T04:27:33,emailservice,36.7421875,0.006076734907830346,0.0,0.2365,0.1881,0.0481,cpu_hog_cartservice_3
2026-10-04T04:27:33,shippingservice,11.6328125,0.0028076896764041895,0.0,0.2365,0.1881,0.0481,cpu_hog_cartservice_3
2026-10-04T04:27:33,checkoutservice,13.671875,0.0013345663502699685,0.0,0.2365,0.1881,0.0481,cpu_hog_cartservice_3
2026-10-04T04:27:33,frontend,14.69921875,0.03646659403091226,0.0,0.2365,0.1881,0.0481,cpu_hog_cartservice_3
2026-10-04T04:27:33,loadgenerator,88.44921875,0.007643002436463334,0.0,0.2365,0.1881,0.0481,cpu_hog_cartservice_3
2026-10-04T04:27:33,cartservice,50.234375,0.008859099999999918,0.0,0.2365,0.1881,0.0481,cpu_hog_cartservice_3
2026-10-04T04:27:39,redis-cart,6.421875,0.004489739924375063,0.0,0.0859,0.0532,0.0503,cpu_hog_cartservice_3
2026-10-04T04:27:39,paymentservice,35.38671875,0.00030632347176013947,0.0,0.0859,0.0532,0.0503,cpu_hog_cartservice_3
2026-10-04T04:27:39,currencyservice,40.87109375,0.024859501081166694,0.0,0.0859,0.0532,0.0503,cpu_hog_cartservice_3
2026-10-04T04:27:39,productcatalogservice,14.875,0.014554749999996376,0.0,0.0859,0.0532,0.0503,cpu_hog_cartservice_3
2026-10-04T04:27:39,adservice,107.2421875,0.0034363280196995625,0.0,0.0859,0.0532,0.0503,cpu_hog_cartservice_3
2026-10-04T04:27:39,recommendationservice,32.89453125,0.01660155174324155,4.0,0.0859,0.0532,0.0503,cpu_hog_cartservice_3
2026-10-04T04:27:39,emailservice,36.7421875,0.004618597046967671,0.0,0.0859,0.0532,0.0503,cpu_hog_cartservice_3
2026-10-04T04:27:39,shippingservice,11.6328125,0.0023185501228424896,0.0,0.0859,0.0532,0.0503,cpu_hog_cartservice_3
2026-10-04T04:27:39,checkoutservice,13.671875,0.0011229486126621605,0.0,0.0859,0.0532,0.0503,cpu_hog_cartservice_3
2026-10-04T04:27:39,frontend,14.69921875,0.032126573937010766,0.0,0.0859,0.0532,0.0503,cpu_hog_cartservice_3
2026-10-04T04:27:39,loadgenerator,88.44921875,0.007643871569799417,0.0,0.0859,0.0532,0.0503,cpu_hog_cartservice_3
2026-10-04T04:27:39,cartservice,50.234375,0.009559724976249656,0.0,0.0859,0.0532,0.0503,cpu_hog_cartservice_3
2026-10-04T04:27:44,redis-cart,6.421875,0.002694250000000409,0.0,0.0455,0.0434,0.0253,cpu_hog_cartservice_3
2026-10-04T04:27:44,paymentservice,35.40625,0.000643182434263861,0.0,0.0455,0.0434,0.0253,cpu_hog_cartservice_3
2026-10-04T04:27:44,currencyservice,40.87109375,0.024859501081166694,0.0,0.0455,0.0434,0.0253,cpu_hog_cartservice_3
2026-10-04T04:27:44,productcatalogservice,13.734375,0.019686889365137256,0.0,0.0455,0.0434,0.0253,cpu_hog_cartservice_3
2026-10-04T04:27:44,adservice,107.2421875,0.002706317237094848,0.0,0.0455,0.0434,0.0253,cpu_hog_cartservice_3
2026-10-04T04:27:44,recommendationservice,32.625,0.019525428307708727,4.0,0.0455,0.0434,0.0253,cpu_hog_cartservice_3
2026-10-04T04:27:44,emailservice,36.74609375,0.005884961458424517,0.0,0.0455,0.0434,0.0253,cpu_hog_cartservice_3
2026-10-04T04:27:44,shippingservice,12.12890625,0.002735458645452304,0.0,0.0455,0.0434,0.0253,cpu_hog_cartservice_3
2026-10-04T04:27:44,checkoutservice,14.16796875,0.00163603109659633,0.0,0.0455,0.0434,0.0253,cpu_hog_cartservice_3
2026-10-04T04:27:44,frontend,14.83984375,0.050858560060225655,0.0,0.0455,0.0434,0.0253,cpu_hog_cartservice_3
2026-10-04T04:27:44,loadgenerator,88.19140625,0.007340168828493977,0.0,0.0455,0.0434,0.0253,cpu_hog_cartservice_3
2026-10-04T04:27:44,cartservice,58.0625,0.015195731411836588,0.0,0.0455,0.0434,0.0253,cpu_hog_cartservice_3
2026-10-04T04:27:50,redis-cart,6.421875,0.004405525846703119,0.0,0.0312,0.0138,0.0337,cpu_hog_cartservice_3
2026-10-04T04:27:50,paymentservice,35.40625,0.000643182434263861,0.0,0.0312,0.0138,0.0337,cpu_hog_cartservice_3
2026-10-04T04:27:50,currencyservice,41.28125,0.02426451397951173,0.0,0.0312,0.0138,0.0337,cpu_hog_cartservice_3
2026-10-04T04:27:50,productcatalogservice,14.23046875,0.023616532829473763,0.0,0.0312,0.0138,0.0337,cpu_hog_cartservice_3
2026-10-04T04:27:50,adservice,107.2421875,0.004527117205954033,0.0,0.0312,0.0138,0.0337,cpu_hog_cartservice_3
2026-10-04T04:27:50,recommendationservice,32.9296875,0.021745253242592143,4.0,0.0312,0.0138,0.0337,cpu_hog_cartservice_3
2026-10-04T04:27:50,emailservice,37.234375,0.005948390949221723,0.0,0.0312,0.0138,0.0337,cpu_hog_cartservice_3
2026-10-04T04:27:50,shippingservice,12.12890625,0.0029715395227638327,0.0,0.0312,0.0138,0.0337,cpu_hog_cartservice_3
2026-10-04T04:27:50,checkoutservice,14.16796875,0.0016266772526893323,0.0,0.0312,0.0138,0.0337,cpu_hog_cartservice_3
2026-10-04T04:27:50,frontend,14.82421875,0.05225854161889409,0.0,0.0312,0.0138,0.0337,cpu_hog_cartservice_3
2026-10-04T04:27:50,loadgenerator,88.48046875,0.007258849851579222,0.0,0.0312,0.0138,0.0337,cpu_hog_cartservice_3
2026-10-04T04:27:50,cartservice,58.0625,0.016109445196211124,0.0,0.0312,0.0138,0.0337,cpu_hog_cartservice_3
2026-10-04T04:27:55,redis-cart,6.421875,0.004405525846703119,0.0,0.0908,0.2002,0.1991,cpu_hog_cartservice_3
2026-10-04T04:27:55,paymentservice,35.40625,0.0004959847743289576,0.0,0.0908,0.2002,0.1991,cpu_hog_cartservice_3
2026-10-04T04:27:55,currencyservice,41.28125,0.02426451397951173,0.0,0.0908,0.2002,0.1991,cpu_hog_cartservice_3
2026-10-04T04:27:55,productcatalogservice,14.23046875,0.02361653282947376,0.0,0.0908,0.2002,0.1991,cpu_hog_cartservice_3
2026-10-04T04:27:55,adservice,107.2421875,0.004527117205954033,0.0,0.0908,0.2002,0.1991,cpu_hog_cartservice_3
2026-10-04T04:27:55,recommendationservice,32.9296875,0.021745253242592143,4.0,0.0908,0.2002,0.1991,cpu_hog_cartservice_3
2026-10-04T04:27:55,emailservice,37.234375,0.005948390949221723,0.0,0.0908,0.2002,0.1991,cpu_hog_cartservice_3
2026-10-04T04:27:55,shippingservice,12.12890625,0.0029715395227638327,0.0,0.0908,0.2002,0.1991,cpu_hog_cartservice_3
2026-10-04T04:27:55,checkoutservice,14.16796875,0.0014518323242739147,0.0,0.0908,0.2002,0.1991,cpu_hog_cartservice_3
2026-10-04T04:27:55,frontend,14.82421875,0.05303304403916663,0.0,0.0908,0.2002,0.1991,cpu_hog_cartservice_3
2026-10-04T04:27:55,loadgenerator,88.48046875,0.007258849851579222,0.0,0.0908,0.2002,0.1991,cpu_hog_cartservice_3
2026-10-04T04:27:55,cartservice,58.0625,0.01610944519621112,0.0,0.0908,0.2002,0.1991,cpu_hog_cartservice_3
2026-10-04T04:28:00,redis-cart,6.421875,0.004405525846703118,0.0,0.1094,0.087,0.018,cpu_hog_cartservice_3
2026-10-04T04:28:00,paymentservice,35.453125,0.0008483789713171482,0.0,0.1094,0.087,0.018,cpu_hog_cartservice_3
2026-10-04T04:28:00,currencyservice,41.23828125,0.02518549581610031,0.0,0.1094,0.087,0.018,cpu_hog_cartservice_3
2026-10-04T04:28:00,productcatalogservice,14.23046875,0.024575718737433,0.0,0.1094,0.087,0.018,cpu_hog_cartservice_3
2026-10-04T04:28:00,adservice,107.71875,0.004637110993564432,0.0,0.1094,0.087,0.018,cpu_hog_cartservice_3
2026-10-04T04:28:00,recommendationservice,32.125,0.021589044609327507,4.0,0.1094,0.087,0.018,cpu_hog_cartservice_3
2026-10-04T04:28:00,emailservice,36.984375,0.005277915095275463,0.0,0.1094,0.087,0.018,cpu_hog_cartservice_3
2026-10-04T04:28:00,shippingservice,11.87890625,0.0031656601598714714,0.0,0.1094,0.087,0.018,cpu_hog_cartservice_3
2026-10-04T04:28:00,checkoutservice,13.671875,0.0024243631706275448,0.0,0.1094,0.087,0.018,cpu_hog_cartservice_3
2026-10-04T04:28:00,frontend,14.22265625,0.0507368892966586,0.0,0.1094,0.087,0.018,cpu_hog_cartservice_3
2026-10-04T04:28:00,loadgenerator,88.48046875,0.007258849851579221,0.0,0.1094,0.087,0.018,cpu_hog_cartservice_3
2026-10-04T04:28:00,cartservice,59.57421875,0.016801218026796603,0.0,0.1094,0.087,0.018,cpu_hog_cartservice_3
2026-10-04T04:28:06,redis-cart,6.421875,0.0034869464033149005,0.0,0.0636,0.0493,0.0177,cpu_hog_cartservice_3
2026-10-04T04:28:06,paymentservice,35.453125,0.0008483789713171484,0.0,0.0636,0.0493,0.0177,cpu_hog_cartservice_3
2026-10-04T04:28:06,currencyservice,41.23828125,0.02518549581610031,0.0,0.0636,0.0493,0.0177,cpu_hog_cartservice_3
2026-10-04T04:28:06,productcatalogservice,14.23046875,0.02033067292085374,0.0,0.0636,0.0493,0.0177,cpu_hog_cartservice_3
2026-10-04T04:28:06,adservice,107.71875,0.004637110993564432,0.0,0.0636,0.0493,0.0177,cpu_hog_cartservice_3
2026-10-04T04:28:06,recommendationservice,32.125,0.020870572826177883,4.0,0.0636,0.0493,0.0177,cpu_hog_cartservice_3
2026-10-04T04:28:06,emailservice,36.984375,0.00618111307336194,0.0,0.0636,0.0493,0.0177,cpu_hog_cartservice_3
2026-10-04T04:28:06,shippingservice,11.87890625,0.0031656601598714714,0.0,0.0636,0.0493,0.0177,cpu_hog_cartservice_3
2026-10-04T04:28:06,checkoutservice,13.671875,0.0024243631706275448,0.0,0.0636,0.0493,0.0177,cpu_hog_cartservice_3
2026-10-04T04:28:06,frontend,14.22265625,0.0507368892966586,0.0,0.0636,0.0493,0.0177,cpu_hog_cartservice_3
2026-10-04T04:28:06,loadgenerator,88.48046875,0.00606033078346444,0.0,0.0636,0.0493,0.0177,cpu_hog_cartservice_3
2026-10-04T04:28:06,cartservice,59.57421875,0.016801218026796603,0.0,0.0636,0.0493,0.0177,cpu_hog_cartservice_3
2026-10-04T04:28:11,redis-cart,6.66796875,0.004688434695913043,0.0,0.0623,0.0707,0.017,cpu_hog_cartservice_3
2026-10-04T04:28:11,paymentservice,35.875,0.0010343596690342198,0.0,0.0623,0.0707,0.017,cpu_hog_cartservice_3
2026-10-04T04:28:11,currencyservice,41.23828125,0.027291177002348836,0.0,0.0623,0.0707,0.017,cpu_hog_cartservice_3
2026-10-04T04:28:11,productcatalogservice,14.80078125,0.02264655154456788,0.0,0.0623,0.0707,0.017,cpu_hog_cartservice_3
2026-10-04T04:28:11,adservice,107.328125,0.004868966109334702,0.0,0.0623,0.0707,0.017,cpu_hog_cartservice_3
2026-10-04T04:28:11,recommendationservice,32.37890625,0.01963632725745036,4.0,0.0623,0.0707,0.017,cpu_hog_cartservice_3
2026-10-04T04:28:11,emailservice,36.984375,0.00618111307336194,0.0,0.0623,0.0707,0.017,cpu_hog_cartservice_3
2026-10-04T04:28:11,shippingservice,11.87890625,0.0031656601598714714,0.0,0.0623,0.0707,0.017,cpu_hog_cartservice_3
2026-10-04T04:28:11,checkoutservice,13.66796875,0.0029646768305773663,0.0,0.0623,0.0707,0.017,cpu_hog_cartservice_3
2026-10-04T04:28:11,frontend,14.22265625,0.0507368892966586,0.0,0.0623,0.0707,0.017,cpu_hog_cartservice_3
2026-10-04T04:28:11,loadgenerator,87.9921875,0.007088957184355794,0.0,0.0623,0.0707,0.017,cpu_hog_cartservice_3
2026-10-04T04:28:11,cartservice,59.6015625,0.016487720781243016,0.0,0.0623,0.0707,0.017,cpu_hog_cartservice_3
2026-10-04T04:28:16,redis-cart,6.66796875,0.004918391822050402,0.0,0.1291,0.1026,0.0243,cpu_hog_cartservice_3
2026-10-04T04:28:16,paymentservice,35.875,0.001122398647712432,0.0,0.1291,0.1026,0.0243,cpu_hog_cartservice_3
2026-10-04T04:28:16,currencyservice,41.23828125,0.027291177002348836,0.0,0.1291,0.1026,0.0243,cpu_hog_cartservice_3
2026-10-04T04:28:16,productcatalogservice,14.80078125,0.02264655154456788,0.0,0.1291,0.1026,0.0243,cpu_hog_cartservice_3
2026-10-04T04:28:16,adservice,107.328125,0.004868966109334702,0.0,0.1291,0.1026,0.0243,cpu_hog_cartservice_3
2026-10-04T04:28:16,recommendationservice,32.37890625,0.01963632725745036,4.0,0.1291,0.1026,0.0243,cpu_hog_cartservice_3
2026-10-04T04:28:16,emailservice,36.984375,0.005043856946897492,0.0,0.1291,0.1026,0.0243,cpu_hog_cartservice_3
2026-10-04T04:28:16,shippingservice,11.87890625,0.0031656601598714714,0.0,0.1291,0.1026,0.0243,cpu_hog_cartservice_3
2026-10-04T04:28:16,checkoutservice,13.66796875,0.003621125092192836,0.0,0.1291,0.1026,0.0243,cpu_hog_cartservice_3
2026-10-04T04:28:16,frontend,14.22265625,0.04243217735033092,0.0,0.1291,0.1026,0.0243,cpu_hog_cartservice_3
2026-10-04T04:28:16,loadgenerator,87.9921875,0.007088957184355794,0.0,0.1291,0.1026,0.0243,cpu_hog_cartservice_3
2026-10-04T04:28:16,cartservice,59.6015625,0.016487720781243016,0.0,0.1291,0.1026,0.0243,cpu_hog_cartservice_3
2026-10-04T04:28:21,redis-cart,6.4296875,0.004618252427184575,0.0,0.3401,0.0823,0.0341,cpu_hog_cartservice_3
2026-10-04T04:28:21,paymentservice,35.875,0.001122398647712432,0.0,0.3401,0.0823,0.0341,cpu_hog_cartservice_3
2026-10-04T04:28:21,currencyservice,40.91015625,0.026250647249189702,0.0,0.3401,0.0823,0.0341,cpu_hog_cartservice_3
2026-10-04T04:28:21,productcatalogservice,14.80078125,0.02380868341273312,0.0,0.3401,0.0823,0.0341,cpu_hog_cartservice_3
2026-10-04T04:28:21,adservice,107.328125,0.003603121535640532,0.0,0.3401,0.0823,0.0341,cpu_hog_cartservice_3
2026-10-04T04:28:21,recommendationservice,32.37890625,0.02068977376948815,4.0,0.3401,0.0823,0.0341,cpu_hog_cartservice_3
2026-10-04T04:28:21,emailservice,36.7421875,0.006154759922287749,0.0,0.3401,0.0823,0.0341,cpu_hog_cartservice_3
2026-10-04T04:28:21,shippingservice,11.625,0.0037596949016457672,0.0,0.3401,0.0823,0.0341,cpu_hog_cartservice_3
2026-10-04T04:28:21,checkoutservice,13.66796875,0.003621125092192836,0.0,0.3401,0.0823,0.0341,cpu_hog_cartservice_3
2026-10-04T04:28:21,frontend,15.5078125,0.050264333665967054,0.0,0.3401,0.0823,0.0341,cpu_hog_cartservice_3
2026-10-04T04:28:21,loadgenerator,87.9921875,0.0072944292292426586,0.0,0.3401,0.0823,0.0341,cpu_hog_cartservice_3
2026-10-04T04:28:21,cartservice,58.61328125,0.13066555036791544,0.0,0.3401,0.0823,0.0341,cpu_hog_cartservice_3
2026-10-04T04:28:27,redis-cart,6.4296875,0.004624856260969161,0.0,0.325,0.3022,0.3031,cpu_hog_cartservice_3
2026-10-04T04:28:27,paymentservice,35.875,0.0011223986477124322,0.0,0.325,0.3022,0.3031,cpu_hog_cartservice_3
2026-10-04T04:28:27,currencyservice,40.91015625,0.016631274999997458,0.0,0.325,0.3022,0.3031,cpu_hog_cartservice_3
2026-10-04T04:28:27,productcatalogservice,14.80078125,0.019283049507362766,0.0,0.325,0.3022,0.3031,cpu_hog_cartservice_3
2026-10-04T04:28:27,adservice,107.328125,0.0034668983475881925,0.0,0.325,0.3022,0.3031,cpu_hog_cartservice_3
2026-10-04T04:28:27,recommendationservice,32.37890625,0.01645354259018545,4.0,0.325,0.3022,0.3031,cpu_hog_cartservice_3
2026-10-04T04:28:27,emailservice,36.7421875,0.004960428759367812,0.0,0.325,0.3022,0.3031,cpu_hog_cartservice_3
2026-10-04T04:28:27,shippingservice,11.625,0.0037596949016457672,0.0,0.325,0.3022,0.3031,cpu_hog_cartservice_3
2026-10-04T04:28:27,checkoutservice,13.66796875,0.002574084329008063,0.0,0.325,0.3022,0.3031,cpu_hog_cartservice_3
2026-10-04T04:28:27,frontend,15.5078125,0.050264333665967054,0.0,0.325,0.3022,0.3031,cpu_hog_cartservice_3
2026-10-04T04:28:27,loadgenerator,87.9921875,0.0059636517967327,0.0,0.325,0.3022,0.3031,cpu_hog_cartservice_3
2026-10-04T04:28:27,cartservice,58.61328125,0.15940385182740724,0.0,0.325,0.3022,0.3031,cpu_hog_cartservice_3
2026-10-04T04:28:33,redis-cart,6.4296875,0.004624856260969161,0.0,0.2347,0.1874,0.1061,cpu_hog_cartservice_3
2026-10-04T04:28:33,paymentservice,35.38671875,0.0010622912050704935,0.0,0.2347,0.1874,0.1061,cpu_hog_cartservice_3
2026-10-04T04:28:33,currencyservice,41.51171875,0.02550380045753252,0.0,0.2347,0.1874,0.1061,cpu_hog_cartservice_3
2026-10-04T04:28:33,productcatalogservice,14.14453125,0.022066074536400786,0.0,0.2347,0.1874,0.1061,cpu_hog_cartservice_3
2026-10-04T04:28:33,adservice,107.33203125,0.004834607612340884,0.0,0.2347,0.1874,0.1061,cpu_hog_cartservice_3
2026-10-04T04:28:33,recommendationservice,33.8671875,0.01990097718429487,4.0,0.2347,0.1874,0.1061,cpu_hog_cartservice_3
2026-10-04T04:28:33,emailservice,36.74609375,0.005974499920622104,0.0,0.2347,0.1874,0.1061,cpu_hog_cartservice_3
2026-10-04T04:28:33,shippingservice,11.625,0.0037596949016457672,0.0,0.2347,0.1874,0.1061,cpu_hog_cartservice_3
2026-10-04T04:28:33,checkoutservice,13.91796875,0.002843237794723895,0.0,0.2347,0.1874,0.1061,cpu_hog_cartservice_3
2026-10-04T04:28:33,frontend,14.76953125,0.04703342674644845,0.0,0.2347,0.1874,0.1061,cpu_hog_cartservice_3
2026-10-04T04:28:33,loadgenerator,88.46484375,0.0072205175756552015,0.0,0.2347,0.1874,0.1061,cpu_hog_cartservice_3
2026-10-04T04:28:33,cartservice,58.59765625,0.18781259568783004,0.0,0.2347,0.1874,0.1061,cpu_hog_cartservice_3
2026-10-04T04:28:38,redis-cart,6.4296875,0.003672636897304452,0.0,0.0398,0.042,0.0427,cpu_hog_cartservice_3
2026-10-04T04:28:38,paymentservice,35.38671875,0.001026573013254779,0.0,0.0398,0.042,0.0427,cpu_hog_cartservice_3
2026-10-04T04:28:38,currencyservice,41.51171875,0.025503800457532522,0.0,0.0398,0.042,0.0427,cpu_hog_cartservice_3
2026-10-04T04:28:38,productcatalogservice,14.14453125,0.022066074536400786,0.0,0.0398,0.042,0.0427,cpu_hog_cartservice_3
2026-10-04T04:28:38,adservice,107.33203125,0.004834607612340884,0.0,0.0398,0.042,0.0427,cpu_hog_cartservice_3
2026-10-04T04:28:38,recommendationservice,33.8671875,0.01990097718429487,4.0,0.0398,0.042,0.0427,cpu_hog_cartservice_3
2026-10-04T04:28:38,emailservice,36.74609375,0.005158046331738886,0.0,0.0398,0.042,0.0427,cpu_hog_cartservice_3
2026-10-04T04:28:38,shippingservice,11.625,0.0029466765445602936,0.0,0.0398,0.042,0.0427,cpu_hog_cartservice_3
2026-10-04T04:28:38,checkoutservice,13.91796875,0.00224377500000017,0.0,0.0398,0.042,0.0427,cpu_hog_cartservice_3
2026-10-04T04:28:38,frontend,14.76953125,0.047033426746448455,0.0,0.0398,0.042,0.0427,cpu_hog_cartservice_3
2026-10-04T04:28:38,loadgenerator,88.46484375,0.006994285543319716,0.0,0.0398,0.042,0.0427,cpu_hog_cartservice_3
2026-10-04T04:28:38,cartservice,58.59765625,0.2100138792848828,0.0,0.0398,0.042,0.0427,cpu_hog_cartservice_3
2026-10-04T04:28:44,redis-cart,6.421875,0.004713522552063334,0.0,0.039,0.0418,0.0365,cpu_hog_cartservice_3
2026-10-04T04:28:44,paymentservice,35.63671875,0.001484772944451559,0.0,0.039,0.0418,0.0365,cpu_hog_cartservice_3
2026-10-04T04:28:44,currencyservice,41.51171875,0.01503682500000423,0.0,0.039,0.0418,0.0365,cpu_hog_cartservice_3
2026-10-04T04:28:44,productcatalogservice,14.13671875,0.024289674952199483,0.0,0.039,0.0418,0.0365,cpu_hog_cartservice_3
2026-10-04T04:28:44,adservice,106.83203125,0.004939206118949857,0.0,0.039,0.0418,0.0365,cpu_hog_cartservice_3
2026-10-04T04:28:44,recommendationservice,33.8671875,0.019344892791896585,4.0,0.039,0.0418,0.0365,cpu_hog_cartservice_3
2026-10-04T04:28:44,emailservice,36.7421875,0.0063888691805257525,0.0,0.039,0.0418,0.0365,cpu_hog_cartservice_3
2026-10-04T04:28:44,shippingservice,12.8671875,0.003183816595945357,0.0,0.039,0.0418,0.0365,cpu_hog_cartservice_3
2026-10-04T04:28:44,checkoutservice,14.421875,0.004652898306984906,0.0,0.039,0.0418,0.0365,cpu_hog_cartservice_3
2026-10-04T04:28:44,frontend,14.28125,0.048744436208828186,0.0,0.039,0.0418,0.0365,cpu_hog_cartservice_3
2026-10-04T04:28:44,loadgenerator,88.25,0.007552567139013716,0.0,0.039,0.0418,0.0365,cpu_hog_cartservice_3
2026-10-04T04:28:44,cartservice,4.0390625,0.23359075364136325,0.0,0.039,0.0418,0.0365,cpu_hog_cartservice_3
2026-10-04T04:28:49,redis-cart,6.421875,0.0036263789778496628,0.0,0.0237,0.0356,0.0298,cpu_hog_cartservice_3
2026-10-04T04:28:49,paymentservice,35.63671875,0.001484772944451559,0.0,0.0237,0.0356,0.0298,cpu_hog_cartservice_3
2026-10-04T04:28:49,currencyservice,41.51171875,0.01681137542992168,0.0,0.0237,0.0356,0.0298,cpu_hog_cartservice_3
2026-10-04T04:28:49,productcatalogservice,14.13671875,0.020563933309666604,0.0,0.0237,0.0356,0.0298,cpu_hog_cartservice_3
2026-10-04T04:28:49,adservice,106.83203125,0.004939206118949858,0.0,0.0237,0.0356,0.0298,cpu_hog_cartservice_3
2026-10-04T04:28:49,recommendationservice,33.8671875,0.014993984591839142,4.0,0.0237,0.0356,0.0298,cpu_hog_cartservice_3
2026-10-04T04:28:49,emailservice,36.7421875,0.0055157085717663324,0.0,0.0237,0.0356,0.0298,cpu_hog_cartservice_3
2026-10-04T04:28:49,shippingservice,12.8671875,0.003183816595945357,0.0,0.0237,0.0356,0.0298,cpu_hog_cartservice_3
2026-10-04T04:28:49,checkoutservice,14.421875,0.004652898306984906,0.0,0.0237,0.0356,0.0298,cpu_hog_cartservice_3
2026-10-04T04:28:49,frontend,14.28125,0.050052675024502745,0.0,0.0237,0.0356,0.0298,cpu_hog_cartservice_3
2026-10-04T04:28:49,loadgenerator,88.25,0.007552567139013718,0.0,0.0237,0.0356,0.0298,cpu_hog_cartservice_3
2026-10-04T04:28:49,cartservice,4.0390625,0.19073340910537467,0.0,0.0237,0.0356,0.0298,cpu_hog_cartservice_3
2026-10-04T04:28:54,redis-cart,6.171875,0.004206830030085158,0.0,0.0316,0.0425,0.0335,cpu_hog_cartservice_3
2026-10-04T04:28:54,paymentservice,35.63671875,0.0015212119220534396,0.0,0.0316,0.0425,0.0335,cpu_hog_cartservice_3
2026-10-04T04:28:54,currencyservice,42.171875,0.02305745265085012,0.0,0.0316,0.0425,0.0335,cpu_hog_cartservice_3
2026-10-04T04:28:54,productcatalogservice,14.13671875,0.02056183135650077,0.0,0.0316,0.0425,0.0335,cpu_hog_cartservice_3
2026-10-04T04:28:54,adservice,106.83203125,0.005075358099837084,0.0,0.0316,0.0425,0.0335,cpu_hog_cartservice_3
2026-10-04T04:28:54,recommendationservice,32.125,0.018528989961071416,4.0,0.0316,0.0425,0.0335,cpu_hog_cartservice_3
2026-10-04T04:28:54,emailservice,36.7421875,0.006053206285940597,0.0,0.0316,0.0425,0.0335,cpu_hog_cartservice_3
2026-10-04T04:28:54,shippingservice,12.1171875,0.0027933118621382876,0.0,0.0316,0.0425,0.0335,cpu_hog_cartservice_3
2026-10-04T04:28:54,checkoutservice,14.421875,0.004665371036180639,0.0,0.0316,0.0425,0.0335,cpu_hog_cartservice_3
2026-10-04T04:28:54,frontend,14.28125,0.04206927335809455,0.0,0.0316,0.0425,0.0335,cpu_hog_cartservice_3
2026-10-04T04:28:54,loadgenerator,88.25,0.007927472814550113,0.0,0.0316,0.0425,0.0335,cpu_hog_cartservice_3
2026-10-04T04:28:54,cartservice,4.0390625,0.18877365370177632,0.0,0.0316,0.0425,0.0335,cpu_hog_cartservice_3
2026-10-04T04:28:59,redis-cart,6.171875,0.004206830030085158,0.0,0.0248,0.0316,0.0309,cpu_hog_cartservice_3
2026-10-04T04:28:59,paymentservice,35.63671875,0.0011964014847799876,0.0,0.0248,0.0316,0.0309,cpu_hog_cartservice_3
2026-10-04T04:28:59,currencyservice,42.171875,0.01916131958917272,0.0,0.0248,0.0316,0.0309,cpu_hog_cartservice_3
2026-10-04T04:28:59,productcatalogservice,14.13671875,0.018387571001759844,0.0,0.0248,0.0316,0.0309,cpu_hog_cartservice_3
2026-10-04T04:28:59,adservice,106.83203125,0.003951272017350249,0.0,0.0248,0.0316,0.0309,cpu_hog_cartservice_3
2026-10-04T04:28:59,recommendationservice,32.125,0.0194190442028565,4.0,0.0248,0.0316,0.0309,cpu_hog_cartservice_3
2026-10-04T04:28:59,emailservice,36.7421875,0.006105882677252161,0.0,0.0248,0.0316,0.0309,cpu_hog_cartservice_3
2026-10-04T04:28:59,shippingservice,12.1171875,0.001967864118598774,0.0,0.0248,0.0316,0.0309,cpu_hog_cartservice_3
2026-10-04T04:28:59,checkoutservice,14.421875,0.003631388741241121,0.0,0.0248,0.0316,0.0309,cpu_hog_cartservice_3
2026-10-04T04:28:59,frontend,14.28125,0.037754732770982416,0.0,0.0248,0.0316,0.0309,cpu_hog_cartservice_3
2026-10-04T04:28:59,loadgenerator,88.25,0.006280507306190599,0.0,0.0248,0.0316,0.0309,cpu_hog_cartservice_3
2026-10-04T04:28:59,cartservice,4.0390625,0.1768661526974915,0.0,0.0248,0.0316,0.0309,cpu_hog_cartservice_3
2026-10-04T04:29:04,redis-cart,6.171875,0.003428041854493625,0.0,0.0272,0.0158,0.0154,cpu_hog_cartservice_3
2026-10-04T04:29:04,paymentservice,35.69140625,0.0012024550300509574,0.0,0.0272,0.0158,0.0154,cpu_hog_cartservice_3
2026-10-04T04:29:04,currencyservice,41.44921875,0.018341546643034362,0.0,0.0272,0.0158,0.0154,cpu_hog_cartservice_3
2026-10-04T04:29:04,productcatalogservice,13.37109375,0.016893346358406384,0.0,0.0272,0.0158,0.0154,cpu_hog_cartservice_3
2026-10-04T04:29:04,adservice,107.08203125,0.003599875571192526,0.0,0.0272,0.0158,0.0154,cpu_hog_cartservice_3
2026-10-04T04:29:04,recommendationservice,32.125,0.0194190442028565,4.0,0.0272,0.0158,0.0154,cpu_hog_cartservice_3
2026-10-04T04:29:04,emailservice,36.7421875,0.004888980259675805,0.0,0.0272,0.0158,0.0154,cpu_hog_cartservice_3
2026-10-04T04:29:04,shippingservice,12.1171875,0.0019369437165359011,0.0,0.0272,0.0158,0.0154,cpu_hog_cartservice_3
2026-10-04T04:29:04,checkoutservice,13.9375,0.00322256624713536,0.0,0.0272,0.0158,0.0154,cpu_hog_cartservice_3
2026-10-04T04:29:04,frontend,15.8125,0.036728201996601484,0.0,0.0272,0.0158,0.0154,cpu_hog_cartservice_3
2026-10-04T04:29:04,loadgenerator,89.28125,0.007621489731830534,0.0,0.0272,0.0158,0.0154,cpu_hog_cartservice_3
2026-10-04T04:29:04,cartservice,17.66015625,0.03197817480603752,0.0,0.0272,0.0158,0.0154,cpu_hog_cartservice_3
2026-10-04T04:29:09,redis-cart,6.17578125,0.003982724979774072,0.0,0.0291,0.0262,0.0181,cpu_hog_cartservice_3
2026-10-04T04:29:09,paymentservice,35.69140625,0.001249534709297606,0.0,0.0291,0.0262,0.0181,cpu_hog_cartservice_3
2026-10-04T04:29:09,currencyservice,41.44921875,0.014948032373274668,0.0,0.0291,0.0262,0.0181,cpu_hog_cartservice_3
2026-10-04T04:29:09,productcatalogservice,13.12890625,0.01118106189293995,0.0,0.0291,0.0262,0.0181,cpu_hog_cartservice_3
2026-10-04T04:29:09,adservice,107.08203125,0.001824863220758139,0.0,0.0291,0.0262,0.0181,cpu_hog_cartservice_3
2026-10-04T04:29:09,recommendationservice,32.37109375,0.010960487217241216,4.0,0.0291,0.0262,0.0181,cpu_hog_cartservice_3
2026-10-04T04:29:09,emailservice,36.98828125,0.006145320329758056,0.0,0.0291,0.0262,0.0181,cpu_hog_cartservice_3
2026-10-04T04:29:09,shippingservice,11.625,0.0017939356186951212,0.0,0.0291,0.0262,0.0181,cpu_hog_cartservice_3
2026-10-04T04:29:09,checkoutservice,14.54296875,0.003535738568757329,0.0,0.0291,0.0262,0.0181,cpu_hog_cartservice_3
2026-10-04T04:29:09,frontend,15.5,0.030991890330164956,0.0,0.0291,0.0262,0.0181,cpu_hog_cartservice_3
2026-10-04T04:29:09,loadgenerator,89.05078125,0.009557701906759274,0.0,0.0291,0.0262,0.0181,cpu_hog_cartservice_3
2026-10-04T04:29:09,cartservice,17.66015625,0.03711559680667231,0.0,0.0291,0.0262,0.0181,cpu_hog_cartservice_3
2026-10-04T04:29:15,redis-cart,6.17578125,0.003982724979774072,0.0,0.0258,0.0354,0.0379,cpu_hog_cartservice_3
2026-10-04T04:29:15,paymentservice,35.69140625,0.001249534709297606,0.0,0.0258,0.0354,0.0379,cpu_hog_cartservice_3
2026-10-04T04:29:15,currencyservice,41.44921875,0.011839277623911092,0.0,0.0258,0.0354,0.0379,cpu_hog_cartservice_3
2026-10-04T04:29:15,productcatalogservice,13.12890625,0.01118106189293995,0.0,0.0258,0.0354,0.0379,cpu_hog_cartservice_3
2026-10-04T04:29:15,adservice,107.08203125,0.0017511992571239816,0.0,0.0258,0.0354,0.0379,cpu_hog_cartservice_3
2026-10-04T04:29:15,recommendationservice,32.37109375,0.010960487217241214,4.0,0.0258,0.0354,0.0379,cpu_hog_cartservice_3
2026-10-04T04:29:15,emailservice,36.98828125,0.006361902456734305,0.0,0.0258,0.0354,0.0379,cpu_hog_cartservice_3
2026-10-04T04:29:15,shippingservice,11.625,0.0017939356186951212,0.0,0.0258,0.0354,0.0379,cpu_hog_cartservice_3
2026-10-04T04:29:15,checkoutservice,14.54296875,0.003535738568757329,0.0,0.0258,0.0354,0.0379,cpu_hog_cartservice_3
2026-10-04T04:29:15,frontend,15.5,0.026955000758838447,0.0,0.0258,0.0354,0.0379,cpu_hog_cartservice_3
2026-10-04T04:29:15,loadgenerator,89.05078125,0.009557701906759274,0.0,0.0258,0.0354,0.0379,cpu_hog_cartservice_3
2026-10-04T04:29:15,cartservice,17.66015625,0.03044395833333333,0.0,0.0258,0.0354,0.0379,cpu_hog_cartservice_3
2026-10-04T04:29:20,redis-cart,6.171875,0.0034393619857950833,0.0,2.2938,0.1768,0.0911,cpu_hog_cartservice_3
2026-10-04T04:29:20,paymentservice,35.47265625,0.0005160670224361873,0.0,2.2938,0.1768,0.0911,cpu_hog_cartservice_3
2026-10-04T04:29:20,currencyservice,41.23046875,0.011762718676623119,0.0,2.2938,0.1768,0.0911,cpu_hog_cartservice_3
2026-10-04T04:29:20,productcatalogservice,13.12890625,0.0032781438428569525,0.0,2.2938,0.1768,0.0911,cpu_hog_cartservice_3
2026-10-04T04:29:20,adservice,106.71484375,0.0016103521262273285,0.0,2.2938,0.1768,0.0911,cpu_hog_cartservice_3
2026-10-04T04:29:20,recommendationservice,32.37109375,0.009833911190943297,4.0,2.2938,0.1768,0.0911,cpu_hog_cartservice_3
2026-10-04T04:29:20,emailservice,36.98828125,0.005336770235587916,0.0,2.2938,0.1768,0.0911,cpu_hog_cartservice_3
2026-10-04T04:29:20,shippingservice,11.625,0.0013204529711165014,0.0,2.2938,0.1768,0.0911,cpu_hog_cartservice_3
2026-10-04T04:29:20,checkoutservice,14.54296875,0.0016241989319095405,0.0,2.2938,0.1768,0.0911,cpu_hog_cartservice_3
2026-10-04T04:29:20,frontend,16.0625,0.02314752704076716,0.0,2.2938,0.1768,0.0911,cpu_hog_cartservice_3
2026-10-04T04:29:20,loadgenerator,89.05078125,0.0075083713229183065,0.0,2.2938,0.1768,0.0911,cpu_hog_cartservice_3
2026-10-04T04:29:20,cartservice,23.8125,0.05465396322818484,0.0,2.2938,0.1768,0.0911,cpu_hog_cartservice_3
2026-10-04T04:29:27,redis-cart,6.171875,0.002945727556783844,0.0,0.0717,0.0567,0.1033,cpu_hog_cartservice_3
2026-10-04T04:29:27,paymentservice,35.47265625,0.0005160670224361873,0.0,0.0717,0.0567,0.1033,cpu_hog_cartservice_3
2026-10-04T04:29:27,currencyservice,41.23046875,0.0050756412462975254,0.0,0.0717,0.0567,0.1033,cpu_hog_cartservice_3
2026-10-04T04:29:27,productcatalogservice,13.12890625,0.0026436864199373463,0.0,0.0717,0.0567,0.1033,cpu_hog_cartservice_3
2026-10-04T04:29:27,adservice,106.71484375,0.0007954076223436837,0.0,0.0717,0.0567,0.1033,cpu_hog_cartservice_3
2026-10-04T04:29:27,recommendationservice,32.37109375,0.004684056739019365,4.0,0.0717,0.0567,0.1033,cpu_hog_cartservice_3
2026-10-04T04:29:27,emailservice,36.98828125,0.004429997346091571,0.0,0.0717,0.0567,0.1033,cpu_hog_cartservice_3
2026-10-04T04:29:27,shippingservice,11.625,0.001026052479318698,0.0,0.0717,0.0567,0.1033,cpu_hog_cartservice_3
2026-10-04T04:29:27,checkoutservice,14.54296875,0.0013004148748333737,0.0,0.0717,0.0567,0.1033,cpu_hog_cartservice_3
2026-10-04T04:29:27,frontend,16.0625,0.013391800764419402,0.0,0.0717,0.0567,0.1033,cpu_hog_cartservice_3
2026-10-04T04:29:27,loadgenerator,89.05078125,0.006953727113434938,0.0,0.0717,0.0567,0.1033,cpu_hog_cartservice_3
2026-10-04T04:29:27,cartservice,23.8125,0.06048550401148711,0.0,0.0717,0.0567,0.1033,cpu_hog_cartservice_3
2026-10-04T04:29:33,redis-cart,6.171875,0.0024899495360144394,0.0,0.095,0.1303,0.0949,cpu_hog_cartservice_3
2026-10-04T04:29:33,paymentservice,35.859375,0.0006116930676204208,0.0,0.095,0.1303,0.0949,cpu_hog_cartservice_3
2026-10-04T04:29:33,currencyservice,41.23046875,0.004536970317134381,0.0,0.095,0.1303,0.0949,cpu_hog_cartservice_3
2026-10-04T04:29:33,productcatalogservice,13.734375,0.00413276382555129,0.0,0.095,0.1303,0.0949,cpu_hog_cartservice_3
2026-10-04T04:29:33,adservice,106.71484375,0.0007954076223436837,0.0,0.095,0.1303,0.0949,cpu_hog_cartservice_3
2026-10-04T04:29:33,recommendationservice,33.87109375,0.008150066876853854,4.0,0.095,0.1303,0.0949,cpu_hog_cartservice_3
2026-10-04T04:29:33,emailservice,36.76171875,0.005731829796689766,0.0,0.095,0.1303,0.0949,cpu_hog_cartservice_3
2026-10-04T04:29:33,shippingservice,12.1328125,0.0009699726269801487,0.0,0.095,0.1303,0.0949,cpu_hog_cartservice_3
2026-10-04T04:29:33,checkoutservice,13.80859375,0.001454836317406328,0.0,0.095,0.1303,0.0949,cpu_hog_cartservice_3
2026-10-04T04:29:33,frontend,16.0625,0.013391800764419402,0.0,0.095,0.1303,0.0949,cpu_hog_cartservice_3
2026-10-04T04:29:33,loadgenerator,88.9921875,0.009298860239163214,0.0,0.095,0.1303,0.0949,cpu_hog_cartservice_3
2026-10-04T04:29:33,cartservice,31.02734375,0.06939989975942262,0.0,0.095,0.1303,0.0949,cpu_hog_cartservice_3
2026-10-04T04:29:38,redis-cart,6.171875,0.002200550481145483,0.0,0.0814,0.0727,0.0946,cpu_hog_cartservice_3
2026-10-04T04:29:38,paymentservice,35.859375,0.0006116930676204207,0.0,0.0814,0.0727,0.0946,cpu_hog_cartservice_3
2026-10-04T04:29:38,currencyservice,41.23046875,0.0040066508752450835,0.0,0.0814,0.0727,0.0946,cpu_hog_cartservice_3
2026-10-04T04:29:38,productcatalogservice,13.734375,0.0047266096322314075,0.0,0.0814,0.0727,0.0946,cpu_hog_cartservice_3
2026-10-04T04:29:38,adservice,106.71484375,0.0005940302975568215,0.0,0.0814,0.0727,0.0946,cpu_hog_cartservice_3
2026-10-04T04:29:38,recommendationservice,33.87109375,0.008150066876853854,4.0,0.0814,0.0727,0.0946,cpu_hog_cartservice_3
2026-10-04T04:29:38,emailservice,36.76171875,0.004939590510699684,0.0,0.0814,0.0727,0.0946,cpu_hog_cartservice_3
2026-10-04T04:29:38,shippingservice,12.1328125,0.0009699726269801486,0.0,0.0814,0.0727,0.0946,cpu_hog_cartservice_3
2026-10-04T04:29:38,checkoutservice,13.80859375,0.0014917463145657935,0.0,0.0814,0.0727,0.0946,cpu_hog_cartservice_3
2026-10-04T04:29:38,frontend,16.0625,0.010477581447759378,0.0,0.0814,0.0727,0.0946,cpu_hog_cartservice_3
2026-10-04T04:29:38,loadgenerator,88.9921875,0.007855057206029139,0.0,0.0814,0.0727,0.0946,cpu_hog_cartservice_3
2026-10-04T04:29:38,cartservice,31.02734375,0.07508348398760331,0.0,0.0814,0.0727,0.0946,cpu_hog_cartservice_3
2026-10-04T04:29:43,redis-cart,6.1875,0.0035517987025744783,0.0,0.0775,0.0364,0.056,cpu_hog_cartservice_3
2026-10-04T04:29:43,paymentservice,35.859375,0.0005032138361043682,0.0,0.0775,0.0364,0.056,cpu_hog_cartservice_3
2026-10-04T04:29:43,currencyservice,40.75390625,0.009881644764726662,0.0,0.0775,0.0364,0.056,cpu_hog_cartservice_3
2026-10-04T04:29:43,productcatalogservice,13.75390625,0.009337572254337645,0.0,0.0775,0.0364,0.056,cpu_hog_cartservice_3
2026-10-04T04:29:43,adservice,106.71484375,0.0014937371174890172,0.0,0.0775,0.0364,0.056,cpu_hog_cartservice_3
2026-10-04T04:29:43,recommendationservice,33.87109375,0.0068429319842544445,4.0,0.0775,0.0364,0.056,cpu_hog_cartservice_3
2026-10-04T04:29:43,emailservice,36.74609375,0.006046739042042177,0.0,0.0775,0.0364,0.056,cpu_hog_cartservice_3
2026-10-04T04:29:43,shippingservice,11.8984375,0.0014976668521766495,0.0,0.0775,0.0364,0.056,cpu_hog_cartservice_3
2026-10-04T04:29:43,checkoutservice,13.80859375,0.0015067931247787533,0.0,0.0775,0.0364,0.056,cpu_hog_cartservice_3
2026-10-04T04:29:43,frontend,14.2890625,0.02202305816623775,0.0,0.0775,0.0364,0.056,cpu_hog_cartservice_3
2026-10-04T04:29:43,loadgenerator,89.9609375,0.009467956362351005,0.0,0.0775,0.0364,0.056,cpu_hog_cartservice_3
2026-10-04T04:29:43,cartservice,36.5234375,0.09159803579223048,0.0,0.0775,0.0364,0.056,cpu_hog_cartservice_3
2026-10-04T04:29:49,redis-cart,6.1875,0.003019039636800714,0.0,0.0688,0.0613,0.0843,cpu_hog_cartservice_3
2026-10-04T04:29:49,paymentservice,35.859375,0.0004493349267615492,0.0,0.0688,0.0613,0.0843,cpu_hog_cartservice_3
2026-10-04T04:29:49,currencyservice,40.75390625,0.009881644764726662,0.0,0.0688,0.0613,0.0843,cpu_hog_cartservice_3
2026-10-04T04:29:49,productcatalogservice,13.75390625,0.009337572254337645,0.0,0.0688,0.0613,0.0843,cpu_hog_cartservice_3
2026-10-04T04:29:49,adservice,106.71484375,0.0014937371174890172,0.0,0.0688,0.0613,0.0843,cpu_hog_cartservice_3
2026-10-04T04:29:49,recommendationservice,33.87109375,0.005815450000000055,4.0,0.0688,0.0613,0.0843,cpu_hog_cartservice_3
2026-10-04T04:29:49,emailservice,36.74609375,0.00500740883844829,0.0,0.0688,0.0613,0.0843,cpu_hog_cartservice_3
2026-10-04T04:29:49,shippingservice,11.8984375,0.001291100000000256,0.0,0.0688,0.0613,0.0843,cpu_hog_cartservice_3
2026-10-04T04:29:49,checkoutservice,13.80859375,0.001342604058418074,0.0,0.0688,0.0613,0.0843,cpu_hog_cartservice_3
2026-10-04T04:29:49,frontend,14.2890625,0.02202305816623775,0.0,0.0688,0.0613,0.0843,cpu_hog_cartservice_3
2026-10-04T04:29:49,loadgenerator,89.9609375,0.009467956362351006,0.0,0.0688,0.0613,0.0843,cpu_hog_cartservice_3
2026-10-04T04:29:49,cartservice,36.5234375,0.09159803579223048,0.0,0.0688,0.0613,0.0843,cpu_hog_cartservice_3
2026-10-04T04:29:54,redis-cart,6.43359375,0.003723723321042086,0.0,0.262,0.0487,0.1657,cpu_hog_cartservice_3
2026-10-04T04:29:54,paymentservice,35.3984375,0.0005835953771386535,0.0,0.262,0.0487,0.1657,cpu_hog_cartservice_3
2026-10-04T04:29:54,currencyservice,41.0234375,0.011732357381999669,0.0,0.262,0.0487,0.1657,cpu_hog_cartservice_3
2026-10-04T04:29:54,productcatalogservice,14.609375,0.014859760412452612,0.0,0.262,0.0487,0.1657,cpu_hog_cartservice_3
2026-10-04T04:29:54,adservice,106.87890625,0.0021805402208198792,0.0,0.262,0.0487,0.1657,cpu_hog_cartservice_3
2026-10-04T04:29:54,recommendationservice,32.625,0.01478915868673072,4.0,0.262,0.0487,0.1657,cpu_hog_cartservice_3
2026-10-04T04:29:54,emailservice,36.74609375,0.005657233326737426,0.0,0.262,0.0487,0.1657,cpu_hog_cartservice_3
2026-10-04T04:29:54,shippingservice,11.87890625,0.0019078649289738364,0.0,0.262,0.0487,0.1657,cpu_hog_cartservice_3
2026-10-04T04:29:54,checkoutservice,13.8515625,0.0018976205385092286,0.0,0.262,0.0487,0.1657,cpu_hog_cartservice_3
2026-10-04T04:29:54,frontend,15.36328125,0.03285574955992341,0.0,0.262,0.0487,0.1657,cpu_hog_cartservice_3
2026-10-04T04:29:54,loadgenerator,89.9609375,0.008024055372745312,0.0,0.262,0.0487,0.1657,cpu_hog_cartservice_3
2026-10-04T04:29:54,cartservice,36.5234375,0.07224645,0.0,0.262,0.0487,0.1657,cpu_hog_cartservice_3
2026-10-04T04:30:00,redis-cart,6.43359375,0.003723723321042086,0.0,0.1287,0.0498,0.0405,cpu_hog_cartservice_3
2026-10-04T04:30:00,paymentservice,35.453125,0.000816967344142521,0.0,0.1287,0.0498,0.0405,cpu_hog_cartservice_3
2026-10-04T04:30:00,currencyservice,41.0234375,0.011972794092386975,0.0,0.1287,0.0498,0.0405,cpu_hog_cartservice_3
2026-10-04T04:30:00,productcatalogservice,14.609375,0.014859760412452612,0.0,0.1287,0.0498,0.0405,cpu_hog_cartservice_3
2026-10-04T04:30:00,adservice,106.9296875,0.0038542027137779904,0.0,0.1287,0.0498,0.0405,cpu_hog_cartservice_3
2026-10-04T04:30:00,recommendationservice,32.625,0.01478915868673072,4.0,0.1287,0.0498,0.0405,cpu_hog_cartservice_3
2026-10-04T04:30:00,emailservice,36.74609375,0.005657233326737426,0.0,0.1287,0.0498,0.0405,cpu_hog_cartservice_3
2026-10-04T04:30:00,shippingservice,11.87890625,0.00158541985710285,0.0,0.1287,0.0498,0.0405,cpu_hog_cartservice_3
2026-10-04T04:30:00,checkoutservice,13.83984375,0.0012782012519696536,0.0,0.1287,0.0498,0.0405,cpu_hog_cartservice_3
2026-10-04T04:30:00,frontend,15.36328125,0.03285574955992342,0.0,0.1287,0.0498,0.0405,cpu_hog_cartservice_3
2026-10-04T04:30:00,loadgenerator,89.01171875,0.008035422458092219,0.0,0.1287,0.0498,0.0405,cpu_hog_cartservice_3
2026-10-04T04:30:00,cartservice,40.015625,0.09197625041041915,0.0,0.1287,0.0498,0.0405,cpu_hog_cartservice_3
2026-10-04T04:30:05,redis-cart,6.43359375,0.0031094721733566453,0.0,0.2715,0.1043,0.0249,cpu_hog_cartservice_3
2026-10-04T04:30:05,paymentservice,35.453125,0.000816967344142521,0.0,0.2715,0.1043,0.0249,cpu_hog_cartservice_3
2026-10-04T04:30:05,currencyservice,41.0234375,0.010594339760032613,0.0,0.2715,0.1043,0.0249,cpu_hog_cartservice_3
2026-10-04T04:30:05,productcatalogservice,14.609375,0.012081645649120084,0.0,0.2715,0.1043,0.0249,cpu_hog_cartservice_3
2026-10-04T04:30:05,adservice,106.9296875,0.0038542027137779904,0.0,0.2715,0.1043,0.0249,cpu_hog_cartservice_3
2026-10-04T04:30:05,recommendationservice,32.625,0.014336838907979824,4.0,0.2715,0.1043,0.0249,cpu_hog_cartservice_3
2026-10-04T04:30:05,emailservice,36.74609375,0.004486217457176817,0.0,0.2715,0.1043,0.0249,cpu_hog_cartservice_3
2026-10-04T04:30:05,shippingservice,11.87890625,0.0014109456093481928,0.0,0.2715,0.1043,0.0249,cpu_hog_cartservice_3
2026-10-04T04:30:05,checkoutservice,13.83984375,0.0012782012519696536,0.0,0.2715,0.1043,0.0249,cpu_hog_cartservice_3
2026-10-04T04:30:05,frontend,15.36328125,0.03485943616149102,0.0,0.2715,0.1043,0.0249,cpu_hog_cartservice_3
2026-10-04T04:30:05,loadgenerator,89.01171875,0.006650131362188776,0.0,0.2715,0.1043,0.0249,cpu_hog_cartservice_3
2026-10-04T04:30:05,cartservice,40.015625,0.09197625041041915,0.0,0.2715,0.1043,0.0249,cpu_hog_cartservice_3
2026-10-04T04:30:10,redis-cart,6.18359375,0.004100306639933805,0.0,0.1945,0.1211,0.0732,cpu_hog_cartservice_3
2026-10-04T04:30:10,paymentservice,35.453125,0.000816967344142521,0.0,0.1945,0.1211,0.0732,cpu_hog_cartservice_3
2026-10-04T04:30:10,currencyservice,41.265625,0.018283133778015312,0.0,0.1945,0.1211,0.0732,cpu_hog_cartservice_3
2026-10-04T04:30:10,productcatalogservice,14.1015625,0.020321915018776664,0.0,0.1945,0.1211,0.0732,cpu_hog_cartservice_3
2026-10-04T04:30:10,adservice,106.9296875,0.0038542027137779904,0.0,0.1945,0.1211,0.0732,cpu_hog_cartservice_3
2026-10-04T04:30:10,recommendationservice,32.62890625,0.018388036137183646,4.0,0.1945,0.1211,0.0732,cpu_hog_cartservice_3
2026-10-04T04:30:10,emailservice,36.7421875,0.005818296484925138,0.0,0.1945,0.1211,0.0732,cpu_hog_cartservice_3
2026-10-04T04:30:10,shippingservice,12.1171875,0.002346240872158857,0.0,0.1945,0.1211,0.0732,cpu_hog_cartservice_3
2026-10-04T04:30:10,checkoutservice,13.83984375,0.001346473377956508,0.0,0.1945,0.1211,0.0732,cpu_hog_cartservice_3
2026-10-04T04:30:10,frontend,15.30859375,0.047389616157348366,0.0,0.1945,0.1211,0.0732,cpu_hog_cartservice_3
2026-10-04T04:30:10,loadgenerator,89.03515625,0.0071804094617490205,0.0,0.1945,0.1211,0.0732,cpu_hog_cartservice_3
2026-10-04T04:30:10,cartservice,40.015625,0.09197625041041915,0.0,0.1945,0.1211,0.0732,cpu_hog_cartservice_3
2026-10-04T04:30:16,redis-cart,6.18359375,0.0041664653223054725,0.0,0.1477,0.0334,0.0449,cpu_hog_cartservice_3
2026-10-04T04:30:16,paymentservice,35.453125,0.0006488621669401651,0.0,0.1477,0.0334,0.0449,cpu_hog_cartservice_3
2026-10-04T04:30:16,currencyservice,41.265625,0.018114873646675866,0.0,0.1477,0.0334,0.0449,cpu_hog_cartservice_3
2026-10-04T04:30:16,productcatalogservice,14.1015625,0.020321915018776664,0.0,0.1477,0.0334,0.0449,cpu_hog_cartservice_3
2026-10-04T04:30:16,adservice,106.9296875,0.0031724249999996344,0.0,0.1477,0.0334,0.0449,cpu_hog_cartservice_3
2026-10-04T04:30:16,recommendationservice,32.62890625,0.01962502573151179,4.0,0.1477,0.0334,0.0449,cpu_hog_cartservice_3
2026-10-04T04:30:16,emailservice,36.7421875,0.005818296484925138,0.0,0.1477,0.0334,0.0449,cpu_hog_cartservice_3
2026-10-04T04:30:16,shippingservice,12.1171875,0.0020355985806850244,0.0,0.1477,0.0334,0.0449,cpu_hog_cartservice_3
2026-10-04T04:30:16,checkoutservice,13.83984375,0.0010427033735837784,0.0,0.1477,0.0334,0.0449,cpu_hog_cartservice_3
2026-10-04T04:30:16,frontend,15.30859375,0.04738961615734836,0.0,0.1477,0.0334,0.0449,cpu_hog_cartservice_3
2026-10-04T04:30:16,loadgenerator,89.03515625,0.006138093246048798,0.0,0.1477,0.0334,0.0449,cpu_hog_cartservice_3
2026-10-04T04:30:16,cartservice,40.015625,0.07965715918514456,0.0,0.1477,0.0334,0.0449,cpu_hog_cartservice_3
2026-10-04T04:30:21,redis-cart,6.18359375,0.003446621636516322,0.0,0.0787,0.0709,0.0833,cpu_hog_cartservice_3
2026-10-04T04:30:21,paymentservice,35.42578125,0.0007941511002229679,0.0,0.0787,0.0709,0.0833,cpu_hog_cartservice_3
2026-10-04T04:30:21,currencyservice,41.34765625,0.02735995439942166,0.0,0.0787,0.0709,0.0833,cpu_hog_cartservice_3
2026-10-04T04:30:21,productcatalogservice,13.89453125,0.02190405213227379,0.0,0.0787,0.0709,0.0833,cpu_hog_cartservice_3
2026-10-04T04:30:21,adservice,107.1875,0.005537705667276057,0.0,0.0787,0.0709,0.0833,cpu_hog_cartservice_3
2026-10-04T04:30:21,recommendationservice,32.62890625,0.022413371017684074,4.0,0.0787,0.0709,0.0833,cpu_hog_cartservice_3
2026-10-04T04:30:21,emailservice,36.7421875,0.004352345152157669,0.0,0.0787,0.0709,0.0833,cpu_hog_cartservice_3
2026-10-04T04:30:21,shippingservice,12.11328125,0.002568938634591688,0.0,0.0787,0.0709,0.0833,cpu_hog_cartservice_3
2026-10-04T04:30:21,checkoutservice,14.109375,0.001490291477828173,0.0,0.0787,0.0709,0.0833,cpu_hog_cartservice_3
2026-10-04T04:30:21,frontend,15.30859375,0.05196139236565576,0.0,0.0787,0.0709,0.0833,cpu_hog_cartservice_3
2026-10-04T04:30:21,loadgenerator,89.265625,0.007853946743616455,0.0,0.0787,0.0709,0.0833,cpu_hog_cartservice_3
2026-10-04T04:30:21,cartservice,39.8984375,0.07670514229087226,0.0,0.0787,0.0709,0.0833,cpu_hog_cartservice_3
2026-10-04T04:30:27,redis-cart,6.18359375,0.003059487566985438,0.0,0.2694,0.1014,0.0946,cpu_hog_cartservice_3
2026-10-04T04:30:27,paymentservice,35.42578125,0.0006531999999999983,0.0,0.2694,0.1014,0.0946,cpu_hog_cartservice_3
2026-10-04T04:30:27,currencyservice,41.34765625,0.02735995439942166,0.0,0.2694,0.1014,0.0946,cpu_hog_cartservice_3
2026-10-04T04:30:27,productcatalogservice,13.89453125,0.02314013488656955,0.0,0.2694,0.1014,0.0946,cpu_hog_cartservice_3
2026-10-04T04:30:27,adservice,107.1875,0.004756335397623405,0.0,0.2694,0.1014,0.0946,cpu_hog_cartservice_3
2026-10-04T04:30:27,recommendationservice,32.62890625,0.019471864574587258,4.0,0.2694,0.1014,0.0946,cpu_hog_cartservice_3
2026-10-04T04:30:27,emailservice,36.7421875,0.0038348138818985974,0.0,0.2694,0.1014,0.0946,cpu_hog_cartservice_3
2026-10-04T04:30:27,shippingservice,12.11328125,0.0023893082196522622,0.0,0.2694,0.1014,0.0946,cpu_hog_cartservice_3
2026-10-04T04:30:27,checkoutservice,14.109375,0.001019511477328334,0.0,0.2694,0.1014,0.0946,cpu_hog_cartservice_3
2026-10-04T04:30:27,frontend,15.30859375,0.041044736841234525,0.0,0.2694,0.1014,0.0946,cpu_hog_cartservice_3
2026-10-04T04:30:27,loadgenerator,89.265625,0.007888118401986192,0.0,0.2694,0.1014,0.0946,cpu_hog_cartservice_3
2026-10-04T04:30:27,cartservice,39.8984375,0.05350245447347585,0.0,0.2694,0.1014,0.0946,cpu_hog_cartservice_3
2026-10-04T04:30:32,redis-cart,6.1875,0.005011993238711066,0.0,0.0845,0.0487,0.058,cpu_hog_cartservice_3
2026-10-04T04:30:32,paymentservice,35.42578125,0.0007397911689335679,0.0,0.0845,0.0487,0.058,cpu_hog_cartservice_3
2026-10-04T04:30:32,currencyservice,41.34765625,0.029882839893489443,0.0,0.0845,0.0487,0.058,cpu_hog_cartservice_3
2026-10-04T04:30:32,productcatalogservice,13.89453125,0.02314013488656955,0.0,0.0845,0.0487,0.058,cpu_hog_cartservice_3
2026-10-04T04:30:32,adservice,107.30859375,0.005692991603095245,0.0,0.0845,0.0487,0.058,cpu_hog_cartservice_3
2026-10-04T04:30:32,recommendationservice,32.8671875,0.025083658854167624,4.0,0.0845,0.0487,0.058,cpu_hog_cartservice_3
2026-10-04T04:30:32,emailservice,36.7421875,0.006597178887156135,0.0,0.0845,0.0487,0.058,cpu_hog_cartservice_3
2026-10-04T04:30:32,shippingservice,12.11328125,0.0023893082196522622,0.0,0.0845,0.0487,0.058,cpu_hog_cartservice_3
2026-10-04T04:30:32,checkoutservice,14.19140625,0.002555697737069142,0.0,0.0845,0.0487,0.058,cpu_hog_cartservice_3
2026-10-04T04:30:32,frontend,14.09765625,0.05561316820687346,0.0,0.0845,0.0487,0.058,cpu_hog_cartservice_3
2026-10-04T04:30:32,loadgenerator,89.265625,0.006681674515282416,0.0,0.0845,0.0487,0.058,cpu_hog_cartservice_3
2026-10-04T04:30:32,cartservice,40.24609375,0.043871271109313374,0.0,0.0845,0.0487,0.058,cpu_hog_cartservice_3
2026-10-04T04:30:37,redis-cart,6.1875,0.005011993238711066,0.0,0.0895,0.0611,0.0803,cpu_hog_cartservice_3
2026-10-04T04:30:37,paymentservice,35.42578125,0.0006536828503843862,0.0,0.0895,0.0611,0.0803,cpu_hog_cartservice_3
2026-10-04T04:30:37,currencyservice,41.34765625,0.029882839893489443,0.0,0.0895,0.0611,0.0803,cpu_hog_cartservice_3
2026-10-04T04:30:37,productcatalogservice,13.89453125,0.01879411088445303,0.0,0.0895,0.0611,0.0803,cpu_hog_cartservice_3
2026-10-04T04:30:37,adservice,107.30859375,0.006153523991863839,0.0,0.0895,0.0611,0.0803,cpu_hog_cartservice_3
2026-10-04T04:30:37,recommendationservice,32.8671875,0.025083658854167624,4.0,0.0895,0.0611,0.0803,cpu_hog_cartservice_3
2026-10-04T04:30:37,emailservice,36.7421875,0.0071112487681269,0.0,0.0895,0.0611,0.0803,cpu_hog_cartservice_3
2026-10-04T04:30:37,shippingservice,12.11328125,0.001985294805629501,0.0,0.0895,0.0611,0.0803,cpu_hog_cartservice_3
2026-10-04T04:30:37,checkoutservice,14.19140625,0.002555697737069142,0.0,0.0895,0.0611,0.0803,cpu_hog_cartservice_3
2026-10-04T04:30:37,frontend,14.09765625,0.05736965057484836,0.0,0.0895,0.0611,0.0803,cpu_hog_cartservice_3
2026-10-04T04:30:37,loadgenerator,89.265625,0.005978317291105313,0.0,0.0895,0.0611,0.0803,cpu_hog_cartservice_3
2026-10-04T04:30:37,cartservice,40.24609375,0.043871271109313374,0.0,0.0895,0.0611,0.0803,cpu_hog_cartservice_3
2026-10-04T04:30:43,redis-cart,6.1875,0.004034884273519182,0.0,0.0972,0.048,0.0561,cpu_hog_cartservice_3
2026-10-04T04:30:43,paymentservice,35.48828125,0.0013576943642391393,0.0,0.0972,0.048,0.0561,cpu_hog_cartservice_3
2026-10-04T04:30:43,currencyservice,41.48828125,0.03375104709078284,0.0,0.0972,0.048,0.0561,cpu_hog_cartservice_3
2026-10-04T04:30:43,productcatalogservice,13.89453125,0.02506972174541617,0.0,0.0972,0.048,0.0561,cpu_hog_cartservice_3
2026-10-04T04:30:43,adservice,107.30859375,0.0052610749886993855,0.0,0.0972,0.048,0.0561,cpu_hog_cartservice_3
2026-10-04T04:30:43,recommendationservice,32.8671875,0.020689419883898354,4.0,0.0972,0.048,0.0561,cpu_hog_cartservice_3
2026-10-04T04:30:43,emailservice,36.7421875,0.005647131537379173,0.0,0.0972,0.048,0.0561,cpu_hog_cartservice_3
2026-10-04T04:30:43,shippingservice,11.875,0.003083611532625137,0.0,0.0972,0.048,0.0561,cpu_hog_cartservice_3
2026-10-04T04:30:43,checkoutservice,14.19140625,0.003405621975062777,0.0,0.0972,0.048,0.0561,cpu_hog_cartservice_3
2026-10-04T04:30:43,frontend,14.09765625,0.04580321189832674,0.0,0.0972,0.048,0.0561,cpu_hog_cartservice_3
2026-10-04T04:30:43,loadgenerator,89.515625,0.008436826314033655,0.0,0.0972,0.048,0.0561,cpu_hog_cartservice_3
2026-10-04T04:30:43,cartservice,40.24609375,0.027247925739898905,0.0,0.0972,0.048,0.0561,cpu_hog_cartservice_3
2026-10-04T04:30:48,redis-cart,6.1875,0.0040329788229710225,0.0,0.0722,0.0612,0.0543,cpu_hog_cartservice_3
2026-10-04T04:30:48,paymentservice,35.48828125,0.0014411546782845419,0.0,0.0722,0.0612,0.0543,cpu_hog_cartservice_3
2026-10-04T04:30:48,currencyservice,41.48828125,0.03375104709078284,0.0,0.0722,0.0612,0.0543,cpu_hog_cartservice_3
2026-10-04T04:30:48,productcatalogservice,13.89453125,0.0178053000000034,0.0,0.0722,0.0612,0.0543,cpu_hog_cartservice_3
2026-10-04T04:30:48,adservice,107.30859375,0.004884153428132668,0.0,0.0722,0.0612,0.0543,cpu_hog_cartservice_3
2026-10-04T04:30:48,recommendationservice,32.8671875,0.020820744993432616,4.0,0.0722,0.0612,0.0543,cpu_hog_cartservice_3
2026-10-04T04:30:48,emailservice,36.7421875,0.005753132438907792,0.0,0.0722,0.0612,0.0543,cpu_hog_cartservice_3
2026-10-04T04:30:48,shippingservice,11.875,0.003053675812735378,0.0,0.0722,0.0612,0.0543,cpu_hog_cartservice_3
2026-10-04T04:30:48,checkoutservice,14.19140625,0.0026048892982677044,0.0,0.0722,0.0612,0.0543,cpu_hog_cartservice_3
2026-10-04T04:30:48,frontend,14.09765625,0.03283400000000256,0.0,0.0722,0.0612,0.0543,cpu_hog_cartservice_3
2026-10-04T04:30:48,loadgenerator,89.515625,0.008436826314033655,0.0,0.0722,0.0612,0.0543,cpu_hog_cartservice_3
2026-10-04T04:30:48,cartservice,40.24609375,0.021921069790772588,0.0,0.0722,0.0612,0.0543,cpu_hog_cartservice_3
2026-10-04T04:30:53,redis-cart,6.67578125,0.0051557835065472,0.0,0.1194,0.0492,0.0548,cpu_hog_cartservice_3
2026-10-04T04:30:53,paymentservice,35.390625,0.0012565224970463448,0.0,0.1194,0.0492,0.0548,cpu_hog_cartservice_3
2026-10-04T04:30:53,currencyservice,41.48828125,0.03375104709078284,0.0,0.1194,0.0492,0.0548,cpu_hog_cartservice_3
2026-10-04T04:30:53,productcatalogservice,13.7890625,0.024933426519766978,0.0,0.1194,0.0492,0.0548,cpu_hog_cartservice_3
2026-10-04T04:30:53,adservice,106.80859375,0.005433552771289572,0.0,0.1194,0.0492,0.0548,cpu_hog_cartservice_3
2026-10-04T04:30:53,recommendationservice,33.61328125,0.024370225422667695,4.0,0.1194,0.0492,0.0548,cpu_hog_cartservice_3
2026-10-04T04:30:53,emailservice,36.98828125,0.007580421210784781,0.0,0.1194,0.0492,0.0548,cpu_hog_cartservice_3
2026-10-04T04:30:53,shippingservice,11.859375,0.0032006456360226198,0.0,0.1194,0.0492,0.0548,cpu_hog_cartservice_3
2026-10-04T04:30:53,checkoutservice,14.3125,0.0030235232958601916,0.0,0.1194,0.0492,0.0548,cpu_hog_cartservice_3
2026-10-04T04:30:53,frontend,14.05078125,0.060950839703335154,0.0,0.1194,0.0492,0.0548,cpu_hog_cartservice_3
2026-10-04T04:30:53,loadgenerator,89.05078125,0.008741620023233063,0.0,0.1194,0.0492,0.0548,cpu_hog_cartservice_3
2026-10-04T04:30:53,cartservice,40.73046875,0.023859678998680245,0.0,0.1194,0.0492,0.0548,cpu_hog_cartservice_3
2026-10-04T04:30:59,redis-cart,6.67578125,0.0051557835065472,0.0,0.0901,0.068,0.0809,cpu_hog_cartservice_3
2026-10-04T04:30:59,paymentservice,35.390625,0.001425971745550537,0.0,0.0901,0.068,0.0809,cpu_hog_cartservice_3
2026-10-04T04:30:59,currencyservice,41.48828125,0.025246908258808588,0.0,0.0901,0.068,0.0809,cpu_hog_cartservice_3
2026-10-04T04:30:59,productcatalogservice,13.7890625,0.020929949334909725,0.0,0.0901,0.068,0.0809,cpu_hog_cartservice_3
2026-10-04T04:30:59,adservice,106.80859375,0.004952956746676625,0.0,0.0901,0.068,0.0809,cpu_hog_cartservice_3
2026-10-04T04:30:59,recommendationservice,33.61328125,0.024370225422667695,4.0,0.0901,0.068,0.0809,cpu_hog_cartservice_3
2026-10-04T04:30:59,emailservice,36.98828125,0.007580421210784781,0.0,0.0901,0.068,0.0809,cpu_hog_cartservice_3
2026-10-04T04:30:59,shippingservice,11.859375,0.00320064563602262,0.0,0.0901,0.068,0.0809,cpu_hog_cartservice_3
2026-10-04T04:30:59,checkoutservice,14.3125,0.003044123872196699,0.0,0.0901,0.068,0.0809,cpu_hog_cartservice_3
2026-10-04T04:30:59,frontend,14.05078125,0.060950839703335154,0.0,0.0901,0.068,0.0809,cpu_hog_cartservice_3
2026-10-04T04:30:59,loadgenerator,89.05078125,0.008741620023233063,0.0,0.0901,0.068,0.0809,cpu_hog_cartservice_3
2026-10-04T04:30:59,cartservice,40.73046875,0.02226998292953192,0.0,0.0901,0.068,0.0809,cpu_hog_cartservice_3
2026-10-04T04:31:04,redis-cart,6.43359375,0.00389711945329052,0.0,0.0858,0.0483,0.0348,cpu_hog_cartservice_3
2026-10-04T04:31:04,paymentservice,35.390625,0.0014259717455505367,0.0,0.0858,0.0483,0.0348,cpu_hog_cartservice_3
2026-10-04T04:31:04,currencyservice,40.77734375,0.029910354238607065,0.0,0.0858,0.0483,0.0348,cpu_hog_cartservice_3
2026-10-04T04:31:04,productcatalogservice,13.7890625,0.01873373001562692,0.0,0.0858,0.0483,0.0348,cpu_hog_cartservice_3
2026-10-04T04:31:04,adservice,107.5546875,0.005269318733106966,0.0,0.0858,0.0483,0.0348,cpu_hog_cartservice_3
2026-10-04T04:31:04,recommendationservice,32.62109375,0.021191177861871757,4.0,0.0858,0.0483,0.0348,cpu_hog_cartservice_3
2026-10-04T04:31:04,emailservice,37.4921875,0.006288591349758093,0.0,0.0858,0.0483,0.0348,cpu_hog_cartservice_3
2026-10-04T04:31:04,shippingservice,12.1171875,0.002968235511746744,0.0,0.0858,0.0483,0.0348,cpu_hog_cartservice_3
2026-10-04T04:31:04,checkoutservice,14.3125,0.002723178389885402,0.0,0.0858,0.0483,0.0348,cpu_hog_cartservice_3
2026-10-04T04:31:04,frontend,15.43359375,0.05748727687048598,0.0,0.0858,0.0483,0.0348,cpu_hog_cartservice_3
2026-10-04T04:31:04,loadgenerator,89.05078125,0.008353606386013096,0.0,0.0858,0.0483,0.0348,cpu_hog_cartservice_3
2026-10-04T04:31:04,cartservice,40.73046875,0.017940234290053217,0.0,0.0858,0.0483,0.0348,cpu_hog_cartservice_3
2026-10-04T04:31:09,redis-cart,6.43359375,0.0038634922702574957,0.0,0.0685,0.0546,0.0577,cpu_hog_cartservice_3
2026-10-04T04:31:09,paymentservice,35.390625,0.0014259717455505367,0.0,0.0685,0.0546,0.0577,cpu_hog_cartservice_3
2026-10-04T04:31:09,currencyservice,40.77734375,0.029910354238607065,0.0,0.0685,0.0546,0.0577,cpu_hog_cartservice_3
2026-10-04T04:31:09,productcatalogservice,13.7890625,0.015687641824995494,0.0,0.0685,0.0546,0.0577,cpu_hog_cartservice_3
2026-10-04T04:31:09,adservice,107.5546875,0.005269318733106966,0.0,0.0685,0.0546,0.0577,cpu_hog_cartservice_3
2026-10-04T04:31:09,recommendationservice,32.62109375,0.021191177861871757,4.0,0.0685,0.0546,0.0577,cpu_hog_cartservice_3
2026-10-04T04:31:09,emailservice,37.4921875,0.0062885913497580945,0.0,0.0685,0.0546,0.0577,cpu_hog_cartservice_3
2026-10-04T04:31:09,shippingservice,12.1171875,0.002540999235324019,0.0,0.0685,0.0546,0.0577,cpu_hog_cartservice_3
2026-10-04T04:31:09,checkoutservice,14.3125,0.0024035689152582767,0.0,0.0685,0.0546,0.0577,cpu_hog_cartservice_3
2026-10-04T04:31:09,frontend,15.43359375,0.05511131500120664,0.0,0.0685,0.0546,0.0577,cpu_hog_cartservice_3
2026-10-04T04:31:09,loadgenerator,89.05078125,0.006500672069515566,0.0,0.0685,0.0546,0.0577,cpu_hog_cartservice_3
2026-10-04T04:31:09,cartservice,40.73046875,0.015986785620751107,0.0,0.0685,0.0546,0.0577,cpu_hog_cartservice_3
2026-10-04T04:31:14,redis-cart,6.43359375,0.003442838209606058,0.0,0.1487,0.0712,0.0752,cpu_hog_cartservice_3
2026-10-04T04:31:14,paymentservice,35.390625,0.000857059491999265,0.0,0.1487,0.0712,0.0752,cpu_hog_cartservice_3
2026-10-04T04:31:14,currencyservice,40.77734375,0.024076339644366753,0.0,0.1487,0.0712,0.0752,cpu_hog_cartservice_3
2026-10-04T04:31:14,productcatalogservice,14.0,0.021974063853181524,0.0,0.1487,0.0712,0.0752,cpu_hog_cartservice_3
2026-10-04T04:31:14,adservice,106.80859375,0.004617202437096055,0.0,0.1487,0.0712,0.0752,cpu_hog_cartservice_3
2026-10-04T04:31:14,recommendationservice,32.62109375,0.017540879746398452,4.0,0.1487,0.0712,0.0752,cpu_hog_cartservice_3
2026-10-04T04:31:14,emailservice,37.4921875,0.0062885913497580945,0.0,0.1487,0.0712,0.0752,cpu_hog_cartservice_3
2026-10-04T04:31:14,shippingservice,11.8671875,0.002827384602805069,0.0,0.1487,0.0712,0.0752,cpu_hog_cartservice_3
2026-10-04T04:31:14,checkoutservice,13.63671875,0.001551074255559688,0.0,0.1487,0.0712,0.0752,cpu_hog_cartservice_3
2026-10-04T04:31:14,frontend,15.43359375,0.05511131500120664,0.0,0.1487,0.0712,0.0752,cpu_hog_cartservice_3
2026-10-04T04:31:14,loadgenerator,89.27734375,0.007685799119082626,0.0,0.1487,0.0712,0.0752,cpu_hog_cartservice_3
2026-10-04T04:31:14,cartservice,40.33984375,0.01682394456977121,0.0,0.1487,0.0712,0.0752,cpu_hog_cartservice_3
2026-10-04T04:31:20,redis-cart,6.1875,0.00470648620510115,0.0,0.1479,0.0733,0.0443,cpu_hog_cartservice_3
2026-10-04T04:31:20,paymentservice,35.390625,0.000857059491999265,0.0,0.1479,0.0733,0.0443,cpu_hog_cartservice_3
2026-10-04T04:31:20,currencyservice,40.75,0.026566724869046012,0.0,0.1479,0.0733,0.0443,cpu_hog_cartservice_3
2026-10-04T04:31:20,productcatalogservice,13.84375,0.018772127764566483,0.0,0.1479,0.0733,0.0443,cpu_hog_cartservice_3
2026-10-04T04:31:20,adservice,107.3046875,0.004964074420052529,0.0,0.1479,0.0733,0.0443,cpu_hog_cartservice_3
2026-10-04T04:31:20,recommendationservice,33.609375,0.0196744016119389,4.0,0.1479,0.0733,0.0443,cpu_hog_cartservice_3
2026-10-04T04:31:20,emailservice,36.7421875,0.006355509014003641,0.0,0.1479,0.0733,0.0443,cpu_hog_cartservice_3
2026-10-04T04:31:20,shippingservice,12.11328125,0.0022857586742619416,0.0,0.1479,0.0733,0.0443,cpu_hog_cartservice_3
2026-10-04T04:31:20,checkoutservice,13.66015625,0.0013096968895941056,0.0,0.1479,0.0733,0.0443,cpu_hog_cartservice_3
2026-10-04T04:31:20,frontend,15.5390625,0.05329660610973254,0.0,0.1479,0.0733,0.0443,cpu_hog_cartservice_3
2026-10-04T04:31:20,loadgenerator,89.08203125,0.007120235756384202,0.0,0.1479,0.0733,0.0443,cpu_hog_cartservice_3
2026-10-04T04:31:20,cartservice,41.6171875,0.017334584345713312,0.0,0.1479,0.0733,0.0443,cpu_hog_cartservice_3
2026-10-04T04:31:25,redis-cart,6.1875,0.0047212632142372745,0.0,0.0726,0.0344,0.0272,cpu_hog_cartservice_3
2026-10-04T04:31:25,paymentservice,35.390625,0.0006651174476848128,0.0,0.0726,0.0344,0.0272,cpu_hog_cartservice_3
2026-10-04T04:31:25,currencyservice,40.75,0.026566724869046012,0.0,0.0726,0.0344,0.0272,cpu_hog_cartservice_3
2026-10-04T04:31:25,productcatalogservice,13.84375,0.018772127764566483,0.0,0.0726,0.0344,0.0272,cpu_hog_cartservice_3
2026-10-04T04:31:25,adservice,107.3046875,0.004964074420052529,0.0,0.0726,0.0344,0.0272,cpu_hog_cartservice_3
2026-10-04T04:31:25,recommendationservice,33.609375,0.0196744016119389,4.0,0.0726,0.0344,0.0272,cpu_hog_cartservice_3
2026-10-04T04:31:25,emailservice,36.7421875,0.0058383508725213555,0.0,0.0726,0.0344,0.0272,cpu_hog_cartservice_3
2026-10-04T04:31:25,shippingservice,12.11328125,0.002285758674261942,0.0,0.0726,0.0344,0.0272,cpu_hog_cartservice_3
2026-10-04T04:31:25,checkoutservice,13.66015625,0.0013096968895941056,0.0,0.0726,0.0344,0.0272,cpu_hog_cartservice_3
2026-10-04T04:31:25,frontend,15.5390625,0.04995441965056892,0.0,0.0726,0.0344,0.0272,cpu_hog_cartservice_3
2026-10-04T04:31:25,loadgenerator,89.08203125,0.007120235756384202,0.0,0.0726,0.0344,0.0272,cpu_hog_cartservice_3
2026-10-04T04:31:25,cartservice,41.6171875,0.01733458434571332,0.0,0.0726,0.0344,0.0272,cpu_hog_cartservice_3
2026-10-04T04:31:30,redis-cart,6.1875,0.0036773919175694127,0.0,0.1378,0.068,0.0514,cpu_hog_cartservice_3
2026-10-04T04:31:30,paymentservice,35.4140625,0.0011705003836997858,0.0,0.1378,0.068,0.0514,cpu_hog_cartservice_3
2026-10-04T04:31:30,currencyservice,41.88671875,0.02781033439555036,0.0,0.1378,0.068,0.0514,cpu_hog_cartservice_3
2026-10-04T04:31:30,productcatalogservice,14.84375,0.021265319426337286,0.0,0.1378,0.068,0.0514,cpu_hog_cartservice_3
2026-10-04T04:31:30,adservice,107.3046875,0.004669314207588015,0.0,0.1378,0.068,0.0514,cpu_hog_cartservice_3
2026-10-04T04:31:30,recommendationservice,33.10546875,0.017638116460422723,4.0,0.1378,0.068,0.0514,cpu_hog_cartservice_3
2026-10-04T04:31:30,emailservice,36.7421875,0.005973167801361174,0.0,0.1378,0.068,0.0514,cpu_hog_cartservice_3
2026-10-04T04:31:30,shippingservice,12.11328125,0.0018073333333335187,0.0,0.1378,0.068,0.0514,cpu_hog_cartservice_3
2026-10-04T04:31:30,checkoutservice,13.66015625,0.0006960926777973025,0.0,0.1378,0.068,0.0514,cpu_hog_cartservice_3
2026-10-04T04:31:30,frontend,15.5390625,0.04995441965056892,0.0,0.1378,0.068,0.0514,cpu_hog_cartservice_3
2026-10-04T04:31:30,loadgenerator,89.08203125,0.007120235756384202,0.0,0.1378,0.068,0.0514,cpu_hog_cartservice_3
2026-10-04T04:31:30,cartservice,41.84765625,0.022911933273175134,0.0,0.1378,0.068,0.0514,cpu_hog_cartservice_3
2026-10-04T04:31:36,redis-cart,6.1875,0.003254917547615414,0.0,0.151,0.0536,0.0604,cpu_hog_cartservice_3
2026-10-04T04:31:36,paymentservice,35.4140625,0.001312938390064671,0.0,0.151,0.0536,0.0604,cpu_hog_cartservice_3
2026-10-04T04:31:36,currencyservice,41.88671875,0.02200065982636619,0.0,0.151,0.0536,0.0604,cpu_hog_cartservice_3
2026-10-04T04:31:36,productcatalogservice,14.84375,0.022242326759942043,0.0,0.151,0.0536,0.0604,cpu_hog_cartservice_3
2026-10-04T04:31:36,adservice,107.3046875,0.004408654495465496,0.0,0.151,0.0536,0.0604,cpu_hog_cartservice_3
2026-10-04T04:31:36,recommendationservice,33.10546875,0.020552986708763335,4.0,0.151,0.0536,0.0604,cpu_hog_cartservice_3
2026-10-04T04:31:36,emailservice,36.7421875,0.005973167801361175,0.0,0.151,0.0536,0.0604,cpu_hog_cartservice_3
2026-10-04T04:31:36,shippingservice,12.11328125,0.0018900365691946783,0.0,0.151,0.0536,0.0604,cpu_hog_cartservice_3
2026-10-04T04:31:36,checkoutservice,13.66015625,0.0006192784058547342,0.0,0.151,0.0536,0.0604,cpu_hog_cartservice_3
2026-10-04T04:31:36,frontend,15.5390625,0.04069661682882724,0.0,0.151,0.0536,0.0604,cpu_hog_cartservice_3
2026-10-04T04:31:36,loadgenerator,89.08203125,0.005998853893887427,0.0,0.151,0.0536,0.0604,cpu_hog_cartservice_3
2026-10-04T04:31:36,cartservice,41.84765625,0.022911933273175134,0.0,0.151,0.0536,0.0604,cpu_hog_cartservice_3
2026-10-04T04:31:41,redis-cart,6.19140625,0.0047365810589724555,0.0,0.097,0.0796,0.1051,cpu_hog_cartservice_3
2026-10-04T04:31:41,paymentservice,35.4296875,0.0010752753977967065,0.0,0.097,0.0796,0.1051,cpu_hog_cartservice_3
2026-10-04T04:31:41,currencyservice,41.88671875,0.022513635482443648,0.0,0.097,0.0796,0.1051,cpu_hog_cartservice_3
2026-10-04T04:31:41,productcatalogservice,14.84375,0.022242326759942047,0.0,0.097,0.0796,0.1051,cpu_hog_cartservice_3
2026-10-04T04:31:41,adservice,107.3046875,0.00551931068664363,0.0,0.097,0.0796,0.1051,cpu_hog_cartservice_3
2026-10-04T04:31:41,recommendationservice,33.10546875,0.01716882326390596,4.0,0.097,0.0796,0.1051,cpu_hog_cartservice_3
2026-10-04T04:31:41,emailservice,36.7421875,0.004407474999999295,0.0,0.097,0.0796,0.1051,cpu_hog_cartservice_3
2026-10-04T04:31:41,shippingservice,11.87109375,0.002650086250190946,0.0,0.097,0.0796,0.1051,cpu_hog_cartservice_3
2026-10-04T04:31:41,checkoutservice,13.6640625,0.00134097750935013,0.0,0.097,0.0796,0.1051,cpu_hog_cartservice_3
2026-10-04T04:31:41,frontend,15.3671875,0.0545661261692457,0.0,0.097,0.0796,0.1051,cpu_hog_cartservice_3
2026-10-04T04:31:41,loadgenerator,89.5625,0.007468454952790978,0.0,0.097,0.0796,0.1051,cpu_hog_cartservice_3
2026-10-04T04:31:41,cartservice,41.9609375,0.022036081980099292,0.0,0.097,0.0796,0.1051,cpu_hog_cartservice_3
2026-10-04T04:31:46,redis-cart,6.19140625,0.0047365810589724555,0.0,0.13,0.073,0.0345,cpu_hog_cartservice_3
2026-10-04T04:31:46,paymentservice,35.4296875,0.0010752753977967065,0.0,0.13,0.073,0.0345,cpu_hog_cartservice_3
2026-10-04T04:31:46,currencyservice,41.88671875,0.020160609485994838,0.0,0.13,0.073,0.0345,cpu_hog_cartservice_3
2026-10-04T04:31:46,productcatalogservice,14.84375,0.015529474999999593,0.0,0.13,0.073,0.0345,cpu_hog_cartservice_3
2026-10-04T04:31:46,adservice,107.3046875,0.00533052785439709,0.0,0.13,0.073,0.0345,cpu_hog_cartservice_3
2026-10-04T04:31:46,recommendationservice,33.10546875,0.016092572150557597,4.0,0.13,0.073,0.0345,cpu_hog_cartservice_3
2026-10-04T04:31:46,emailservice,36.7421875,0.00483945680385016,0.0,0.13,0.073,0.0345,cpu_hog_cartservice_3
2026-10-04T04:31:46,shippingservice,11.87109375,0.002237667033206872,0.0,0.13,0.073,0.0345,cpu_hog_cartservice_3
2026-10-04T04:31:46,checkoutservice,13.6640625,0.001406886435138826,0.0,0.13,0.073,0.0345,cpu_hog_cartservice_3
2026-10-04T04:31:46,frontend,15.3671875,0.05673498622589797,0.0,0.13,0.073,0.0345,cpu_hog_cartservice_3
2026-10-04T04:31:46,loadgenerator,89.5625,0.007468454952790979,0.0,0.13,0.073,0.0345,cpu_hog_cartservice_3
2026-10-04T04:31:46,cartservice,41.9609375,0.024313096862210067,0.0,0.13,0.073,0.0345,cpu_hog_cartservice_3
2026-10-04T04:31:52,redis-cart,6.1875,0.004714289820084721,0.0,0.1312,0.0284,0.0258,cpu_hog_cartservice_3
2026-10-04T04:31:52,paymentservice,35.46875,0.00113689745430963,0.0,0.1312,0.0284,0.0258,cpu_hog_cartservice_3
2026-10-04T04:31:52,currencyservice,41.09765625,0.025037805765714724,0.0,0.1312,0.0284,0.0258,cpu_hog_cartservice_3
2026-10-04T04:31:52,productcatalogservice,14.64453125,0.022003122666483833,0.0,0.1312,0.0284,0.0258,cpu_hog_cartservice_3
2026-10-04T04:31:52,adservice,107.3046875,0.00533052785439709,0.0,0.1312,0.0284,0.0258,cpu_hog_cartservice_3
2026-10-04T04:31:52,recommendationservice,33.3515625,0.020254490054291828,4.0,0.1312,0.0284,0.0258,cpu_hog_cartservice_3
2026-10-04T04:31:52,emailservice,37.4765625,0.006199077081607394,0.0,0.1312,0.0284,0.0258,cpu_hog_cartservice_3
2026-10-04T04:31:52,shippingservice,12.12109375,0.002761788679820185,0.0,0.1312,0.0284,0.0258,cpu_hog_cartservice_3
2026-10-04T04:31:52,checkoutservice,14.4140625,0.0014381444413220682,0.0,0.1312,0.0284,0.0258,cpu_hog_cartservice_3
2026-10-04T04:31:52,frontend,15.53125,0.05405798613526598,0.0,0.1312,0.0284,0.0258,cpu_hog_cartservice_3
2026-10-04T04:31:52,loadgenerator,89.5625,0.008018531183843281,0.0,0.1312,0.0284,0.0258,cpu_hog_cartservice_3
2026-10-04T04:31:52,cartservice,41.9609375,0.020433672112323758,0.0,0.1312,0.0284,0.0258,cpu_hog_cartservice_3
2026-10-04T04:31:57,redis-cart,6.1875,0.00471428982008472,0.0,0.0774,0.1129,0.1229,cpu_hog_cartservice_3
2026-10-04T04:31:57,paymentservice,35.46875,0.00113689745430963,0.0,0.0774,0.1129,0.1229,cpu_hog_cartservice_3
2026-10-04T04:31:57,currencyservice,41.09765625,0.02146698230918517,0.0,0.0774,0.1129,0.1229,cpu_hog_cartservice_3
2026-10-04T04:31:57,productcatalogservice,14.64453125,0.022003122666483833,0.0,0.0774,0.1129,0.1229,cpu_hog_cartservice_3
2026-10-04T04:31:57,adservice,107.3046875,0.004622042315746748,0.0,0.0774,0.1129,0.1229,cpu_hog_cartservice_3
2026-10-04T04:31:57,recommendationservice,33.3515625,0.0198043156335942,4.0,0.0774,0.1129,0.1229,cpu_hog_cartservice_3
2026-10-04T04:31:57,emailservice,37.4765625,0.006199077081607394,0.0,0.0774,0.1129,0.1229,cpu_hog_cartservice_3
2026-10-04T04:31:57,shippingservice,12.12109375,0.0028728971060314364,0.0,0.0774,0.1129,0.1229,cpu_hog_cartservice_3
2026-10-04T04:31:57,checkoutservice,14.4140625,0.0014381444413220682,0.0,0.0774,0.1129,0.1229,cpu_hog_cartservice_3
2026-10-04T04:31:57,frontend,15.53125,0.05405798613526598,0.0,0.0774,0.1129,0.1229,cpu_hog_cartservice_3
2026-10-04T04:31:57,loadgenerator,89.5625,0.006480343028955946,0.0,0.0774,0.1129,0.1229,cpu_hog_cartservice_3
2026-10-04T04:31:57,cartservice,41.9609375,0.01824063077535241,0.0,0.0774,0.1129,0.1229,cpu_hog_cartservice_3
2026-10-04T04:32:02,redis-cart,6.93359375,0.004738385345434501,0.0,0.1808,0.1274,0.1044,cpu_hog_cartservice_3
2026-10-04T04:32:02,paymentservice,35.46875,0.0009699851177745554,0.0,0.1808,0.1274,0.1044,cpu_hog_cartservice_3
2026-10-04T04:32:02,currencyservice,41.4765625,0.028421176530797787,0.0,0.1808,0.1274,0.1044,cpu_hog_cartservice_3
2026-10-04T04:32:02,productcatalogservice,14.64453125,0.023709256459144203,0.0,0.1808,0.1274,0.1044,cpu_hog_cartservice_3
2026-10-04T04:32:02,adservice,106.8046875,0.005317001989830369,0.0,0.1808,0.1274,0.1044,cpu_hog_cartservice_3
2026-10-04T04:32:02,recommendationservice,33.359375,0.02046838201399557,4.0,0.1808,0.1274,0.1044,cpu_hog_cartservice_3
2026-10-04T04:32:02,emailservice,36.74609375,0.006290457748713952,0.0,0.1808,0.1274,0.1044,cpu_hog_cartservice_3
2026-10-04T04:32:02,shippingservice,12.12109375,0.0024414438225936873,0.0,0.1808,0.1274,0.1044,cpu_hog_cartservice_3
2026-10-04T04:32:02,checkoutservice,14.4140625,0.0017132431973746747,0.0,0.1808,0.1274,0.1044,cpu_hog_cartservice_3
2026-10-04T04:32:02,frontend,15.53125,0.04356315770594486,0.0,0.1808,0.1274,0.1044,cpu_hog_cartservice_3
2026-10-04T04:32:02,loadgenerator,89.08984375,0.00759596465658443,0.0,0.1808,0.1274,0.1044,cpu_hog_cartservice_3
2026-10-04T04:32:02,cartservice,42.203125,0.02242535890939798,0.0,0.1808,0.1274,0.1044,cpu_hog_cartservice_3
2026-10-04T04:32:08,redis-cart,6.93359375,0.004738385345434501,0.0,0.1573,0.0644,0.1837,cpu_hog_cartservice_3
2026-10-04T04:32:08,paymentservice,35.46875,0.0005236305987125963,0.0,0.1573,0.0644,0.1837,cpu_hog_cartservice_3
2026-10-04T04:32:08,currencyservice,41.4765625,0.022827178460123516,0.0,0.1573,0.0644,0.1837,cpu_hog_cartservice_3
2026-10-04T04:32:08,productcatalogservice,14.64453125,0.01817255234452255,0.0,0.1573,0.0644,0.1837,cpu_hog_cartservice_3
2026-10-04T04:32:08,adservice,106.8046875,0.005035315816527541,0.0,0.1573,0.0644,0.1837,cpu_hog_cartservice_3
2026-10-04T04:32:08,recommendationservice,33.359375,0.02046838201399557,4.0,0.1573,0.0644,0.1837,cpu_hog_cartservice_3
2026-10-04T04:32:08,emailservice,36.74609375,0.006290457748713952,0.0,0.1573,0.0644,0.1837,cpu_hog_cartservice_3
2026-10-04T04:32:08,shippingservice,12.12109375,0.00231668749585328,0.0,0.1573,0.0644,0.1837,cpu_hog_cartservice_3
2026-10-04T04:32:08,checkoutservice,14.4140625,0.0013561319299085686,0.0,0.1573,0.0644,0.1837,cpu_hog_cartservice_3
2026-10-04T04:32:08,frontend,15.53125,0.038319783879698206,0.0,0.1573,0.0644,0.1837,cpu_hog_cartservice_3
2026-10-04T04:32:08,loadgenerator,89.08984375,0.007378234722391687,0.0,0.1573,0.0644,0.1837,cpu_hog_cartservice_3
2026-10-04T04:32:08,cartservice,42.203125,0.02242535890939798,0.0,0.1573,0.0644,0.1837,cpu_hog_cartservice_3
2026-10-04T04:32:13,redis-cart,6.93359375,0.004012735151035341,0.0,0.1046,0.0918,0.0879,cpu_hog_cartservice_3
2026-10-04T04:32:13,paymentservice,35.5078125,0.0006591251530275723,0.0,0.1046,0.0918,0.0879,cpu_hog_cartservice_3
2026-10-04T04:32:13,currencyservice,41.22265625,0.027535640971188657,0.0,0.1046,0.0918,0.0879,cpu_hog_cartservice_3
2026-10-04T04:32:13,productcatalogservice,14.10546875,0.023257620630606293,0.0,0.1046,0.0918,0.0879,cpu_hog_cartservice_3
2026-10-04T04:32:13,adservice,106.8046875,0.0038783890662326317,0.0,0.1046,0.0918,0.0879,cpu_hog_cartservice_3
2026-10-04T04:32:13,recommendationservice,33.359375,0.020083075734156332,4.0,0.1046,0.0918,0.0879,cpu_hog_cartservice_3
2026-10-04T04:32:13,emailservice,36.7421875,0.0063145989613395985,0.0,0.1046,0.0918,0.0879,cpu_hog_cartservice_3
2026-10-04T04:32:13,shippingservice,13.1015625,0.0027453284926052678,0.0,0.1046,0.0918,0.0879,cpu_hog_cartservice_3
2026-10-04T04:32:13,checkoutservice,13.671875,0.0009129823090965761,0.0,0.1046,0.0918,0.0879,cpu_hog_cartservice_3
2026-10-04T04:32:13,frontend,14.3046875,0.05486713538039958,0.0,0.1046,0.0918,0.0879,cpu_hog_cartservice_3
2026-10-04T04:32:13,loadgenerator,89.3125,0.007240395412257304,0.0,0.1046,0.0918,0.0879,cpu_hog_cartservice_3
2026-10-04T04:32:13,cartservice,42.41015625,0.020070872068952535,0.0,0.1046,0.0918,0.0879,cpu_hog_cartservice_3
2026-10-04T04:32:19,redis-cart,6.93359375,0.0036122135955188794,0.0,0.1732,0.0566,0.1944,cpu_hog_cartservice_3
2026-10-04T04:32:19,paymentservice,35.5078125,0.0006591251530275723,0.0,0.1732,0.0566,0.1944,cpu_hog_cartservice_3
2026-10-04T04:32:19,currencyservice,41.22265625,0.027535640971188657,0.0,0.1732,0.0566,0.1944,cpu_hog_cartservice_3
2026-10-04T04:32:19,productcatalogservice,14.10546875,0.02093793213913865,0.0,0.1732,0.0566,0.1944,cpu_hog_cartservice_3
2026-10-04T04:32:19,adservice,106.8046875,0.0020169333333342363,0.0,0.1732,0.0566,0.1944,cpu_hog_cartservice_3
2026-10-04T04:32:19,recommendationservice,33.359375,0.015985124130601734,4.0,0.1732,0.0566,0.1944,cpu_hog_cartservice_3
2026-10-04T04:32:19,emailservice,36.7421875,0.0063145989613395985,0.0,0.1732,0.0566,0.1944,cpu_hog_cartservice_3
2026-10-04T04:32:19,shippingservice,13.1015625,0.002534159980549429,0.0,0.1732,0.0566,0.1944,cpu_hog_cartservice_3
2026-10-04T04:32:19,checkoutservice,13.671875,0.0009129823090965761,0.0,0.1732,0.0566,0.1944,cpu_hog_cartservice_3
2026-10-04T04:32:19,frontend,14.3046875,0.04022692310430961,0.0,0.1732,0.0566,0.1944,cpu_hog_cartservice_3
2026-10-04T04:32:19,loadgenerator,89.3125,0.005521998595453962,0.0,0.1732,0.0566,0.1944,cpu_hog_cartservice_3
2026-10-04T04:32:19,cartservice,42.41015625,0.015508803558885502,0.0,0.1732,0.0566,0.1944,cpu_hog_cartservice_3
2026-10-04T04:32:24,redis-cart,6.43359375,0.004724280523951208,0.0,0.0759,0.0298,0.0526,cpu_hog_cartservice_3
2026-10-04T04:32:24,paymentservice,35.4296875,0.0008274155995342785,0.0,0.0759,0.0298,0.0526,cpu_hog_cartservice_3
2026-10-04T04:32:24,currencyservice,41.3046875,0.026739467994448866,0.0,0.0759,0.0298,0.0526,cpu_hog_cartservice_3
2026-10-04T04:32:24,productcatalogservice,14.10546875,0.02093793213913865,0.0,0.0759,0.0298,0.0526,cpu_hog_cartservice_3
2026-10-04T04:32:24,adservice,107.05859375,0.004863062723677857,0.0,0.0759,0.0298,0.0526,cpu_hog_cartservice_3
2026-10-04T04:32:24,recommendationservice,33.34375,0.02102465617888462,4.0,0.0759,0.0298,0.0526,cpu_hog_cartservice_3
2026-10-04T04:32:24,emailservice,36.7421875,0.0054013851676612,0.0,0.0759,0.0298,0.0526,cpu_hog_cartservice_3
2026-10-04T04:32:24,shippingservice,13.1015625,0.0025341599805494283,0.0,0.0759,0.0298,0.0526,cpu_hog_cartservice_3
2026-10-04T04:32:24,checkoutservice,13.671875,0.0007138570633896581,0.0,0.0759,0.0298,0.0526,cpu_hog_cartservice_3
2026-10-04T04:32:24,frontend,14.828125,0.05372645939399501,0.0,0.0759,0.0298,0.0526,cpu_hog_cartservice_3
2026-10-04T04:32:24,loadgenerator,89.3125,0.006815354004314372,0.0,0.0759,0.0298,0.0526,cpu_hog_cartservice_3
2026-10-04T04:32:24,cartservice,42.39453125,0.015172822066504324,0.0,0.0759,0.0298,0.0526,cpu_hog_cartservice_3
2026-10-04T04:32:30,redis-cart,6.9296875,0.004685954772715618,0.0,0.1255,0.0469,0.0511,cpu_hog_cartservice_3
2026-10-04T04:32:30,paymentservice,35.4296875,0.0008274155995342785,0.0,0.1255,0.0469,0.0511,cpu_hog_cartservice_3
2026-10-04T04:32:30,currencyservice,41.3046875,0.031157416566872716,0.0,0.1255,0.0469,0.0511,cpu_hog_cartservice_3
2026-10-04T04:32:30,productcatalogservice,13.625,0.023095147787920628,0.0,0.1255,0.0469,0.0511,cpu_hog_cartservice_3
2026-10-04T04:32:30,adservice,107.546875,0.005313378397130289,0.0,0.1255,0.0469,0.0511,cpu_hog_cartservice_3
2026-10-04T04:32:30,recommendationservice,32.66015625,0.022010788640717278,4.0,0.1255,0.0469,0.0511,cpu_hog_cartservice_3
2026-10-04T04:32:30,emailservice,36.98828125,0.006347487661164832,0.0,0.1255,0.0469,0.0511,cpu_hog_cartservice_3
2026-10-04T04:32:30,shippingservice,12.5859375,0.0022785502621383642,0.0,0.1255,0.0469,0.0511,cpu_hog_cartservice_3
2026-10-04T04:32:30,checkoutservice,13.671875,0.0008728879802776678,0.0,0.1255,0.0469,0.0511,cpu_hog_cartservice_3
2026-10-04T04:32:30,frontend,15.80078125,0.0541711914168711,0.0,0.1255,0.0469,0.0511,cpu_hog_cartservice_3
2026-10-04T04:32:30,loadgenerator,89.08203125,0.007333542995776739,0.0,0.1255,0.0469,0.0511,cpu_hog_cartservice_3
2026-10-04T04:32:30,cartservice,42.39453125,0.014219509907374847,0.0,0.1255,0.0469,0.0511,cpu_hog_cartservice_3
2026-10-04T04:32:35,redis-cart,6.9296875,0.004685954772715618,0.0,0.0701,0.0145,0.0138,cpu_hog_cartservice_3
2026-10-04T04:32:35,paymentservice,35.4296875,0.0006240778941617589,0.0,0.0701,0.0145,0.0138,cpu_hog_cartservice_3
2026-10-04T04:32:35,currencyservice,41.3046875,0.02558248925926566,0.0,0.0701,0.0145,0.0138,cpu_hog_cartservice_3
2026-10-04T04:32:35,productcatalogservice,13.625,0.023095147787920628,0.0,0.0701,0.0145,0.0138,cpu_hog_cartservice_3
2026-10-04T04:32:35,adservice,107.546875,0.005313378397130288,0.0,0.0701,0.0145,0.0138,cpu_hog_cartservice_3
2026-10-04T04:32:35,recommendationservice,32.66015625,0.022010788640717274,4.0,0.0701,0.0145,0.0138,cpu_hog_cartservice_3
2026-10-04T04:32:35,emailservice,36.98828125,0.006347487661164832,0.0,0.0701,0.0145,0.0138,cpu_hog_cartservice_3
2026-10-04T04:32:35,shippingservice,12.5859375,0.0022785502621383642,0.0,0.0701,0.0145,0.0138,cpu_hog_cartservice_3
2026-10-04T04:32:35,checkoutservice,13.671875,0.0008728879802776678,0.0,0.0701,0.0145,0.0138,cpu_hog_cartservice_3
2026-10-04T04:32:35,frontend,15.80078125,0.05615347630655104,0.0,0.0701,0.0145,0.0138,cpu_hog_cartservice_3
2026-10-04T04:32:35,loadgenerator,89.08203125,0.007333542995776739,0.0,0.0701,0.0145,0.0138,cpu_hog_cartservice_3
2026-10-04T04:32:35,cartservice,42.39453125,0.012103765329073365,0.0,0.0701,0.0145,0.0138,cpu_hog_cartservice_3
2026-10-04T04:32:40,redis-cart,6.9296875,0.004685954772715617,0.0,0.1305,0.0231,0.0149,cpu_hog_cartservice_3
2026-10-04T04:32:40,paymentservice,35.4296875,0.0008748930806283187,0.0,0.1305,0.0231,0.0149,cpu_hog_cartservice_3
2026-10-04T04:32:40,currencyservice,41.0234375,0.027820211056586733,0.0,0.1305,0.0231,0.0149,cpu_hog_cartservice_3
2026-10-04T04:32:40,productcatalogservice,14.10546875,0.02247402942378164,0.0,0.1305,0.0231,0.0149,cpu_hog_cartservice_3
2026-10-04T04:32:40,adservice,107.546875,0.005699189894274464,0.0,0.1305,0.0231,0.0149,cpu_hog_cartservice_3
2026-10-04T04:32:40,recommendationservice,32.66015625,0.022010788640717274,4.0,0.1305,0.0231,0.0149,cpu_hog_cartservice_3
2026-10-04T04:32:40,emailservice,36.98828125,0.006347487661164832,0.0,0.1305,0.0231,0.0149,cpu_hog_cartservice_3
2026-10-04T04:32:40,shippingservice,12.37109375,0.00228704992172559,0.0,0.1305,0.0231,0.0149,cpu_hog_cartservice_3
2026-10-04T04:32:40,checkoutservice,13.671875,0.0007047042886776681,0.0,0.1305,0.0231,0.0149,cpu_hog_cartservice_3
2026-10-04T04:32:40,frontend,14.77734375,0.05428183741628471,0.0,0.1305,0.0231,0.0149,cpu_hog_cartservice_3
2026-10-04T04:32:40,loadgenerator,89.078125,0.0071510968229971696,0.0,0.1305,0.0231,0.0149,cpu_hog_cartservice_3
2026-10-04T04:32:40,cartservice,43.90234375,0.01337194542140703,0.0,0.1305,0.0231,0.0149,cpu_hog_cartservice_3
2026-10-04T04:32:45,redis-cart,6.9296875,0.003888408884962393,0.0,0.0646,0.0643,0.0945,cpu_hog_cartservice_3
2026-10-04T04:32:45,paymentservice,35.4296875,0.0008748930806283187,0.0,0.0646,0.0643,0.0945,cpu_hog_cartservice_3
2026-10-04T04:32:45,currencyservice,41.0234375,0.027820211056586733,0.0,0.0646,0.0643,0.0945,cpu_hog_cartservice_3
2026-10-04T04:32:45,productcatalogservice,14.10546875,0.02247402942378164,0.0,0.0646,0.0643,0.0945,cpu_hog_cartservice_3
2026-10-04T04:32:45,adservice,107.546875,0.005699189894274464,0.0,0.0646,0.0643,0.0945,cpu_hog_cartservice_3
2026-10-04T04:32:45,recommendationservice,32.66015625,0.018689866803829683,4.0,0.0646,0.0643,0.0945,cpu_hog_cartservice_3
2026-10-04T04:32:45,emailservice,36.98828125,0.005162528228424962,0.0,0.0646,0.0643,0.0945,cpu_hog_cartservice_3
2026-10-04T04:32:45,shippingservice,12.37109375,0.00228704992172559,0.0,0.0646,0.0643,0.0945,cpu_hog_cartservice_3
2026-10-04T04:32:45,checkoutservice,13.671875,0.0006273955098910761,0.0,0.0646,0.0643,0.0945,cpu_hog_cartservice_3
2026-10-04T04:32:45,frontend,14.77734375,0.04738076606884003,0.0,0.0646,0.0643,0.0945,cpu_hog_cartservice_3
2026-10-04T04:32:45,loadgenerator,89.078125,0.0071510968229971696,0.0,0.0646,0.0643,0.0945,cpu_hog_cartservice_3
2026-10-04T04:32:45,cartservice,43.90234375,0.015705422142384417,0.0,0.0646,0.0643,0.0945,cpu_hog_cartservice_3
2026-10-04T04:32:51,redis-cart,6.4375,0.004538866845855774,0.0,0.2568,0.0388,0.1714,cpu_hog_cartservice_3
2026-10-04T04:32:51,paymentservice,35.4296875,0.0009962017804155416,0.0,0.2568,0.0388,0.1714,cpu_hog_cartservice_3
2026-10-04T04:32:51,currencyservice,41.30078125,0.024109584010455723,0.0,0.2568,0.0388,0.1714,cpu_hog_cartservice_3
2026-10-04T04:32:51,productcatalogservice,13.859375,0.022480329189966602,0.0,0.2568,0.0388,0.1714,cpu_hog_cartservice_3
2026-10-04T04:32:51,adservice,106.9296875,0.005220025626944323,0.0,0.2568,0.0388,0.1714,cpu_hog_cartservice_3
2026-10-04T04:32:51,recommendationservice,32.125,0.020590067781908673,4.0,0.2568,0.0388,0.1714,cpu_hog_cartservice_3
2026-10-04T04:32:51,emailservice,36.98828125,0.005982480893592469,0.0,0.2568,0.0388,0.1714,cpu_hog_cartservice_3
2026-10-04T04:32:51,shippingservice,12.37109375,0.0014914750000002642,0.0,0.2568,0.0388,0.1714,cpu_hog_cartservice_3
2026-10-04T04:32:51,checkoutservice,13.71484375,0.001014906899150047,0.0,0.2568,0.0388,0.1714,cpu_hog_cartservice_3
2026-10-04T04:32:51,frontend,14.77734375,0.055538798465689015,0.0,0.2568,0.0388,0.1714,cpu_hog_cartservice_3
2026-10-04T04:32:51,loadgenerator,88.84765625,0.037665964670214054,0.0,0.2568,0.0388,0.1714,cpu_hog_cartservice_3
2026-10-04T04:32:51,cartservice,43.90234375,0.015705422142384417,0.0,0.2568,0.0388,0.1714,cpu_hog_cartservice_3
2026-10-04T04:32:56,redis-cart,6.4375,0.004538866845855774,0.0,0.193,0.0419,0.0375,cpu_hog_cartservice_3
2026-10-04T04:32:56,paymentservice,35.4296875,0.0009962017804155418,0.0,0.193,0.0419,0.0375,cpu_hog_cartservice_3
2026-10-04T04:32:56,currencyservice,41.30078125,0.028333568080814744,0.0,0.193,0.0419,0.0375,cpu_hog_cartservice_3
2026-10-04T04:32:56,productcatalogservice,13.859375,0.022480329189966602,0.0,0.193,0.0419,0.0375,cpu_hog_cartservice_3
2026-10-04T04:32:56,adservice,106.9296875,0.005176359866006197,0.0,0.193,0.0419,0.0375,cpu_hog_cartservice_3
2026-10-04T04:32:56,recommendationservice,32.125,0.020590067781908673,4.0,0.193,0.0419,0.0375,cpu_hog_cartservice_3
2026-10-04T04:32:56,emailservice,36.98828125,0.00507040182735685,0.0,0.193,0.0419,0.0375,cpu_hog_cartservice_3
2026-10-04T04:32:56,shippingservice,12.37109375,0.0016275056614862627,0.0,0.193,0.0419,0.0375,cpu_hog_cartservice_3
2026-10-04T04:32:56,checkoutservice,13.71484375,0.001014906899150047,0.0,0.193,0.0419,0.0375,cpu_hog_cartservice_3
2026-10-04T04:32:56,frontend,14.77734375,0.04570627129509951,0.0,0.193,0.0419,0.0375,cpu_hog_cartservice_3
2026-10-04T04:32:56,loadgenerator,88.84765625,0.05130745023994932,0.0,0.193,0.0419,0.0375,cpu_hog_cartservice_3
2026-10-04T04:32:56,cartservice,43.90234375,0.014277839607218673,0.0,0.193,0.0419,0.0375,cpu_hog_cartservice_3
2026-10-04T04:33:01,redis-cart,5.9375,0.004940340909091356,0.0,0.1745,0.0227,0.0422,cpu_hog_cartservice_3
2026-10-04T04:33:01,paymentservice,35.4296875,0.0009962017804155418,0.0,0.1745,0.0227,0.0422,cpu_hog_cartservice_3
2026-10-04T04:33:01,currencyservice,41.30078125,0.028333568080814744,0.0,0.1745,0.0227,0.0422,cpu_hog_cartservice_3
2026-10-04T04:33:01,productcatalogservice,13.859375,0.022480329189966602,0.0,0.1745,0.0227,0.0422,cpu_hog_cartservice_3
2026-10-04T04:33:01,adservice,107.1015625,0.005107825003015783,0.0,0.1745,0.0227,0.0422,cpu_hog_cartservice_3
2026-10-04T04:33:01,recommendationservice,32.125,0.015150214974681164,4.0,0.1745,0.0227,0.0422,cpu_hog_cartservice_3
2026-10-04T04:33:01,emailservice,36.7421875,0.006225892516834705,0.0,0.1745,0.0227,0.0422,cpu_hog_cartservice_3
2026-10-04T04:33:01,shippingservice,11.859375,0.002618360302049782,0.0,0.1745,0.0227,0.0422,cpu_hog_cartservice_3
2026-10-04T04:33:01,checkoutservice,13.76171875,0.0015320350152457792,0.0,0.1745,0.0227,0.0422,cpu_hog_cartservice_3
2026-10-04T04:33:01,frontend,14.15234375,0.052427145662475416,0.0,0.1745,0.0227,0.0422,cpu_hog_cartservice_3
2026-10-04T04:33:01,loadgenerator,88.86328125,0.04160471177536491,0.0,0.1745,0.0227,0.0422,cpu_hog_cartservice_3
2026-10-04T04:33:01,cartservice,43.51953125,0.01811769180383289,0.0,0.1745,0.0227,0.0422,cpu_hog_cartservice_3
2026-10-04T04:33:07,redis-cart,5.9375,0.004940340909091356,0.0,0.0738,0.0487,0.0746,cpu_hog_cartservice_3
2026-10-04T04:33:07,paymentservice,35.4296875,0.0007702083854340084,0.0,0.0738,0.0487,0.0746,cpu_hog_cartservice_3
2026-10-04T04:33:07,currencyservice,41.30078125,0.02177824753822174,0.0,0.0738,0.0487,0.0746,cpu_hog_cartservice_3
2026-10-04T04:33:07,productcatalogservice,13.859375,0.012529775000001565,0.0,0.0738,0.0487,0.0746,cpu_hog_cartservice_3
2026-10-04T04:33:07,adservice,107.1015625,0.005107825003015783,0.0,0.0738,0.0487,0.0746,cpu_hog_cartservice_3
2026-10-04T04:33:07,recommendationservice,32.125,0.01345879374736708,4.0,0.0738,0.0487,0.0746,cpu_hog_cartservice_3
2026-10-04T04:33:07,emailservice,36.7421875,0.006225892516834705,0.0,0.0738,0.0487,0.0746,cpu_hog_cartservice_3
2026-10-04T04:33:07,shippingservice,11.859375,0.00281604354305683,0.0,0.0738,0.0487,0.0746,cpu_hog_cartservice_3
2026-10-04T04:33:07,checkoutservice,13.76171875,0.0018273008691516,0.0,0.0738,0.0487,0.0746,cpu_hog_cartservice_3
2026-10-04T04:33:07,frontend,14.15234375,0.05242714566247541,0.0,0.0738,0.0487,0.0746,cpu_hog_cartservice_3
2026-10-04T04:33:07,loadgenerator,88.86328125,0.04160471177536491,0.0,0.0738,0.0487,0.0746,cpu_hog_cartservice_3
2026-10-04T04:33:07,cartservice,43.51953125,0.01811769180383289,0.0,0.0738,0.0487,0.0746,cpu_hog_cartservice_3
2026-10-04T04:33:12,redis-cart,5.9375,0.003666600000001097,0.0,0.1503,0.0647,0.0424,cpu_hog_cartservice_3
2026-10-04T04:33:12,paymentservice,35.4453125,0.0009808861665029295,0.0,0.1503,0.0647,0.0424,cpu_hog_cartservice_3
2026-10-04T04:33:12,currencyservice,41.5390625,0.026449345915144317,0.0,0.1503,0.0647,0.0424,cpu_hog_cartservice_3
2026-10-04T04:33:12,productcatalogservice,13.86328125,0.023943873739261094,0.0,0.1503,0.0647,0.0424,cpu_hog_cartservice_3
2026-10-04T04:33:12,adservice,107.1015625,0.004524546476159953,0.0,0.1503,0.0647,0.0424,cpu_hog_cartservice_3
2026-10-04T04:33:12,recommendationservice,32.8984375,0.021175857586639334,4.0,0.1503,0.0647,0.0424,cpu_hog_cartservice_3
2026-10-04T04:33:12,emailservice,36.7421875,0.004380750000001399,0.0,0.1503,0.0647,0.0424,cpu_hog_cartservice_3
2026-10-04T04:33:12,shippingservice,11.6171875,0.0027999084448708266,0.0,0.1503,0.0647,0.0424,cpu_hog_cartservice_3
2026-10-04T04:33:12,checkoutservice,13.76171875,0.0018273008691516003,0.0,0.1503,0.0647,0.0424,cpu_hog_cartservice_3
2026-10-04T04:33:12,frontend,14.91015625,0.05409578168634592,0.0,0.1503,0.0647,0.0424,cpu_hog_cartservice_3
2026-10-04T04:33:12,loadgenerator,88.86328125,0.04695927723517305,0.0,0.1503,0.0647,0.0424,cpu_hog_cartservice_3
2026-10-04T04:33:12,cartservice,44.29296875,0.0188512685545847,0.0,0.1503,0.0647,0.0424,cpu_hog_cartservice_3
2026-10-04T04:33:17,redis-cart,5.9375,0.003973519309080549,0.0,0.1064,0.0614,0.0833,cpu_hog_cartservice_3
2026-10-04T04:33:17,paymentservice,35.4453125,0.0007877092502040215,0.0,0.1064,0.0614,0.0833,cpu_hog_cartservice_3
2026-10-04T04:33:17,currencyservice,41.5390625,0.022366815902736474,0.0,0.1064,0.0614,0.0833,cpu_hog_cartservice_3
2026-10-04T04:33:17,productcatalogservice,13.86328125,0.023943873739261094,0.0,0.1064,0.0614,0.0833,cpu_hog_cartservice_3
2026-10-04T04:33:17,adservice,107.1015625,0.00372326814750901,0.0,0.1064,0.0614,0.0833,cpu_hog_cartservice_3
2026-10-04T04:33:17,recommendationservice,32.8984375,0.021278365309625544,4.0,0.1064,0.0614,0.0833,cpu_hog_cartservice_3
2026-10-04T04:33:17,emailservice,36.7421875,0.004778821637375337,0.0,0.1064,0.0614,0.0833,cpu_hog_cartservice_3
2026-10-04T04:33:17,shippingservice,11.6171875,0.0027999084448708266,0.0,0.1064,0.0614,0.0833,cpu_hog_cartservice_3
2026-10-04T04:33:17,checkoutservice,13.76171875,0.001359633666706734,0.0,0.1064,0.0614,0.0833,cpu_hog_cartservice_3
2026-10-04T04:33:17,frontend,14.91015625,0.05409578168634592,0.0,0.1064,0.0614,0.0833,cpu_hog_cartservice_3
2026-10-04T04:33:17,loadgenerator,88.86328125,0.0420378050874511,0.0,0.1064,0.0614,0.0833,cpu_hog_cartservice_3
2026-10-04T04:33:17,cartservice,44.29296875,0.0188512685545847,0.0,0.1064,0.0614,0.0833,cpu_hog_cartservice_3
2026-10-04T04:33:23,redis-cart,6.19140625,0.005030241317391689,0.0,0.0801,0.1316,0.0922,cpu_hog_cartservice_3
2026-10-04T04:33:23,paymentservice,35.46484375,0.0009160242160526563,0.0,0.0801,0.1316,0.0922,cpu_hog_cartservice_3
2026-10-04T04:33:23,currencyservice,41.54296875,0.027447058505748582,0.0,0.0801,0.1316,0.0922,cpu_hog_cartservice_3
2026-10-04T04:33:23,productcatalogservice,13.86328125,0.020189740379986505,0.0,0.0801,0.1316,0.0922,cpu_hog_cartservice_3
2026-10-04T04:33:23,adservice,107.046875,0.004816206538317262,0.0,0.0801,0.1316,0.0922,cpu_hog_cartservice_3
2026-10-04T04:33:23,recommendationservice,32.88671875,0.020902343473442258,4.0,0.0801,0.1316,0.0922,cpu_hog_cartservice_3
2026-10-04T04:33:23,emailservice,36.7421875,0.00636884004771942,0.0,0.0801,0.1316,0.0922,cpu_hog_cartservice_3
2026-10-04T04:33:23,shippingservice,11.6171875,0.0029511407170223856,0.0,0.0801,0.1316,0.0922,cpu_hog_cartservice_3
2026-10-04T04:33:23,checkoutservice,13.5078125,0.0017872167692548648,0.0,0.0801,0.1316,0.0922,cpu_hog_cartservice_3
2026-10-04T04:33:23,frontend,15.26953125,0.050966051372203725,0.0,0.0801,0.1316,0.0922,cpu_hog_cartservice_3
2026-10-04T04:33:23,loadgenerator,88.31640625,0.04748873393802622,0.0,0.0801,0.1316,0.0922,cpu_hog_cartservice_3
2026-10-04T04:33:23,cartservice,44.29296875,0.013047874999999999,0.0,0.0801,0.1316,0.0922,cpu_hog_cartservice_3
2026-10-04T04:33:28,redis-cart,6.19140625,0.004597924000610104,0.0,0.1355,0.2774,0.1907,cpu_hog_cartservice_3
2026-10-04T04:33:28,paymentservice,35.46484375,0.0009160242160526563,0.0,0.1355,0.2774,0.1907,cpu_hog_cartservice_3
2026-10-04T04:33:28,currencyservice,41.54296875,0.023125214176701735,0.0,0.1355,0.2774,0.1907,cpu_hog_cartservice_3
2026-10-04T04:33:28,productcatalogservice,13.86328125,0.01913849942240711,0.0,0.1355,0.2774,0.1907,cpu_hog_cartservice_3
2026-10-04T04:33:28,adservice,107.046875,0.0051947736156866715,0.0,0.1355,0.2774,0.1907,cpu_hog_cartservice_3
2026-10-04T04:33:28,recommendationservice,32.88671875,0.017250065385914653,4.0,0.1355,0.2774,0.1907,cpu_hog_cartservice_3
2026-10-04T04:33:28,emailservice,36.7421875,0.006662896569103684,0.0,0.1355,0.2774,0.1907,cpu_hog_cartservice_3
2026-10-04T04:33:28,shippingservice,11.6171875,0.0023571498692037053,0.0,0.1355,0.2774,0.1907,cpu_hog_cartservice_3
2026-10-04T04:33:28,checkoutservice,13.5078125,0.0017234816485162353,0.0,0.1355,0.2774,0.1907,cpu_hog_cartservice_3
2026-10-04T04:33:28,frontend,15.26953125,0.05205944787335967,0.0,0.1355,0.2774,0.1907,cpu_hog_cartservice_3
2026-10-04T04:33:28,loadgenerator,88.31640625,0.042324340918712205,0.0,0.1355,0.2774,0.1907,cpu_hog_cartservice_3
2026-10-04T04:33:28,cartservice,44.29296875,0.013888547317608711,0.0,0.1355,0.2774,0.1907,cpu_hog_cartservice_3
2026-10-04T04:33:34,redis-cart,6.19140625,0.00422703270903856,0.0,0.3216,0.118,0.0853,cpu_hog_cartservice_3
2026-10-04T04:33:34,paymentservice,35.46484375,0.0007132277769550796,0.0,0.3216,0.118,0.0853,cpu_hog_cartservice_3
2026-10-04T04:33:34,currencyservice,40.8828125,0.02764024402052575,0.0,0.3216,0.118,0.0853,cpu_hog_cartservice_3
2026-10-04T04:33:34,productcatalogservice,13.8359375,0.022319342655457923,0.0,0.3216,0.118,0.0853,cpu_hog_cartservice_3
2026-10-04T04:33:34,adservice,106.80859375,0.005142561855351231,0.0,0.3216,0.118,0.0853,cpu_hog_cartservice_3
2026-10-04T04:33:34,recommendationservice,32.87890625,0.02204281979821859,4.0,0.3216,0.118,0.0853,cpu_hog_cartservice_3
2026-10-04T04:33:34,emailservice,36.7421875,0.006684827345656482,0.0,0.3216,0.118,0.0853,cpu_hog_cartservice_3
2026-10-04T04:33:34,shippingservice,11.86328125,0.002633338115047693,0.0,0.3216,0.118,0.0853,cpu_hog_cartservice_3
2026-10-04T04:33:34,checkoutservice,13.74609375,0.0021080409216940503,0.0,0.3216,0.118,0.0853,cpu_hog_cartservice_3
2026-10-04T04:33:34,frontend,15.26953125,0.043508538950582924,0.0,0.3216,0.118,0.0853,cpu_hog_cartservice_3
2026-10-04T04:33:34,loadgenerator,88.50390625,0.007793336334981922,0.0,0.3216,0.118,0.0853,cpu_hog_cartservice_3
2026-10-04T04:33:34,cartservice,43.96484375,0.016318989857920525,0.0,0.3216,0.118,0.0853,cpu_hog_cartservice_3
