time,service,memory_mb,cpu_cores,restarts,latency_s,latency_product_s,latency_cart_s,label
2026-10-04T04:43:12,redis-cart,6.1796875,0.003837171838953971,0.0,0.0392,0.0201,0.018,cpu_hog_cartservice_4
2026-10-04T04:43:12,paymentservice,35.60546875,0.000938527817668059,0.0,0.0392,0.0201,0.018,cpu_hog_cartservice_4
2026-10-04T04:43:12,currencyservice,41.83984375,0.017311356564843804,0.0,0.0392,0.0201,0.018,cpu_hog_cartservice_4
2026-10-04T04:43:12,productcatalogservice,14.8671875,0.015931823387199045,0.0,0.0392,0.0201,0.018,cpu_hog_cartservice_4
2026-10-04T04:43:12,adservice,112.109375,0.004233838383838628,0.0,0.0392,0.0201,0.018,cpu_hog_cartservice_4
2026-10-04T04:43:12,recommendationservice,32.859375,0.016357569535186935,4.0,0.0392,0.0201,0.018,cpu_hog_cartservice_4
2026-10-04T04:43:12,emailservice,37.234375,0.004928393428692067,0.0,0.0392,0.0201,0.018,cpu_hog_cartservice_4
2026-10-04T04:43:12,shippingservice,11.52734375,0.0017361913524324229,0.0,0.0392,0.0201,0.018,cpu_hog_cartservice_4
2026-10-04T04:43:12,checkoutservice,13.578125,0.0010459390554816296,0.0,0.0392,0.0201,0.018,cpu_hog_cartservice_4
2026-10-04T04:43:12,frontend,14.8671875,0.0319744296034859,0.0,0.0392,0.0201,0.018,cpu_hog_cartservice_4
2026-10-04T04:43:12,loadgenerator,88.77734375,0.008145865667010496,0.0,0.0392,0.0201,0.018,cpu_hog_cartservice_4
2026-10-04T04:43:12,cartservice,46.84765625,0.008385719349787433,0.0,0.0392,0.0201,0.018,cpu_hog_cartservice_4
2026-10-04T04:43:17,redis-cart,6.1796875,0.0034186660070931246,0.0,0.1083,0.0268,0.0442,cpu_hog_cartservice_4
2026-10-04T04:43:17,paymentservice,35.60546875,0.000938527817668059,0.0,0.1083,0.0268,0.0442,cpu_hog_cartservice_4
2026-10-04T04:43:17,currencyservice,41.83984375,0.016310579234894724,0.0,0.1083,0.0268,0.0442,cpu_hog_cartservice_4
2026-10-04T04:43:17,productcatalogservice,14.8671875,0.013681497588822145,0.0,0.1083,0.0268,0.0442,cpu_hog_cartservice_4
2026-10-04T04:43:17,adservice,112.109375,0.004233838383838628,0.0,0.1083,0.0268,0.0442,cpu_hog_cartservice_4
2026-10-04T04:43:17,recommendationservice,32.859375,0.013329771512132332,4.0,0.1083,0.0268,0.0442,cpu_hog_cartservice_4
2026-10-04T04:43:17,emailservice,37.234375,0.005808188832022707,0.0,0.1083,0.0268,0.0442,cpu_hog_cartservice_4
2026-10-04T04:43:17,shippingservice,11.52734375,0.0020190488841658073,0.0,0.1083,0.0268,0.0442,cpu_hog_cartservice_4
2026-10-04T04:43:17,checkoutservice,13.578125,0.0010459390554816296,0.0,0.1083,0.0268,0.0442,cpu_hog_cartservice_4
2026-10-04T04:43:17,frontend,14.8671875,0.028752518384212927,0.0,0.1083,0.0268,0.0442,cpu_hog_cartservice_4
2026-10-04T04:43:17,loadgenerator,88.77734375,0.008145865667010496,0.0,0.1083,0.0268,0.0442,cpu_hog_cartservice_4
2026-10-04T04:43:17,cartservice,46.84765625,0.007507046721351384,0.0,0.1083,0.0268,0.0442,cpu_hog_cartservice_4
2026-10-04T04:43:23,redis-cart,6.42578125,0.004962980329112527,0.0,0.0361,0.0305,0.1832,cpu_hog_cartservice_4
2026-10-04T04:43:23,paymentservice,35.60546875,0.0006721500000001157,0.0,0.0361,0.0305,0.1832,cpu_hog_cartservice_4
2026-10-04T04:43:23,currencyservice,41.9296875,0.024835366668575443,0.0,0.0361,0.0305,0.1832,cpu_hog_cartservice_4
2026-10-04T04:43:23,productcatalogservice,14.8671875,0.012271796749444815,0.0,0.0361,0.0305,0.1832,cpu_hog_cartservice_4
2026-10-04T04:43:23,adservice,112.109375,0.004423111054765639,0.0,0.0361,0.0305,0.1832,cpu_hog_cartservice_4
2026-10-04T04:43:23,recommendationservice,32.6328125,0.018090085484065373,4.0,0.0361,0.0305,0.1832,cpu_hog_cartservice_4
2026-10-04T04:43:23,emailservice,37.234375,0.004929458263311271,0.0,0.0361,0.0305,0.1832,cpu_hog_cartservice_4
2026-10-04T04:43:23,shippingservice,11.81640625,0.0024924276299164686,0.0,0.0361,0.0305,0.1832,cpu_hog_cartservice_4
2026-10-04T04:43:23,checkoutservice,13.66796875,0.0031161914436762953,0.0,0.0361,0.0305,0.1832,cpu_hog_cartservice_4
2026-10-04T04:43:23,frontend,15.66796875,0.040116676815553524,0.0,0.0361,0.0305,0.1832,cpu_hog_cartservice_4
2026-10-04T04:43:23,loadgenerator,88.77734375,0.006714223334666141,0.0,0.0361,0.0305,0.1832,cpu_hog_cartservice_4
2026-10-04T04:43:23,cartservice,46.515625,0.011421806630764086,0.0,0.0361,0.0305,0.1832,cpu_hog_cartservice_4
2026-10-04T04:43:28,redis-cart,6.42578125,0.004196441451275811,0.0,0.0473,0.0199,0.031,cpu_hog_cartservice_4
2026-10-04T04:43:28,paymentservice,35.60546875,0.0007949968347751875,0.0,0.0473,0.0199,0.031,cpu_hog_cartservice_4
2026-10-04T04:43:28,currencyservice,41.9296875,0.026293749032954786,0.0,0.0473,0.0199,0.031,cpu_hog_cartservice_4
2026-10-04T04:43:28,productcatalogservice,14.8671875,0.012045976205907229,0.0,0.0473,0.0199,0.031,cpu_hog_cartservice_4
2026-10-04T04:43:28,adservice,112.109375,0.0035272099106228587,0.0,0.0473,0.0199,0.031,cpu_hog_cartservice_4
2026-10-04T04:43:28,recommendationservice,32.6328125,0.018090085484065373,4.0,0.0473,0.0199,0.031,cpu_hog_cartservice_4
2026-10-04T04:43:28,emailservice,37.234375,0.004444052619069637,0.0,0.0473,0.0199,0.031,cpu_hog_cartservice_4
2026-10-04T04:43:28,shippingservice,11.81640625,0.0027611257349502635,0.0,0.0473,0.0199,0.031,cpu_hog_cartservice_4
2026-10-04T04:43:28,checkoutservice,13.66796875,0.0035975311135237977,0.0,0.0473,0.0199,0.031,cpu_hog_cartservice_4
2026-10-04T04:43:28,frontend,15.66796875,0.032418397969862185,0.0,0.0473,0.0199,0.031,cpu_hog_cartservice_4
2026-10-04T04:43:28,loadgenerator,88.77734375,0.005988084778844072,0.0,0.0473,0.0199,0.031,cpu_hog_cartservice_4
2026-10-04T04:43:28,cartservice,46.515625,0.01076678648299615,0.0,0.0473,0.0199,0.031,cpu_hog_cartservice_4
2026-10-04T04:43:33,redis-cart,6.1796875,0.004936323249418735,0.0,0.0687,0.099,0.0197,cpu_hog_cartservice_4
2026-10-04T04:43:33,paymentservice,35.47265625,0.0014166411962476307,0.0,0.0687,0.099,0.0197,cpu_hog_cartservice_4
2026-10-04T04:43:33,currencyservice,41.9296875,0.022758116246323463,0.0,0.0687,0.099,0.0197,cpu_hog_cartservice_4
2026-10-04T04:43:33,productcatalogservice,14.375,0.019569961969284518,0.0,0.0687,0.099,0.0197,cpu_hog_cartservice_4
2026-10-04T04:43:33,adservice,112.61328125,0.004729929125046135,0.0,0.0687,0.099,0.0197,cpu_hog_cartservice_4
2026-10-04T04:43:33,recommendationservice,32.6328125,0.018528777725832196,4.0,0.0687,0.099,0.0197,cpu_hog_cartservice_4
2026-10-04T04:43:33,emailservice,36.9921875,0.005980355119003068,0.0,0.0687,0.099,0.0197,cpu_hog_cartservice_4
2026-10-04T04:43:33,shippingservice,11.81640625,0.0027611257349502635,0.0,0.0687,0.099,0.0197,cpu_hog_cartservice_4
2026-10-04T04:43:33,checkoutservice,13.66796875,0.003021156663427375,0.0,0.0687,0.099,0.0197,cpu_hog_cartservice_4
2026-10-04T04:43:33,frontend,14.375,0.048715952602127494,0.0,0.0687,0.099,0.0197,cpu_hog_cartservice_4
2026-10-04T04:43:33,loadgenerator,88.7734375,0.008484686815815233,0.0,0.0687,0.099,0.0197,cpu_hog_cartservice_4
2026-10-04T04:43:33,cartservice,45.75,0.01481080158071916,0.0,0.0687,0.099,0.0197,cpu_hog_cartservice_4
2026-10-04T04:43:38,redis-cart,6.1796875,0.004936323249418735,0.0,0.1339,0.0821,0.1836,cpu_hog_cartservice_4
2026-10-04T04:43:38,paymentservice,35.47265625,0.0014166411962476307,0.0,0.1339,0.0821,0.1836,cpu_hog_cartservice_4
2026-10-04T04:43:38,currencyservice,41.9296875,0.02036976737583007,0.0,0.1339,0.0821,0.1836,cpu_hog_cartservice_4
2026-10-04T04:43:38,productcatalogservice,14.375,0.02179825536646313,0.0,0.1339,0.0821,0.1836,cpu_hog_cartservice_4
2026-10-04T04:43:38,adservice,112.61328125,0.00487284410899888,0.0,0.1339,0.0821,0.1836,cpu_hog_cartservice_4
2026-10-04T04:43:38,recommendationservice,32.6328125,0.015938928053035817,4.0,0.1339,0.0821,0.1836,cpu_hog_cartservice_4
2026-10-04T04:43:38,emailservice,36.9921875,0.005111675313772767,0.0,0.1339,0.0821,0.1836,cpu_hog_cartservice_4
2026-10-04T04:43:38,shippingservice,11.81640625,0.00226383299971088,0.0,0.1339,0.0821,0.1836,cpu_hog_cartservice_4
2026-10-04T04:43:38,checkoutservice,13.66796875,0.0035268754882076905,0.0,0.1339,0.0821,0.1836,cpu_hog_cartservice_4
2026-10-04T04:43:38,frontend,14.375,0.048715952602127494,0.0,0.1339,0.0821,0.1836,cpu_hog_cartservice_4
2026-10-04T04:43:38,loadgenerator,88.7734375,0.008484686815815233,0.0,0.1339,0.0821,0.1836,cpu_hog_cartservice_4
2026-10-04T04:43:38,cartservice,45.75,0.01481080158071916,0.0,0.1339,0.0821,0.1836,cpu_hog_cartservice_4
2026-10-04T04:43:44,redis-cart,6.1796875,0.004042383268030876,0.0,0.0536,0.0953,0.0864,cpu_hog_cartservice_4
2026-10-04T04:43:44,paymentservice,35.47265625,0.001022324796251096,0.0,0.0536,0.0953,0.0864,cpu_hog_cartservice_4
2026-10-04T04:43:44,currencyservice,40.921875,0.02679464596129682,0.0,0.0536,0.0953,0.0864,cpu_hog_cartservice_4
2026-10-04T04:43:44,productcatalogservice,14.375,0.01704650817476625,0.0,0.0536,0.0953,0.0864,cpu_hog_cartservice_4
2026-10-04T04:43:44,adservice,111.87109375,0.004529817281306188,0.0,0.0536,0.0953,0.0864,cpu_hog_cartservice_4
2026-10-04T04:43:44,recommendationservice,32.62890625,0.019552295711423407,4.0,0.0536,0.0953,0.0864,cpu_hog_cartservice_4
2026-10-04T04:43:44,emailservice,37.00390625,0.005794331274990109,0.0,0.0536,0.0953,0.0864,cpu_hog_cartservice_4
2026-10-04T04:43:44,shippingservice,12.06640625,0.0029857680279202947,0.0,0.0536,0.0953,0.0864,cpu_hog_cartservice_4
2026-10-04T04:43:44,checkoutservice,13.6953125,0.004098795290681783,0.0,0.0536,0.0953,0.0864,cpu_hog_cartservice_4
2026-10-04T04:43:44,frontend,14.375,0.044388447959251065,0.0,0.0536,0.0953,0.0864,cpu_hog_cartservice_4
2026-10-04T04:43:44,loadgenerator,88.7734375,0.008360699258666716,0.0,0.0536,0.0953,0.0864,cpu_hog_cartservice_4
2026-10-04T04:43:44,cartservice,45.75,0.012762165656730723,0.0,0.0536,0.0953,0.0864,cpu_hog_cartservice_4
2026-10-04T04:43:49,redis-cart,6.1796875,0.0036007420398204686,0.0,0.0898,0.0158,0.0704,cpu_hog_cartservice_4
2026-10-04T04:43:49,paymentservice,35.47265625,0.0009077402256407326,0.0,0.0898,0.0158,0.0704,cpu_hog_cartservice_4
2026-10-04T04:43:49,currencyservice,40.921875,0.026794645961296822,0.0,0.0898,0.0158,0.0704,cpu_hog_cartservice_4
2026-10-04T04:43:49,productcatalogservice,14.375,0.016180460072983693,0.0,0.0898,0.0158,0.0704,cpu_hog_cartservice_4
2026-10-04T04:43:49,adservice,111.87109375,0.004529817281306188,0.0,0.0898,0.0158,0.0704,cpu_hog_cartservice_4
2026-10-04T04:43:49,recommendationservice,32.62890625,0.019552295711423407,4.0,0.0898,0.0158,0.0704,cpu_hog_cartservice_4
2026-10-04T04:43:49,emailservice,37.00390625,0.005794331274990109,0.0,0.0898,0.0158,0.0704,cpu_hog_cartservice_4
2026-10-04T04:43:49,shippingservice,12.06640625,0.0029857680279202947,0.0,0.0898,0.0158,0.0704,cpu_hog_cartservice_4
2026-10-04T04:43:49,checkoutservice,13.6953125,0.004494507449444652,0.0,0.0898,0.0158,0.0704,cpu_hog_cartservice_4
2026-10-04T04:43:49,frontend,14.375,0.03974540501570965,0.0,0.0898,0.0158,0.0704,cpu_hog_cartservice_4
2026-10-04T04:43:49,loadgenerator,88.7734375,0.0060602528576445686,0.0,0.0898,0.0158,0.0704,cpu_hog_cartservice_4
2026-10-04T04:43:49,cartservice,45.75,0.01134635694053488,0.0,0.0898,0.0158,0.0704,cpu_hog_cartservice_4
2026-10-04T04:43:54,redis-cart,5.92578125,0.003725240370808639,0.0,0.0591,0.0621,0.0793,cpu_hog_cartservice_4
2026-10-04T04:43:54,paymentservice,35.4921875,0.0016602128444232684,0.0,0.0591,0.0621,0.0793,cpu_hog_cartservice_4
2026-10-04T04:43:54,currencyservice,41.25,0.025793343470903306,0.0,0.0591,0.0621,0.0793,cpu_hog_cartservice_4
2026-10-04T04:43:54,productcatalogservice,13.85546875,0.02184667920929837,0.0,0.0591,0.0621,0.0793,cpu_hog_cartservice_4
2026-10-04T04:43:54,adservice,111.87109375,0.0037480687133482756,0.0,0.0591,0.0621,0.0793,cpu_hog_cartservice_4
2026-10-04T04:43:54,recommendationservice,32.88671875,0.019415589479634194,4.0,0.0591,0.0621,0.0793,cpu_hog_cartservice_4
2026-10-04T04:43:54,emailservice,37.00390625,0.004805770073382837,0.0,0.0591,0.0621,0.0793,cpu_hog_cartservice_4
2026-10-04T04:43:54,shippingservice,12.06640625,0.0027762856038926025,0.0,0.0591,0.0621,0.0793,cpu_hog_cartservice_4
2026-10-04T04:43:54,checkoutservice,13.70703125,0.003985249621784929,0.0,0.0591,0.0621,0.0793,cpu_hog_cartservice_4
2026-10-04T04:43:54,frontend,14.9296875,0.04956504357199751,0.0,0.0591,0.0621,0.0793,cpu_hog_cartservice_4
2026-10-04T04:43:54,loadgenerator,88.9921875,0.008082539440589852,0.0,0.0591,0.0621,0.0793,cpu_hog_cartservice_4
2026-10-04T04:43:54,cartservice,46.1484375,0.015514269424471821,0.0,0.0591,0.0621,0.0793,cpu_hog_cartservice_4
2026-10-04T04:44:00,redis-cart,6.67578125,0.00449235791005932,0.0,0.0611,0.0789,0.1065,cpu_hog_cartservice_4
2026-10-04T04:44:00,paymentservice,35.54296875,0.0016761186023712545,0.0,0.0611,0.0789,0.1065,cpu_hog_cartservice_4
2026-10-04T04:44:00,currencyservice,41.25,0.025793343470903306,0.0,0.0611,0.0789,0.1065,cpu_hog_cartservice_4
2026-10-04T04:44:00,productcatalogservice,14.140625,0.022435256054721676,0.0,0.0611,0.0789,0.1065,cpu_hog_cartservice_4
2026-10-04T04:44:00,adservice,112.359375,0.004817616198405137,0.0,0.0611,0.0789,0.1065,cpu_hog_cartservice_4
2026-10-04T04:44:00,recommendationservice,32.88671875,0.019130932123276517,4.0,0.0611,0.0789,0.1065,cpu_hog_cartservice_4
2026-10-04T04:44:00,emailservice,36.9921875,0.00542692887519017,0.0,0.0611,0.0789,0.1065,cpu_hog_cartservice_4
2026-10-04T04:44:00,shippingservice,11.57421875,0.0030749924468041743,0.0,0.0611,0.0789,0.1065,cpu_hog_cartservice_4
2026-10-04T04:44:00,checkoutservice,13.70703125,0.003985249621784929,0.0,0.0611,0.0789,0.1065,cpu_hog_cartservice_4
2026-10-04T04:44:00,frontend,14.9296875,0.04371429719229306,0.0,0.0611,0.0789,0.1065,cpu_hog_cartservice_4
2026-10-04T04:44:00,loadgenerator,88.76953125,0.007906156096788297,0.0,0.0611,0.0789,0.1065,cpu_hog_cartservice_4
2026-10-04T04:44:00,cartservice,46.1484375,0.015514269424471821,0.0,0.0611,0.0789,0.1065,cpu_hog_cartservice_4
2026-10-04T04:44:05,redis-cart,6.67578125,0.00449235791005932,0.0,0.0495,0.0498,0.039,cpu_hog_cartservice_4
2026-10-04T04:44:05,paymentservice,35.54296875,0.0016039898013505167,0.0,0.0495,0.0498,0.039,cpu_hog_cartservice_4
2026-10-04T04:44:05,currencyservice,41.25,0.01697585531370523,0.0,0.0495,0.0498,0.039,cpu_hog_cartservice_4
2026-10-04T04:44:05,productcatalogservice,14.140625,0.02227186472248429,0.0,0.0495,0.0498,0.039,cpu_hog_cartservice_4
2026-10-04T04:44:05,adservice,112.359375,0.004817616198405137,0.0,0.0495,0.0498,0.039,cpu_hog_cartservice_4
2026-10-04T04:44:05,recommendationservice,32.88671875,0.019130932123276517,4.0,0.0495,0.0498,0.039,cpu_hog_cartservice_4
2026-10-04T04:44:05,emailservice,36.9921875,0.00542692887519017,0.0,0.0495,0.0498,0.039,cpu_hog_cartservice_4
2026-10-04T04:44:05,shippingservice,11.57421875,0.002774438400786683,0.0,0.0495,0.0498,0.039,cpu_hog_cartservice_4
2026-10-04T04:44:05,checkoutservice,13.70703125,0.0016936651720593867,0.0,0.0495,0.0498,0.039,cpu_hog_cartservice_4
2026-10-04T04:44:05,frontend,14.9296875,0.039177885241387794,0.0,0.0495,0.0498,0.039,cpu_hog_cartservice_4
2026-10-04T04:44:05,loadgenerator,88.76953125,0.0063380735227497546,0.0,0.0495,0.0498,0.039,cpu_hog_cartservice_4
2026-10-04T04:44:05,cartservice,46.1484375,0.011744495882692975,0.0,0.0495,0.0498,0.039,cpu_hog_cartservice_4
2026-10-04T04:44:10,redis-cart,5.9296875,0.00459975560221738,0.0,0.0234,0.0171,0.0277,cpu_hog_cartservice_4
2026-10-04T04:44:10,paymentservice,35.54296875,0.0016039898013505167,0.0,0.0234,0.0171,0.0277,cpu_hog_cartservice_4
2026-10-04T04:44:10,currencyservice,41.3984375,0.02493036996826743,0.0,0.0234,0.0171,0.0277,cpu_hog_cartservice_4
2026-10-04T04:44:10,productcatalogservice,14.140625,0.022271864722484287,0.0,0.0234,0.0171,0.0277,cpu_hog_cartservice_4
2026-10-04T04:44:10,adservice,112.35546875,0.004752260899734158,0.0,0.0234,0.0171,0.0277,cpu_hog_cartservice_4
2026-10-04T04:44:10,recommendationservice,33.1328125,0.020593549260892595,4.0,0.0234,0.0171,0.0277,cpu_hog_cartservice_4
2026-10-04T04:44:10,emailservice,37.24609375,0.005308514246948137,0.0,0.0234,0.0171,0.0277,cpu_hog_cartservice_4
2026-10-04T04:44:10,shippingservice,11.8203125,0.0028495366244872967,0.0,0.0234,0.0171,0.0277,cpu_hog_cartservice_4
2026-10-04T04:44:10,checkoutservice,13.97265625,0.0018811562161907564,0.0,0.0234,0.0171,0.0277,cpu_hog_cartservice_4
2026-10-04T04:44:10,frontend,14.96484375,0.05058668043992559,0.0,0.0234,0.0171,0.0277,cpu_hog_cartservice_4
2026-10-04T04:44:10,loadgenerator,88.51953125,0.007789382842746855,0.0,0.0234,0.0171,0.0277,cpu_hog_cartservice_4
2026-10-04T04:44:10,cartservice,46.6953125,0.015274159663865545,0.0,0.0234,0.0171,0.0277,cpu_hog_cartservice_4
2026-10-04T04:44:15,redis-cart,5.9296875,0.004546941070625274,0.0,0.1055,0.1412,0.0711,cpu_hog_cartservice_4
2026-10-04T04:44:15,paymentservice,35.54296875,0.0016039898013505167,0.0,0.1055,0.1412,0.0711,cpu_hog_cartservice_4
2026-10-04T04:44:15,currencyservice,41.3984375,0.02493036996826743,0.0,0.1055,0.1412,0.0711,cpu_hog_cartservice_4
2026-10-04T04:44:15,productcatalogservice,14.140625,0.018356378104835206,0.0,0.1055,0.1412,0.0711,cpu_hog_cartservice_4
2026-10-04T04:44:15,adservice,112.35546875,0.004752260899734158,0.0,0.1055,0.1412,0.0711,cpu_hog_cartservice_4
2026-10-04T04:44:15,recommendationservice,33.1328125,0.020593549260892595,4.0,0.1055,0.1412,0.0711,cpu_hog_cartservice_4
2026-10-04T04:44:15,emailservice,37.24609375,0.005308514246948137,0.0,0.1055,0.1412,0.0711,cpu_hog_cartservice_4
2026-10-04T04:44:15,shippingservice,11.8203125,0.0028495366244872967,0.0,0.1055,0.1412,0.0711,cpu_hog_cartservice_4
2026-10-04T04:44:15,checkoutservice,13.97265625,0.0015974883096570582,0.0,0.1055,0.1412,0.0711,cpu_hog_cartservice_4
2026-10-04T04:44:15,frontend,14.96484375,0.05058668043992559,0.0,0.1055,0.1412,0.0711,cpu_hog_cartservice_4
2026-10-04T04:44:15,loadgenerator,88.51953125,0.007789382842746852,0.0,0.1055,0.1412,0.0711,cpu_hog_cartservice_4
2026-10-04T04:44:15,cartservice,46.6953125,0.014036563071297973,0.0,0.1055,0.1412,0.0711,cpu_hog_cartservice_4
2026-10-04T04:44:21,redis-cart,5.9296875,0.004546941070625274,0.0,0.0946,0.1247,0.1153,cpu_hog_cartservice_4
2026-10-04T04:44:21,paymentservice,35.49609375,0.0014786479995314288,0.0,0.0946,0.1247,0.1153,cpu_hog_cartservice_4
2026-10-04T04:44:21,currencyservice,41.3984375,0.02644589281393719,0.0,0.0946,0.1247,0.1153,cpu_hog_cartservice_4
2026-10-04T04:44:21,productcatalogservice,13.62109375,0.02196538101872041,0.0,0.0946,0.1247,0.1153,cpu_hog_cartservice_4
2026-10-04T04:44:21,adservice,112.36328125,0.004745340688832538,0.0,0.0946,0.1247,0.1153,cpu_hog_cartservice_4
2026-10-04T04:44:21,recommendationservice,33.1328125,0.021308794769256918,4.0,0.0946,0.1247,0.1153,cpu_hog_cartservice_4
2026-10-04T04:44:21,emailservice,37.24609375,0.004418423866464016,0.0,0.0946,0.1247,0.1153,cpu_hog_cartservice_4
2026-10-04T04:44:21,shippingservice,11.8203125,0.0022110682599700837,0.0,0.0946,0.1247,0.1153,cpu_hog_cartservice_4
2026-10-04T04:44:21,checkoutservice,14.76953125,0.0016702736975587312,0.0,0.0946,0.1247,0.1153,cpu_hog_cartservice_4
2026-10-04T04:44:21,frontend,14.72265625,0.04794566267590115,0.0,0.0946,0.1247,0.1153,cpu_hog_cartservice_4
2026-10-04T04:44:21,loadgenerator,88.484375,0.007485741940286849,0.0,0.0946,0.1247,0.1153,cpu_hog_cartservice_4
2026-10-04T04:44:21,cartservice,47.31640625,0.013982395547573447,0.0,0.0946,0.1247,0.1153,cpu_hog_cartservice_4
2026-10-04T04:44:26,redis-cart,5.9296875,0.003990723024407222,0.0,0.0465,0.1199,0.0839,cpu_hog_cartservice_4
2026-10-04T04:44:26,paymentservice,35.49609375,0.0014568194035987352,0.0,0.0465,0.1199,0.0839,cpu_hog_cartservice_4
2026-10-04T04:44:26,currencyservice,41.3984375,0.02133566479252406,0.0,0.0465,0.1199,0.0839,cpu_hog_cartservice_4
2026-10-04T04:44:26,productcatalogservice,13.62109375,0.022550181523598143,0.0,0.0465,0.1199,0.0839,cpu_hog_cartservice_4
2026-10-04T04:44:26,adservice,112.36328125,0.005076893649579031,0.0,0.0465,0.1199,0.0839,cpu_hog_cartservice_4
2026-10-04T04:44:26,recommendationservice,33.1328125,0.021308794769256918,4.0,0.0465,0.1199,0.0839,cpu_hog_cartservice_4
2026-10-04T04:44:26,emailservice,37.24609375,0.003922863444047494,0.0,0.0465,0.1199,0.0839,cpu_hog_cartservice_4
2026-10-04T04:44:26,shippingservice,11.8203125,0.0019698957254913664,0.0,0.0465,0.1199,0.0839,cpu_hog_cartservice_4
2026-10-04T04:44:26,checkoutservice,14.76953125,0.0016702736975587312,0.0,0.0465,0.1199,0.0839,cpu_hog_cartservice_4
2026-10-04T04:44:26,frontend,14.72265625,0.04794566267590115,0.0,0.0465,0.1199,0.0839,cpu_hog_cartservice_4
2026-10-04T04:44:26,loadgenerator,88.484375,0.006087338670228724,0.0,0.0465,0.1199,0.0839,cpu_hog_cartservice_4
2026-10-04T04:44:26,cartservice,47.31640625,0.01447811646386887,0.0,0.0465,0.1199,0.0839,cpu_hog_cartservice_4
2026-10-04T04:44:32,redis-cart,6.671875,0.004528048780487927,0.0,0.0572,0.0752,0.1377,cpu_hog_cartservice_4
2026-10-04T04:44:32,paymentservice,35.49609375,0.0012255918138433743,0.0,0.0572,0.0752,0.1377,cpu_hog_cartservice_4
2026-10-04T04:44:32,currencyservice,40.98828125,0.02446953781512509,0.0,0.0572,0.0752,0.1377,cpu_hog_cartservice_4
2026-10-04T04:44:32,productcatalogservice,13.62890625,0.023257383161728432,0.0,0.0572,0.0752,0.1377,cpu_hog_cartservice_4
2026-10-04T04:44:32,adservice,112.36328125,0.005076893649579031,0.0,0.0572,0.0752,0.1377,cpu_hog_cartservice_4
2026-10-04T04:44:32,recommendationservice,32.87109375,0.020916197659802266,4.0,0.0572,0.0752,0.1377,cpu_hog_cartservice_4
2026-10-04T04:44:32,emailservice,36.74609375,0.0051536707491956464,0.0,0.0572,0.0752,0.1377,cpu_hog_cartservice_4
2026-10-04T04:44:32,shippingservice,11.83203125,0.0025947582016462834,0.0,0.0572,0.0752,0.1377,cpu_hog_cartservice_4
2026-10-04T04:44:32,checkoutservice,14.76953125,0.0018988493851207786,0.0,0.0572,0.0752,0.1377,cpu_hog_cartservice_4
2026-10-04T04:44:32,frontend,15.73828125,0.05076973255056357,0.0,0.0572,0.0752,0.1377,cpu_hog_cartservice_4
2026-10-04T04:44:32,loadgenerator,88.484375,0.006148866526504532,0.0,0.0572,0.0752,0.1377,cpu_hog_cartservice_4
2026-10-04T04:44:32,cartservice,47.3125,0.014430774872724098,0.0,0.0572,0.0752,0.1377,cpu_hog_cartservice_4
2026-10-04T04:44:37,redis-cart,6.671875,0.0037239176287263867,0.0,0.0455,0.0689,0.0571,cpu_hog_cartservice_4
2026-10-04T04:44:37,paymentservice,35.49609375,0.0010978773127945517,0.0,0.0455,0.0689,0.0571,cpu_hog_cartservice_4
2026-10-04T04:44:37,currencyservice,40.98828125,0.02606677835051555,0.0,0.0455,0.0689,0.0571,cpu_hog_cartservice_4
2026-10-04T04:44:37,productcatalogservice,13.62890625,0.023257383161728432,0.0,0.0455,0.0689,0.0571,cpu_hog_cartservice_4
2026-10-04T04:44:37,adservice,112.36328125,0.0030267249999994307,0.0,0.0455,0.0689,0.0571,cpu_hog_cartservice_4
2026-10-04T04:44:37,recommendationservice,32.87109375,0.021625574927800276,4.0,0.0455,0.0689,0.0571,cpu_hog_cartservice_4
2026-10-04T04:44:37,emailservice,36.74609375,0.004284146283541773,0.0,0.0455,0.0689,0.0571,cpu_hog_cartservice_4
2026-10-04T04:44:37,shippingservice,11.83203125,0.0022479276168066945,0.0,0.0455,0.0689,0.0571,cpu_hog_cartservice_4
2026-10-04T04:44:37,checkoutservice,14.76953125,0.0018988493851207786,0.0,0.0455,0.0689,0.0571,cpu_hog_cartservice_4
2026-10-04T04:44:37,frontend,15.73828125,0.05076973255056357,0.0,0.0455,0.0689,0.0571,cpu_hog_cartservice_4
2026-10-04T04:44:37,loadgenerator,88.484375,0.005508002122522844,0.0,0.0455,0.0689,0.0571,cpu_hog_cartservice_4
2026-10-04T04:44:37,cartservice,47.3125,0.014430774872724098,0.0,0.0455,0.0689,0.0571,cpu_hog_cartservice_4
2026-10-04T04:44:42,redis-cart,5.9296875,0.0038803259206045787,0.0,0.0289,0.0887,0.0975,cpu_hog_cartservice_4
2026-10-04T04:44:42,paymentservice,35.50390625,0.0019226442777961108,0.0,0.0289,0.0887,0.0975,cpu_hog_cartservice_4
2026-10-04T04:44:42,currencyservice,40.98828125,0.02606677835051555,0.0,0.0289,0.0887,0.0975,cpu_hog_cartservice_4
2026-10-04T04:44:42,productcatalogservice,13.85546875,0.021370650102353343,0.0,0.0289,0.0887,0.0975,cpu_hog_cartservice_4
2026-10-04T04:44:42,adservice,112.33984375,0.004929921411696359,0.0,0.0289,0.0887,0.0975,cpu_hog_cartservice_4
2026-10-04T04:44:42,recommendationservice,32.87109375,0.021625574927800276,4.0,0.0289,0.0887,0.0975,cpu_hog_cartservice_4
2026-10-04T04:44:42,emailservice,36.7421875,0.005563735697811675,0.0,0.0289,0.0887,0.0975,cpu_hog_cartservice_4
2026-10-04T04:44:42,shippingservice,12.0703125,0.0026821058625141844,0.0,0.0289,0.0887,0.0975,cpu_hog_cartservice_4
2026-10-04T04:44:42,checkoutservice,13.8125,0.001736252815688315,0.0,0.0289,0.0887,0.0975,cpu_hog_cartservice_4
2026-10-04T04:44:42,frontend,15.73828125,0.029031100000008792,0.0,0.0289,0.0887,0.0975,cpu_hog_cartservice_4
2026-10-04T04:44:42,loadgenerator,89.01953125,0.007704528961161573,0.0,0.0289,0.0887,0.0975,cpu_hog_cartservice_4
2026-10-04T04:44:42,cartservice,46.7265625,0.15727730187533878,0.0,0.0289,0.0887,0.0975,cpu_hog_cartservice_4
2026-10-04T04:44:47,redis-cart,5.9296875,0.003587696821094373,0.0,0.2625,0.0845,0.0895,cpu_hog_cartservice_4
2026-10-04T04:44:47,paymentservice,35.50390625,0.0020247186921843355,0.0,0.2625,0.0845,0.0895,cpu_hog_cartservice_4
2026-10-04T04:44:47,currencyservice,40.98828125,0.016749407136191156,0.0,0.2625,0.0845,0.0895,cpu_hog_cartservice_4
2026-10-04T04:44:47,productcatalogservice,13.85546875,0.02137065010235335,0.0,0.2625,0.0845,0.0895,cpu_hog_cartservice_4
2026-10-04T04:44:47,adservice,112.33984375,0.004929921411696359,0.0,0.2625,0.0845,0.0895,cpu_hog_cartservice_4
2026-10-04T04:44:47,recommendationservice,32.87109375,0.017163497967697488,4.0,0.2625,0.0845,0.0895,cpu_hog_cartservice_4
2026-10-04T04:44:47,emailservice,36.7421875,0.005563735697811675,0.0,0.2625,0.0845,0.0895,cpu_hog_cartservice_4
2026-10-04T04:44:47,shippingservice,12.0703125,0.0026821058625141844,0.0,0.2625,0.0845,0.0895,cpu_hog_cartservice_4
2026-10-04T04:44:47,checkoutservice,13.8125,0.0018758797585158354,0.0,0.2625,0.0845,0.0895,cpu_hog_cartservice_4
2026-10-04T04:44:47,frontend,15.73828125,0.033658900497931625,0.0,0.2625,0.0845,0.0895,cpu_hog_cartservice_4
2026-10-04T04:44:47,loadgenerator,89.01953125,0.006287901501366661,0.0,0.2625,0.0845,0.0895,cpu_hog_cartservice_4
2026-10-04T04:44:47,cartservice,46.7265625,0.1784782614254021,0.0,0.2625,0.0845,0.0895,cpu_hog_cartservice_4
2026-10-04T04:44:53,redis-cart,5.92578125,0.004458388375165709,0.0,0.0367,0.0203,0.0132,cpu_hog_cartservice_4
2026-10-04T04:44:53,paymentservice,35.50390625,0.0015875059995907805,0.0,0.0367,0.0203,0.0132,cpu_hog_cartservice_4
2026-10-04T04:44:53,currencyservice,41.703125,0.021177680645556418,0.0,0.0367,0.0203,0.0132,cpu_hog_cartservice_4
2026-10-04T04:44:53,productcatalogservice,13.85546875,0.02137065010235335,0.0,0.0367,0.0203,0.0132,cpu_hog_cartservice_4
2026-10-04T04:44:53,adservice,111.86328125,0.004889410556431476,0.0,0.0367,0.0203,0.0132,cpu_hog_cartservice_4
2026-10-04T04:44:53,recommendationservice,32.87109375,0.02001998001998121,4.0,0.0367,0.0203,0.0132,cpu_hog_cartservice_4
2026-10-04T04:44:53,emailservice,36.7421875,0.005298604503646672,0.0,0.0367,0.0203,0.0132,cpu_hog_cartservice_4
2026-10-04T04:44:53,shippingservice,11.8203125,0.0022852491258744806,0.0,0.0367,0.0203,0.0132,cpu_hog_cartservice_4
2026-10-04T04:44:53,checkoutservice,13.83984375,0.0013861214623829845,0.0,0.0367,0.0203,0.0132,cpu_hog_cartservice_4
2026-10-04T04:44:53,frontend,13.98046875,0.04773175826216,0.0,0.0367,0.0203,0.0132,cpu_hog_cartservice_4
2026-10-04T04:44:53,loadgenerator,88.53515625,0.007308158482552624,0.0,0.0367,0.0203,0.0132,cpu_hog_cartservice_4
2026-10-04T04:44:53,cartservice,47.40625,0.20751408294187385,0.0,0.0367,0.0203,0.0132,cpu_hog_cartservice_4
2026-10-04T04:44:58,redis-cart,5.92578125,0.0042860131731885685,0.0,0.0526,0.0323,0.0222,cpu_hog_cartservice_4
2026-10-04T04:44:58,paymentservice,35.50390625,0.001413346446751391,0.0,0.0526,0.0323,0.0222,cpu_hog_cartservice_4
2026-10-04T04:44:58,currencyservice,41.703125,0.017407700529303283,0.0,0.0526,0.0323,0.0222,cpu_hog_cartservice_4
2026-10-04T04:44:58,productcatalogservice,13.85546875,0.01306372500000066,0.0,0.0526,0.0323,0.0222,cpu_hog_cartservice_4
2026-10-04T04:44:58,adservice,111.86328125,0.004781368961367432,0.0,0.0526,0.0323,0.0222,cpu_hog_cartservice_4
2026-10-04T04:44:58,recommendationservice,32.87109375,0.02001998001998121,4.0,0.0526,0.0323,0.0222,cpu_hog_cartservice_4
2026-10-04T04:44:58,emailservice,36.7421875,0.005298604503646672,0.0,0.0526,0.0323,0.0222,cpu_hog_cartservice_4
2026-10-04T04:44:58,shippingservice,11.8203125,0.002285249125874481,0.0,0.0526,0.0323,0.0222,cpu_hog_cartservice_4
2026-10-04T04:44:58,checkoutservice,13.83984375,0.0013861214623829845,0.0,0.0526,0.0323,0.0222,cpu_hog_cartservice_4
2026-10-04T04:44:58,frontend,13.98046875,0.04773175826216,0.0,0.0526,0.0323,0.0222,cpu_hog_cartservice_4
2026-10-04T04:44:58,loadgenerator,88.53515625,0.0070391606080645736,0.0,0.0526,0.0323,0.0222,cpu_hog_cartservice_4
2026-10-04T04:44:58,cartservice,47.40625,0.2322160045874815,0.0,0.0526,0.0323,0.0222,cpu_hog_cartservice_4
2026-10-04T04:45:03,redis-cart,5.92578125,0.003633860552111485,0.0,0.0456,0.0301,0.0225,cpu_hog_cartservice_4
2026-10-04T04:45:03,paymentservice,35.52734375,0.0016464100960718508,0.0,0.0456,0.0301,0.0225,cpu_hog_cartservice_4
2026-10-04T04:45:03,currencyservice,41.0078125,0.023385581718326037,0.0,0.0456,0.0301,0.0225,cpu_hog_cartservice_4
2026-10-04T04:45:03,productcatalogservice,13.1171875,0.021447282824275084,0.0,0.0456,0.0301,0.0225,cpu_hog_cartservice_4
2026-10-04T04:45:03,adservice,111.86328125,0.004781368961367432,0.0,0.0456,0.0301,0.0225,cpu_hog_cartservice_4
2026-10-04T04:45:03,recommendationservice,32.6171875,0.018720667926908997,4.0,0.0456,0.0301,0.0225,cpu_hog_cartservice_4
2026-10-04T04:45:03,emailservice,36.7421875,0.005298604503646672,0.0,0.0456,0.0301,0.0225,cpu_hog_cartservice_4
2026-10-04T04:45:03,shippingservice,11.8203125,0.001861652955835337,0.0,0.0456,0.0301,0.0225,cpu_hog_cartservice_4
2026-10-04T04:45:03,checkoutservice,13.83984375,0.0008331893974629968,0.0,0.0456,0.0301,0.0225,cpu_hog_cartservice_4
2026-10-04T04:45:03,frontend,14.984375,0.04906200829459337,0.0,0.0456,0.0301,0.0225,cpu_hog_cartservice_4
2026-10-04T04:45:03,loadgenerator,88.53515625,0.0070391606080645736,0.0,0.0456,0.0301,0.0225,cpu_hog_cartservice_4
2026-10-04T04:45:03,cartservice,4.19140625,0.252486447609764,0.0,0.0456,0.0301,0.0225,cpu_hog_cartservice_4
2026-10-04T04:45:08,redis-cart,5.92578125,0.003261048839596966,0.0,0.0313,0.0495,0.0443,cpu_hog_cartservice_4
2026-10-04T04:45:08,paymentservice,35.52734375,0.0016464100960718508,0.0,0.0313,0.0495,0.0443,cpu_hog_cartservice_4
2026-10-04T04:45:08,currencyservice,41.0078125,0.020686423369028404,0.0,0.0313,0.0495,0.0443,cpu_hog_cartservice_4
2026-10-04T04:45:08,productcatalogservice,13.1171875,0.017917238798756275,0.0,0.0313,0.0495,0.0443,cpu_hog_cartservice_4
2026-10-04T04:45:08,adservice,111.86328125,0.0038090443111303235,0.0,0.0313,0.0495,0.0443,cpu_hog_cartservice_4
2026-10-04T04:45:08,recommendationservice,32.6171875,0.018720667926908997,4.0,0.0313,0.0495,0.0443,cpu_hog_cartservice_4
2026-10-04T04:45:08,emailservice,36.7421875,0.004307098659972621,0.0,0.0313,0.0495,0.0443,cpu_hog_cartservice_4
2026-10-04T04:45:08,shippingservice,11.8203125,0.0017588878824586344,0.0,0.0313,0.0495,0.0443,cpu_hog_cartservice_4
2026-10-04T04:45:08,checkoutservice,13.83984375,0.0006685303427893719,0.0,0.0313,0.0495,0.0443,cpu_hog_cartservice_4
2026-10-04T04:45:08,frontend,14.984375,0.049062008294593375,0.0,0.0313,0.0495,0.0443,cpu_hog_cartservice_4
2026-10-04T04:45:08,loadgenerator,88.53515625,0.005761985066161212,0.0,0.0313,0.0495,0.0443,cpu_hog_cartservice_4
2026-10-04T04:45:08,cartservice,4.19140625,0.27620871375840195,0.0,0.0313,0.0495,0.0443,cpu_hog_cartservice_4
2026-10-04T04:45:14,redis-cart,5.67578125,0.004122238691784824,0.0,0.0324,0.046,0.0467,cpu_hog_cartservice_4
2026-10-04T04:45:14,paymentservice,35.578125,0.0013690003911270476,0.0,0.0324,0.046,0.0467,cpu_hog_cartservice_4
2026-10-04T04:45:14,currencyservice,40.78515625,0.01868749999999701,0.0,0.0324,0.046,0.0467,cpu_hog_cartservice_4
2026-10-04T04:45:14,productcatalogservice,13.11328125,0.017080737877299128,0.0,0.0324,0.046,0.0467,cpu_hog_cartservice_4
2026-10-04T04:45:14,adservice,111.86328125,0.0036951198811796065,0.0,0.0324,0.046,0.0467,cpu_hog_cartservice_4
2026-10-04T04:45:14,recommendationservice,32.125,0.014988082838800869,4.0,0.0324,0.046,0.0467,cpu_hog_cartservice_4
2026-10-04T04:45:14,emailservice,36.7421875,0.00607447082564081,0.0,0.0324,0.046,0.0467,cpu_hog_cartservice_4
2026-10-04T04:45:14,shippingservice,11.57421875,0.0019583823928991423,0.0,0.0324,0.046,0.0467,cpu_hog_cartservice_4
2026-10-04T04:45:14,checkoutservice,14.671875,0.001961027921271656,0.0,0.0324,0.046,0.0467,cpu_hog_cartservice_4
2026-10-04T04:45:14,frontend,14.984375,0.03876539187047834,0.0,0.0324,0.046,0.0467,cpu_hog_cartservice_4
2026-10-04T04:45:14,loadgenerator,88.77734375,0.007605772837652828,0.0,0.0324,0.046,0.0467,cpu_hog_cartservice_4
2026-10-04T04:45:14,cartservice,16.36328125,0.040923885709960646,0.0,0.0324,0.046,0.0467,cpu_hog_cartservice_4
2026-10-04T04:45:19,redis-cart,5.67578125,0.0034032744612854196,0.0,0.0216,0.0373,0.036,cpu_hog_cartservice_4
2026-10-04T04:45:19,paymentservice,35.578125,0.0006959880801278727,0.0,0.0216,0.0373,0.036,cpu_hog_cartservice_4
2026-10-04T04:45:19,currencyservice,40.78515625,0.018687499999997005,0.0,0.0216,0.0373,0.036,cpu_hog_cartservice_4
2026-10-04T04:45:19,productcatalogservice,13.11328125,0.012069687570496361,0.0,0.0216,0.0373,0.036,cpu_hog_cartservice_4
2026-10-04T04:45:19,adservice,111.86328125,0.0025763318302759954,0.0,0.0216,0.0373,0.036,cpu_hog_cartservice_4
2026-10-04T04:45:19,recommendationservice,32.125,0.01498808283880087,4.0,0.0216,0.0373,0.036,cpu_hog_cartservice_4
2026-10-04T04:45:19,emailservice,36.7421875,0.00607447082564081,0.0,0.0216,0.0373,0.036,cpu_hog_cartservice_4
2026-10-04T04:45:19,shippingservice,11.57421875,0.0019583823928991427,0.0,0.0216,0.0373,0.036,cpu_hog_cartservice_4
2026-10-04T04:45:19,checkoutservice,14.671875,0.001961027921271656,0.0,0.0216,0.0373,0.036,cpu_hog_cartservice_4
2026-10-04T04:45:19,frontend,14.984375,0.03414225504501732,0.0,0.0216,0.0373,0.036,cpu_hog_cartservice_4
2026-10-04T04:45:19,loadgenerator,88.77734375,0.007325444596442978,0.0,0.0216,0.0373,0.036,cpu_hog_cartservice_4
2026-10-04T04:45:19,cartservice,16.36328125,0.03315708333333332,0.0,0.0216,0.0373,0.036,cpu_hog_cartservice_4
2026-10-04T04:45:24,redis-cart,5.67578125,0.002976836190853794,0.0,0.0513,0.0502,0.0389,cpu_hog_cartservice_4
2026-10-04T04:45:24,paymentservice,35.578125,0.0006959880801278727,0.0,0.0513,0.0502,0.0389,cpu_hog_cartservice_4
2026-10-04T04:45:24,currencyservice,40.78515625,0.015731552777775257,0.0,0.0513,0.0502,0.0389,cpu_hog_cartservice_4
2026-10-04T04:45:24,productcatalogservice,14.83984375,0.011762573387529,0.0,0.0513,0.0502,0.0389,cpu_hog_cartservice_4
2026-10-04T04:45:24,adservice,111.86328125,0.0025438165438157662,0.0,0.0513,0.0502,0.0389,cpu_hog_cartservice_4
2026-10-04T04:45:24,recommendationservice,32.125,0.01251850475616434,4.0,0.0513,0.0502,0.0389,cpu_hog_cartservice_4
2026-10-04T04:45:24,emailservice,36.7421875,0.005165319143020327,0.0,0.0513,0.0502,0.0389,cpu_hog_cartservice_4
2026-10-04T04:45:24,shippingservice,11.57421875,0.0011944388391789426,0.0,0.0513,0.0502,0.0389,cpu_hog_cartservice_4
2026-10-04T04:45:24,checkoutservice,14.671875,0.0018044827311731201,0.0,0.0513,0.0502,0.0389,cpu_hog_cartservice_4
2026-10-04T04:45:24,frontend,14.62890625,0.03610869756784852,0.0,0.0513,0.0502,0.0389,cpu_hog_cartservice_4
2026-10-04T04:45:24,loadgenerator,88.77734375,0.007325444596442978,0.0,0.0513,0.0502,0.0389,cpu_hog_cartservice_4
2026-10-04T04:45:24,cartservice,23.1015625,0.049192327443280975,0.0,0.0513,0.0502,0.0389,cpu_hog_cartservice_4
2026-10-04T04:45:29,redis-cart,5.67578125,0.0026347316656077356,0.0,0.038,0.0366,0.0311,cpu_hog_cartservice_4
2026-10-04T04:45:29,paymentservice,35.578125,0.0005535831190330422,0.0,0.038,0.0366,0.0311,cpu_hog_cartservice_4
2026-10-04T04:45:29,currencyservice,40.78515625,0.013215212810221704,0.0,0.038,0.0366,0.0311,cpu_hog_cartservice_4
2026-10-04T04:45:29,productcatalogservice,14.83984375,0.010404264806168082,0.0,0.038,0.0366,0.0311,cpu_hog_cartservice_4
2026-10-04T04:45:29,adservice,111.86328125,0.0025438165438157662,0.0,0.038,0.0366,0.0311,cpu_hog_cartservice_4
2026-10-04T04:45:29,recommendationservice,32.125,0.00861906449045639,4.0,0.038,0.0366,0.0311,cpu_hog_cartservice_4
2026-10-04T04:45:29,emailservice,36.7421875,0.004626127153429071,0.0,0.038,0.0366,0.0311,cpu_hog_cartservice_4
2026-10-04T04:45:29,shippingservice,11.57421875,0.0010624489266133294,0.0,0.038,0.0366,0.0311,cpu_hog_cartservice_4
2026-10-04T04:45:29,checkoutservice,14.671875,0.0016136313106024694,0.0,0.038,0.0366,0.0311,cpu_hog_cartservice_4
2026-10-04T04:45:29,frontend,14.62890625,0.021755685876686293,0.0,0.038,0.0366,0.0311,cpu_hog_cartservice_4
2026-10-04T04:45:29,loadgenerator,88.77734375,0.00573051217168243,0.0,0.038,0.0366,0.0311,cpu_hog_cartservice_4
2026-10-04T04:45:29,cartservice,23.1015625,0.04417089583333333,0.0,0.038,0.0366,0.0311,cpu_hog_cartservice_4
2026-10-04T04:45:34,redis-cart,6.17578125,0.0035310315482338698,0.0,0.0296,0.041,0.0456,cpu_hog_cartservice_4
2026-10-04T04:45:34,paymentservice,35.6875,0.0007979161780966932,0.0,0.0296,0.041,0.0456,cpu_hog_cartservice_4
2026-10-04T04:45:34,currencyservice,41.22265625,0.013372246210783284,0.0,0.0296,0.041,0.0456,cpu_hog_cartservice_4
2026-10-04T04:45:34,productcatalogservice,14.109375,0.008975237820101949,0.0,0.0296,0.041,0.0456,cpu_hog_cartservice_4
2026-10-04T04:45:34,adservice,111.86328125,0.002032403426152805,0.0,0.0296,0.041,0.0456,cpu_hog_cartservice_4
2026-10-04T04:45:34,recommendationservice,32.125,0.008768214447547506,4.0,0.0296,0.041,0.0456,cpu_hog_cartservice_4
2026-10-04T04:45:34,emailservice,36.9921875,0.006023400615805565,0.0,0.0296,0.041,0.0456,cpu_hog_cartservice_4
2026-10-04T04:45:34,shippingservice,11.57421875,0.001388527768274544,0.0,0.0296,0.041,0.0456,cpu_hog_cartservice_4
2026-10-04T04:45:34,checkoutservice,13.96875,0.003160660523674426,0.0,0.0296,0.041,0.0456,cpu_hog_cartservice_4
2026-10-04T04:45:34,frontend,14.9765625,0.02288461837906263,0.0,0.0296,0.041,0.0456,cpu_hog_cartservice_4
2026-10-04T04:45:34,loadgenerator,90.43359375,0.008053408146300876,0.0,0.0296,0.041,0.0456,cpu_hog_cartservice_4
2026-10-04T04:45:34,cartservice,23.7734375,0.0513736147100439,0.0,0.0296,0.041,0.0456,cpu_hog_cartservice_4
2026-10-04T04:45:40,redis-cart,6.171875,0.003394208024758961,0.0,0.0999,0.0581,0.0604,cpu_hog_cartservice_4
2026-10-04T04:45:40,paymentservice,35.71484375,0.0012501653398654126,0.0,0.0999,0.0581,0.0604,cpu_hog_cartservice_4
2026-10-04T04:45:40,currencyservice,41.22265625,0.006162792218404134,0.0,0.0999,0.0581,0.0604,cpu_hog_cartservice_4
2026-10-04T04:45:40,productcatalogservice,14.109375,0.004172073945367722,0.0,0.0999,0.0581,0.0604,cpu_hog_cartservice_4
2026-10-04T04:45:40,adservice,111.86328125,0.001153026794574617,0.0,0.0999,0.0581,0.0604,cpu_hog_cartservice_4
2026-10-04T04:45:40,recommendationservice,32.37109375,0.00783192039725863,4.0,0.0999,0.0581,0.0604,cpu_hog_cartservice_4
2026-10-04T04:45:40,emailservice,36.9921875,0.00510804655893998,0.0,0.0999,0.0581,0.0604,cpu_hog_cartservice_4
2026-10-04T04:45:40,shippingservice,11.57421875,0.0010568874378995537,0.0,0.0999,0.0581,0.0604,cpu_hog_cartservice_4
2026-10-04T04:45:40,checkoutservice,13.96875,0.003160660523674426,0.0,0.0999,0.0581,0.0604,cpu_hog_cartservice_4
2026-10-04T04:45:40,frontend,14.9765625,0.018399678155457056,0.0,0.0999,0.0581,0.0604,cpu_hog_cartservice_4
2026-10-04T04:45:40,loadgenerator,90.43359375,0.008053408146300876,0.0,0.0999,0.0581,0.0604,cpu_hog_cartservice_4
2026-10-04T04:45:40,cartservice,23.7734375,0.04691085555555556,0.0,0.0999,0.0581,0.0604,cpu_hog_cartservice_4
2026-10-04T04:45:45,redis-cart,6.171875,0.003394208024758961,0.0,0.1777,0.0672,0.1033,cpu_hog_cartservice_4
2026-10-04T04:45:45,paymentservice,35.71484375,0.0012501653398654124,0.0,0.1777,0.0672,0.1033,cpu_hog_cartservice_4
2026-10-04T04:45:45,currencyservice,41.22265625,0.004832065630344312,0.0,0.1777,0.0672,0.1033,cpu_hog_cartservice_4
2026-10-04T04:45:45,productcatalogservice,14.109375,0.0033402435243214466,0.0,0.1777,0.0672,0.1033,cpu_hog_cartservice_4
2026-10-04T04:45:45,adservice,111.86328125,0.001153026794574617,0.0,0.1777,0.0672,0.1033,cpu_hog_cartservice_4
2026-10-04T04:45:45,recommendationservice,32.37109375,0.005201487800541089,4.0,0.1777,0.0672,0.1033,cpu_hog_cartservice_4
2026-10-04T04:45:45,emailservice,36.9921875,0.00453183188841322,0.0,0.1777,0.0672,0.1033,cpu_hog_cartservice_4
2026-10-04T04:45:45,shippingservice,11.57421875,0.0009381940831232241,0.0,0.1777,0.0672,0.1033,cpu_hog_cartservice_4
2026-10-04T04:45:45,checkoutservice,13.96875,0.0023692706368028953,0.0,0.1777,0.0672,0.1033,cpu_hog_cartservice_4
2026-10-04T04:45:45,frontend,14.9765625,0.009778837435520337,0.0,0.1777,0.0672,0.1033,cpu_hog_cartservice_4
2026-10-04T04:45:45,loadgenerator,90.43359375,0.008053408146300876,0.0,0.1777,0.0672,0.1033,cpu_hog_cartservice_4
2026-10-04T04:45:45,cartservice,23.7734375,0.04691085555555556,0.0,0.1777,0.0672,0.1033,cpu_hog_cartservice_4
2026-10-04T04:45:50,redis-cart,5.94140625,0.0035817502410801358,0.0,0.0535,0.0255,0.0419,cpu_hog_cartservice_4
2026-10-04T04:45:50,paymentservice,35.703125,0.0013384175143567707,0.0,0.0535,0.0255,0.0419,cpu_hog_cartservice_4
2026-10-04T04:45:50,currencyservice,41.24609375,0.007434332863755507,0.0,0.0535,0.0255,0.0419,cpu_hog_cartservice_4
2026-10-04T04:45:50,productcatalogservice,14.11328125,0.0057549231019624935,0.0,0.0535,0.0255,0.0419,cpu_hog_cartservice_4
2026-10-04T04:45:50,adservice,111.86328125,0.0006988388692082747,0.0,0.0535,0.0255,0.0419,cpu_hog_cartservice_4
2026-10-04T04:45:50,recommendationservice,32.37109375,0.004485372967601595,4.0,0.0535,0.0255,0.0419,cpu_hog_cartservice_4
2026-10-04T04:45:50,emailservice,36.98828125,0.004901287423332225,0.0,0.0535,0.0255,0.0419,cpu_hog_cartservice_4
2026-10-04T04:45:50,shippingservice,12.31640625,0.0011060618882399525,0.0,0.0535,0.0255,0.0419,cpu_hog_cartservice_4
2026-10-04T04:45:50,checkoutservice,13.9921875,0.0017291484129894985,0.0,0.0535,0.0255,0.0419,cpu_hog_cartservice_4
2026-10-04T04:45:50,frontend,15.68359375,0.01656798137905915,0.0,0.0535,0.0255,0.0419,cpu_hog_cartservice_4
2026-10-04T04:45:50,loadgenerator,88.72265625,0.007375768776321614,0.0,0.0535,0.0255,0.0419,cpu_hog_cartservice_4
2026-10-04T04:45:50,cartservice,30.75390625,0.06980574279687589,0.0,0.0535,0.0255,0.0419,cpu_hog_cartservice_4
2026-10-04T04:45:56,redis-cart,5.94140625,0.0035817502410801358,0.0,0.0759,0.1024,0.0976,cpu_hog_cartservice_4
2026-10-04T04:45:56,paymentservice,35.703125,0.0014592431162767717,0.0,0.0759,0.1024,0.0976,cpu_hog_cartservice_4
2026-10-04T04:45:56,currencyservice,41.24609375,0.008095517920010382,0.0,0.0759,0.1024,0.0976,cpu_hog_cartservice_4
2026-10-04T04:45:56,productcatalogservice,14.11328125,0.005622783317139108,0.0,0.0759,0.1024,0.0976,cpu_hog_cartservice_4
2026-10-04T04:45:56,adservice,111.86328125,0.0006246096103257487,0.0,0.0759,0.1024,0.0976,cpu_hog_cartservice_4
2026-10-04T04:45:56,recommendationservice,32.37109375,0.004020186575306537,4.0,0.0759,0.1024,0.0976,cpu_hog_cartservice_4
2026-10-04T04:45:56,emailservice,36.98828125,0.004901287423332225,0.0,0.0759,0.1024,0.0976,cpu_hog_cartservice_4
2026-10-04T04:45:56,shippingservice,12.31640625,0.0011060618882399525,0.0,0.0759,0.1024,0.0976,cpu_hog_cartservice_4
2026-10-04T04:45:56,checkoutservice,13.9921875,0.0017291484129894985,0.0,0.0759,0.1024,0.0976,cpu_hog_cartservice_4
2026-10-04T04:45:56,frontend,15.68359375,0.017597462961175207,0.0,0.0759,0.1024,0.0976,cpu_hog_cartservice_4
2026-10-04T04:45:56,loadgenerator,88.72265625,0.007375768776321614,0.0,0.0759,0.1024,0.0976,cpu_hog_cartservice_4
2026-10-04T04:45:56,cartservice,30.75390625,0.048835831250349494,0.0,0.0759,0.1024,0.0976,cpu_hog_cartservice_4
2026-10-04T04:46:01,redis-cart,5.94140625,0.002900580939676495,0.0,0.2429,0.0892,0.0453,cpu_hog_cartservice_4
2026-10-04T04:46:01,paymentservice,36.05078125,0.001868743343982871,0.0,0.2429,0.0892,0.0453,cpu_hog_cartservice_4
2026-10-04T04:46:01,currencyservice,41.24609375,0.008095517920010382,0.0,0.2429,0.0892,0.0453,cpu_hog_cartservice_4
2026-10-04T04:46:01,productcatalogservice,15.07421875,0.009334510150045845,0.0,0.2429,0.0892,0.0453,cpu_hog_cartservice_4
2026-10-04T04:46:01,adservice,112.35546875,0.001785985426938149,0.0,0.2429,0.0892,0.0453,cpu_hog_cartservice_4
2026-10-04T04:46:01,recommendationservice,33.38671875,0.010226575456053369,4.0,0.2429,0.0892,0.0453,cpu_hog_cartservice_4
2026-10-04T04:46:01,emailservice,36.98828125,0.004892642438816395,0.0,0.2429,0.0892,0.0453,cpu_hog_cartservice_4
2026-10-04T04:46:01,shippingservice,12.5703125,0.001780505029297383,0.0,0.2429,0.0892,0.0453,cpu_hog_cartservice_4
2026-10-04T04:46:01,checkoutservice,15.23828125,0.0020091496767772024,0.0,0.2429,0.0892,0.0453,cpu_hog_cartservice_4
2026-10-04T04:46:01,frontend,14.77734375,0.02502501819694408,0.0,0.2429,0.0892,0.0453,cpu_hog_cartservice_4
2026-10-04T04:46:01,loadgenerator,88.9609375,0.007469755170139559,0.0,0.2429,0.0892,0.0453,cpu_hog_cartservice_4
2026-10-04T04:46:01,cartservice,38.86328125,0.09039135818440554,0.0,0.2429,0.0892,0.0453,cpu_hog_cartservice_4
2026-10-04T04:46:06,redis-cart,5.94140625,0.0019835999999997965,0.0,0.1037,0.1561,0.0337,cpu_hog_cartservice_4
2026-10-04T04:46:06,paymentservice,36.05078125,0.001868743343982871,0.0,0.1037,0.1561,0.0337,cpu_hog_cartservice_4
2026-10-04T04:46:06,currencyservice,41.24609375,0.00622589178770865,0.0,0.1037,0.1561,0.0337,cpu_hog_cartservice_4
2026-10-04T04:46:06,productcatalogservice,15.07421875,0.010684618395303595,0.0,0.1037,0.1561,0.0337,cpu_hog_cartservice_4
2026-10-04T04:46:06,adservice,112.35546875,0.0019785167828813466,0.0,0.1037,0.1561,0.0337,cpu_hog_cartservice_4
2026-10-04T04:46:06,recommendationservice,33.38671875,0.010226575456053369,4.0,0.1037,0.1561,0.0337,cpu_hog_cartservice_4
2026-10-04T04:46:06,emailservice,36.98828125,0.004646880278716329,0.0,0.1037,0.1561,0.0337,cpu_hog_cartservice_4
2026-10-04T04:46:06,shippingservice,12.5703125,0.0020587083609089445,0.0,0.1037,0.1561,0.0337,cpu_hog_cartservice_4
2026-10-04T04:46:06,checkoutservice,15.23828125,0.0018683551937279971,0.0,0.1037,0.1561,0.0337,cpu_hog_cartservice_4
2026-10-04T04:46:06,frontend,14.77734375,0.02502501819694408,0.0,0.1037,0.1561,0.0337,cpu_hog_cartservice_4
2026-10-04T04:46:06,loadgenerator,88.9609375,0.007469755170139559,0.0,0.1037,0.1561,0.0337,cpu_hog_cartservice_4
2026-10-04T04:46:06,cartservice,38.86328125,0.09551290645439098,0.0,0.1037,0.1561,0.0337,cpu_hog_cartservice_4
2026-10-04T04:46:12,redis-cart,6.43359375,0.003739121625044259,0.0,0.0626,0.0361,0.0278,cpu_hog_cartservice_4
2026-10-04T04:46:12,paymentservice,36.05078125,0.001891661030196099,0.0,0.0626,0.0361,0.0278,cpu_hog_cartservice_4
2026-10-04T04:46:12,currencyservice,40.98046875,0.015941358909537497,0.0,0.0626,0.0361,0.0278,cpu_hog_cartservice_4
2026-10-04T04:46:12,productcatalogservice,15.07421875,0.008903403470319858,0.0,0.0626,0.0361,0.0278,cpu_hog_cartservice_4
2026-10-04T04:46:12,adservice,112.35546875,0.0015901256945818096,0.0,0.0626,0.0361,0.0278,cpu_hog_cartservice_4
2026-10-04T04:46:12,recommendationservice,32.37890625,0.014707497606649132,4.0,0.0626,0.0361,0.0278,cpu_hog_cartservice_4
2026-10-04T04:46:12,emailservice,36.98828125,0.004646880278716328,0.0,0.0626,0.0361,0.0278,cpu_hog_cartservice_4
2026-10-04T04:46:12,shippingservice,12.5703125,0.0020587083609089445,0.0,0.0626,0.0361,0.0278,cpu_hog_cartservice_4
2026-10-04T04:46:12,checkoutservice,15.23828125,0.0018683551937279971,0.0,0.0626,0.0361,0.0278,cpu_hog_cartservice_4
2026-10-04T04:46:12,frontend,14.77734375,0.028949501263822397,0.0,0.0626,0.0361,0.0278,cpu_hog_cartservice_4
2026-10-04T04:46:12,loadgenerator,88.9609375,0.007153415975392643,0.0,0.0626,0.0361,0.0278,cpu_hog_cartservice_4
2026-10-04T04:46:12,cartservice,38.86328125,0.09551290645439098,0.0,0.0626,0.0361,0.0278,cpu_hog_cartservice_4
2026-10-04T04:46:17,redis-cart,6.43359375,0.003088099004328219,0.0,0.151,0.0208,0.0373,cpu_hog_cartservice_4
2026-10-04T04:46:17,paymentservice,36.05078125,0.001696029224018146,0.0,0.151,0.0208,0.0373,cpu_hog_cartservice_4
2026-10-04T04:46:17,currencyservice,40.98046875,0.015941358909537497,0.0,0.151,0.0208,0.0373,cpu_hog_cartservice_4
2026-10-04T04:46:17,productcatalogservice,15.07421875,0.010014479265214149,0.0,0.151,0.0208,0.0373,cpu_hog_cartservice_4
2026-10-04T04:46:17,adservice,112.35546875,0.0023921088061019955,0.0,0.151,0.0208,0.0373,cpu_hog_cartservice_4
2026-10-04T04:46:17,recommendationservice,32.37890625,0.014707497606649132,4.0,0.151,0.0208,0.0373,cpu_hog_cartservice_4
2026-10-04T04:46:17,emailservice,36.98828125,0.004646880278716329,0.0,0.151,0.0208,0.0373,cpu_hog_cartservice_4
2026-10-04T04:46:17,shippingservice,12.5703125,0.0016663528591257149,0.0,0.151,0.0208,0.0373,cpu_hog_cartservice_4
2026-10-04T04:46:17,checkoutservice,15.23828125,0.001443156475702041,0.0,0.151,0.0208,0.0373,cpu_hog_cartservice_4
2026-10-04T04:46:17,frontend,14.77734375,0.028949501263822397,0.0,0.151,0.0208,0.0373,cpu_hog_cartservice_4
2026-10-04T04:46:17,loadgenerator,88.9609375,0.005914652969753919,0.0,0.151,0.0208,0.0373,cpu_hog_cartservice_4
2026-10-04T04:46:17,cartservice,38.86328125,0.09570634480777816,0.0,0.151,0.0208,0.0373,cpu_hog_cartservice_4
2026-10-04T04:46:22,redis-cart,6.4375,0.004280391983755802,0.0,0.2129,0.1013,0.1028,cpu_hog_cartservice_4
2026-10-04T04:46:22,paymentservice,35.87890625,0.0015812687117627972,0.0,0.2129,0.1013,0.1028,cpu_hog_cartservice_4
2026-10-04T04:46:22,currencyservice,41.15625,0.017345532665821558,0.0,0.2129,0.1013,0.1028,cpu_hog_cartservice_4
2026-10-04T04:46:22,productcatalogservice,14.12109375,0.01618681797340831,0.0,0.2129,0.1013,0.1028,cpu_hog_cartservice_4
2026-10-04T04:46:22,adservice,112.12890625,0.003751407499155344,0.0,0.2129,0.1013,0.1028,cpu_hog_cartservice_4
2026-10-04T04:46:22,recommendationservice,32.37890625,0.014707497606649132,4.0,0.2129,0.1013,0.1028,cpu_hog_cartservice_4
2026-10-04T04:46:22,emailservice,36.75,0.004362305658556935,0.0,0.2129,0.1013,0.1028,cpu_hog_cartservice_4
2026-10-04T04:46:22,shippingservice,11.57421875,0.0027256202563934757,0.0,0.2129,0.1013,0.1028,cpu_hog_cartservice_4
2026-10-04T04:46:22,checkoutservice,14.9765625,0.003378175934803615,0.0,0.2129,0.1013,0.1028,cpu_hog_cartservice_4
2026-10-04T04:46:22,frontend,14.296875,0.03368605527943474,0.0,0.2129,0.1013,0.1028,cpu_hog_cartservice_4
2026-10-04T04:46:22,loadgenerator,88.75,0.0075266788267589904,0.0,0.2129,0.1013,0.1028,cpu_hog_cartservice_4
2026-10-04T04:46:22,cartservice,39.50390625,0.08593116173032708,0.0,0.2129,0.1013,0.1028,cpu_hog_cartservice_4
2026-10-04T04:46:28,redis-cart,6.4375,0.004280391983755802,0.0,0.1754,0.201,0.1112,cpu_hog_cartservice_4
2026-10-04T04:46:28,paymentservice,35.87890625,0.0015812687117627972,0.0,0.1754,0.201,0.1112,cpu_hog_cartservice_4
2026-10-04T04:46:28,currencyservice,41.15625,0.02190102637075965,0.0,0.1754,0.201,0.1112,cpu_hog_cartservice_4
2026-10-04T04:46:28,productcatalogservice,14.12109375,0.01611920196687709,0.0,0.1754,0.201,0.1112,cpu_hog_cartservice_4
2026-10-04T04:46:28,adservice,112.12890625,0.003751407499155344,0.0,0.1754,0.201,0.1112,cpu_hog_cartservice_4
2026-10-04T04:46:28,recommendationservice,32.37890625,0.014399554099702894,4.0,0.1754,0.201,0.1112,cpu_hog_cartservice_4
2026-10-04T04:46:28,emailservice,36.75,0.00417391524454853,0.0,0.1754,0.201,0.1112,cpu_hog_cartservice_4
2026-10-04T04:46:28,shippingservice,11.57421875,0.0027256202563934757,0.0,0.1754,0.201,0.1112,cpu_hog_cartservice_4
2026-10-04T04:46:28,checkoutservice,14.9765625,0.0033781759348036153,0.0,0.1754,0.201,0.1112,cpu_hog_cartservice_4
2026-10-04T04:46:28,frontend,14.296875,0.040796143083101234,0.0,0.1754,0.201,0.1112,cpu_hog_cartservice_4
2026-10-04T04:46:28,loadgenerator,88.75,0.00793964580457361,0.0,0.1754,0.201,0.1112,cpu_hog_cartservice_4
2026-10-04T04:46:28,cartservice,39.50390625,0.09219042890117558,0.0,0.1754,0.201,0.1112,cpu_hog_cartservice_4
2026-10-04T04:46:33,redis-cart,6.4375,0.0043049267643141586,0.0,0.1334,0.1544,0.1032,cpu_hog_cartservice_4
2026-10-04T04:46:33,paymentservice,35.578125,0.001612329630676046,0.0,0.1334,0.1544,0.1032,cpu_hog_cartservice_4
2026-10-04T04:46:33,currencyservice,41.15625,0.02190102637075965,0.0,0.1334,0.1544,0.1032,cpu_hog_cartservice_4
2026-10-04T04:46:33,productcatalogservice,15.328125,0.020825893815183634,0.0,0.1334,0.1544,0.1032,cpu_hog_cartservice_4
2026-10-04T04:46:33,adservice,111.86328125,0.003932649528099678,0.0,0.1334,0.1544,0.1032,cpu_hog_cartservice_4
2026-10-04T04:46:33,recommendationservice,33.3671875,0.01897465520687565,4.0,0.1334,0.1544,0.1032,cpu_hog_cartservice_4
2026-10-04T04:46:33,emailservice,36.7421875,0.005118148067263043,0.0,0.1334,0.1544,0.1032,cpu_hog_cartservice_4
2026-10-04T04:46:33,shippingservice,12.3203125,0.0029704193235080994,0.0,0.1334,0.1544,0.1032,cpu_hog_cartservice_4
2026-10-04T04:46:33,checkoutservice,14.9765625,0.002718474477668716,0.0,0.1334,0.1544,0.1032,cpu_hog_cartservice_4
2026-10-04T04:46:33,frontend,15.0390625,0.044528984264452134,0.0,0.1334,0.1544,0.1032,cpu_hog_cartservice_4
2026-10-04T04:46:33,loadgenerator,88.75,0.006482489226431717,0.0,0.1334,0.1544,0.1032,cpu_hog_cartservice_4
2026-10-04T04:46:33,cartservice,39.50390625,0.09219042890117558,0.0,0.1334,0.1544,0.1032,cpu_hog_cartservice_4
2026-10-04T04:46:39,redis-cart,6.44140625,0.004513575335654042,0.0,0.1133,0.206,0.1952,cpu_hog_cartservice_4
2026-10-04T04:46:39,paymentservice,35.578125,0.001612329630676046,0.0,0.1133,0.206,0.1952,cpu_hog_cartservice_4
2026-10-04T04:46:39,currencyservice,41.72265625,0.024927866045474423,0.0,0.1133,0.206,0.1952,cpu_hog_cartservice_4
2026-10-04T04:46:39,productcatalogservice,15.328125,0.020825893815183634,0.0,0.1133,0.206,0.1952,cpu_hog_cartservice_4
2026-10-04T04:46:39,adservice,111.86328125,0.004205759507583872,0.0,0.1133,0.206,0.1952,cpu_hog_cartservice_4
2026-10-04T04:46:39,recommendationservice,33.3671875,0.019360427202556103,4.0,0.1133,0.206,0.1952,cpu_hog_cartservice_4
2026-10-04T04:46:39,emailservice,36.99609375,0.004841990858043061,0.0,0.1133,0.206,0.1952,cpu_hog_cartservice_4
2026-10-04T04:46:39,shippingservice,12.3203125,0.0029704193235080994,0.0,0.1133,0.206,0.1952,cpu_hog_cartservice_4
2026-10-04T04:46:39,checkoutservice,14.0078125,0.004768974453906152,0.0,0.1133,0.206,0.1952,cpu_hog_cartservice_4
2026-10-04T04:46:39,frontend,15.0390625,0.044528984264452134,0.0,0.1133,0.206,0.1952,cpu_hog_cartservice_4
2026-10-04T04:46:39,loadgenerator,88.9609375,0.008934317894494087,0.0,0.1133,0.206,0.1952,cpu_hog_cartservice_4
2026-10-04T04:46:39,cartservice,39.4921875,0.07523758167987447,0.0,0.1133,0.206,0.1952,cpu_hog_cartservice_4
2026-10-04T04:46:44,redis-cart,6.44140625,0.004787277061894599,0.0,0.0853,0.0254,0.0942,cpu_hog_cartservice_4
2026-10-04T04:46:44,paymentservice,35.578125,0.0012759205730803356,0.0,0.0853,0.0254,0.0942,cpu_hog_cartservice_4
2026-10-04T04:46:44,currencyservice,41.72265625,0.02180409753461431,0.0,0.0853,0.0254,0.0942,cpu_hog_cartservice_4
2026-10-04T04:46:44,productcatalogservice,15.328125,0.022526655847137114,0.0,0.0853,0.0254,0.0942,cpu_hog_cartservice_4
2026-10-04T04:46:44,adservice,111.86328125,0.004205759507583872,0.0,0.0853,0.0254,0.0942,cpu_hog_cartservice_4
2026-10-04T04:46:44,recommendationservice,33.3671875,0.015677751274843225,4.0,0.0853,0.0254,0.0942,cpu_hog_cartservice_4
2026-10-04T04:46:44,emailservice,36.99609375,0.00538372266150959,0.0,0.0853,0.0254,0.0942,cpu_hog_cartservice_4
2026-10-04T04:46:44,shippingservice,12.3203125,0.0023747520545695654,0.0,0.0853,0.0254,0.0942,cpu_hog_cartservice_4
2026-10-04T04:46:44,checkoutservice,14.0078125,0.0056254770075502385,0.0,0.0853,0.0254,0.0942,cpu_hog_cartservice_4
2026-10-04T04:46:44,frontend,15.0390625,0.040634575971490984,0.0,0.0853,0.0254,0.0942,cpu_hog_cartservice_4
2026-10-04T04:46:44,loadgenerator,88.9609375,0.009648647043098351,0.0,0.0853,0.0254,0.0942,cpu_hog_cartservice_4
2026-10-04T04:46:44,cartservice,39.4921875,0.030840623633068814,0.0,0.0853,0.0254,0.0942,cpu_hog_cartservice_4
2026-10-04T04:46:50,redis-cart,6.44140625,0.004787277061894599,0.0,0.0951,0.0436,0.0405,cpu_hog_cartservice_4
2026-10-04T04:46:50,paymentservice,35.7890625,0.0012667025539805851,0.0,0.0951,0.0436,0.0405,cpu_hog_cartservice_4
2026-10-04T04:46:50,currencyservice,41.72265625,0.02652593501712017,0.0,0.0951,0.0436,0.0405,cpu_hog_cartservice_4
2026-10-04T04:46:50,productcatalogservice,13.84765625,0.0225775673425104,0.0,0.0951,0.0436,0.0405,cpu_hog_cartservice_4
2026-10-04T04:46:50,adservice,111.74609375,0.004483476293712586,0.0,0.0951,0.0436,0.0405,cpu_hog_cartservice_4
2026-10-04T04:46:50,recommendationservice,33.125,0.020136454183269294,4.0,0.0951,0.0436,0.0405,cpu_hog_cartservice_4
2026-10-04T04:46:50,emailservice,36.99609375,0.00500560801890826,0.0,0.0951,0.0436,0.0405,cpu_hog_cartservice_4
2026-10-04T04:46:50,shippingservice,11.828125,0.0030666666666666923,0.0,0.0951,0.0436,0.0405,cpu_hog_cartservice_4
2026-10-04T04:46:50,checkoutservice,14.50390625,0.0044150883662029405,0.0,0.0951,0.0436,0.0405,cpu_hog_cartservice_4
2026-10-04T04:46:50,frontend,14.46875,0.05182505498755375,0.0,0.0951,0.0436,0.0405,cpu_hog_cartservice_4
2026-10-04T04:46:50,loadgenerator,88.71484375,0.008829826401524394,0.0,0.0951,0.0436,0.0405,cpu_hog_cartservice_4
2026-10-04T04:46:50,cartservice,40.28515625,0.028382554669754603,0.0,0.0951,0.0436,0.0405,cpu_hog_cartservice_4
2026-10-04T04:46:55,redis-cart,6.44140625,0.0037012234194405353,0.0,0.1092,0.0543,0.0396,cpu_hog_cartservice_4
2026-10-04T04:46:55,paymentservice,35.7890625,0.0012667025539805851,0.0,0.1092,0.0543,0.0396,cpu_hog_cartservice_4
2026-10-04T04:46:55,currencyservice,41.72265625,0.020600262183754003,0.0,0.1092,0.0543,0.0396,cpu_hog_cartservice_4
2026-10-04T04:46:55,productcatalogservice,13.84765625,0.0225775673425104,0.0,0.1092,0.0543,0.0396,cpu_hog_cartservice_4
2026-10-04T04:46:55,adservice,111.74609375,0.00467065541781405,0.0,0.1092,0.0543,0.0396,cpu_hog_cartservice_4
2026-10-04T04:46:55,recommendationservice,33.125,0.020136454183269294,4.0,0.1092,0.0543,0.0396,cpu_hog_cartservice_4
2026-10-04T04:46:55,emailservice,36.99609375,0.0044654149348229075,0.0,0.1092,0.0543,0.0396,cpu_hog_cartservice_4
2026-10-04T04:46:55,shippingservice,11.828125,0.002626370000000022,0.0,0.1092,0.0543,0.0396,cpu_hog_cartservice_4
2026-10-04T04:46:55,checkoutservice,14.50390625,0.004415088366202941,0.0,0.1092,0.0543,0.0396,cpu_hog_cartservice_4
2026-10-04T04:46:55,frontend,14.46875,0.044546657890010055,0.0,0.1092,0.0543,0.0396,cpu_hog_cartservice_4
2026-10-04T04:46:55,loadgenerator,88.71484375,0.008829826401524394,0.0,0.1092,0.0543,0.0396,cpu_hog_cartservice_4
2026-10-04T04:46:55,cartservice,40.28515625,0.028382554669754603,0.0,0.1092,0.0543,0.0396,cpu_hog_cartservice_4
2026-10-04T04:47:00,redis-cart,6.92578125,0.004856420687385688,0.0,0.2245,0.09,0.0976,cpu_hog_cartservice_4
2026-10-04T04:47:00,paymentservice,35.7890625,0.0015187244480785755,0.0,0.2245,0.09,0.0976,cpu_hog_cartservice_4
2026-10-04T04:47:00,currencyservice,41.609375,0.0241997450321754,0.0,0.2245,0.09,0.0976,cpu_hog_cartservice_4
2026-10-04T04:47:00,productcatalogservice,13.84765625,0.02307828598405504,0.0,0.2245,0.09,0.0976,cpu_hog_cartservice_4
2026-10-04T04:47:00,adservice,112.26953125,0.004577435783880116,0.0,0.2245,0.09,0.0976,cpu_hog_cartservice_4
2026-10-04T04:47:00,recommendationservice,32.9453125,0.020445420628233752,4.0,0.2245,0.09,0.0976,cpu_hog_cartservice_4
2026-10-04T04:47:00,emailservice,37.48046875,0.0060567573256011835,0.0,0.2245,0.09,0.0976,cpu_hog_cartservice_4
2026-10-04T04:47:00,shippingservice,11.82421875,0.0029657783602738317,0.0,0.2245,0.09,0.0976,cpu_hog_cartservice_4
2026-10-04T04:47:00,checkoutservice,14.50390625,0.0046615930711340695,0.0,0.2245,0.09,0.0976,cpu_hog_cartservice_4
2026-10-04T04:47:00,frontend,15.46484375,0.05334796245807515,0.0,0.2245,0.09,0.0976,cpu_hog_cartservice_4
2026-10-04T04:47:00,loadgenerator,88.71484375,0.009092511295544415,0.0,0.2245,0.09,0.0976,cpu_hog_cartservice_4
2026-10-04T04:47:00,cartservice,40.28515625,0.016019199999999987,0.0,0.2245,0.09,0.0976,cpu_hog_cartservice_4
2026-10-04T04:47:06,redis-cart,6.92578125,0.004856420687385688,0.0,0.1329,0.0833,0.0861,cpu_hog_cartservice_4
2026-10-04T04:47:06,paymentservice,35.7890625,0.0012302110990733818,0.0,0.1329,0.0833,0.0861,cpu_hog_cartservice_4
2026-10-04T04:47:06,currencyservice,41.609375,0.025334894679273745,0.0,0.1329,0.0833,0.0861,cpu_hog_cartservice_4
2026-10-04T04:47:06,productcatalogservice,13.84765625,0.02307828598405504,0.0,0.1329,0.0833,0.0861,cpu_hog_cartservice_4
2026-10-04T04:47:06,adservice,112.26953125,0.004577435783880116,0.0,0.1329,0.0833,0.0861,cpu_hog_cartservice_4
2026-10-04T04:47:06,recommendationservice,32.9453125,0.020445420628233752,4.0,0.1329,0.0833,0.0861,cpu_hog_cartservice_4
2026-10-04T04:47:06,emailservice,37.48046875,0.0060567573256011835,0.0,0.1329,0.0833,0.0861,cpu_hog_cartservice_4
2026-10-04T04:47:06,shippingservice,11.82421875,0.0029657783602738317,0.0,0.1329,0.0833,0.0861,cpu_hog_cartservice_4
2026-10-04T04:47:06,checkoutservice,14.50390625,0.0046615930711340695,0.0,0.1329,0.0833,0.0861,cpu_hog_cartservice_4
2026-10-04T04:47:06,frontend,15.46484375,0.05334796245807515,0.0,0.1329,0.0833,0.0861,cpu_hog_cartservice_4
2026-10-04T04:47:06,loadgenerator,88.71484375,0.007148797578803138,0.0,0.1329,0.0833,0.0861,cpu_hog_cartservice_4
2026-10-04T04:47:06,cartservice,40.28515625,0.017970623841586174,0.0,0.1329,0.0833,0.0861,cpu_hog_cartservice_4
2026-10-04T04:47:11,redis-cart,5.94140625,0.004811551606288802,0.0,0.1555,0.0606,0.093,cpu_hog_cartservice_4
2026-10-04T04:47:11,paymentservice,35.5234375,0.0012792606417667666,0.0,0.1555,0.0606,0.093,cpu_hog_cartservice_4
2026-10-04T04:47:11,currencyservice,41.02734375,0.024850062247124296,0.0,0.1555,0.0606,0.093,cpu_hog_cartservice_4
2026-10-04T04:47:11,productcatalogservice,14.34375,0.02344012664736535,0.0,0.1555,0.0606,0.093,cpu_hog_cartservice_4
2026-10-04T04:47:11,adservice,112.3671875,0.004088210311138908,0.0,0.1555,0.0606,0.093,cpu_hog_cartservice_4
2026-10-04T04:47:11,recommendationservice,33.609375,0.02042751023997472,4.0,0.1555,0.0606,0.093,cpu_hog_cartservice_4
2026-10-04T04:47:11,emailservice,36.7421875,0.006277385200215398,0.0,0.1555,0.0606,0.093,cpu_hog_cartservice_4
2026-10-04T04:47:11,shippingservice,11.82421875,0.0019662534839845424,0.0,0.1555,0.0606,0.093,cpu_hog_cartservice_4
2026-10-04T04:47:11,checkoutservice,14.03125,0.0035560329605651003,0.0,0.1555,0.0606,0.093,cpu_hog_cartservice_4
2026-10-04T04:47:11,frontend,15.1875,0.05244464029751719,0.0,0.1555,0.0606,0.093,cpu_hog_cartservice_4
2026-10-04T04:47:11,loadgenerator,88.80078125,0.009182861810991852,0.0,0.1555,0.0606,0.093,cpu_hog_cartservice_4
2026-10-04T04:47:11,cartservice,41.10546875,0.02231238028904754,0.0,0.1555,0.0606,0.093,cpu_hog_cartservice_4
2026-10-04T04:47:17,redis-cart,5.94140625,0.004811551606288802,0.0,0.1415,0.0624,0.0863,cpu_hog_cartservice_4
2026-10-04T04:47:17,paymentservice,35.5234375,0.0010358107059739551,0.0,0.1415,0.0624,0.0863,cpu_hog_cartservice_4
2026-10-04T04:47:17,currencyservice,41.02734375,0.021888690771973574,0.0,0.1415,0.0624,0.0863,cpu_hog_cartservice_4
2026-10-04T04:47:17,productcatalogservice,14.34375,0.02344012664736535,0.0,0.1415,0.0624,0.0863,cpu_hog_cartservice_4
2026-10-04T04:47:17,adservice,112.3671875,0.004873250328667901,0.0,0.1415,0.0624,0.0863,cpu_hog_cartservice_4
2026-10-04T04:47:17,recommendationservice,33.609375,0.02042751023997472,4.0,0.1415,0.0624,0.0863,cpu_hog_cartservice_4
2026-10-04T04:47:17,emailservice,36.7421875,0.006277385200215397,0.0,0.1415,0.0624,0.0863,cpu_hog_cartservice_4
2026-10-04T04:47:17,shippingservice,11.82421875,0.0023362429880966346,0.0,0.1415,0.0624,0.0863,cpu_hog_cartservice_4
2026-10-04T04:47:17,checkoutservice,14.03125,0.0014915675053743544,0.0,0.1415,0.0624,0.0863,cpu_hog_cartservice_4
2026-10-04T04:47:17,frontend,15.1875,0.052082153423500234,0.0,0.1415,0.0624,0.0863,cpu_hog_cartservice_4
2026-10-04T04:47:17,loadgenerator,88.80078125,0.006922293185292931,0.0,0.1415,0.0624,0.0863,cpu_hog_cartservice_4
2026-10-04T04:47:17,cartservice,41.10546875,0.02231238028904754,0.0,0.1415,0.0624,0.0863,cpu_hog_cartservice_4
2026-10-04T04:47:22,redis-cart,6.6875,0.00463516672547608,0.0,0.1564,0.1734,0.108,cpu_hog_cartservice_4
2026-10-04T04:47:22,paymentservice,35.52734375,0.0010174641422834483,0.0,0.1564,0.1734,0.108,cpu_hog_cartservice_4
2026-10-04T04:47:22,currencyservice,41.02734375,0.021888690771973574,0.0,0.1564,0.1734,0.108,cpu_hog_cartservice_4
2026-10-04T04:47:22,productcatalogservice,14.34375,0.023440126647365354,0.0,0.1564,0.1734,0.108,cpu_hog_cartservice_4
2026-10-04T04:47:22,adservice,112.6015625,0.005287112982345192,0.0,0.1564,0.1734,0.108,cpu_hog_cartservice_4
2026-10-04T04:47:22,recommendationservice,33.609375,0.02042751023997472,4.0,0.1564,0.1734,0.108,cpu_hog_cartservice_4
2026-10-04T04:47:22,emailservice,36.7421875,0.004632224206707426,0.0,0.1564,0.1734,0.108,cpu_hog_cartservice_4
2026-10-04T04:47:22,shippingservice,11.82421875,0.001843328165427524,0.0,0.1564,0.1734,0.108,cpu_hog_cartservice_4
2026-10-04T04:47:22,checkoutservice,14.03125,0.0014915675053743544,0.0,0.1564,0.1734,0.108,cpu_hog_cartservice_4
2026-10-04T04:47:22,frontend,14.38671875,0.05449781442480365,0.0,0.1564,0.1734,0.108,cpu_hog_cartservice_4
2026-10-04T04:47:22,loadgenerator,88.97265625,0.00790684440816982,0.0,0.1564,0.1734,0.108,cpu_hog_cartservice_4
2026-10-04T04:47:22,cartservice,41.05078125,0.019615698768388656,0.0,0.1564,0.1734,0.108,cpu_hog_cartservice_4
2026-10-04T04:47:27,redis-cart,6.6875,0.00463516672547608,0.0,0.2105,0.0977,0.0314,cpu_hog_cartservice_4
2026-10-04T04:47:27,paymentservice,35.52734375,0.0010174641422834483,0.0,0.2105,0.0977,0.0314,cpu_hog_cartservice_4
2026-10-04T04:47:27,currencyservice,41.02734375,0.017875672927566866,0.0,0.2105,0.0977,0.0314,cpu_hog_cartservice_4
2026-10-04T04:47:27,productcatalogservice,14.34375,0.018178306551003654,0.0,0.2105,0.0977,0.0314,cpu_hog_cartservice_4
2026-10-04T04:47:27,adservice,112.6015625,0.004409110104847554,0.0,0.2105,0.0977,0.0314,cpu_hog_cartservice_4
2026-10-04T04:47:27,recommendationservice,33.609375,0.012355374999998503,4.0,0.2105,0.0977,0.0314,cpu_hog_cartservice_4
2026-10-04T04:47:27,emailservice,36.7421875,0.004117408437388422,0.0,0.2105,0.0977,0.0314,cpu_hog_cartservice_4
2026-10-04T04:47:27,shippingservice,11.82421875,0.0011782298181817555,0.0,0.2105,0.0977,0.0314,cpu_hog_cartservice_4
2026-10-04T04:47:27,checkoutservice,14.03125,0.0011220751599700983,0.0,0.2105,0.0977,0.0314,cpu_hog_cartservice_4
2026-10-04T04:47:27,frontend,14.38671875,0.05449781442480365,0.0,0.2105,0.0977,0.0314,cpu_hog_cartservice_4
2026-10-04T04:47:27,loadgenerator,88.97265625,0.00790684440816982,0.0,0.2105,0.0977,0.0314,cpu_hog_cartservice_4
2026-10-04T04:47:27,cartservice,41.05078125,0.019615698768388656,0.0,0.2105,0.0977,0.0314,cpu_hog_cartservice_4
2026-10-04T04:47:33,redis-cart,6.6875,0.00463516672547608,0.0,0.1233,0.1605,0.0166,cpu_hog_cartservice_4
2026-10-04T04:47:33,paymentservice,35.52734375,0.0006422285391744625,0.0,0.1233,0.1605,0.0166,cpu_hog_cartservice_4
2026-10-04T04:47:33,currencyservice,41.24609375,0.02488706938616141,0.0,0.1233,0.1605,0.0166,cpu_hog_cartservice_4
2026-10-04T04:47:33,productcatalogservice,14.10546875,0.024782471353362222,0.0,0.1233,0.1605,0.0166,cpu_hog_cartservice_4
2026-10-04T04:47:33,adservice,112.6015625,0.0045261295944618194,0.0,0.1233,0.1605,0.0166,cpu_hog_cartservice_4
2026-10-04T04:47:33,recommendationservice,33.6171875,0.020996882060550306,4.0,0.1233,0.1605,0.0166,cpu_hog_cartservice_4
2026-10-04T04:47:33,emailservice,36.7421875,0.004621231779731135,0.0,0.1233,0.1605,0.0166,cpu_hog_cartservice_4
2026-10-04T04:47:33,shippingservice,11.62109375,0.0023676862036063223,0.0,0.1233,0.1605,0.0166,cpu_hog_cartservice_4
2026-10-04T04:47:33,checkoutservice,14.1328125,0.0023350717079535454,0.0,0.1233,0.1605,0.0166,cpu_hog_cartservice_4
2026-10-04T04:47:33,frontend,14.38671875,0.04507961155376451,0.0,0.1233,0.1605,0.0166,cpu_hog_cartservice_4
2026-10-04T04:47:33,loadgenerator,88.97265625,0.008406613219998702,0.0,0.1233,0.1605,0.0166,cpu_hog_cartservice_4
2026-10-04T04:47:33,cartservice,41.3828125,0.019094239672364684,0.0,0.1233,0.1605,0.0166,cpu_hog_cartservice_4
2026-10-04T04:47:38,redis-cart,6.6875,0.0035588392865334778,0.0,0.18,0.1481,0.0386,cpu_hog_cartservice_4
2026-10-04T04:47:38,paymentservice,35.52734375,0.0005655571932186746,0.0,0.18,0.1481,0.0386,cpu_hog_cartservice_4
2026-10-04T04:47:38,currencyservice,41.24609375,0.02747130784953815,0.0,0.18,0.1481,0.0386,cpu_hog_cartservice_4
2026-10-04T04:47:38,productcatalogservice,14.10546875,0.020196268508827928,0.0,0.18,0.1481,0.0386,cpu_hog_cartservice_4
2026-10-04T04:47:38,adservice,112.6015625,0.00403938595054481,0.0,0.18,0.1481,0.0386,cpu_hog_cartservice_4
2026-10-04T04:47:38,recommendationservice,33.6171875,0.020996882060550306,4.0,0.18,0.1481,0.0386,cpu_hog_cartservice_4
2026-10-04T04:47:38,emailservice,36.7421875,0.004751833374004799,0.0,0.18,0.1481,0.0386,cpu_hog_cartservice_4
2026-10-04T04:47:38,shippingservice,11.62109375,0.0018668811101068584,0.0,0.18,0.1481,0.0386,cpu_hog_cartservice_4
2026-10-04T04:47:38,checkoutservice,14.1328125,0.0023350717079535454,0.0,0.18,0.1481,0.0386,cpu_hog_cartservice_4
2026-10-04T04:47:38,frontend,14.38671875,0.04034188278158848,0.0,0.18,0.1481,0.0386,cpu_hog_cartservice_4
2026-10-04T04:47:38,loadgenerator,88.97265625,0.006401600939473926,0.0,0.18,0.1481,0.0386,cpu_hog_cartservice_4
2026-10-04T04:47:38,cartservice,41.3828125,0.019094239672364684,0.0,0.18,0.1481,0.0386,cpu_hog_cartservice_4
2026-10-04T04:47:44,redis-cart,6.4375,0.004355703603625688,0.0,0.1567,0.0717,0.0937,cpu_hog_cartservice_4
2026-10-04T04:47:44,paymentservice,35.56640625,0.0012191458026510967,0.0,0.1567,0.0717,0.0937,cpu_hog_cartservice_4
2026-10-04T04:47:44,currencyservice,41.24609375,0.022666461642871217,0.0,0.1567,0.0717,0.0937,cpu_hog_cartservice_4
2026-10-04T04:47:44,productcatalogservice,13.359375,0.023009359501343207,0.0,0.1567,0.0717,0.0937,cpu_hog_cartservice_4
2026-10-04T04:47:44,adservice,112.13671875,0.005000840668056647,0.0,0.1567,0.0717,0.0937,cpu_hog_cartservice_4
2026-10-04T04:47:44,recommendationservice,33.6171875,0.021610975728628495,4.0,0.1567,0.0717,0.0937,cpu_hog_cartservice_4
2026-10-04T04:47:44,emailservice,36.7421875,0.005728225744893213,0.0,0.1567,0.0717,0.0937,cpu_hog_cartservice_4
2026-10-04T04:47:44,shippingservice,11.6328125,0.0021543123130549897,0.0,0.1567,0.0717,0.0937,cpu_hog_cartservice_4
2026-10-04T04:47:44,checkoutservice,14.38671875,0.0021795773191613187,0.0,0.1567,0.0717,0.0937,cpu_hog_cartservice_4
2026-10-04T04:47:44,frontend,15.6953125,0.054094299413953044,0.0,0.1567,0.0717,0.0937,cpu_hog_cartservice_4
2026-10-04T04:47:44,loadgenerator,89.21875,0.008149070876500457,0.0,0.1567,0.0717,0.0937,cpu_hog_cartservice_4
2026-10-04T04:47:44,cartservice,41.3828125,0.011837849999999994,0.0,0.1567,0.0717,0.0937,cpu_hog_cartservice_4
2026-10-04T04:47:49,redis-cart,6.1796875,0.004346033673160068,0.0,0.2783,0.0761,0.1958,cpu_hog_cartservice_4
2026-10-04T04:47:49,paymentservice,35.65625,0.0016295651444272888,0.0,0.2783,0.0761,0.1958,cpu_hog_cartservice_4
2026-10-04T04:47:49,currencyservice,41.109375,0.027060153048420365,0.0,0.2783,0.0761,0.1958,cpu_hog_cartservice_4
2026-10-04T04:47:49,productcatalogservice,13.359375,0.02234604703379667,0.0,0.2783,0.0761,0.1958,cpu_hog_cartservice_4
2026-10-04T04:47:49,adservice,111.87109375,0.005667024641699646,0.0,0.2783,0.0761,0.1958,cpu_hog_cartservice_4
2026-10-04T04:47:49,recommendationservice,33.140625,0.01994607833090703,4.0,0.2783,0.0761,0.1958,cpu_hog_cartservice_4
2026-10-04T04:47:49,emailservice,36.9921875,0.005563877902849024,0.0,0.2783,0.0761,0.1958,cpu_hog_cartservice_4
2026-10-04T04:47:49,shippingservice,11.62890625,0.002338186755797023,0.0,0.2783,0.0761,0.1958,cpu_hog_cartservice_4
2026-10-04T04:47:49,checkoutservice,14.38671875,0.0027085544275062463,0.0,0.2783,0.0761,0.1958,cpu_hog_cartservice_4
2026-10-04T04:47:49,frontend,15.21875,0.05331755379388371,0.0,0.2783,0.0761,0.1958,cpu_hog_cartservice_4
2026-10-04T04:47:49,loadgenerator,89.01171875,0.007800571356551625,0.0,0.2783,0.0761,0.1958,cpu_hog_cartservice_4
2026-10-04T04:47:49,cartservice,41.3125,0.01728015772516892,0.0,0.2783,0.0761,0.1958,cpu_hog_cartservice_4
2026-10-04T04:47:55,redis-cart,6.1796875,0.004272074643249124,0.0,0.0848,0.1019,0.0566,cpu_hog_cartservice_4
2026-10-04T04:47:55,paymentservice,35.65625,0.0016295651444272888,0.0,0.0848,0.1019,0.0566,cpu_hog_cartservice_4
2026-10-04T04:47:55,currencyservice,41.109375,0.028684750413114773,0.0,0.0848,0.1019,0.0566,cpu_hog_cartservice_4
2026-10-04T04:47:55,productcatalogservice,13.359375,0.02234604703379667,0.0,0.0848,0.1019,0.0566,cpu_hog_cartservice_4
2026-10-04T04:47:55,adservice,111.87109375,0.005837277205098909,0.0,0.0848,0.1019,0.0566,cpu_hog_cartservice_4
2026-10-04T04:47:55,recommendationservice,33.140625,0.01994607833090703,4.0,0.0848,0.1019,0.0566,cpu_hog_cartservice_4
2026-10-04T04:47:55,emailservice,36.9921875,0.005465171254462779,0.0,0.0848,0.1019,0.0566,cpu_hog_cartservice_4
2026-10-04T04:47:55,shippingservice,11.62890625,0.0021909482666936817,0.0,0.0848,0.1019,0.0566,cpu_hog_cartservice_4
2026-10-04T04:47:55,checkoutservice,14.38671875,0.0027085544275062463,0.0,0.0848,0.1019,0.0566,cpu_hog_cartservice_4
2026-10-04T04:47:55,frontend,15.21875,0.05331755379388371,0.0,0.0848,0.1019,0.0566,cpu_hog_cartservice_4
2026-10-04T04:47:55,loadgenerator,89.01171875,0.007800571356551625,0.0,0.0848,0.1019,0.0566,cpu_hog_cartservice_4
2026-10-04T04:47:55,cartservice,41.3125,0.016636416718504108,0.0,0.0848,0.1019,0.0566,cpu_hog_cartservice_4
2026-10-04T04:48:00,redis-cart,6.1796875,0.004272074643249123,0.0,0.0776,0.0464,0.0571,cpu_hog_cartservice_4
2026-10-04T04:48:00,paymentservice,35.65625,0.0016295651444272888,0.0,0.0776,0.0464,0.0571,cpu_hog_cartservice_4
2026-10-04T04:48:00,currencyservice,41.61328125,0.029449600164032013,0.0,0.0776,0.0464,0.0571,cpu_hog_cartservice_4
2026-10-04T04:48:00,productcatalogservice,14.5703125,0.024060151657153507,0.0,0.0776,0.0464,0.0571,cpu_hog_cartservice_4
2026-10-04T04:48:00,adservice,112.12109375,0.005759110344015952,0.0,0.0776,0.0464,0.0571,cpu_hog_cartservice_4
2026-10-04T04:48:00,recommendationservice,33.140625,0.01997943493104556,4.0,0.0776,0.0464,0.0571,cpu_hog_cartservice_4
2026-10-04T04:48:00,emailservice,36.74609375,0.0056163774259138976,0.0,0.0776,0.0464,0.0571,cpu_hog_cartservice_4
2026-10-04T04:48:00,shippingservice,11.63671875,0.002780691722206836,0.0,0.0776,0.0464,0.0571,cpu_hog_cartservice_4
2026-10-04T04:48:00,checkoutservice,14.66015625,0.0034963801862826346,0.0,0.0776,0.0464,0.0571,cpu_hog_cartservice_4
2026-10-04T04:48:00,frontend,15.21875,0.054399897198667724,0.0,0.0776,0.0464,0.0571,cpu_hog_cartservice_4
2026-10-04T04:48:00,loadgenerator,89.01171875,0.007800571356551625,0.0,0.0776,0.0464,0.0571,cpu_hog_cartservice_4
2026-10-04T04:48:00,cartservice,42.91796875,0.020349174881142486,0.0,0.0776,0.0464,0.0571,cpu_hog_cartservice_4
2026-10-04T04:48:05,redis-cart,6.1796875,0.00342684361620577,0.0,0.068,0.0421,0.0305,cpu_hog_cartservice_4
2026-10-04T04:48:05,paymentservice,35.65625,0.0018371190220534328,0.0,0.068,0.0421,0.0305,cpu_hog_cartservice_4
2026-10-04T04:48:05,currencyservice,41.61328125,0.029449600164032013,0.0,0.068,0.0421,0.0305,cpu_hog_cartservice_4
2026-10-04T04:48:05,productcatalogservice,14.5703125,0.02345468754789086,0.0,0.068,0.0421,0.0305,cpu_hog_cartservice_4
2026-10-04T04:48:05,adservice,112.12109375,0.005759110344015951,0.0,0.068,0.0421,0.0305,cpu_hog_cartservice_4
2026-10-04T04:48:05,recommendationservice,33.140625,0.01997943493104556,4.0,0.068,0.0421,0.0305,cpu_hog_cartservice_4
2026-10-04T04:48:05,emailservice,36.74609375,0.004689413171133871,0.0,0.068,0.0421,0.0305,cpu_hog_cartservice_4
2026-10-04T04:48:05,shippingservice,11.63671875,0.0021621007827041234,0.0,0.068,0.0421,0.0305,cpu_hog_cartservice_4
2026-10-04T04:48:05,checkoutservice,14.66015625,0.0029196539624295444,0.0,0.068,0.0421,0.0305,cpu_hog_cartservice_4
2026-10-04T04:48:05,frontend,15.21875,0.04571812693823701,0.0,0.068,0.0421,0.0305,cpu_hog_cartservice_4
2026-10-04T04:48:05,loadgenerator,89.01171875,0.007962487443498851,0.0,0.068,0.0421,0.0305,cpu_hog_cartservice_4
2026-10-04T04:48:05,cartservice,42.91796875,0.021275800009861418,0.0,0.068,0.0421,0.0305,cpu_hog_cartservice_4
2026-10-04T04:48:10,redis-cart,5.94140625,0.004409999563529225,0.0,0.1368,0.167,0.1054,cpu_hog_cartservice_4
2026-10-04T04:48:10,paymentservice,35.875,0.001621880309609403,0.0,0.1368,0.167,0.1054,cpu_hog_cartservice_4
2026-10-04T04:48:10,currencyservice,41.61328125,0.028665091665086923,0.0,0.1368,0.167,0.1054,cpu_hog_cartservice_4
2026-10-04T04:48:10,productcatalogservice,14.3515625,0.02190971931755769,0.0,0.1368,0.167,0.1054,cpu_hog_cartservice_4
2026-10-04T04:48:10,adservice,112.12109375,0.005490285598335708,0.0,0.1368,0.167,0.1054,cpu_hog_cartservice_4
2026-10-04T04:48:10,recommendationservice,32.85546875,0.020113401516956817,4.0,0.1368,0.167,0.1054,cpu_hog_cartservice_4
2026-10-04T04:48:10,emailservice,36.74609375,0.004752276018158538,0.0,0.1368,0.167,0.1054,cpu_hog_cartservice_4
2026-10-04T04:48:10,shippingservice,11.64453125,0.0024104009752273082,0.0,0.1368,0.167,0.1054,cpu_hog_cartservice_4
2026-10-04T04:48:10,checkoutservice,14.42578125,0.0027135320846725652,0.0,0.1368,0.167,0.1054,cpu_hog_cartservice_4
2026-10-04T04:48:10,frontend,15.0546875,0.05188067792109731,0.0,0.1368,0.167,0.1054,cpu_hog_cartservice_4
2026-10-04T04:48:10,loadgenerator,89.74609375,0.008073176335440559,0.0,0.1368,0.167,0.1054,cpu_hog_cartservice_4
2026-10-04T04:48:10,cartservice,42.91796875,0.021275800009861418,0.0,0.1368,0.167,0.1054,cpu_hog_cartservice_4
2026-10-04T04:48:16,redis-cart,5.94140625,0.004409999563529225,0.0,0.1569,0.0595,0.0809,cpu_hog_cartservice_4
2026-10-04T04:48:16,paymentservice,35.875,0.0015702590886418207,0.0,0.1569,0.0595,0.0809,cpu_hog_cartservice_4
2026-10-04T04:48:16,currencyservice,41.61328125,0.02325479448906564,0.0,0.1569,0.0595,0.0809,cpu_hog_cartservice_4
2026-10-04T04:48:16,productcatalogservice,14.3515625,0.02190971931755769,0.0,0.1569,0.0595,0.0809,cpu_hog_cartservice_4
2026-10-04T04:48:16,adservice,112.12109375,0.004365051564956806,0.0,0.1569,0.0595,0.0809,cpu_hog_cartservice_4
2026-10-04T04:48:16,recommendationservice,32.85546875,0.020113401516956817,4.0,0.1569,0.0595,0.0809,cpu_hog_cartservice_4
2026-10-04T04:48:16,emailservice,36.74609375,0.00425011828311113,0.0,0.1569,0.0595,0.0809,cpu_hog_cartservice_4
2026-10-04T04:48:16,shippingservice,11.64453125,0.002410400975227308,0.0,0.1569,0.0595,0.0809,cpu_hog_cartservice_4
2026-10-04T04:48:16,checkoutservice,14.42578125,0.0027135320846725652,0.0,0.1569,0.0595,0.0809,cpu_hog_cartservice_4
2026-10-04T04:48:16,frontend,15.0546875,0.05188067792109731,0.0,0.1569,0.0595,0.0809,cpu_hog_cartservice_4
2026-10-04T04:48:16,loadgenerator,89.74609375,0.006864106051759231,0.0,0.1569,0.0595,0.0809,cpu_hog_cartservice_4
2026-10-04T04:48:16,cartservice,42.91796875,0.017103024633482875,0.0,0.1569,0.0595,0.0809,cpu_hog_cartservice_4
2026-10-04T04:48:21,redis-cart,6.203125,0.004543472808117575,0.0,0.0641,0.049,0.103,cpu_hog_cartservice_4
2026-10-04T04:48:21,paymentservice,35.875,0.0015702590886418207,0.0,0.0641,0.049,0.103,cpu_hog_cartservice_4
2026-10-04T04:48:21,currencyservice,41.53515625,0.02742003861234359,0.0,0.0641,0.049,0.103,cpu_hog_cartservice_4
2026-10-04T04:48:21,productcatalogservice,14.3515625,0.015078825000000509,0.0,0.0641,0.049,0.103,cpu_hog_cartservice_4
2026-10-04T04:48:21,adservice,111.8828125,0.004920626499354416,0.0,0.0641,0.049,0.103,cpu_hog_cartservice_4
2026-10-04T04:48:21,recommendationservice,32.85546875,0.020113401516956817,4.0,0.0641,0.049,0.103,cpu_hog_cartservice_4
2026-10-04T04:48:21,emailservice,36.7421875,0.005512813988989945,0.0,0.0641,0.049,0.103,cpu_hog_cartservice_4
2026-10-04T04:48:21,shippingservice,12.16015625,0.0028381002247091997,0.0,0.0641,0.049,0.103,cpu_hog_cartservice_4
2026-10-04T04:48:21,checkoutservice,14.42578125,0.0027135320846725652,0.0,0.0641,0.049,0.103,cpu_hog_cartservice_4
2026-10-04T04:48:21,frontend,15.0546875,0.04310717022930169,0.0,0.0641,0.049,0.103,cpu_hog_cartservice_4
2026-10-04T04:48:21,loadgenerator,88.73046875,0.008182218682331844,0.0,0.0641,0.049,0.103,cpu_hog_cartservice_4
2026-10-04T04:48:21,cartservice,42.734375,0.020334900718723334,0.0,0.0641,0.049,0.103,cpu_hog_cartservice_4
2026-10-04T04:48:27,redis-cart,6.203125,0.004543472808117575,0.0,0.1184,0.0193,0.0191,cpu_hog_cartservice_4
2026-10-04T04:48:27,paymentservice,35.875,0.0012299904868793407,0.0,0.1184,0.0193,0.0191,cpu_hog_cartservice_4
2026-10-04T04:48:27,currencyservice,41.53515625,0.027956867647898523,0.0,0.1184,0.0193,0.0191,cpu_hog_cartservice_4
2026-10-04T04:48:27,productcatalogservice,14.3515625,0.01728723390291995,0.0,0.1184,0.0193,0.0191,cpu_hog_cartservice_4
2026-10-04T04:48:27,adservice,111.8828125,0.004920626499354416,0.0,0.1184,0.0193,0.0191,cpu_hog_cartservice_4
2026-10-04T04:48:27,recommendationservice,32.85546875,0.016306186027315855,4.0,0.1184,0.0193,0.0191,cpu_hog_cartservice_4
2026-10-04T04:48:27,emailservice,36.7421875,0.005512813988989945,0.0,0.1184,0.0193,0.0191,cpu_hog_cartservice_4
2026-10-04T04:48:27,shippingservice,12.16015625,0.0028381002247091997,0.0,0.1184,0.0193,0.0191,cpu_hog_cartservice_4
2026-10-04T04:48:27,checkoutservice,14.42578125,0.0025801918222908733,0.0,0.1184,0.0193,0.0191,cpu_hog_cartservice_4
2026-10-04T04:48:27,frontend,15.0546875,0.038578179694824154,0.0,0.1184,0.0193,0.0191,cpu_hog_cartservice_4
2026-10-04T04:48:27,loadgenerator,88.73046875,0.008182218682331844,0.0,0.1184,0.0193,0.0191,cpu_hog_cartservice_4
2026-10-04T04:48:27,cartservice,42.734375,0.016727432845386487,0.0,0.1184,0.0193,0.0191,cpu_hog_cartservice_4
2026-10-04T04:48:32,redis-cart,6.203125,0.004543472808117575,0.0,0.3029,0.1077,0.1107,cpu_hog_cartservice_4
2026-10-04T04:48:32,paymentservice,35.859375,0.001144190487924942,0.0,0.3029,0.1077,0.1107,cpu_hog_cartservice_4
2026-10-04T04:48:32,currencyservice,41.53515625,0.027956867647898523,0.0,0.3029,0.1077,0.1107,cpu_hog_cartservice_4
2026-10-04T04:48:32,productcatalogservice,13.8828125,0.023573670997149264,0.0,0.3029,0.1077,0.1107,cpu_hog_cartservice_4
2026-10-04T04:48:32,adservice,111.8828125,0.004167506402823166,0.0,0.3029,0.1077,0.1107,cpu_hog_cartservice_4
2026-10-04T04:48:32,recommendationservice,33.37890625,0.021532425237151112,4.0,0.3029,0.1077,0.1107,cpu_hog_cartservice_4
2026-10-04T04:48:32,emailservice,36.7421875,0.0056918146253406065,0.0,0.3029,0.1077,0.1107,cpu_hog_cartservice_4
2026-10-04T04:48:32,shippingservice,12.16015625,0.002570169356384966,0.0,0.3029,0.1077,0.1107,cpu_hog_cartservice_4
2026-10-04T04:48:32,checkoutservice,14.2265625,0.0029381931126490693,0.0,0.3029,0.1077,0.1107,cpu_hog_cartservice_4
2026-10-04T04:48:32,frontend,14.60546875,0.052790087229168156,0.0,0.3029,0.1077,0.1107,cpu_hog_cartservice_4
2026-10-04T04:48:32,loadgenerator,88.73046875,0.006629256304810488,0.0,0.3029,0.1077,0.1107,cpu_hog_cartservice_4
2026-10-04T04:48:32,cartservice,43.54296875,0.019165730994152058,0.0,0.3029,0.1077,0.1107,cpu_hog_cartservice_4
2026-10-04T04:48:37,redis-cart,6.203125,0.0037525167285410404,0.0,0.1609,0.0228,0.059,cpu_hog_cartservice_4
2026-10-04T04:48:37,paymentservice,35.859375,0.001144190487924942,0.0,0.1609,0.0228,0.059,cpu_hog_cartservice_4
2026-10-04T04:48:37,currencyservice,41.53515625,0.021718991553961165,0.0,0.1609,0.0228,0.059,cpu_hog_cartservice_4
2026-10-04T04:48:37,productcatalogservice,13.8828125,0.019293412650680762,0.0,0.1609,0.0228,0.059,cpu_hog_cartservice_4
2026-10-04T04:48:37,adservice,111.8828125,0.0037056544528069756,0.0,0.1609,0.0228,0.059,cpu_hog_cartservice_4
2026-10-04T04:48:37,recommendationservice,33.37890625,0.021532425237151112,4.0,0.1609,0.0228,0.059,cpu_hog_cartservice_4
2026-10-04T04:48:37,emailservice,36.7421875,0.004302584970660597,0.0,0.1609,0.0228,0.059,cpu_hog_cartservice_4
2026-10-04T04:48:37,shippingservice,12.16015625,0.002291992493083293,0.0,0.1609,0.0228,0.059,cpu_hog_cartservice_4
2026-10-04T04:48:37,checkoutservice,14.2265625,0.0019225738713063033,0.0,0.1609,0.0228,0.059,cpu_hog_cartservice_4
2026-10-04T04:48:37,frontend,14.60546875,0.05340251792270999,0.0,0.1609,0.0228,0.059,cpu_hog_cartservice_4
2026-10-04T04:48:37,loadgenerator,88.73046875,0.005827805013186719,0.0,0.1609,0.0228,0.059,cpu_hog_cartservice_4
2026-10-04T04:48:37,cartservice,43.54296875,0.019165730994152058,0.0,0.1609,0.0228,0.059,cpu_hog_cartservice_4
2026-10-04T04:48:43,redis-cart,6.4453125,0.004547274947275177,0.0,0.0546,0.0206,0.0401,cpu_hog_cartservice_4
2026-10-04T04:48:43,paymentservice,35.60546875,0.0010611236264998828,0.0,0.0546,0.0206,0.0401,cpu_hog_cartservice_4
2026-10-04T04:48:43,currencyservice,41.125,0.0247688318537423,0.0,0.0546,0.0206,0.0401,cpu_hog_cartservice_4
2026-10-04T04:48:43,productcatalogservice,13.63671875,0.020472438956640162,0.0,0.0546,0.0206,0.0401,cpu_hog_cartservice_4
2026-10-04T04:48:43,adservice,112.37890625,0.005301798800798926,0.0,0.0546,0.0206,0.0401,cpu_hog_cartservice_4
2026-10-04T04:48:43,recommendationservice,33.37890625,0.021532425237151112,4.0,0.0546,0.0206,0.0401,cpu_hog_cartservice_4
2026-10-04T04:48:43,emailservice,36.7421875,0.005253394551921558,0.0,0.0546,0.0206,0.0401,cpu_hog_cartservice_4
2026-10-04T04:48:43,shippingservice,12.4921875,0.0030936040910108024,0.0,0.0546,0.0206,0.0401,cpu_hog_cartservice_4
2026-10-04T04:48:43,checkoutservice,14.515625,0.001972761387163727,0.0,0.0546,0.0206,0.0401,cpu_hog_cartservice_4
2026-10-04T04:48:43,frontend,14.75,0.052351964307845576,0.0,0.0546,0.0206,0.0401,cpu_hog_cartservice_4
2026-10-04T04:48:43,loadgenerator,89.25390625,0.007830217516500518,0.0,0.0546,0.0206,0.0401,cpu_hog_cartservice_4
2026-10-04T04:48:43,cartservice,43.765625,0.01411044030658199,0.0,0.0546,0.0206,0.0401,cpu_hog_cartservice_4
2026-10-04T04:48:48,redis-cart,6.4453125,0.0036798276294352605,0.0,0.0744,0.0575,0.0245,cpu_hog_cartservice_4
2026-10-04T04:48:48,paymentservice,35.60546875,0.0009068952025193832,0.0,0.0744,0.0575,0.0245,cpu_hog_cartservice_4
2026-10-04T04:48:48,currencyservice,41.125,0.0247688318537423,0.0,0.0744,0.0575,0.0245,cpu_hog_cartservice_4
2026-10-04T04:48:48,productcatalogservice,13.63671875,0.017116494400672925,0.0,0.0744,0.0575,0.0245,cpu_hog_cartservice_4
2026-10-04T04:48:48,adservice,112.37890625,0.004293900539086849,0.0,0.0744,0.0575,0.0245,cpu_hog_cartservice_4
2026-10-04T04:48:48,recommendationservice,33.37890625,0.015506951570725158,4.0,0.0744,0.0575,0.0245,cpu_hog_cartservice_4
2026-10-04T04:48:48,emailservice,36.7421875,0.005253394551921558,0.0,0.0744,0.0575,0.0245,cpu_hog_cartservice_4
2026-10-04T04:48:48,shippingservice,12.4921875,0.0030936040910108024,0.0,0.0744,0.0575,0.0245,cpu_hog_cartservice_4
2026-10-04T04:48:48,checkoutservice,14.515625,0.001972761387163727,0.0,0.0744,0.0575,0.0245,cpu_hog_cartservice_4
2026-10-04T04:48:48,frontend,14.75,0.052351964307845576,0.0,0.0744,0.0575,0.0245,cpu_hog_cartservice_4
2026-10-04T04:48:48,loadgenerator,89.25390625,0.007830217516500518,0.0,0.0744,0.0575,0.0245,cpu_hog_cartservice_4
2026-10-04T04:48:48,cartservice,43.765625,0.016456390146331205,0.0,0.0744,0.0575,0.0245,cpu_hog_cartservice_4
2026-10-04T04:48:53,redis-cart,6.4453125,0.0033795801352278364,0.0,0.0637,0.0248,0.0462,cpu_hog_cartservice_4
2026-10-04T04:48:53,paymentservice,35.60546875,0.0007621961494057588,0.0,0.0637,0.0248,0.0462,cpu_hog_cartservice_4
2026-10-04T04:48:53,currencyservice,41.30859375,0.026925174449812815,0.0,0.0637,0.0248,0.0462,cpu_hog_cartservice_4
2026-10-04T04:48:53,productcatalogservice,14.1640625,0.022673688276864622,0.0,0.0637,0.0248,0.0462,cpu_hog_cartservice_4
2026-10-04T04:48:53,adservice,111.87890625,0.005135118711750214,0.0,0.0637,0.0248,0.0462,cpu_hog_cartservice_4
2026-10-04T04:48:53,recommendationservice,32.875,0.01928002713703868,4.0,0.0637,0.0248,0.0462,cpu_hog_cartservice_4
2026-10-04T04:48:53,emailservice,37.2421875,0.005718449570919025,0.0,0.0637,0.0248,0.0462,cpu_hog_cartservice_4
2026-10-04T04:48:53,shippingservice,12.4921875,0.00248924275179775,0.0,0.0637,0.0248,0.0462,cpu_hog_cartservice_4
2026-10-04T04:48:53,checkoutservice,14.515625,0.002378468368479362,0.0,0.0637,0.0248,0.0462,cpu_hog_cartservice_4
2026-10-04T04:48:53,frontend,15.87890625,0.052171929824557116,0.0,0.0637,0.0248,0.0462,cpu_hog_cartservice_4
2026-10-04T04:48:53,loadgenerator,89.25390625,0.006186684379200199,0.0,0.0637,0.0248,0.0462,cpu_hog_cartservice_4
2026-10-04T04:48:53,cartservice,43.765625,0.01337895376457757,0.0,0.0637,0.0248,0.0462,cpu_hog_cartservice_4
2026-10-04T04:48:58,redis-cart,6.4453125,0.002997776772608341,0.0,0.1073,0.0455,0.047,cpu_hog_cartservice_4
2026-10-04T04:48:58,paymentservice,35.60546875,0.0006740944400995668,0.0,0.1073,0.0455,0.047,cpu_hog_cartservice_4
2026-10-04T04:48:58,currencyservice,41.30859375,0.023370102375819206,0.0,0.1073,0.0455,0.047,cpu_hog_cartservice_4
2026-10-04T04:48:58,productcatalogservice,14.1640625,0.022673688276864622,0.0,0.1073,0.0455,0.047,cpu_hog_cartservice_4
2026-10-04T04:48:58,adservice,111.87890625,0.005221137450265885,0.0,0.1073,0.0455,0.047,cpu_hog_cartservice_4
2026-10-04T04:48:58,recommendationservice,32.875,0.01928002713703868,4.0,0.1073,0.0455,0.047,cpu_hog_cartservice_4
2026-10-04T04:48:58,emailservice,37.2421875,0.005871832996312099,0.0,0.1073,0.0455,0.047,cpu_hog_cartservice_4
2026-10-04T04:48:58,shippingservice,12.4921875,0.002507547898317646,0.0,0.1073,0.0455,0.047,cpu_hog_cartservice_4
2026-10-04T04:48:58,checkoutservice,14.515625,0.001869486047909647,0.0,0.1073,0.0455,0.047,cpu_hog_cartservice_4
2026-10-04T04:48:58,frontend,15.87890625,0.052171929824557116,0.0,0.1073,0.0455,0.047,cpu_hog_cartservice_4
2026-10-04T04:48:58,loadgenerator,89.25390625,0.005516638774755405,0.0,0.1073,0.0455,0.047,cpu_hog_cartservice_4
2026-10-04T04:48:58,cartservice,43.765625,0.011746616805749838,0.0,0.1073,0.0455,0.047,cpu_hog_cartservice_4
2026-10-04T04:49:04,redis-cart,6.44140625,0.004459345388339075,0.0,0.0508,0.0299,0.0456,cpu_hog_cartservice_4
2026-10-04T04:49:04,paymentservice,35.6328125,0.0012681422676711013,0.0,0.0508,0.0299,0.0456,cpu_hog_cartservice_4
2026-10-04T04:49:04,currencyservice,41.30859375,0.021866600038877068,0.0,0.0508,0.0299,0.0456,cpu_hog_cartservice_4
2026-10-04T04:49:04,productcatalogservice,14.1640625,0.022673688276864622,0.0,0.0508,0.0299,0.0456,cpu_hog_cartservice_4
2026-10-04T04:49:04,adservice,111.87890625,0.004107229529991035,0.0,0.0508,0.0299,0.0456,cpu_hog_cartservice_4
2026-10-04T04:49:04,recommendationservice,32.3828125,0.019751942791804512,4.0,0.0508,0.0299,0.0456,cpu_hog_cartservice_4
2026-10-04T04:49:04,emailservice,37.2421875,0.005871832996312099,0.0,0.0508,0.0299,0.0456,cpu_hog_cartservice_4
2026-10-04T04:49:04,shippingservice,12.04296875,0.003173501178848229,0.0,0.0508,0.0299,0.0456,cpu_hog_cartservice_4
2026-10-04T04:49:04,checkoutservice,14.3359375,0.002311136529063124,0.0,0.0508,0.0299,0.0456,cpu_hog_cartservice_4
2026-10-04T04:49:04,frontend,15.87890625,0.031499374999998504,0.0,0.0508,0.0299,0.0456,cpu_hog_cartservice_4
2026-10-04T04:49:04,loadgenerator,89.46484375,0.008043454388579422,0.0,0.0508,0.0299,0.0456,cpu_hog_cartservice_4
2026-10-04T04:49:04,cartservice,44.125,0.016341742404258924,0.0,0.0508,0.0299,0.0456,cpu_hog_cartservice_4
2026-10-04T04:49:09,redis-cart,6.44140625,0.004499430872952754,0.0,0.0657,0.0624,0.1867,cpu_hog_cartservice_4
2026-10-04T04:49:09,paymentservice,35.6328125,0.0010702311459673145,0.0,0.0657,0.0624,0.1867,cpu_hog_cartservice_4
2026-10-04T04:49:09,currencyservice,41.30859375,0.01935064921735638,0.0,0.0657,0.0624,0.1867,cpu_hog_cartservice_4
2026-10-04T04:49:09,productcatalogservice,14.1640625,0.017159299463798114,0.0,0.0657,0.0624,0.1867,cpu_hog_cartservice_4
2026-10-04T04:49:09,adservice,111.87890625,0.00363819734904215,0.0,0.0657,0.0624,0.1867,cpu_hog_cartservice_4
2026-10-04T04:49:09,recommendationservice,32.3828125,0.01952390407820214,4.0,0.0657,0.0624,0.1867,cpu_hog_cartservice_4
2026-10-04T04:49:09,emailservice,37.2421875,0.004660963168589272,0.0,0.0657,0.0624,0.1867,cpu_hog_cartservice_4
2026-10-04T04:49:09,shippingservice,12.04296875,0.002979463730079275,0.0,0.0657,0.0624,0.1867,cpu_hog_cartservice_4
2026-10-04T04:49:09,checkoutservice,14.3359375,0.0021601401943608573,0.0,0.0657,0.0624,0.1867,cpu_hog_cartservice_4
2026-10-04T04:49:09,frontend,15.87890625,0.031499374999998504,0.0,0.0657,0.0624,0.1867,cpu_hog_cartservice_4
2026-10-04T04:49:09,loadgenerator,89.46484375,0.008043454388579422,0.0,0.0657,0.0624,0.1867,cpu_hog_cartservice_4
2026-10-04T04:49:09,cartservice,44.125,0.013288060867378642,0.0,0.0657,0.0624,0.1867,cpu_hog_cartservice_4
2026-10-04T04:49:14,redis-cart,6.44140625,0.0034953641260247097,0.0,0.225,0.1837,0.0948,cpu_hog_cartservice_4
2026-10-04T04:49:14,paymentservice,35.68359375,0.0012533289603148953,0.0,0.225,0.1837,0.0948,cpu_hog_cartservice_4
2026-10-04T04:49:14,currencyservice,41.0234375,0.02582018536245403,0.0,0.225,0.1837,0.0948,cpu_hog_cartservice_4
2026-10-04T04:49:14,productcatalogservice,13.62890625,0.020890351366425506,0.0,0.225,0.1837,0.0948,cpu_hog_cartservice_4
2026-10-04T04:49:14,adservice,112.390625,0.004773577590384194,0.0,0.225,0.1837,0.0948,cpu_hog_cartservice_4
2026-10-04T04:49:14,recommendationservice,32.3828125,0.01952390407820214,4.0,0.225,0.1837,0.0948,cpu_hog_cartservice_4
2026-10-04T04:49:14,emailservice,36.7421875,0.005894433395608021,0.0,0.225,0.1837,0.0948,cpu_hog_cartservice_4
2026-10-04T04:49:14,shippingservice,12.09375,0.0025373684112116753,0.0,0.225,0.1837,0.0948,cpu_hog_cartservice_4
2026-10-04T04:49:14,checkoutservice,14.3359375,0.0017910172380653025,0.0,0.225,0.1837,0.0948,cpu_hog_cartservice_4
2026-10-04T04:49:14,frontend,14.42578125,0.04143826768990685,0.0,0.225,0.1837,0.0948,cpu_hog_cartservice_4
2026-10-04T04:49:14,loadgenerator,89.46484375,0.006822515074608687,0.0,0.225,0.1837,0.0948,cpu_hog_cartservice_4
2026-10-04T04:49:14,cartservice,44.11328125,0.014722746458641795,0.0,0.225,0.1837,0.0948,cpu_hog_cartservice_4
2026-10-04T04:49:20,redis-cart,6.19140625,0.004183277661253966,0.0,0.0508,0.0769,0.0408,cpu_hog_cartservice_4
2026-10-04T04:49:20,paymentservice,35.68359375,0.0012533289603148953,0.0,0.0508,0.0769,0.0408,cpu_hog_cartservice_4
2026-10-04T04:49:20,currencyservice,41.0234375,0.021819247934110626,0.0,0.0508,0.0769,0.0408,cpu_hog_cartservice_4
2026-10-04T04:49:20,productcatalogservice,13.62890625,0.0217077438233477,0.0,0.0508,0.0769,0.0408,cpu_hog_cartservice_4
2026-10-04T04:49:20,adservice,112.37890625,0.004556585884747081,0.0,0.0508,0.0769,0.0408,cpu_hog_cartservice_4
2026-10-04T04:49:20,recommendationservice,32.62890625,0.019916981941573167,4.0,0.0508,0.0769,0.0408,cpu_hog_cartservice_4
2026-10-04T04:49:20,emailservice,36.7421875,0.00633560284553954,0.0,0.0508,0.0769,0.0408,cpu_hog_cartservice_4
2026-10-04T04:49:20,shippingservice,12.09375,0.0021592765969819278,0.0,0.0508,0.0769,0.0408,cpu_hog_cartservice_4
2026-10-04T04:49:20,checkoutservice,14.04296875,0.002179509390873366,0.0,0.0508,0.0769,0.0408,cpu_hog_cartservice_4
2026-10-04T04:49:20,frontend,14.87890625,0.04770533431921268,0.0,0.0508,0.0769,0.0408,cpu_hog_cartservice_4
2026-10-04T04:49:20,loadgenerator,89.2578125,0.007387889144016397,0.0,0.0508,0.0769,0.0408,cpu_hog_cartservice_4
2026-10-04T04:49:20,cartservice,44.11328125,0.014722746458641797,0.0,0.0508,0.0769,0.0408,cpu_hog_cartservice_4
2026-10-04T04:49:25,redis-cart,6.19140625,0.004183277661253966,0.0,0.1068,0.0948,0.041,cpu_hog_cartservice_4
2026-10-04T04:49:25,paymentservice,35.68359375,0.0013921952906591102,0.0,0.1068,0.0948,0.041,cpu_hog_cartservice_4
2026-10-04T04:49:25,currencyservice,41.0234375,0.01946733160814107,0.0,0.1068,0.0948,0.041,cpu_hog_cartservice_4
2026-10-04T04:49:25,productcatalogservice,13.62890625,0.017296097135915265,0.0,0.1068,0.0948,0.041,cpu_hog_cartservice_4
2026-10-04T04:49:25,adservice,112.37890625,0.004556585884747081,0.0,0.1068,0.0948,0.041,cpu_hog_cartservice_4
2026-10-04T04:49:25,recommendationservice,32.62890625,0.020752658136603333,4.0,0.1068,0.0948,0.041,cpu_hog_cartservice_4
2026-10-04T04:49:25,emailservice,36.7421875,0.005009481974932544,0.0,0.1068,0.0948,0.041,cpu_hog_cartservice_4
2026-10-04T04:49:25,shippingservice,12.09375,0.0021592765969819278,0.0,0.1068,0.0948,0.041,cpu_hog_cartservice_4
2026-10-04T04:49:25,checkoutservice,14.04296875,0.0022065623262098374,0.0,0.1068,0.0948,0.041,cpu_hog_cartservice_4
2026-10-04T04:49:25,frontend,14.87890625,0.03948230184059051,0.0,0.1068,0.0948,0.041,cpu_hog_cartservice_4
2026-10-04T04:49:25,loadgenerator,89.2578125,0.007387889144016397,0.0,0.1068,0.0948,0.041,cpu_hog_cartservice_4
2026-10-04T04:49:25,cartservice,44.11328125,0.012269963217388553,0.0,0.1068,0.0948,0.041,cpu_hog_cartservice_4
2026-10-04T04:49:30,redis-cart,6.19140625,0.004183277661253966,0.0,0.154,0.0652,0.0303,cpu_hog_cartservice_4
2026-10-04T04:49:30,paymentservice,35.546875,0.0013173330542180638,0.0,0.154,0.0652,0.0303,cpu_hog_cartservice_4
2026-10-04T04:49:30,currencyservice,40.9921875,0.026517808952888685,0.0,0.154,0.0652,0.0303,cpu_hog_cartservice_4
2026-10-04T04:49:30,productcatalogservice,13.99609375,0.021319060012537954,0.0,0.154,0.0652,0.0303,cpu_hog_cartservice_4
2026-10-04T04:49:30,adservice,112.37890625,0.004570201310860445,0.0,0.154,0.0652,0.0303,cpu_hog_cartservice_4
2026-10-04T04:49:30,recommendationservice,32.62890625,0.020752658136603333,4.0,0.154,0.0652,0.0303,cpu_hog_cartservice_4
2026-10-04T04:49:30,emailservice,37.4921875,0.005768830568239313,0.0,0.154,0.0652,0.0303,cpu_hog_cartservice_4
2026-10-04T04:49:30,shippingservice,11.85546875,0.00233326045476224,0.0,0.154,0.0652,0.0303,cpu_hog_cartservice_4
2026-10-04T04:49:30,checkoutservice,14.515625,0.0018126982239134964,0.0,0.154,0.0652,0.0303,cpu_hog_cartservice_4
2026-10-04T04:49:30,frontend,15.09375,0.047206417317795894,0.0,0.154,0.0652,0.0303,cpu_hog_cartservice_4
2026-10-04T04:49:30,loadgenerator,89.2578125,0.007387889144016397,0.0,0.154,0.0652,0.0303,cpu_hog_cartservice_4
2026-10-04T04:49:30,cartservice,44.14453125,0.01396339928057552,0.0,0.154,0.0652,0.0303,cpu_hog_cartservice_4
2026-10-04T04:49:36,redis-cart,6.19140625,0.0027791642918491327,0.0,0.0674,0.0996,0.1058,cpu_hog_cartservice_4
2026-10-04T04:49:36,paymentservice,35.546875,0.0011107189237786863,0.0,0.0674,0.0996,0.1058,cpu_hog_cartservice_4
2026-10-04T04:49:36,currencyservice,40.9921875,0.024338596637029336,0.0,0.0674,0.0996,0.1058,cpu_hog_cartservice_4
2026-10-04T04:49:36,productcatalogservice,13.99609375,0.019900025395747548,0.0,0.0674,0.0996,0.1058,cpu_hog_cartservice_4
2026-10-04T04:49:36,adservice,112.37890625,0.004570201310860445,0.0,0.0674,0.0996,0.1058,cpu_hog_cartservice_4
2026-10-04T04:49:36,recommendationservice,32.62890625,0.016761057282845486,4.0,0.0674,0.0996,0.1058,cpu_hog_cartservice_4
2026-10-04T04:49:36,emailservice,37.4921875,0.005321886952824692,0.0,0.0674,0.0996,0.1058,cpu_hog_cartservice_4
2026-10-04T04:49:36,shippingservice,11.85546875,0.0021179988286430763,0.0,0.0674,0.0996,0.1058,cpu_hog_cartservice_4
2026-10-04T04:49:36,checkoutservice,14.515625,0.0018126982239134964,0.0,0.0674,0.0996,0.1058,cpu_hog_cartservice_4
2026-10-04T04:49:36,frontend,15.09375,0.047206417317795894,0.0,0.0674,0.0996,0.1058,cpu_hog_cartservice_4
2026-10-04T04:49:36,loadgenerator,89.2578125,0.004481853700587958,0.0,0.0674,0.0996,0.1058,cpu_hog_cartservice_4
2026-10-04T04:49:36,cartservice,44.14453125,0.012496715927750352,0.0,0.0674,0.0996,0.1058,cpu_hog_cartservice_4
2026-10-04T04:49:41,redis-cart,6.68359375,0.003956098466762058,0.0,0.0721,0.0504,0.0836,cpu_hog_cartservice_4
2026-10-04T04:49:41,paymentservice,35.546875,0.0009478110898482472,0.0,0.0721,0.0504,0.0836,cpu_hog_cartservice_4
2026-10-04T04:49:41,currencyservice,41.22265625,0.025003288914091898,0.0,0.0721,0.0504,0.0836,cpu_hog_cartservice_4
2026-10-04T04:49:41,productcatalogservice,13.99609375,0.019900025395747548,0.0,0.0721,0.0504,0.0836,cpu_hog_cartservice_4
2026-10-04T04:49:41,adservice,112.37890625,0.004570201310860445,0.0,0.0721,0.0504,0.0836,cpu_hog_cartservice_4
2026-10-04T04:49:41,recommendationservice,32.625,0.01947040831604403,4.0,0.0721,0.0504,0.0836,cpu_hog_cartservice_4
2026-10-04T04:49:41,emailservice,37.4921875,0.005321886952824692,0.0,0.0721,0.0504,0.0836,cpu_hog_cartservice_4
2026-10-04T04:49:41,shippingservice,11.86328125,0.002002605939663974,0.0,0.0721,0.0504,0.0836,cpu_hog_cartservice_4
2026-10-04T04:49:41,checkoutservice,14.515625,0.0015900735294112857,0.0,0.0721,0.0504,0.0836,cpu_hog_cartservice_4
2026-10-04T04:49:41,frontend,14.46484375,0.04706367962574822,0.0,0.0721,0.0504,0.0836,cpu_hog_cartservice_4
2026-10-04T04:49:41,loadgenerator,89.2421875,0.006250046840285731,0.0,0.0721,0.0504,0.0836,cpu_hog_cartservice_4
2026-10-04T04:49:41,cartservice,44.109375,0.013000329756740968,0.0,0.0721,0.0504,0.0836,cpu_hog_cartservice_4
2026-10-04T04:49:46,redis-cart,6.68359375,0.003956098466762058,0.0,0.2597,0.0501,0.1546,cpu_hog_cartservice_4
2026-10-04T04:49:46,paymentservice,35.546875,0.0009478110898482472,0.0,0.2597,0.0501,0.1546,cpu_hog_cartservice_4
2026-10-04T04:49:46,currencyservice,41.22265625,0.026339330077960445,0.0,0.2597,0.0501,0.1546,cpu_hog_cartservice_4
2026-10-04T04:49:46,productcatalogservice,13.99609375,0.015349470005147458,0.0,0.2597,0.0501,0.1546,cpu_hog_cartservice_4
2026-10-04T04:49:46,adservice,112.37890625,0.0034492728338734553,0.0,0.2597,0.0501,0.1546,cpu_hog_cartservice_4
2026-10-04T04:49:46,recommendationservice,32.625,0.018797231423035347,4.0,0.2597,0.0501,0.1546,cpu_hog_cartservice_4
2026-10-04T04:49:46,emailservice,37.4921875,0.004047450249325968,0.0,0.2597,0.0501,0.1546,cpu_hog_cartservice_4
2026-10-04T04:49:46,shippingservice,11.86328125,0.002002605939663974,0.0,0.2597,0.0501,0.1546,cpu_hog_cartservice_4
2026-10-04T04:49:46,checkoutservice,14.515625,0.0013223316482839154,0.0,0.2597,0.0501,0.1546,cpu_hog_cartservice_4
2026-10-04T04:49:46,frontend,14.46484375,0.04706367962574822,0.0,0.2597,0.0501,0.1546,cpu_hog_cartservice_4
2026-10-04T04:49:46,loadgenerator,89.2421875,0.006250046840285733,0.0,0.2597,0.0501,0.1546,cpu_hog_cartservice_4
2026-10-04T04:49:46,cartservice,44.109375,0.010860583814862712,0.0,0.2597,0.0501,0.1546,cpu_hog_cartservice_4
2026-10-04T04:49:52,redis-cart,5.69140625,0.004014713629180672,0.0,0.1589,0.0538,0.097,cpu_hog_cartservice_4
2026-10-04T04:49:52,paymentservice,35.546875,0.0005346500000001697,0.0,0.1589,0.0538,0.097,cpu_hog_cartservice_4
2026-10-04T04:49:52,currencyservice,41.22265625,0.026339330077960445,0.0,0.1589,0.0538,0.097,cpu_hog_cartservice_4
2026-10-04T04:49:52,productcatalogservice,13.99609375,0.020837887411319953,0.0,0.1589,0.0538,0.097,cpu_hog_cartservice_4
2026-10-04T04:49:52,adservice,111.89453125,0.004322545894251259,0.0,0.1589,0.0538,0.097,cpu_hog_cartservice_4
2026-10-04T04:49:52,recommendationservice,32.86328125,0.019246256169113213,4.0,0.1589,0.0538,0.097,cpu_hog_cartservice_4
2026-10-04T04:49:52,emailservice,36.7421875,0.004793655203066026,0.0,0.1589,0.0538,0.097,cpu_hog_cartservice_4
2026-10-04T04:49:52,shippingservice,11.86328125,0.0016733497092118327,0.0,0.1589,0.0538,0.097,cpu_hog_cartservice_4
2026-10-04T04:49:52,checkoutservice,14.03125,0.002075915972673051,0.0,0.1589,0.0538,0.097,cpu_hog_cartservice_4
2026-10-04T04:49:52,frontend,14.46484375,0.04095842484974118,0.0,0.1589,0.0538,0.097,cpu_hog_cartservice_4
2026-10-04T04:49:52,loadgenerator,88.76953125,0.006564676062048816,0.0,0.1589,0.0538,0.097,cpu_hog_cartservice_4
2026-10-04T04:49:52,cartservice,44.52734375,0.013277095360639318,0.0,0.1589,0.0538,0.097,cpu_hog_cartservice_4
