time,service,memory_mb,cpu_cores,restarts,latency_s,latency_product_s,latency_cart_s,label
2026-10-04T04:59:12,redis-cart,5.93359375,0.004018741180514265,0.0,0.0465,0.037,0.055,cpu_hog_checkoutservice_2
2026-10-04T04:59:12,paymentservice,35.640625,0.0010638375486381629,0.0,0.0465,0.037,0.055,cpu_hog_checkoutservice_2
2026-10-04T04:59:12,currencyservice,41.8125,0.02020696692888786,0.0,0.0465,0.037,0.055,cpu_hog_checkoutservice_2
2026-10-04T04:59:12,productcatalogservice,13.69140625,0.018179491025448687,0.0,0.0465,0.037,0.055,cpu_hog_checkoutservice_2
2026-10-04T04:59:12,adservice,111.7734375,0.003940164953112763,0.0,0.0465,0.037,0.055,cpu_hog_checkoutservice_2
2026-10-04T04:59:12,recommendationservice,32.40234375,0.0160122844457845,4.0,0.0465,0.037,0.055,cpu_hog_checkoutservice_2
2026-10-04T04:59:12,emailservice,37.9921875,0.006396441486295283,0.0,0.0465,0.037,0.055,cpu_hog_checkoutservice_2
2026-10-04T04:59:12,shippingservice,11.83984375,0.002668988269794549,0.0,0.0465,0.037,0.055,cpu_hog_checkoutservice_2
2026-10-04T04:59:12,checkoutservice,13.73046875,0.0025233310392289137,0.0,0.0465,0.037,0.055,cpu_hog_checkoutservice_2
2026-10-04T04:59:12,frontend,14.7421875,0.04207563625965703,0.0,0.0465,0.037,0.055,cpu_hog_checkoutservice_2
2026-10-04T04:59:12,loadgenerator,89.07421875,0.008857217144343212,0.0,0.0465,0.037,0.055,cpu_hog_checkoutservice_2
2026-10-04T04:59:12,cartservice,49.53125,0.011454980666543917,0.0,0.0465,0.037,0.055,cpu_hog_checkoutservice_2
2026-10-04T04:59:17,redis-cart,5.93359375,0.00418675991946534,0.0,0.0781,0.0563,0.0371,cpu_hog_checkoutservice_2
2026-10-04T04:59:17,paymentservice,35.640625,0.0010638375486381629,0.0,0.0781,0.0563,0.0371,cpu_hog_checkoutservice_2
2026-10-04T04:59:17,currencyservice,41.8125,0.020421977550148185,0.0,0.0781,0.0563,0.0371,cpu_hog_checkoutservice_2
2026-10-04T04:59:17,productcatalogservice,13.69140625,0.018179491025448687,0.0,0.0781,0.0563,0.0371,cpu_hog_checkoutservice_2
2026-10-04T04:59:17,adservice,111.7734375,0.003940164953112763,0.0,0.0781,0.0563,0.0371,cpu_hog_checkoutservice_2
2026-10-04T04:59:17,recommendationservice,32.40234375,0.014296373680670927,4.0,0.0781,0.0563,0.0371,cpu_hog_checkoutservice_2
2026-10-04T04:59:17,emailservice,37.9921875,0.006396441486295283,0.0,0.0781,0.0563,0.0371,cpu_hog_checkoutservice_2
2026-10-04T04:59:17,shippingservice,11.83984375,0.0021097462609969307,0.0,0.0781,0.0563,0.0371,cpu_hog_checkoutservice_2
2026-10-04T04:59:17,checkoutservice,13.73046875,0.0019558444023856617,0.0,0.0781,0.0563,0.0371,cpu_hog_checkoutservice_2
2026-10-04T04:59:17,frontend,14.7421875,0.04207563625965703,0.0,0.0781,0.0563,0.0371,cpu_hog_checkoutservice_2
2026-10-04T04:59:17,loadgenerator,89.07421875,0.007679803500625165,0.0,0.0781,0.0563,0.0371,cpu_hog_checkoutservice_2
2026-10-04T04:59:17,cartservice,49.53125,0.01232977640798996,0.0,0.0781,0.0563,0.0371,cpu_hog_checkoutservice_2
2026-10-04T04:59:22,redis-cart,6.6796875,0.004973958706290097,0.0,0.0735,0.0748,0.0274,cpu_hog_checkoutservice_2
2026-10-04T04:59:22,paymentservice,35.89453125,0.0013581151832462851,0.0,0.0735,0.0748,0.0274,cpu_hog_checkoutservice_2
2026-10-04T04:59:22,currencyservice,41.8125,0.017057626931907523,0.0,0.0735,0.0748,0.0274,cpu_hog_checkoutservice_2
2026-10-04T04:59:22,productcatalogservice,13.2421875,0.01914532393977043,0.0,0.0735,0.0748,0.0274,cpu_hog_checkoutservice_2
2026-10-04T04:59:22,adservice,112.07421875,0.00464470141791255,0.0,0.0735,0.0748,0.0274,cpu_hog_checkoutservice_2
2026-10-04T04:59:22,recommendationservice,32.63671875,0.018853705820947173,4.0,0.0735,0.0748,0.0274,cpu_hog_checkoutservice_2
2026-10-04T04:59:22,emailservice,37.9921875,0.006396441486295283,0.0,0.0735,0.0748,0.0274,cpu_hog_checkoutservice_2
2026-10-04T04:59:22,shippingservice,12.34765625,0.0025729102599940305,0.0,0.0735,0.0748,0.0274,cpu_hog_checkoutservice_2
2026-10-04T04:59:22,checkoutservice,13.73046875,0.0031017720597154804,0.0,0.0735,0.0748,0.0274,cpu_hog_checkoutservice_2
2026-10-04T04:59:22,frontend,14.7421875,0.03561702609379967,0.0,0.0735,0.0748,0.0274,cpu_hog_checkoutservice_2
2026-10-04T04:59:22,loadgenerator,89.07421875,0.009445526636175162,0.0,0.0735,0.0748,0.0274,cpu_hog_checkoutservice_2
2026-10-04T04:59:22,cartservice,49.53125,0.01232977640798996,0.0,0.0735,0.0748,0.0274,cpu_hog_checkoutservice_2
2026-10-04T04:59:28,redis-cart,6.6796875,0.004973958706290098,0.0,0.0573,0.0801,0.0877,cpu_hog_checkoutservice_2
2026-10-04T04:59:28,paymentservice,35.89453125,0.0013581151832462851,0.0,0.0573,0.0801,0.0877,cpu_hog_checkoutservice_2
2026-10-04T04:59:28,currencyservice,41.8125,0.015251643383889419,0.0,0.0573,0.0801,0.0877,cpu_hog_checkoutservice_2
2026-10-04T04:59:28,productcatalogservice,13.2421875,0.019653677012633056,0.0,0.0573,0.0801,0.0877,cpu_hog_checkoutservice_2
2026-10-04T04:59:28,adservice,112.07421875,0.003943364405756139,0.0,0.0573,0.0801,0.0877,cpu_hog_checkoutservice_2
2026-10-04T04:59:28,recommendationservice,32.63671875,0.015506439838058236,4.0,0.0573,0.0801,0.0877,cpu_hog_checkoutservice_2
2026-10-04T04:59:28,emailservice,37.9921875,0.004784546804764621,0.0,0.0573,0.0801,0.0877,cpu_hog_checkoutservice_2
2026-10-04T04:59:28,shippingservice,12.34765625,0.002572910259994031,0.0,0.0573,0.0801,0.0877,cpu_hog_checkoutservice_2
2026-10-04T04:59:28,checkoutservice,13.73046875,0.003101772059715481,0.0,0.0573,0.0801,0.0877,cpu_hog_checkoutservice_2
2026-10-04T04:59:28,frontend,14.7421875,0.031709989925277134,0.0,0.0573,0.0801,0.0877,cpu_hog_checkoutservice_2
2026-10-04T04:59:28,loadgenerator,89.07421875,0.007279155745807403,0.0,0.0573,0.0801,0.0877,cpu_hog_checkoutservice_2
2026-10-04T04:59:28,cartservice,49.53125,0.009372325414328468,0.0,0.0573,0.0801,0.0877,cpu_hog_checkoutservice_2
2026-10-04T04:59:33,redis-cart,6.6796875,0.0037438023788109735,0.0,0.0532,0.054,0.0775,cpu_hog_checkoutservice_2
2026-10-04T04:59:33,paymentservice,35.875,0.001037151869510531,0.0,0.0532,0.054,0.0775,cpu_hog_checkoutservice_2
2026-10-04T04:59:33,currencyservice,41.3828125,0.02402275995575137,0.0,0.0532,0.054,0.0775,cpu_hog_checkoutservice_2
2026-10-04T04:59:33,productcatalogservice,13.2421875,0.015517069343399111,0.0,0.0532,0.054,0.0775,cpu_hog_checkoutservice_2
2026-10-04T04:59:33,adservice,112.53125,0.004603745774703516,0.0,0.0532,0.054,0.0775,cpu_hog_checkoutservice_2
2026-10-04T04:59:33,recommendationservice,32.63671875,0.013073057413032005,4.0,0.0532,0.054,0.0775,cpu_hog_checkoutservice_2
2026-10-04T04:59:33,emailservice,36.7421875,0.006142282958201034,0.0,0.0532,0.054,0.0775,cpu_hog_checkoutservice_2
2026-10-04T04:59:33,shippingservice,12.34765625,0.0021093790357372727,0.0,0.0532,0.054,0.0775,cpu_hog_checkoutservice_2
2026-10-04T04:59:33,checkoutservice,13.88671875,0.00313554801681297,0.0,0.0532,0.054,0.0775,cpu_hog_checkoutservice_2
2026-10-04T04:59:33,frontend,15.15234375,0.04520684947356279,0.0,0.0532,0.054,0.0775,cpu_hog_checkoutservice_2
2026-10-04T04:59:33,loadgenerator,89.30859375,0.008996449335548084,0.0,0.0532,0.054,0.0775,cpu_hog_checkoutservice_2
2026-10-04T04:59:33,cartservice,49.32421875,0.011573287547442617,0.0,0.0532,0.054,0.0775,cpu_hog_checkoutservice_2
2026-10-04T04:59:38,redis-cart,6.6796875,0.003320234364189872,0.0,0.0896,0.0642,0.1043,cpu_hog_checkoutservice_2
2026-10-04T04:59:38,paymentservice,35.875,0.0012267413352601703,0.0,0.0896,0.0642,0.1043,cpu_hog_checkoutservice_2
2026-10-04T04:59:38,currencyservice,41.3828125,0.02402275995575137,0.0,0.0896,0.0642,0.1043,cpu_hog_checkoutservice_2
2026-10-04T04:59:38,productcatalogservice,13.2421875,0.013657219988170332,0.0,0.0896,0.0642,0.1043,cpu_hog_checkoutservice_2
2026-10-04T04:59:38,adservice,112.53125,0.003859468958855821,0.0,0.0896,0.0642,0.1043,cpu_hog_checkoutservice_2
2026-10-04T04:59:38,recommendationservice,32.63671875,0.011480580644850408,4.0,0.0896,0.0642,0.1043,cpu_hog_checkoutservice_2
2026-10-04T04:59:38,emailservice,36.7421875,0.006142282958201034,0.0,0.0896,0.0642,0.1043,cpu_hog_checkoutservice_2
2026-10-04T04:59:38,shippingservice,12.34765625,0.001909736610048128,0.0,0.0896,0.0642,0.1043,cpu_hog_checkoutservice_2
2026-10-04T04:59:38,checkoutservice,13.88671875,0.002909477277291492,0.0,0.0896,0.0642,0.1043,cpu_hog_checkoutservice_2
2026-10-04T04:59:38,frontend,15.15234375,0.03802310436846805,0.0,0.0896,0.0642,0.1043,cpu_hog_checkoutservice_2
2026-10-04T04:59:38,loadgenerator,89.30859375,0.00693325920743139,0.0,0.0896,0.0642,0.1043,cpu_hog_checkoutservice_2
2026-10-04T04:59:38,cartservice,49.32421875,0.011573287547442617,0.0,0.0896,0.0642,0.1043,cpu_hog_checkoutservice_2
2026-10-04T04:59:43,redis-cart,6.42578125,0.004604041577893768,0.0,0.1233,0.0908,0.0911,cpu_hog_checkoutservice_2
2026-10-04T04:59:43,paymentservice,35.875,0.0010263361000713202,0.0,0.1233,0.0908,0.0911,cpu_hog_checkoutservice_2
2026-10-04T04:59:43,currencyservice,41.59375,0.024682367431885156,0.0,0.1233,0.0908,0.0911,cpu_hog_checkoutservice_2
2026-10-04T04:59:43,productcatalogservice,13.8828125,0.020175868190871454,0.0,0.1233,0.0908,0.0911,cpu_hog_checkoutservice_2
2026-10-04T04:59:43,adservice,112.53125,0.003455058089416181,0.0,0.1233,0.0908,0.0911,cpu_hog_checkoutservice_2
2026-10-04T04:59:43,recommendationservice,33.12109375,0.01930449119567424,4.0,0.1233,0.0908,0.0911,cpu_hog_checkoutservice_2
2026-10-04T04:59:43,emailservice,36.7421875,0.004552703598099937,0.0,0.1233,0.0908,0.0911,cpu_hog_checkoutservice_2
2026-10-04T04:59:43,shippingservice,12.17578125,0.0023533550941784065,0.0,0.1233,0.0908,0.0911,cpu_hog_checkoutservice_2
2026-10-04T04:59:43,checkoutservice,13.88671875,0.002337692255371781,0.0,0.1233,0.0908,0.0911,cpu_hog_checkoutservice_2
2026-10-04T04:59:43,frontend,15.15234375,0.033482737470086094,0.0,0.1233,0.0908,0.0911,cpu_hog_checkoutservice_2
2026-10-04T04:59:43,loadgenerator,89.30859375,0.006608795396505906,0.0,0.1233,0.0908,0.0911,cpu_hog_checkoutservice_2
2026-10-04T04:59:43,cartservice,49.32421875,0.011573287547442617,0.0,0.1233,0.0908,0.0911,cpu_hog_checkoutservice_2
2026-10-04T04:59:49,redis-cart,6.42578125,0.003748192725862469,0.0,0.1303,0.0594,0.0479,cpu_hog_checkoutservice_2
2026-10-04T04:59:49,paymentservice,35.875,0.0009563249999999358,0.0,0.1303,0.0594,0.0479,cpu_hog_checkoutservice_2
2026-10-04T04:59:49,currencyservice,41.59375,0.030180913193519357,0.0,0.1303,0.0594,0.0479,cpu_hog_checkoutservice_2
2026-10-04T04:59:49,productcatalogservice,13.8828125,0.018174311192219753,0.0,0.1303,0.0594,0.0479,cpu_hog_checkoutservice_2
2026-10-04T04:59:49,adservice,112.53125,0.003057018846279113,0.0,0.1303,0.0594,0.0479,cpu_hog_checkoutservice_2
2026-10-04T04:59:49,recommendationservice,33.12109375,0.016311073427155015,4.0,0.1303,0.0594,0.0479,cpu_hog_checkoutservice_2
2026-10-04T04:59:49,emailservice,36.7421875,0.004045680609301474,0.0,0.1303,0.0594,0.0479,cpu_hog_checkoutservice_2
2026-10-04T04:59:49,shippingservice,12.17578125,0.0023533550941784065,0.0,0.1303,0.0594,0.0479,cpu_hog_checkoutservice_2
2026-10-04T04:59:49,checkoutservice,13.88671875,0.0020802035163314846,0.0,0.1303,0.0594,0.0479,cpu_hog_checkoutservice_2
2026-10-04T04:59:49,frontend,15.15234375,0.029580658822780787,0.0,0.1303,0.0594,0.0479,cpu_hog_checkoutservice_2
2026-10-04T04:59:49,loadgenerator,89.30859375,0.005870619374220421,0.0,0.1303,0.0594,0.0479,cpu_hog_checkoutservice_2
2026-10-04T04:59:49,cartservice,49.32421875,0.010052146750764443,0.0,0.1303,0.0594,0.0479,cpu_hog_checkoutservice_2
2026-10-04T04:59:54,redis-cart,6.18359375,0.00452081381662791,0.0,0.1226,0.0745,0.1071,cpu_hog_checkoutservice_2
2026-10-04T04:59:54,paymentservice,35.6484375,0.0013170242283109016,0.0,0.1226,0.0745,0.1071,cpu_hog_checkoutservice_2
2026-10-04T04:59:54,currencyservice,41.59375,0.023952578740816743,0.0,0.1226,0.0745,0.1071,cpu_hog_checkoutservice_2
2026-10-04T04:59:54,productcatalogservice,15.15625,0.022188388039300174,0.0,0.1226,0.0745,0.1071,cpu_hog_checkoutservice_2
2026-10-04T04:59:54,adservice,112.28125,0.004965384706636458,0.0,0.1226,0.0745,0.1071,cpu_hog_checkoutservice_2
2026-10-04T04:59:54,recommendationservice,32.625,0.01932886869682776,4.0,0.1226,0.0745,0.1071,cpu_hog_checkoutservice_2
2026-10-04T04:59:54,emailservice,36.7421875,0.005977522119190414,0.0,0.1226,0.0745,0.1071,cpu_hog_checkoutservice_2
2026-10-04T04:59:54,shippingservice,11.9609375,0.002646540880503379,0.0,0.1226,0.0745,0.1071,cpu_hog_checkoutservice_2
2026-10-04T04:59:54,checkoutservice,13.93359375,0.0026932880890342963,0.0,0.1226,0.0745,0.1071,cpu_hog_checkoutservice_2
2026-10-04T04:59:54,frontend,14.69140625,0.05253938025490906,0.0,0.1226,0.0745,0.1071,cpu_hog_checkoutservice_2
2026-10-04T04:59:54,loadgenerator,89.078125,0.008046676533611208,0.0,0.1226,0.0745,0.1071,cpu_hog_checkoutservice_2
2026-10-04T04:59:54,cartservice,49.57421875,0.013196352864441752,0.0,0.1226,0.0745,0.1071,cpu_hog_checkoutservice_2
2026-10-04T05:00:00,redis-cart,6.42578125,0.004570537638511008,0.0,0.1545,0.0765,0.0824,cpu_hog_checkoutservice_2
2026-10-04T05:00:00,paymentservice,35.6484375,0.0011065783902293562,0.0,0.1545,0.0765,0.0824,cpu_hog_checkoutservice_2
2026-10-04T05:00:00,currencyservice,41.94921875,0.028935070900735597,0.0,0.1545,0.0765,0.0824,cpu_hog_checkoutservice_2
2026-10-04T05:00:00,productcatalogservice,13.89453125,0.02321066920781043,0.0,0.1545,0.0765,0.0824,cpu_hog_checkoutservice_2
2026-10-04T05:00:00,adservice,112.28125,0.005025618523014326,0.0,0.1545,0.0765,0.0824,cpu_hog_checkoutservice_2
2026-10-04T05:00:00,recommendationservice,32.87890625,0.021434023567097907,4.0,0.1545,0.0765,0.0824,cpu_hog_checkoutservice_2
2026-10-04T05:00:00,emailservice,36.74609375,0.006216752663116332,0.0,0.1545,0.0765,0.0824,cpu_hog_checkoutservice_2
2026-10-04T05:00:00,shippingservice,11.9609375,0.0026576169360612786,0.0,0.1545,0.0765,0.0824,cpu_hog_checkoutservice_2
2026-10-04T05:00:00,checkoutservice,14.203125,0.002453008789722761,0.0,0.1545,0.0765,0.0824,cpu_hog_checkoutservice_2
2026-10-04T05:00:00,frontend,15.39453125,0.0535659555942487,0.0,0.1545,0.0765,0.0824,cpu_hog_checkoutservice_2
2026-10-04T05:00:00,loadgenerator,89.3125,0.008206621786093389,0.0,0.1545,0.0765,0.0824,cpu_hog_checkoutservice_2
2026-10-04T05:00:00,cartservice,49.1484375,0.014433438397141205,0.0,0.1545,0.0765,0.0824,cpu_hog_checkoutservice_2
2026-10-04T05:00:05,redis-cart,6.42578125,0.004472820981542405,0.0,0.1466,0.0537,0.0462,cpu_hog_checkoutservice_2
2026-10-04T05:00:05,paymentservice,35.6484375,0.0007475979522229815,0.0,0.1466,0.0537,0.0462,cpu_hog_checkoutservice_2
2026-10-04T05:00:05,currencyservice,41.94921875,0.02214729763956848,0.0,0.1466,0.0537,0.0462,cpu_hog_checkoutservice_2
2026-10-04T05:00:05,productcatalogservice,13.89453125,0.02331626137450802,0.0,0.1466,0.0537,0.0462,cpu_hog_checkoutservice_2
2026-10-04T05:00:05,adservice,112.28125,0.004821516631775605,0.0,0.1466,0.0537,0.0462,cpu_hog_checkoutservice_2
2026-10-04T05:00:05,recommendationservice,32.87890625,0.021434023567097907,4.0,0.1466,0.0537,0.0462,cpu_hog_checkoutservice_2
2026-10-04T05:00:05,emailservice,36.74609375,0.00553057694143456,0.0,0.1466,0.0537,0.0462,cpu_hog_checkoutservice_2
2026-10-04T05:00:05,shippingservice,11.9609375,0.0026576169360612786,0.0,0.1466,0.0537,0.0462,cpu_hog_checkoutservice_2
2026-10-04T05:00:05,checkoutservice,14.203125,0.0024530087897227616,0.0,0.1466,0.0537,0.0462,cpu_hog_checkoutservice_2
2026-10-04T05:00:05,frontend,15.39453125,0.0535659555942487,0.0,0.1466,0.0537,0.0462,cpu_hog_checkoutservice_2
2026-10-04T05:00:05,loadgenerator,89.3125,0.00820662178609339,0.0,0.1466,0.0537,0.0462,cpu_hog_checkoutservice_2
2026-10-04T05:00:05,cartservice,49.1484375,0.01221576848085618,0.0,0.1466,0.0537,0.0462,cpu_hog_checkoutservice_2
2026-10-04T05:00:10,redis-cart,5.93359375,0.004597524475254304,0.0,0.0616,0.0239,0.0477,cpu_hog_checkoutservice_2
2026-10-04T05:00:10,paymentservice,35.66796875,0.0009543772304706939,0.0,0.0616,0.0239,0.0477,cpu_hog_checkoutservice_2
2026-10-04T05:00:10,currencyservice,41.51953125,0.02699339202012174,0.0,0.0616,0.0239,0.0477,cpu_hog_checkoutservice_2
2026-10-04T05:00:10,productcatalogservice,13.89453125,0.023316261374508016,0.0,0.0616,0.0239,0.0477,cpu_hog_checkoutservice_2
2026-10-04T05:00:10,adservice,112.28125,0.004821516631775605,0.0,0.0616,0.0239,0.0477,cpu_hog_checkoutservice_2
2026-10-04T05:00:10,recommendationservice,33.1171875,0.022339566179066045,4.0,0.0616,0.0239,0.0477,cpu_hog_checkoutservice_2
2026-10-04T05:00:10,emailservice,36.7421875,0.006448239330036989,0.0,0.0616,0.0239,0.0477,cpu_hog_checkoutservice_2
2026-10-04T05:00:10,shippingservice,12.29296875,0.002900319125522901,0.0,0.0616,0.0239,0.0477,cpu_hog_checkoutservice_2
2026-10-04T05:00:10,checkoutservice,14.203125,0.002453008789722761,0.0,0.0616,0.0239,0.0477,cpu_hog_checkoutservice_2
2026-10-04T05:00:10,frontend,15.33984375,0.057212609865899024,0.0,0.0616,0.0239,0.0477,cpu_hog_checkoutservice_2
2026-10-04T05:00:10,loadgenerator,89.3125,0.008195519172768588,0.0,0.0616,0.0239,0.0477,cpu_hog_checkoutservice_2
2026-10-04T05:00:10,cartservice,49.1484375,0.014837040852461212,0.0,0.0616,0.0239,0.0477,cpu_hog_checkoutservice_2
2026-10-04T05:00:15,redis-cart,5.93359375,0.0039852761877866285,0.0,0.0424,0.0195,0.0233,cpu_hog_checkoutservice_2
2026-10-04T05:00:15,paymentservice,35.66796875,0.0009543772304706939,0.0,0.0424,0.0195,0.0233,cpu_hog_checkoutservice_2
2026-10-04T05:00:15,currencyservice,41.51953125,0.02699339202012174,0.0,0.0424,0.0195,0.0233,cpu_hog_checkoutservice_2
2026-10-04T05:00:15,productcatalogservice,13.89453125,0.01670652500000074,0.0,0.0424,0.0195,0.0233,cpu_hog_checkoutservice_2
2026-10-04T05:00:15,adservice,112.28125,0.003917492951212095,0.0,0.0424,0.0195,0.0233,cpu_hog_checkoutservice_2
2026-10-04T05:00:15,recommendationservice,33.1171875,0.019676780768754464,4.0,0.0424,0.0195,0.0233,cpu_hog_checkoutservice_2
2026-10-04T05:00:15,emailservice,36.7421875,0.006448239330036989,0.0,0.0424,0.0195,0.0233,cpu_hog_checkoutservice_2
2026-10-04T05:00:15,shippingservice,12.29296875,0.0033506909384643235,0.0,0.0424,0.0195,0.0233,cpu_hog_checkoutservice_2
2026-10-04T05:00:15,checkoutservice,14.203125,0.0021355080053860587,0.0,0.0424,0.0195,0.0233,cpu_hog_checkoutservice_2
2026-10-04T05:00:15,frontend,15.33984375,0.05721260986589902,0.0,0.0424,0.0195,0.0233,cpu_hog_checkoutservice_2
2026-10-04T05:00:15,loadgenerator,89.3125,0.008195519172768588,0.0,0.0424,0.0195,0.0233,cpu_hog_checkoutservice_2
2026-10-04T05:00:15,cartservice,49.1484375,0.011574561032015646,0.0,0.0424,0.0195,0.0233,cpu_hog_checkoutservice_2
2026-10-04T05:00:21,redis-cart,5.93359375,0.00390792299839003,0.0,0.1605,0.0667,0.0476,cpu_hog_checkoutservice_2
2026-10-04T05:00:21,paymentservice,36.4375,0.0010386676409693605,0.0,0.1605,0.0667,0.0476,cpu_hog_checkoutservice_2
2026-10-04T05:00:21,currencyservice,41.51953125,0.02699339202012174,0.0,0.1605,0.0667,0.0476,cpu_hog_checkoutservice_2
2026-10-04T05:00:21,productcatalogservice,13.890625,0.024286916824992524,0.0,0.1605,0.0667,0.0476,cpu_hog_checkoutservice_2
2026-10-04T05:00:21,adservice,112.6953125,0.005050226875405757,0.0,0.1605,0.0667,0.0476,cpu_hog_checkoutservice_2
2026-10-04T05:00:21,recommendationservice,33.1171875,0.018787058952700834,4.0,0.1605,0.0667,0.0476,cpu_hog_checkoutservice_2
2026-10-04T05:00:21,emailservice,37.4921875,0.006519200420829722,0.0,0.1605,0.0667,0.0476,cpu_hog_checkoutservice_2
2026-10-04T05:00:21,shippingservice,12.29296875,0.003350690938464323,0.0,0.1605,0.0667,0.0476,cpu_hog_checkoutservice_2
2026-10-04T05:00:21,checkoutservice,15.71875,0.0023591054067555787,0.0,0.1605,0.0667,0.0476,cpu_hog_checkoutservice_2
2026-10-04T05:00:21,frontend,14.3515625,0.054294957444863595,0.0,0.1605,0.0667,0.0476,cpu_hog_checkoutservice_2
2026-10-04T05:00:21,loadgenerator,89.3359375,0.008598920934660326,0.0,0.1605,0.0667,0.0476,cpu_hog_checkoutservice_2
2026-10-04T05:00:21,cartservice,49.35546875,0.014482081892942264,0.0,0.1605,0.0667,0.0476,cpu_hog_checkoutservice_2
2026-10-04T05:00:26,redis-cart,5.93359375,0.0034850379121058803,0.0,0.0392,0.07,0.2014,cpu_hog_checkoutservice_2
2026-10-04T05:00:26,paymentservice,36.4375,0.0010386676409693605,0.0,0.0392,0.07,0.2014,cpu_hog_checkoutservice_2
2026-10-04T05:00:26,currencyservice,41.51953125,0.02222221493603696,0.0,0.0392,0.07,0.2014,cpu_hog_checkoutservice_2
2026-10-04T05:00:26,productcatalogservice,13.890625,0.019936725239689278,0.0,0.0392,0.07,0.2014,cpu_hog_checkoutservice_2
2026-10-04T05:00:26,adservice,112.6953125,0.00436990786817528,0.0,0.0392,0.07,0.2014,cpu_hog_checkoutservice_2
2026-10-04T05:00:26,recommendationservice,33.1171875,0.016728787304197943,4.0,0.0392,0.07,0.2014,cpu_hog_checkoutservice_2
2026-10-04T05:00:26,emailservice,37.4921875,0.006643942305228131,0.0,0.0392,0.07,0.2014,cpu_hog_checkoutservice_2
2026-10-04T05:00:26,shippingservice,12.29296875,0.0033506909384643235,0.0,0.0392,0.07,0.2014,cpu_hog_checkoutservice_2
2026-10-04T05:00:26,checkoutservice,15.71875,0.00197200958530045,0.0,0.0392,0.07,0.2014,cpu_hog_checkoutservice_2
2026-10-04T05:00:26,frontend,14.3515625,0.047710413142773654,0.0,0.0392,0.07,0.2014,cpu_hog_checkoutservice_2
2026-10-04T05:00:26,loadgenerator,89.3359375,0.009122550765941737,0.0,0.0392,0.07,0.2014,cpu_hog_checkoutservice_2
2026-10-04T05:00:26,cartservice,49.35546875,0.013312821276365738,0.0,0.0392,0.07,0.2014,cpu_hog_checkoutservice_2
2026-10-04T05:00:31,redis-cart,6.42578125,0.004764463302423439,0.0,0.1061,0.0298,0.0177,cpu_hog_checkoutservice_2
2026-10-04T05:00:31,paymentservice,36.4375,0.001090589190652233,0.0,0.1061,0.0298,0.0177,cpu_hog_checkoutservice_2
2026-10-04T05:00:31,currencyservice,41.33984375,0.02608459631960942,0.0,0.1061,0.0298,0.0177,cpu_hog_checkoutservice_2
2026-10-04T05:00:31,productcatalogservice,14.37109375,0.02234477756823275,0.0,0.1061,0.0298,0.0177,cpu_hog_checkoutservice_2
2026-10-04T05:00:31,adservice,111.890625,0.005177129580639912,0.0,0.1061,0.0298,0.0177,cpu_hog_checkoutservice_2
2026-10-04T05:00:31,recommendationservice,32.63671875,0.02343054511521986,4.0,0.1061,0.0298,0.0177,cpu_hog_checkoutservice_2
2026-10-04T05:00:31,emailservice,37.4921875,0.006643942305228131,0.0,0.1061,0.0298,0.0177,cpu_hog_checkoutservice_2
2026-10-04T05:00:31,shippingservice,11.8359375,0.003052160157335456,0.0,0.1061,0.0298,0.0177,cpu_hog_checkoutservice_2
2026-10-04T05:00:31,checkoutservice,14.40625,0.06663922191926672,0.0,0.1061,0.0298,0.0177,cpu_hog_checkoutservice_2
2026-10-04T05:00:31,frontend,14.3515625,0.04631267825595075,0.0,0.1061,0.0298,0.0177,cpu_hog_checkoutservice_2
2026-10-04T05:00:31,loadgenerator,89.3359375,0.009122550765941737,0.0,0.1061,0.0298,0.0177,cpu_hog_checkoutservice_2
2026-10-04T05:00:31,cartservice,49.35546875,0.011949084458369829,0.0,0.1061,0.0298,0.0177,cpu_hog_checkoutservice_2
2026-10-04T05:00:37,redis-cart,6.42578125,0.004764463302423439,0.0,0.0585,0.0399,0.0294,cpu_hog_checkoutservice_2
2026-10-04T05:00:37,paymentservice,36.4375,0.0008800373150319364,0.0,0.0585,0.0399,0.0294,cpu_hog_checkoutservice_2
2026-10-04T05:00:37,currencyservice,41.33984375,0.016250700000000506,0.0,0.0585,0.0399,0.0294,cpu_hog_checkoutservice_2
2026-10-04T05:00:37,productcatalogservice,14.37109375,0.025704416161726397,0.0,0.0585,0.0399,0.0294,cpu_hog_checkoutservice_2
2026-10-04T05:00:37,adservice,111.890625,0.00517712958063991,0.0,0.0585,0.0399,0.0294,cpu_hog_checkoutservice_2
2026-10-04T05:00:37,recommendationservice,32.63671875,0.01952890375960296,4.0,0.0585,0.0399,0.0294,cpu_hog_checkoutservice_2
2026-10-04T05:00:37,emailservice,37.4921875,0.005369800269643005,0.0,0.0585,0.0399,0.0294,cpu_hog_checkoutservice_2
2026-10-04T05:00:37,shippingservice,11.8359375,0.0028995423702065665,0.0,0.0585,0.0399,0.0294,cpu_hog_checkoutservice_2
2026-10-04T05:00:37,checkoutservice,14.40625,0.08327695679878244,0.0,0.0585,0.0399,0.0294,cpu_hog_checkoutservice_2
2026-10-04T05:00:37,frontend,14.3515625,0.04157768059374944,0.0,0.0585,0.0399,0.0294,cpu_hog_checkoutservice_2
2026-10-04T05:00:37,loadgenerator,89.3359375,0.007045345956536803,0.0,0.0585,0.0399,0.0294,cpu_hog_checkoutservice_2
2026-10-04T05:00:37,cartservice,49.35546875,0.010591092988898609,0.0,0.0585,0.0399,0.0294,cpu_hog_checkoutservice_2
2026-10-04T05:00:42,redis-cart,6.42578125,0.0039026067515531616,0.0,0.1251,0.0738,0.2923,cpu_hog_checkoutservice_2
2026-10-04T05:00:42,paymentservice,35.58984375,0.0010514931817725516,0.0,0.1251,0.0738,0.2923,cpu_hog_checkoutservice_2
2026-10-04T05:00:42,currencyservice,41.53515625,0.026167312019259766,0.0,0.1251,0.0738,0.2923,cpu_hog_checkoutservice_2
2026-10-04T05:00:42,productcatalogservice,13.390625,0.023834281349868706,0.0,0.1251,0.0738,0.2923,cpu_hog_checkoutservice_2
2026-10-04T05:00:42,adservice,111.890625,0.005177129580639912,0.0,0.1251,0.0738,0.2923,cpu_hog_checkoutservice_2
2026-10-04T05:00:42,recommendationservice,32.8828125,0.021995384792892585,4.0,0.1251,0.0738,0.2923,cpu_hog_checkoutservice_2
2026-10-04T05:00:42,emailservice,36.7421875,0.006087985119855552,0.0,0.1251,0.0738,0.2923,cpu_hog_checkoutservice_2
2026-10-04T05:00:42,shippingservice,11.90625,0.0030925913999265316,0.0,0.1251,0.0738,0.2923,cpu_hog_checkoutservice_2
2026-10-04T05:00:42,checkoutservice,14.484375,0.10204684458236382,0.0,0.1251,0.0738,0.2923,cpu_hog_checkoutservice_2
2026-10-04T05:00:42,frontend,15.06640625,0.05169375031937978,0.0,0.1251,0.0738,0.2923,cpu_hog_checkoutservice_2
2026-10-04T05:00:42,loadgenerator,89.08984375,0.00830272208638932,0.0,0.1251,0.0738,0.2923,cpu_hog_checkoutservice_2
2026-10-04T05:00:42,cartservice,49.234375,0.016116073754595166,0.0,0.1251,0.0738,0.2923,cpu_hog_checkoutservice_2
2026-10-04T05:00:47,redis-cart,6.42578125,0.0034784194298629213,0.0,0.1465,0.0769,0.0317,cpu_hog_checkoutservice_2
2026-10-04T05:00:47,paymentservice,35.58984375,0.0011369858732344924,0.0,0.1465,0.0769,0.0317,cpu_hog_checkoutservice_2
2026-10-04T05:00:47,currencyservice,41.53515625,0.022466091108091137,0.0,0.1465,0.0769,0.0317,cpu_hog_checkoutservice_2
2026-10-04T05:00:47,productcatalogservice,13.390625,0.022872778476510012,0.0,0.1465,0.0769,0.0317,cpu_hog_checkoutservice_2
2026-10-04T05:00:47,adservice,111.890625,0.004096083930817248,0.0,0.1465,0.0769,0.0317,cpu_hog_checkoutservice_2
2026-10-04T05:00:47,recommendationservice,32.8828125,0.021995384792892585,4.0,0.1465,0.0769,0.0317,cpu_hog_checkoutservice_2
2026-10-04T05:00:47,emailservice,36.7421875,0.006087985119855552,0.0,0.1465,0.0769,0.0317,cpu_hog_checkoutservice_2
2026-10-04T05:00:47,shippingservice,11.90625,0.0030925913999265316,0.0,0.1465,0.0769,0.0317,cpu_hog_checkoutservice_2
2026-10-04T05:00:47,checkoutservice,14.484375,0.07923396028165233,0.0,0.1465,0.0769,0.0317,cpu_hog_checkoutservice_2
2026-10-04T05:00:47,frontend,15.06640625,0.04332280901766155,0.0,0.1465,0.0769,0.0317,cpu_hog_checkoutservice_2
2026-10-04T05:00:47,loadgenerator,89.08984375,0.006885966346373064,0.0,0.1465,0.0769,0.0317,cpu_hog_checkoutservice_2
2026-10-04T05:00:47,cartservice,49.234375,0.016116073754595166,0.0,0.1465,0.0769,0.0317,cpu_hog_checkoutservice_2
2026-10-04T05:00:53,redis-cart,6.91796875,0.004413656181875255,0.0,0.1002,0.0297,0.0531,cpu_hog_checkoutservice_2
2026-10-04T05:00:53,paymentservice,35.5859375,0.0021629854163133766,0.0,0.1002,0.0297,0.0531,cpu_hog_checkoutservice_2
2026-10-04T05:00:53,currencyservice,41.34375,0.026387730630877456,0.0,0.1002,0.0297,0.0531,cpu_hog_checkoutservice_2
2026-10-04T05:00:53,productcatalogservice,13.1171875,0.021113844772670493,0.0,0.1002,0.0297,0.0531,cpu_hog_checkoutservice_2
2026-10-04T05:00:53,adservice,111.890625,0.004885435150625284,0.0,0.1002,0.0297,0.0531,cpu_hog_checkoutservice_2
2026-10-04T05:00:53,recommendationservice,32.8828125,0.021995384792892585,4.0,0.1002,0.0297,0.0531,cpu_hog_checkoutservice_2
2026-10-04T05:00:53,emailservice,36.7421875,0.006059488383520844,0.0,0.1002,0.0297,0.0531,cpu_hog_checkoutservice_2
2026-10-04T05:00:53,shippingservice,11.98828125,0.0021885605838739227,0.0,0.1002,0.0297,0.0531,cpu_hog_checkoutservice_2
2026-10-04T05:00:53,frontend,15.734375,0.047984438984442455,0.0,0.1002,0.0297,0.0531,cpu_hog_checkoutservice_2
2026-10-04T05:00:53,loadgenerator,89.11328125,0.007501385670801843,0.0,0.1002,0.0297,0.0531,cpu_hog_checkoutservice_2
2026-10-04T05:00:53,cartservice,49.32421875,0.01439689544970325,0.0,0.1002,0.0297,0.0531,cpu_hog_checkoutservice_2
2026-10-04T05:00:53,checkoutservice,1.08984375,0.1374630858824921,0.0,0.1002,0.0297,0.0531,cpu_hog_checkoutservice_2
2026-10-04T05:00:58,redis-cart,6.91796875,0.004413656181875255,0.0,0.3606,0.0903,0.0807,cpu_hog_checkoutservice_2
2026-10-04T05:00:58,paymentservice,35.5859375,0.0021629854163133766,0.0,0.3606,0.0903,0.0807,cpu_hog_checkoutservice_2
2026-10-04T05:00:58,currencyservice,41.34375,0.02618066642633074,0.0,0.3606,0.0903,0.0807,cpu_hog_checkoutservice_2
2026-10-04T05:00:58,productcatalogservice,13.1171875,0.021113844772670493,0.0,0.3606,0.0903,0.0807,cpu_hog_checkoutservice_2
2026-10-04T05:00:58,adservice,111.890625,0.003951938866744288,0.0,0.3606,0.0903,0.0807,cpu_hog_checkoutservice_2
2026-10-04T05:00:58,recommendationservice,32.8828125,0.016329244025469012,4.0,0.3606,0.0903,0.0807,cpu_hog_checkoutservice_2
2026-10-04T05:00:58,emailservice,36.7421875,0.004911644548604143,0.0,0.3606,0.0903,0.0807,cpu_hog_checkoutservice_2
2026-10-04T05:00:58,shippingservice,11.98828125,0.0025336834613591077,0.0,0.3606,0.0903,0.0807,cpu_hog_checkoutservice_2
2026-10-04T05:00:58,frontend,15.734375,0.047984438984442455,0.0,0.3606,0.0903,0.0807,cpu_hog_checkoutservice_2
2026-10-04T05:00:58,loadgenerator,89.11328125,0.007501385670801843,0.0,0.3606,0.0903,0.0807,cpu_hog_checkoutservice_2
2026-10-04T05:00:58,cartservice,49.32421875,0.014658778131577612,0.0,0.3606,0.0903,0.0807,cpu_hog_checkoutservice_2
2026-10-04T05:00:58,checkoutservice,1.08984375,0.11644014773042806,0.0,0.3606,0.0903,0.0807,cpu_hog_checkoutservice_2
2026-10-04T05:01:04,redis-cart,6.91796875,0.004413656181875255,0.0,0.0911,0.0452,0.0622,cpu_hog_checkoutservice_2
2026-10-04T05:01:04,paymentservice,35.5859375,0.002577165552893505,0.0,0.0911,0.0452,0.0622,cpu_hog_checkoutservice_2
2026-10-04T05:01:04,currencyservice,41.98046875,0.025969665991704426,0.0,0.0911,0.0452,0.0622,cpu_hog_checkoutservice_2
2026-10-04T05:01:04,productcatalogservice,14.5,0.020376956362617354,0.0,0.0911,0.0452,0.0622,cpu_hog_checkoutservice_2
2026-10-04T05:01:04,adservice,111.890625,0.0037246482952407655,0.0,0.0911,0.0452,0.0622,cpu_hog_checkoutservice_2
2026-10-04T05:01:04,recommendationservice,32.125,0.019192172166865792,4.0,0.0911,0.0452,0.0622,cpu_hog_checkoutservice_2
2026-10-04T05:01:04,emailservice,37.484375,0.005568130282416341,0.0,0.0911,0.0452,0.0622,cpu_hog_checkoutservice_2
2026-10-04T05:01:04,shippingservice,11.98828125,0.002180114972336059,0.0,0.0911,0.0452,0.0622,cpu_hog_checkoutservice_2
2026-10-04T05:01:04,frontend,14.35546875,0.045714805537242276,0.0,0.0911,0.0452,0.0622,cpu_hog_checkoutservice_2
2026-10-04T05:01:04,loadgenerator,89.11328125,0.004953644069503881,0.0,0.0911,0.0452,0.0622,cpu_hog_checkoutservice_2
2026-10-04T05:01:04,cartservice,49.32421875,0.014658778131577612,0.0,0.0911,0.0452,0.0622,cpu_hog_checkoutservice_2
2026-10-04T05:01:04,checkoutservice,1.08984375,0.11623074006728593,0.0,0.0911,0.0452,0.0622,cpu_hog_checkoutservice_2
2026-10-04T05:01:09,redis-cart,6.91796875,0.0030992951166001572,0.0,0.1476,0.1289,0.1695,cpu_hog_checkoutservice_2
2026-10-04T05:01:09,paymentservice,35.5859375,0.0020274990932205353,0.0,0.1476,0.1289,0.1695,cpu_hog_checkoutservice_2
2026-10-04T05:01:09,currencyservice,41.98046875,0.026750919117647855,0.0,0.1476,0.1289,0.1695,cpu_hog_checkoutservice_2
2026-10-04T05:01:09,productcatalogservice,14.5,0.012810599999996458,0.0,0.1476,0.1289,0.1695,cpu_hog_checkoutservice_2
2026-10-04T05:01:09,adservice,111.890625,0.0032950706729508667,0.0,0.1476,0.1289,0.1695,cpu_hog_checkoutservice_2
2026-10-04T05:01:09,recommendationservice,32.125,0.01864458536319915,4.0,0.1476,0.1289,0.1695,cpu_hog_checkoutservice_2
2026-10-04T05:01:09,emailservice,37.484375,0.005568130282416342,0.0,0.1476,0.1289,0.1695,cpu_hog_checkoutservice_2
2026-10-04T05:01:09,shippingservice,11.98828125,0.002072720757221008,0.0,0.1476,0.1289,0.1695,cpu_hog_checkoutservice_2
2026-10-04T05:01:09,frontend,14.35546875,0.039079174527940616,0.0,0.1476,0.1289,0.1695,cpu_hog_checkoutservice_2
2026-10-04T05:01:09,loadgenerator,89.11328125,0.004364925305943817,0.0,0.1476,0.1289,0.1695,cpu_hog_checkoutservice_2
2026-10-04T05:01:09,cartservice,49.32421875,0.011529251156970222,0.0,0.1476,0.1289,0.1695,cpu_hog_checkoutservice_2
2026-10-04T05:01:09,checkoutservice,1.08984375,0.11601230177293585,0.0,0.1476,0.1289,0.1695,cpu_hog_checkoutservice_2
2026-10-04T05:01:14,redis-cart,6.4296875,0.004194448850119325,0.0,0.2233,0.1021,0.034,cpu_hog_checkoutservice_2
2026-10-04T05:01:14,paymentservice,36.3671875,0.0019845170041663325,0.0,0.2233,0.1021,0.034,cpu_hog_checkoutservice_2
2026-10-04T05:01:14,currencyservice,41.98046875,0.022251711754494124,0.0,0.2233,0.1021,0.034,cpu_hog_checkoutservice_2
2026-10-04T05:01:14,productcatalogservice,14.5,0.013813365692475706,0.0,0.2233,0.1021,0.034,cpu_hog_checkoutservice_2
2026-10-04T05:01:14,adservice,111.890625,0.004441361813568279,0.0,0.2233,0.1021,0.034,cpu_hog_checkoutservice_2
2026-10-04T05:01:14,recommendationservice,32.125,0.018644585363199146,4.0,0.2233,0.1021,0.034,cpu_hog_checkoutservice_2
2026-10-04T05:01:14,emailservice,37.484375,0.005568130282416342,0.0,0.2233,0.1021,0.034,cpu_hog_checkoutservice_2
2026-10-04T05:01:14,shippingservice,12.30078125,0.0023702252693438876,0.0,0.2233,0.1021,0.034,cpu_hog_checkoutservice_2
2026-10-04T05:01:14,frontend,14.35546875,0.03493284166571275,0.0,0.2233,0.1021,0.034,cpu_hog_checkoutservice_2
2026-10-04T05:01:14,loadgenerator,89.14453125,0.006987861001803039,0.0,0.2233,0.1021,0.034,cpu_hog_checkoutservice_2
2026-10-04T05:01:14,cartservice,49.76171875,0.011454233341294471,0.0,0.2233,0.1021,0.034,cpu_hog_checkoutservice_2
2026-10-04T05:01:14,checkoutservice,3.5859375,0.005930566666666666,0.0,0.2233,0.1021,0.034,cpu_hog_checkoutservice_2
2026-10-04T05:01:20,redis-cart,6.4296875,0.004249529098782554,0.0,0.0569,0.0454,0.0299,cpu_hog_checkoutservice_2
2026-10-04T05:01:20,paymentservice,36.3671875,0.0024618522004506154,0.0,0.0569,0.0454,0.0299,cpu_hog_checkoutservice_2
2026-10-04T05:01:20,currencyservice,41.23046875,0.025011047255450256,0.0,0.0569,0.0454,0.0299,cpu_hog_checkoutservice_2
2026-10-04T05:01:20,productcatalogservice,14.23046875,0.019212176093616768,0.0,0.0569,0.0454,0.0299,cpu_hog_checkoutservice_2
2026-10-04T05:01:20,adservice,111.890625,0.004228443449047675,0.0,0.0569,0.0454,0.0299,cpu_hog_checkoutservice_2
2026-10-04T05:01:20,recommendationservice,33.58984375,0.01895883731833132,4.0,0.0569,0.0454,0.0299,cpu_hog_checkoutservice_2
2026-10-04T05:01:20,emailservice,36.7421875,0.0049478599760983686,0.0,0.0569,0.0454,0.0299,cpu_hog_checkoutservice_2
2026-10-04T05:01:20,shippingservice,12.30078125,0.0023702252693438876,0.0,0.0569,0.0454,0.0299,cpu_hog_checkoutservice_2
2026-10-04T05:01:20,frontend,15.2109375,0.04322864123014783,0.0,0.0569,0.0454,0.0299,cpu_hog_checkoutservice_2
2026-10-04T05:01:20,loadgenerator,89.40234375,0.007296373912491674,0.0,0.0569,0.0454,0.0299,cpu_hog_checkoutservice_2
2026-10-04T05:01:20,cartservice,49.24609375,0.011759554900004314,0.0,0.0569,0.0454,0.0299,cpu_hog_checkoutservice_2
2026-10-04T05:01:20,checkoutservice,4.765625,0.006394730641408017,0.0,0.0569,0.0454,0.0299,cpu_hog_checkoutservice_2
2026-10-04T05:01:25,redis-cart,6.4296875,0.0035343256067236015,0.0,0.0879,0.0428,0.0935,cpu_hog_checkoutservice_2
2026-10-04T05:01:25,paymentservice,36.3671875,0.0024618522004506154,0.0,0.0879,0.0428,0.0935,cpu_hog_checkoutservice_2
2026-10-04T05:01:25,currencyservice,41.23046875,0.020170276784199928,0.0,0.0879,0.0428,0.0935,cpu_hog_checkoutservice_2
2026-10-04T05:01:25,productcatalogservice,14.23046875,0.019614349892910627,0.0,0.0879,0.0428,0.0935,cpu_hog_checkoutservice_2
2026-10-04T05:01:25,adservice,111.890625,0.003374104068681963,0.0,0.0879,0.0428,0.0935,cpu_hog_checkoutservice_2
2026-10-04T05:01:25,recommendationservice,33.58984375,0.01801729912259092,4.0,0.0879,0.0428,0.0935,cpu_hog_checkoutservice_2
2026-10-04T05:01:25,emailservice,36.7421875,0.005929930609097533,0.0,0.0879,0.0428,0.0935,cpu_hog_checkoutservice_2
2026-10-04T05:01:25,shippingservice,12.30078125,0.0014224341725506435,0.0,0.0879,0.0428,0.0935,cpu_hog_checkoutservice_2
2026-10-04T05:01:25,frontend,15.2109375,0.04322864123014782,0.0,0.0879,0.0428,0.0935,cpu_hog_checkoutservice_2
2026-10-04T05:01:25,loadgenerator,89.40234375,0.007296373912491674,0.0,0.0879,0.0428,0.0935,cpu_hog_checkoutservice_2
2026-10-04T05:01:25,cartservice,49.24609375,0.011759554900004314,0.0,0.0879,0.0428,0.0935,cpu_hog_checkoutservice_2
2026-10-04T05:01:25,checkoutservice,4.765625,0.0071994782275245,0.0,0.0879,0.0428,0.0935,cpu_hog_checkoutservice_2
2026-10-04T05:01:30,redis-cart,5.9375,0.004341495669039726,0.0,0.0664,0.0414,0.0319,cpu_hog_checkoutservice_2
2026-10-04T05:01:30,paymentservice,35.6640625,0.002240653043572166,0.0,0.0664,0.0414,0.0319,cpu_hog_checkoutservice_2
2026-10-04T05:01:30,currencyservice,41.37109375,0.02372347920083554,0.0,0.0664,0.0414,0.0319,cpu_hog_checkoutservice_2
2026-10-04T05:01:30,productcatalogservice,13.98828125,0.01982604207245849,0.0,0.0664,0.0414,0.0319,cpu_hog_checkoutservice_2
2026-10-04T05:01:30,adservice,111.8984375,0.004199624302576637,0.0,0.0664,0.0414,0.0319,cpu_hog_checkoutservice_2
2026-10-04T05:01:30,recommendationservice,33.58984375,0.01801729912259092,4.0,0.0664,0.0414,0.0319,cpu_hog_checkoutservice_2
2026-10-04T05:01:30,emailservice,36.97265625,0.005946754945882326,0.0,0.0664,0.0414,0.0319,cpu_hog_checkoutservice_2
2026-10-04T05:01:30,shippingservice,12.2890625,0.0023636228844974533,0.0,0.0664,0.0414,0.0319,cpu_hog_checkoutservice_2
2026-10-04T05:01:30,frontend,15.2109375,0.03580160042813151,0.0,0.0664,0.0414,0.0319,cpu_hog_checkoutservice_2
2026-10-04T05:01:30,loadgenerator,89.40234375,0.007940874491059565,0.0,0.0664,0.0414,0.0319,cpu_hog_checkoutservice_2
2026-10-04T05:01:30,cartservice,49.5390625,0.01015904414061825,0.0,0.0664,0.0414,0.0319,cpu_hog_checkoutservice_2
2026-10-04T05:01:30,checkoutservice,4.765625,0.00912929763036282,0.0,0.0664,0.0414,0.0319,cpu_hog_checkoutservice_2
2026-10-04T05:01:35,redis-cart,5.9375,0.004341495669039726,0.0,0.0855,0.0615,0.0676,cpu_hog_checkoutservice_2
2026-10-04T05:01:35,paymentservice,35.6640625,0.001221857395783222,0.0,0.0855,0.0615,0.0676,cpu_hog_checkoutservice_2
2026-10-04T05:01:35,currencyservice,41.37109375,0.02261948620930074,0.0,0.0855,0.0615,0.0676,cpu_hog_checkoutservice_2
2026-10-04T05:01:35,productcatalogservice,13.98828125,0.021070457805549395,0.0,0.0855,0.0615,0.0676,cpu_hog_checkoutservice_2
2026-10-04T05:01:35,adservice,111.8984375,0.004199624302576637,0.0,0.0855,0.0615,0.0676,cpu_hog_checkoutservice_2
2026-10-04T05:01:35,recommendationservice,33.58984375,0.01410191480701288,4.0,0.0855,0.0615,0.0676,cpu_hog_checkoutservice_2
2026-10-04T05:01:35,emailservice,36.97265625,0.005946754945882326,0.0,0.0855,0.0615,0.0676,cpu_hog_checkoutservice_2
2026-10-04T05:01:35,shippingservice,12.2890625,0.0026038057115545118,0.0,0.0855,0.0615,0.0676,cpu_hog_checkoutservice_2
2026-10-04T05:01:35,frontend,15.2109375,0.029773102188887377,0.0,0.0855,0.0615,0.0676,cpu_hog_checkoutservice_2
2026-10-04T05:01:35,loadgenerator,89.40234375,0.006581992343776996,0.0,0.0855,0.0615,0.0676,cpu_hog_checkoutservice_2
2026-10-04T05:01:35,cartservice,49.5390625,0.012271847159997885,0.0,0.0855,0.0615,0.0676,cpu_hog_checkoutservice_2
2026-10-04T05:01:35,checkoutservice,4.765625,0.0072960966274458385,0.0,0.0855,0.0615,0.0676,cpu_hog_checkoutservice_2
2026-10-04T05:01:41,redis-cart,5.9375,0.004341495669039726,0.0,0.123,0.0471,0.0429,cpu_hog_checkoutservice_2
2026-10-04T05:01:41,paymentservice,35.69140625,0.0012087243950106286,0.0,0.123,0.0471,0.0429,cpu_hog_checkoutservice_2
2026-10-04T05:01:41,currencyservice,41.37109375,0.022619486209300738,0.0,0.123,0.0471,0.0429,cpu_hog_checkoutservice_2
2026-10-04T05:01:41,productcatalogservice,13.98828125,0.021070457805549395,0.0,0.123,0.0471,0.0429,cpu_hog_checkoutservice_2
2026-10-04T05:01:41,adservice,111.90625,0.00434617858494126,0.0,0.123,0.0471,0.0429,cpu_hog_checkoutservice_2
2026-10-04T05:01:41,recommendationservice,32.140625,0.019121111078889894,4.0,0.123,0.0471,0.0429,cpu_hog_checkoutservice_2
2026-10-04T05:01:41,emailservice,36.97265625,0.006142903403387801,0.0,0.123,0.0471,0.0429,cpu_hog_checkoutservice_2
2026-10-04T05:01:41,shippingservice,12.77734375,0.0025508675078867718,0.0,0.123,0.0471,0.0429,cpu_hog_checkoutservice_2
2026-10-04T05:01:41,frontend,15.50390625,0.04219652444502706,0.0,0.123,0.0471,0.0429,cpu_hog_checkoutservice_2
2026-10-04T05:01:41,loadgenerator,89.40625,0.008446073542829243,0.0,0.123,0.0471,0.0429,cpu_hog_checkoutservice_2
2026-10-04T05:01:41,cartservice,49.5390625,0.010541312179652184,0.0,0.123,0.0471,0.0429,cpu_hog_checkoutservice_2
2026-10-04T05:01:41,checkoutservice,6.8984375,0.007807639744595048,0.0,0.123,0.0471,0.0429,cpu_hog_checkoutservice_2
2026-10-04T05:01:46,redis-cart,5.9375,0.0036526476687171686,0.0,0.2362,0.1099,0.0911,cpu_hog_checkoutservice_2
2026-10-04T05:01:46,paymentservice,35.69140625,0.0010159294964386695,0.0,0.2362,0.1099,0.0911,cpu_hog_checkoutservice_2
2026-10-04T05:01:46,currencyservice,41.37109375,0.01681758582883544,0.0,0.2362,0.1099,0.0911,cpu_hog_checkoutservice_2
2026-10-04T05:01:46,productcatalogservice,13.98828125,0.0169029940002593,0.0,0.2362,0.1099,0.0911,cpu_hog_checkoutservice_2
2026-10-04T05:01:46,adservice,111.90625,0.004494203727681617,0.0,0.2362,0.1099,0.0911,cpu_hog_checkoutservice_2
2026-10-04T05:01:46,recommendationservice,32.140625,0.019121111078889894,4.0,0.2362,0.1099,0.0911,cpu_hog_checkoutservice_2
2026-10-04T05:01:46,emailservice,36.97265625,0.005082663871393915,0.0,0.2362,0.1099,0.0911,cpu_hog_checkoutservice_2
2026-10-04T05:01:46,shippingservice,12.77734375,0.0025508675078867718,0.0,0.2362,0.1099,0.0911,cpu_hog_checkoutservice_2
2026-10-04T05:01:46,frontend,15.50390625,0.04415426178958565,0.0,0.2362,0.1099,0.0911,cpu_hog_checkoutservice_2
2026-10-04T05:01:46,loadgenerator,89.40625,0.00866044604788389,0.0,0.2362,0.1099,0.0911,cpu_hog_checkoutservice_2
2026-10-04T05:01:46,cartservice,49.5390625,0.009416597387438377,0.0,0.2362,0.1099,0.0911,cpu_hog_checkoutservice_2
2026-10-04T05:01:46,checkoutservice,6.8984375,0.005508169723585635,0.0,0.2362,0.1099,0.0911,cpu_hog_checkoutservice_2
2026-10-04T05:01:52,redis-cart,6.4296875,0.004285714285713892,0.0,0.0809,0.0659,0.0867,cpu_hog_checkoutservice_2
2026-10-04T05:01:52,paymentservice,36.421875,0.0010566642716739313,0.0,0.0809,0.0659,0.0867,cpu_hog_checkoutservice_2
2026-10-04T05:01:52,currencyservice,41.515625,0.021964568047337034,0.0,0.0809,0.0659,0.0867,cpu_hog_checkoutservice_2
2026-10-04T05:01:52,productcatalogservice,13.87109375,0.020457424108221902,0.0,0.0809,0.0659,0.0867,cpu_hog_checkoutservice_2
2026-10-04T05:01:52,adservice,111.921875,0.004175732775875339,0.0,0.0809,0.0659,0.0867,cpu_hog_checkoutservice_2
2026-10-04T05:01:52,recommendationservice,32.6328125,0.018609139937549663,4.0,0.0809,0.0659,0.0867,cpu_hog_checkoutservice_2
2026-10-04T05:01:52,emailservice,37.23828125,0.0057657026295593015,0.0,0.0809,0.0659,0.0867,cpu_hog_checkoutservice_2
2026-10-04T05:01:52,shippingservice,12.77734375,0.002917406164748818,0.0,0.0809,0.0659,0.0867,cpu_hog_checkoutservice_2
2026-10-04T05:01:52,frontend,15.11328125,0.04403650177554685,0.0,0.0809,0.0659,0.0867,cpu_hog_checkoutservice_2
2026-10-04T05:01:52,loadgenerator,89.42578125,0.008303788872236612,0.0,0.0809,0.0659,0.0867,cpu_hog_checkoutservice_2
2026-10-04T05:01:52,cartservice,50.4609375,0.011460579833522524,0.0,0.0809,0.0659,0.0867,cpu_hog_checkoutservice_2
2026-10-04T05:01:52,checkoutservice,6.8984375,0.004231467784487211,0.0,0.0809,0.0659,0.0867,cpu_hog_checkoutservice_2
2026-10-04T05:01:57,redis-cart,6.4296875,0.004285714285713892,0.0,0.1664,0.0497,0.1072,cpu_hog_checkoutservice_2
2026-10-04T05:01:57,paymentservice,36.421875,0.0012809043724012808,0.0,0.1664,0.0497,0.1072,cpu_hog_checkoutservice_2
2026-10-04T05:01:57,currencyservice,41.515625,0.01844096323103201,0.0,0.1664,0.0497,0.1072,cpu_hog_checkoutservice_2
2026-10-04T05:01:57,productcatalogservice,13.87109375,0.019815078011496554,0.0,0.1664,0.0497,0.1072,cpu_hog_checkoutservice_2
2026-10-04T05:01:57,adservice,111.921875,0.004175732775875339,0.0,0.1664,0.0497,0.1072,cpu_hog_checkoutservice_2
2026-10-04T05:01:57,recommendationservice,32.6328125,0.015276293228538261,4.0,0.1664,0.0497,0.1072,cpu_hog_checkoutservice_2
2026-10-04T05:01:57,emailservice,37.23828125,0.0057657026295593015,0.0,0.1664,0.0497,0.1072,cpu_hog_checkoutservice_2
2026-10-04T05:01:57,shippingservice,12.77734375,0.002312372593756972,0.0,0.1664,0.0497,0.1072,cpu_hog_checkoutservice_2
2026-10-04T05:01:57,frontend,15.11328125,0.04510047377328095,0.0,0.1664,0.0497,0.1072,cpu_hog_checkoutservice_2
2026-10-04T05:01:57,loadgenerator,89.42578125,0.008303788872236612,0.0,0.1664,0.0497,0.1072,cpu_hog_checkoutservice_2
2026-10-04T05:01:57,cartservice,50.4609375,0.011460579833522524,0.0,0.1664,0.0497,0.1072,cpu_hog_checkoutservice_2
2026-10-04T05:01:57,checkoutservice,6.8984375,0.0037352734952208724,0.0,0.1664,0.0497,0.1072,cpu_hog_checkoutservice_2
2026-10-04T05:02:02,redis-cart,6.67578125,0.00420432412282716,0.0,0.085,0.0344,0.0408,cpu_hog_checkoutservice_2
2026-10-04T05:02:02,paymentservice,35.9453125,0.001222435856352377,0.0,0.085,0.0344,0.0408,cpu_hog_checkoutservice_2
2026-10-04T05:02:02,currencyservice,42.38671875,0.02409999517397731,0.0,0.085,0.0344,0.0408,cpu_hog_checkoutservice_2
2026-10-04T05:02:02,productcatalogservice,13.87109375,0.019815078011496554,0.0,0.085,0.0344,0.0408,cpu_hog_checkoutservice_2
2026-10-04T05:02:02,adservice,111.921875,0.004175732775875339,0.0,0.085,0.0344,0.0408,cpu_hog_checkoutservice_2
2026-10-04T05:02:02,recommendationservice,32.38671875,0.016930698310465658,4.0,0.085,0.0344,0.0408,cpu_hog_checkoutservice_2
2026-10-04T05:02:02,emailservice,36.9921875,0.005618746015751961,0.0,0.085,0.0344,0.0408,cpu_hog_checkoutservice_2
2026-10-04T05:02:02,shippingservice,12.0625,0.0026392406379304647,0.0,0.085,0.0344,0.0408,cpu_hog_checkoutservice_2
2026-10-04T05:02:02,frontend,15.11328125,0.03580038024394897,0.0,0.085,0.0344,0.0408,cpu_hog_checkoutservice_2
2026-10-04T05:02:02,loadgenerator,89.42578125,0.005486375000000977,0.0,0.085,0.0344,0.0408,cpu_hog_checkoutservice_2
2026-10-04T05:02:02,cartservice,49.52734375,0.01139814297942021,0.0,0.085,0.0344,0.0408,cpu_hog_checkoutservice_2
2026-10-04T05:02:02,checkoutservice,6.37890625,0.00334366106269988,0.0,0.085,0.0344,0.0408,cpu_hog_checkoutservice_2
2026-10-04T05:02:08,redis-cart,6.67578125,0.00420432412282716,0.0,0.1922,0.0644,0.0431,cpu_hog_checkoutservice_2
2026-10-04T05:02:08,paymentservice,35.9453125,0.001222435856352377,0.0,0.1922,0.0644,0.0431,cpu_hog_checkoutservice_2
2026-10-04T05:02:08,currencyservice,42.38671875,0.020069672647715836,0.0,0.1922,0.0644,0.0431,cpu_hog_checkoutservice_2
2026-10-04T05:02:08,productcatalogservice,13.87109375,0.015010416970658929,0.0,0.1922,0.0644,0.0431,cpu_hog_checkoutservice_2
2026-10-04T05:02:08,adservice,111.921875,0.003294056630278761,0.0,0.1922,0.0644,0.0431,cpu_hog_checkoutservice_2
2026-10-04T05:02:08,recommendationservice,32.38671875,0.016930698310465658,4.0,0.1922,0.0644,0.0431,cpu_hog_checkoutservice_2
2026-10-04T05:02:08,emailservice,36.9921875,0.005618746015751961,0.0,0.1922,0.0644,0.0431,cpu_hog_checkoutservice_2
2026-10-04T05:02:08,shippingservice,12.0625,0.002252863151083879,0.0,0.1922,0.0644,0.0431,cpu_hog_checkoutservice_2
2026-10-04T05:02:08,frontend,15.11328125,0.031753364397359894,0.0,0.1922,0.0644,0.0431,cpu_hog_checkoutservice_2
2026-10-04T05:02:08,loadgenerator,89.42578125,0.005883874355738666,0.0,0.1922,0.0644,0.0431,cpu_hog_checkoutservice_2
2026-10-04T05:02:08,cartservice,49.52734375,0.011038773823415057,0.0,0.1922,0.0644,0.0431,cpu_hog_checkoutservice_2
2026-10-04T05:02:08,checkoutservice,6.37890625,0.00334366106269988,0.0,0.1922,0.0644,0.0431,cpu_hog_checkoutservice_2
2026-10-04T05:02:13,redis-cart,6.67578125,0.00420432412282716,0.0,0.0871,0.0543,0.0421,cpu_hog_checkoutservice_2
2026-10-04T05:02:13,paymentservice,35.9453125,0.0008979597597661413,0.0,0.0871,0.0543,0.0421,cpu_hog_checkoutservice_2
2026-10-04T05:02:13,currencyservice,42.38671875,0.01816666967253715,0.0,0.0871,0.0543,0.0421,cpu_hog_checkoutservice_2
2026-10-04T05:02:13,productcatalogservice,13.609375,0.01898589670704452,0.0,0.0871,0.0543,0.0421,cpu_hog_checkoutservice_2
2026-10-04T05:02:13,adservice,111.8984375,0.0038384242995458387,0.0,0.0871,0.0543,0.0421,cpu_hog_checkoutservice_2
2026-10-04T05:02:13,recommendationservice,32.38671875,0.016930698310465658,4.0,0.0871,0.0543,0.0421,cpu_hog_checkoutservice_2
2026-10-04T05:02:13,emailservice,36.9921875,0.005407801881861275,0.0,0.0871,0.0543,0.0421,cpu_hog_checkoutservice_2
2026-10-04T05:02:13,shippingservice,12.5546875,0.0022454551868491246,0.0,0.0871,0.0543,0.0421,cpu_hog_checkoutservice_2
2026-10-04T05:02:13,frontend,14.99609375,0.042960930784660976,0.0,0.0871,0.0543,0.0421,cpu_hog_checkoutservice_2
2026-10-04T05:02:13,loadgenerator,89.17578125,0.007876419285832088,0.0,0.0871,0.0543,0.0421,cpu_hog_checkoutservice_2
2026-10-04T05:02:13,cartservice,49.765625,0.010947079231129891,0.0,0.0871,0.0543,0.0421,cpu_hog_checkoutservice_2
2026-10-04T05:02:13,checkoutservice,6.265625,0.002783761011106854,0.0,0.0871,0.0543,0.0421,cpu_hog_checkoutservice_2
2026-10-04T05:02:18,redis-cart,6.67578125,0.003176905177258038,0.0,0.0937,0.0432,0.0857,cpu_hog_checkoutservice_2
2026-10-04T05:02:18,paymentservice,35.9453125,0.0007989095759064858,0.0,0.0937,0.0432,0.0857,cpu_hog_checkoutservice_2
2026-10-04T05:02:18,currencyservice,42.38671875,0.015972296665098452,0.0,0.0937,0.0432,0.0857,cpu_hog_checkoutservice_2
2026-10-04T05:02:18,productcatalogservice,13.609375,0.015092642229190448,0.0,0.0937,0.0432,0.0857,cpu_hog_checkoutservice_2
2026-10-04T05:02:18,adservice,111.8984375,0.0038384242995458387,0.0,0.0937,0.0432,0.0857,cpu_hog_checkoutservice_2
2026-10-04T05:02:18,recommendationservice,32.38671875,0.012507195104992146,4.0,0.0937,0.0432,0.0857,cpu_hog_checkoutservice_2
2026-10-04T05:02:18,emailservice,36.9921875,0.004349855573706482,0.0,0.0937,0.0432,0.0857,cpu_hog_checkoutservice_2
2026-10-04T05:02:18,shippingservice,12.5546875,0.0022454551868491246,0.0,0.0937,0.0432,0.0857,cpu_hog_checkoutservice_2
2026-10-04T05:02:18,frontend,14.99609375,0.04131550356492412,0.0,0.0937,0.0432,0.0857,cpu_hog_checkoutservice_2
2026-10-04T05:02:18,loadgenerator,89.17578125,0.0056775586677582455,0.0,0.0937,0.0432,0.0857,cpu_hog_checkoutservice_2
2026-10-04T05:02:18,cartservice,49.765625,0.010553091524149617,0.0,0.0937,0.0432,0.0857,cpu_hog_checkoutservice_2
2026-10-04T05:02:18,checkoutservice,6.265625,0.0019796829063418726,0.0,0.0937,0.0432,0.0857,cpu_hog_checkoutservice_2
2026-10-04T05:02:23,redis-cart,6.90625,0.004172122818642514,0.0,0.0653,0.0296,0.0306,cpu_hog_checkoutservice_2
2026-10-04T05:02:23,paymentservice,35.671875,0.0009296204600629231,0.0,0.0653,0.0296,0.0306,cpu_hog_checkoutservice_2
2026-10-04T05:02:23,currencyservice,41.79296875,0.024291166723803007,0.0,0.0653,0.0296,0.0306,cpu_hog_checkoutservice_2
2026-10-04T05:02:23,productcatalogservice,13.8984375,0.018469336888477565,0.0,0.0653,0.0296,0.0306,cpu_hog_checkoutservice_2
2026-10-04T05:02:23,adservice,111.8984375,0.002826217496580987,0.0,0.0653,0.0296,0.0306,cpu_hog_checkoutservice_2
2026-10-04T05:02:23,recommendationservice,33.125,0.016433619163660762,4.0,0.0653,0.0296,0.0306,cpu_hog_checkoutservice_2
2026-10-04T05:02:23,emailservice,36.7421875,0.005475752306428478,0.0,0.0653,0.0296,0.0306,cpu_hog_checkoutservice_2
2026-10-04T05:02:23,shippingservice,12.5546875,0.00171606468153365,0.0,0.0653,0.0296,0.0306,cpu_hog_checkoutservice_2
2026-10-04T05:02:23,frontend,13.9375,0.04138707276223889,0.0,0.0653,0.0296,0.0306,cpu_hog_checkoutservice_2
2026-10-04T05:02:23,loadgenerator,89.48046875,0.00743114331943024,0.0,0.0653,0.0296,0.0306,cpu_hog_checkoutservice_2
2026-10-04T05:02:23,cartservice,49.765625,0.010553091524149618,0.0,0.0653,0.0296,0.0306,cpu_hog_checkoutservice_2
2026-10-04T05:02:23,checkoutservice,6.44921875,0.0025157747521698,0.0,0.0653,0.0296,0.0306,cpu_hog_checkoutservice_2
2026-10-04T05:02:29,redis-cart,6.90625,0.0036092154941270477,0.0,0.1068,0.1103,0.1015,cpu_hog_checkoutservice_2
2026-10-04T05:02:29,paymentservice,35.671875,0.0007676470062922376,0.0,0.1068,0.1103,0.1015,cpu_hog_checkoutservice_2
2026-10-04T05:02:29,currencyservice,41.79296875,0.020198433394057694,0.0,0.1068,0.1103,0.1015,cpu_hog_checkoutservice_2
2026-10-04T05:02:29,productcatalogservice,13.8984375,0.017962712682517302,0.0,0.1068,0.1103,0.1015,cpu_hog_checkoutservice_2
2026-10-04T05:02:29,adservice,111.8984375,0.0025244185285342264,0.0,0.1068,0.1103,0.1015,cpu_hog_checkoutservice_2
2026-10-04T05:02:29,recommendationservice,33.125,0.016433619163660762,4.0,0.1068,0.1103,0.1015,cpu_hog_checkoutservice_2
2026-10-04T05:02:29,emailservice,36.7421875,0.0032736249999999246,0.0,0.1068,0.1103,0.1015,cpu_hog_checkoutservice_2
2026-10-04T05:02:29,shippingservice,12.5546875,0.0015234549468772132,0.0,0.1068,0.1103,0.1015,cpu_hog_checkoutservice_2
2026-10-04T05:02:29,frontend,13.9375,0.04138707276223889,0.0,0.1068,0.1103,0.1015,cpu_hog_checkoutservice_2
2026-10-04T05:02:29,loadgenerator,89.48046875,0.00743114331943024,0.0,0.1068,0.1103,0.1015,cpu_hog_checkoutservice_2
2026-10-04T05:02:29,cartservice,49.765625,0.006439400000000007,0.0,0.1068,0.1103,0.1015,cpu_hog_checkoutservice_2
2026-10-04T05:02:29,checkoutservice,6.44921875,0.0025157747521698,0.0,0.1068,0.1103,0.1015,cpu_hog_checkoutservice_2
2026-10-04T05:02:34,redis-cart,6.90625,0.003345908913922433,0.0,0.062,0.0374,0.056,cpu_hog_checkoutservice_2
2026-10-04T05:02:34,paymentservice,35.67578125,0.0010774750611708878,0.0,0.062,0.0374,0.056,cpu_hog_checkoutservice_2
2026-10-04T05:02:34,currencyservice,41.80859375,0.023968693021714452,0.0,0.062,0.0374,0.056,cpu_hog_checkoutservice_2
2026-10-04T05:02:34,productcatalogservice,13.8984375,0.017962712682517305,0.0,0.062,0.0374,0.056,cpu_hog_checkoutservice_2
2026-10-04T05:02:34,adservice,112.15625,0.003573581580838067,0.0,0.062,0.0374,0.056,cpu_hog_checkoutservice_2
2026-10-04T05:02:34,recommendationservice,33.125,0.013207554263104226,4.0,0.062,0.0374,0.056,cpu_hog_checkoutservice_2
2026-10-04T05:02:34,emailservice,36.98828125,0.005693784175875174,0.0,0.062,0.0374,0.056,cpu_hog_checkoutservice_2
2026-10-04T05:02:34,shippingservice,12.09765625,0.0021799378868865562,0.0,0.062,0.0374,0.056,cpu_hog_checkoutservice_2
2026-10-04T05:02:34,frontend,13.9375,0.04052216804625908,0.0,0.062,0.0374,0.056,cpu_hog_checkoutservice_2
2026-10-04T05:02:34,loadgenerator,89.06640625,0.007454363508401342,0.0,0.062,0.0374,0.056,cpu_hog_checkoutservice_2
2026-10-04T05:02:34,cartservice,49.05859375,0.011115082330507337,0.0,0.062,0.0374,0.056,cpu_hog_checkoutservice_2
2026-10-04T05:02:34,checkoutservice,6.44921875,0.002334926910709509,0.0,0.062,0.0374,0.056,cpu_hog_checkoutservice_2
2026-10-04T05:02:39,redis-cart,6.921875,0.0041416208910988765,0.0,0.052,0.1211,0.0506,cpu_hog_checkoutservice_2
2026-10-04T05:02:39,paymentservice,35.7109375,0.0010488513335094975,0.0,0.052,0.1211,0.0506,cpu_hog_checkoutservice_2
2026-10-04T05:02:39,currencyservice,41.80859375,0.023968693021714452,0.0,0.052,0.1211,0.0506,cpu_hog_checkoutservice_2
2026-10-04T05:02:39,productcatalogservice,14.734375,0.018612993247725904,0.0,0.052,0.1211,0.0506,cpu_hog_checkoutservice_2
2026-10-04T05:02:39,adservice,112.03515625,0.003848463560551192,0.0,0.052,0.1211,0.0506,cpu_hog_checkoutservice_2
2026-10-04T05:02:39,recommendationservice,32.890625,0.016868977259384705,4.0,0.052,0.1211,0.0506,cpu_hog_checkoutservice_2
2026-10-04T05:02:39,emailservice,36.98828125,0.004682568106239744,0.0,0.052,0.1211,0.0506,cpu_hog_checkoutservice_2
2026-10-04T05:02:39,shippingservice,11.8671875,0.0023765283550888955,0.0,0.052,0.1211,0.0506,cpu_hog_checkoutservice_2
2026-10-04T05:02:39,frontend,15.46875,0.04145754342479304,0.0,0.052,0.1211,0.0506,cpu_hog_checkoutservice_2
2026-10-04T05:02:39,loadgenerator,89.06640625,0.007454363508401342,0.0,0.052,0.1211,0.0506,cpu_hog_checkoutservice_2
2026-10-04T05:02:39,cartservice,49.05859375,0.009398882743448309,0.0,0.052,0.1211,0.0506,cpu_hog_checkoutservice_2
2026-10-04T05:02:39,checkoutservice,6.5703125,0.0020941336971350612,0.0,0.052,0.1211,0.0506,cpu_hog_checkoutservice_2
2026-10-04T05:02:45,redis-cart,6.921875,0.0041416208910988765,0.0,0.0566,0.0281,0.0136,cpu_hog_checkoutservice_2
2026-10-04T05:02:45,paymentservice,35.7109375,0.0010488513335094975,0.0,0.0566,0.0281,0.0136,cpu_hog_checkoutservice_2
2026-10-04T05:02:45,currencyservice,41.80859375,0.02303231422617166,0.0,0.0566,0.0281,0.0136,cpu_hog_checkoutservice_2
2026-10-04T05:02:45,productcatalogservice,14.734375,0.018612993247725904,0.0,0.0566,0.0281,0.0136,cpu_hog_checkoutservice_2
2026-10-04T05:02:45,adservice,112.03515625,0.003848463560551192,0.0,0.0566,0.0281,0.0136,cpu_hog_checkoutservice_2
2026-10-04T05:02:45,recommendationservice,32.890625,0.01774666209223184,4.0,0.0566,0.0281,0.0136,cpu_hog_checkoutservice_2
2026-10-04T05:02:45,emailservice,36.98828125,0.004195844455605348,0.0,0.0566,0.0281,0.0136,cpu_hog_checkoutservice_2
2026-10-04T05:02:45,shippingservice,11.8671875,0.0023765283550888955,0.0,0.0566,0.0281,0.0136,cpu_hog_checkoutservice_2
2026-10-04T05:02:45,frontend,15.46875,0.04251511027251338,0.0,0.0566,0.0281,0.0136,cpu_hog_checkoutservice_2
2026-10-04T05:02:45,loadgenerator,89.06640625,0.006601950388505772,0.0,0.0566,0.0281,0.0136,cpu_hog_checkoutservice_2
2026-10-04T05:02:45,cartservice,49.05859375,0.008448728455562108,0.0,0.0566,0.0281,0.0136,cpu_hog_checkoutservice_2
2026-10-04T05:02:45,checkoutservice,6.5703125,0.0020941336971350612,0.0,0.0566,0.0281,0.0136,cpu_hog_checkoutservice_2
2026-10-04T05:02:50,redis-cart,5.93359375,0.00411582378298877,0.0,0.1061,0.0558,0.1916,cpu_hog_checkoutservice_2
2026-10-04T05:02:50,paymentservice,35.7109375,0.0010584774925595903,0.0,0.1061,0.0558,0.1916,cpu_hog_checkoutservice_2
2026-10-04T05:02:50,currencyservice,41.47265625,0.02304108990237467,0.0,0.1061,0.0558,0.1916,cpu_hog_checkoutservice_2
2026-10-04T05:02:50,productcatalogservice,14.734375,0.019178127522195335,0.0,0.1061,0.0558,0.1916,cpu_hog_checkoutservice_2
2026-10-04T05:02:50,adservice,113.015625,0.0035671872267050934,0.0,0.1061,0.0558,0.1916,cpu_hog_checkoutservice_2
2026-10-04T05:02:50,recommendationservice,33.359375,0.01797304323736942,4.0,0.1061,0.0558,0.1916,cpu_hog_checkoutservice_2
2026-10-04T05:02:50,emailservice,36.7421875,0.005558360397598387,0.0,0.1061,0.0558,0.1916,cpu_hog_checkoutservice_2
2026-10-04T05:02:50,shippingservice,11.8671875,0.0020155931111597697,0.0,0.1061,0.0558,0.1916,cpu_hog_checkoutservice_2
2026-10-04T05:02:50,frontend,15.46875,0.04251511027251338,0.0,0.1061,0.0558,0.1916,cpu_hog_checkoutservice_2
2026-10-04T05:02:50,loadgenerator,89.1484375,0.007860347340005222,0.0,0.1061,0.0558,0.1916,cpu_hog_checkoutservice_2
2026-10-04T05:02:50,cartservice,49.77734375,0.011966850711403684,0.0,0.1061,0.0558,0.1916,cpu_hog_checkoutservice_2
2026-10-04T05:02:50,checkoutservice,6.7734375,0.0026890796952473094,0.0,0.1061,0.0558,0.1916,cpu_hog_checkoutservice_2
2026-10-04T05:02:55,redis-cart,5.93359375,0.00411582378298877,0.0,0.0601,0.0312,0.0319,cpu_hog_checkoutservice_2
2026-10-04T05:02:55,paymentservice,35.7109375,0.0008656000000001996,0.0,0.0601,0.0312,0.0319,cpu_hog_checkoutservice_2
2026-10-04T05:02:55,currencyservice,41.47265625,0.022729552154988755,0.0,0.0601,0.0312,0.0319,cpu_hog_checkoutservice_2
2026-10-04T05:02:55,productcatalogservice,14.734375,0.019178127522195335,0.0,0.0601,0.0312,0.0319,cpu_hog_checkoutservice_2
2026-10-04T05:02:55,adservice,113.015625,0.004240887555649674,0.0,0.0601,0.0312,0.0319,cpu_hog_checkoutservice_2
2026-10-04T05:02:55,recommendationservice,33.359375,0.01797304323736942,4.0,0.0601,0.0312,0.0319,cpu_hog_checkoutservice_2
2026-10-04T05:02:55,emailservice,36.7421875,0.004736464173473506,0.0,0.0601,0.0312,0.0319,cpu_hog_checkoutservice_2
2026-10-04T05:02:55,shippingservice,11.8671875,0.0018759495648196527,0.0,0.0601,0.0312,0.0319,cpu_hog_checkoutservice_2
2026-10-04T05:02:55,frontend,15.46875,0.03338162456192789,0.0,0.0601,0.0312,0.0319,cpu_hog_checkoutservice_2
2026-10-04T05:02:55,loadgenerator,89.1484375,0.007860347340005222,0.0,0.0601,0.0312,0.0319,cpu_hog_checkoutservice_2
2026-10-04T05:02:55,cartservice,49.77734375,0.011966850711403684,0.0,0.0601,0.0312,0.0319,cpu_hog_checkoutservice_2
2026-10-04T05:02:55,checkoutservice,6.7734375,0.0031260001006390603,0.0,0.0601,0.0312,0.0319,cpu_hog_checkoutservice_2
2026-10-04T05:03:00,redis-cart,6.421875,0.0038882652483877163,0.0,0.1184,0.0512,0.0573,cpu_hog_checkoutservice_2
2026-10-04T05:03:00,paymentservice,35.671875,0.0012416225749561352,0.0,0.1184,0.0512,0.0573,cpu_hog_checkoutservice_2
2026-10-04T05:03:00,currencyservice,41.47265625,0.022729552154988755,0.0,0.1184,0.0512,0.0573,cpu_hog_checkoutservice_2
2026-10-04T05:03:00,productcatalogservice,13.80078125,0.022126247169001693,0.0,0.1184,0.0512,0.0573,cpu_hog_checkoutservice_2
2026-10-04T05:03:00,adservice,113.015625,0.004240887555649674,0.0,0.1184,0.0512,0.0573,cpu_hog_checkoutservice_2
2026-10-04T05:03:00,recommendationservice,33.359375,0.01823237953271348,4.0,0.1184,0.0512,0.0573,cpu_hog_checkoutservice_2
2026-10-04T05:03:00,emailservice,37.4765625,0.0057434241401671466,0.0,0.1184,0.0512,0.0573,cpu_hog_checkoutservice_2
2026-10-04T05:03:00,shippingservice,12.12890625,0.002697836778925972,0.0,0.1184,0.0512,0.0573,cpu_hog_checkoutservice_2
2026-10-04T05:03:00,frontend,14.51171875,0.04413997208594734,0.0,0.1184,0.0512,0.0573,cpu_hog_checkoutservice_2
2026-10-04T05:03:00,loadgenerator,89.08203125,0.007393619857950718,0.0,0.1184,0.0512,0.0573,cpu_hog_checkoutservice_2
2026-10-04T05:03:00,cartservice,49.77734375,0.012431076473453474,0.0,0.1184,0.0512,0.0573,cpu_hog_checkoutservice_2
2026-10-04T05:03:00,checkoutservice,6.7734375,0.00312600010063906,0.0,0.1184,0.0512,0.0573,cpu_hog_checkoutservice_2
2026-10-04T05:03:06,redis-cart,6.421875,0.0038882652483877163,0.0,0.0905,0.0465,0.0518,cpu_hog_checkoutservice_2
2026-10-04T05:03:06,paymentservice,35.671875,0.0012416225749561352,0.0,0.0905,0.0465,0.0518,cpu_hog_checkoutservice_2
2026-10-04T05:03:06,currencyservice,41.47265625,0.018503276051170532,0.0,0.0905,0.0465,0.0518,cpu_hog_checkoutservice_2
2026-10-04T05:03:06,productcatalogservice,13.80078125,0.022126247169001693,0.0,0.0905,0.0465,0.0518,cpu_hog_checkoutservice_2
2026-10-04T05:03:06,adservice,113.015625,0.003518346338355861,0.0,0.0905,0.0465,0.0518,cpu_hog_checkoutservice_2
2026-10-04T05:03:06,recommendationservice,33.359375,0.014511378774830818,4.0,0.0905,0.0465,0.0518,cpu_hog_checkoutservice_2
2026-10-04T05:03:06,emailservice,37.4765625,0.0057434241401671466,0.0,0.0905,0.0465,0.0518,cpu_hog_checkoutservice_2
2026-10-04T05:03:06,shippingservice,12.12890625,0.0024600270241936385,0.0,0.0905,0.0465,0.0518,cpu_hog_checkoutservice_2
2026-10-04T05:03:06,frontend,14.51171875,0.04546893755587073,0.0,0.0905,0.0465,0.0518,cpu_hog_checkoutservice_2
2026-10-04T05:03:06,loadgenerator,89.08203125,0.007393619857950718,0.0,0.0905,0.0465,0.0518,cpu_hog_checkoutservice_2
2026-10-04T05:03:06,cartservice,49.77734375,0.009610309833170962,0.0,0.0905,0.0465,0.0518,cpu_hog_checkoutservice_2
2026-10-04T05:03:06,checkoutservice,6.7734375,0.002540413448453235,0.0,0.0905,0.0465,0.0518,cpu_hog_checkoutservice_2
2026-10-04T05:03:11,redis-cart,6.421875,0.0038882652483877163,0.0,0.094,0.0675,0.0895,cpu_hog_checkoutservice_2
2026-10-04T05:03:11,paymentservice,36.453125,0.0011267218620354966,0.0,0.094,0.0675,0.0895,cpu_hog_checkoutservice_2
2026-10-04T05:03:11,currencyservice,41.88671875,0.02481175912754994,0.0,0.094,0.0675,0.0895,cpu_hog_checkoutservice_2
2026-10-04T05:03:11,productcatalogservice,14.61328125,0.020728649826321065,0.0,0.094,0.0675,0.0895,cpu_hog_checkoutservice_2
2026-10-04T05:03:11,adservice,112.38671875,0.004218898159458445,0.0,0.094,0.0675,0.0895,cpu_hog_checkoutservice_2
2026-10-04T05:03:11,recommendationservice,33.12109375,0.01787878972114335,4.0,0.094,0.0675,0.0895,cpu_hog_checkoutservice_2
2026-10-04T05:03:11,emailservice,36.75,0.0055280426047864106,0.0,0.094,0.0675,0.0895,cpu_hog_checkoutservice_2
2026-10-04T05:03:11,shippingservice,12.12890625,0.0024430564584497793,0.0,0.094,0.0675,0.0895,cpu_hog_checkoutservice_2
2026-10-04T05:03:11,frontend,14.5078125,0.04493438776906965,0.0,0.094,0.0675,0.0895,cpu_hog_checkoutservice_2
2026-10-04T05:03:11,loadgenerator,89.08203125,0.006286856578714312,0.0,0.094,0.0675,0.0895,cpu_hog_checkoutservice_2
2026-10-04T05:03:11,cartservice,49.328125,0.012728749685956015,0.0,0.094,0.0675,0.0895,cpu_hog_checkoutservice_2
2026-10-04T05:03:11,checkoutservice,7.33203125,0.002415791411308658,0.0,0.094,0.0675,0.0895,cpu_hog_checkoutservice_2
2026-10-04T05:03:16,redis-cart,6.421875,0.0031083341805981392,0.0,0.2293,0.1856,0.0458,cpu_hog_checkoutservice_2
2026-10-04T05:03:16,paymentservice,36.453125,0.0009589602245426869,0.0,0.2293,0.1856,0.0458,cpu_hog_checkoutservice_2
2026-10-04T05:03:16,currencyservice,41.88671875,0.02481175912754994,0.0,0.2293,0.1856,0.0458,cpu_hog_checkoutservice_2
2026-10-04T05:03:16,productcatalogservice,14.61328125,0.020728649826321065,0.0,0.2293,0.1856,0.0458,cpu_hog_checkoutservice_2
2026-10-04T05:03:16,adservice,112.38671875,0.004218898159458444,0.0,0.2293,0.1856,0.0458,cpu_hog_checkoutservice_2
2026-10-04T05:03:16,recommendationservice,33.12109375,0.01495975123460202,4.0,0.2293,0.1856,0.0458,cpu_hog_checkoutservice_2
2026-10-04T05:03:16,emailservice,36.75,0.0055280426047864106,0.0,0.2293,0.1856,0.0458,cpu_hog_checkoutservice_2
2026-10-04T05:03:16,shippingservice,12.12890625,0.0021647291086981215,0.0,0.2293,0.1856,0.0458,cpu_hog_checkoutservice_2
2026-10-04T05:03:16,frontend,14.5078125,0.04493438776906965,0.0,0.2293,0.1856,0.0458,cpu_hog_checkoutservice_2
2026-10-04T05:03:16,loadgenerator,89.08203125,0.005566754181843421,0.0,0.2293,0.1856,0.0458,cpu_hog_checkoutservice_2
2026-10-04T05:03:16,cartservice,49.328125,0.012728749685956015,0.0,0.2293,0.1856,0.0458,cpu_hog_checkoutservice_2
2026-10-04T05:03:16,checkoutservice,7.33203125,0.002415791411308658,0.0,0.2293,0.1856,0.0458,cpu_hog_checkoutservice_2
2026-10-04T05:03:22,redis-cart,6.1796875,0.0041851561710286485,0.0,0.104,0.0224,0.0261,cpu_hog_checkoutservice_2
2026-10-04T05:03:22,paymentservice,36.453125,0.0008299028247680516,0.0,0.104,0.0224,0.0261,cpu_hog_checkoutservice_2
2026-10-04T05:03:22,currencyservice,41.88671875,0.02027492897107743,0.0,0.104,0.0224,0.0261,cpu_hog_checkoutservice_2
2026-10-04T05:03:22,productcatalogservice,14.61328125,0.021275957982921933,0.0,0.104,0.0224,0.0261,cpu_hog_checkoutservice_2
2026-10-04T05:03:22,adservice,112.38671875,0.004207612456747066,0.0,0.104,0.0224,0.0261,cpu_hog_checkoutservice_2
2026-10-04T05:03:22,recommendationservice,32.859375,0.01755372393721068,4.0,0.104,0.0224,0.0261,cpu_hog_checkoutservice_2
2026-10-04T05:03:22,emailservice,36.75,0.004606717526329245,0.0,0.104,0.0224,0.0261,cpu_hog_checkoutservice_2
2026-10-04T05:03:22,shippingservice,12.859375,0.00253147493783495,0.0,0.104,0.0224,0.0261,cpu_hog_checkoutservice_2
2026-10-04T05:03:22,frontend,14.5078125,0.04562155013800143,0.0,0.104,0.0224,0.0261,cpu_hog_checkoutservice_2
2026-10-04T05:03:22,loadgenerator,89.28515625,0.0073592767834690515,0.0,0.104,0.0224,0.0261,cpu_hog_checkoutservice_2
2026-10-04T05:03:22,cartservice,49.5234375,0.013513357746244497,0.0,0.104,0.0224,0.0261,cpu_hog_checkoutservice_2
2026-10-04T05:03:22,checkoutservice,6.86328125,0.002693894085585916,0.0,0.104,0.0224,0.0261,cpu_hog_checkoutservice_2
2026-10-04T05:03:27,redis-cart,6.1796875,0.0034930243438109766,0.0,0.1517,0.0968,0.1073,cpu_hog_checkoutservice_2
2026-10-04T05:03:27,paymentservice,36.453125,0.0007424936003009858,0.0,0.1517,0.0968,0.1073,cpu_hog_checkoutservice_2
2026-10-04T05:03:27,currencyservice,41.88671875,0.018013337126601258,0.0,0.1517,0.0968,0.1073,cpu_hog_checkoutservice_2
2026-10-04T05:03:27,productcatalogservice,14.61328125,0.01680401756438653,0.0,0.1517,0.0968,0.1073,cpu_hog_checkoutservice_2
2026-10-04T05:03:27,adservice,112.38671875,0.004207612456747066,0.0,0.1517,0.0968,0.1073,cpu_hog_checkoutservice_2
2026-10-04T05:03:27,recommendationservice,32.859375,0.01755372393721068,4.0,0.1517,0.0968,0.1073,cpu_hog_checkoutservice_2
2026-10-04T05:03:27,emailservice,36.75,0.004073165794971397,0.0,0.1517,0.0968,0.1073,cpu_hog_checkoutservice_2
2026-10-04T05:03:27,shippingservice,12.859375,0.0024438584742450774,0.0,0.1517,0.0968,0.1073,cpu_hog_checkoutservice_2
2026-10-04T05:03:27,frontend,14.5078125,0.04562155013800143,0.0,0.1517,0.0968,0.1073,cpu_hog_checkoutservice_2
2026-10-04T05:03:27,loadgenerator,89.28515625,0.0073592767834690515,0.0,0.1517,0.0968,0.1073,cpu_hog_checkoutservice_2
2026-10-04T05:03:27,cartservice,49.5234375,0.009734725000000034,0.0,0.1517,0.0968,0.1073,cpu_hog_checkoutservice_2
2026-10-04T05:03:27,checkoutservice,6.86328125,0.002693894085585916,0.0,0.1517,0.0968,0.1073,cpu_hog_checkoutservice_2
2026-10-04T05:03:32,redis-cart,6.1796875,0.0031635627418410985,0.0,0.0604,0.0525,0.0525,cpu_hog_checkoutservice_2
2026-10-04T05:03:32,paymentservice,35.6796875,0.001107334248638087,0.0,0.0604,0.0525,0.0525,cpu_hog_checkoutservice_2
2026-10-04T05:03:32,currencyservice,42.015625,0.02600662344195699,0.0,0.0604,0.0525,0.0525,cpu_hog_checkoutservice_2
2026-10-04T05:03:32,productcatalogservice,14.0,0.020712291412292923,0.0,0.0604,0.0525,0.0525,cpu_hog_checkoutservice_2
2026-10-04T05:03:32,adservice,112.15625,0.0044924210175638895,0.0,0.0604,0.0525,0.0525,cpu_hog_checkoutservice_2
2026-10-04T05:03:32,recommendationservice,33.14453125,0.017451734347017786,4.0,0.0604,0.0525,0.0525,cpu_hog_checkoutservice_2
2026-10-04T05:03:32,emailservice,36.98828125,0.005501773739501754,0.0,0.0604,0.0525,0.0525,cpu_hog_checkoutservice_2
2026-10-04T05:03:32,shippingservice,11.87109375,0.002391526730476548,0.0,0.0604,0.0525,0.0525,cpu_hog_checkoutservice_2
2026-10-04T05:03:32,frontend,15.0234375,0.0477505927957312,0.0,0.0604,0.0525,0.0525,cpu_hog_checkoutservice_2
2026-10-04T05:03:32,loadgenerator,89.0625,0.006925029813778798,0.0,0.0604,0.0525,0.0525,cpu_hog_checkoutservice_2
2026-10-04T05:03:32,cartservice,49.8359375,0.013026902810983985,0.0,0.0604,0.0525,0.0525,cpu_hog_checkoutservice_2
2026-10-04T05:03:32,checkoutservice,6.9140625,0.002543092231151932,0.0,0.0604,0.0525,0.0525,cpu_hog_checkoutservice_2
2026-10-04T05:03:38,redis-cart,6.1796875,0.0027923649401647797,0.0,0.0712,0.0289,0.0436,cpu_hog_checkoutservice_2
2026-10-04T05:03:38,paymentservice,35.6796875,0.0011073342486380873,0.0,0.0712,0.0289,0.0436,cpu_hog_checkoutservice_2
2026-10-04T05:03:38,currencyservice,42.015625,0.02600662344195699,0.0,0.0712,0.0289,0.0436,cpu_hog_checkoutservice_2
2026-10-04T05:03:38,productcatalogservice,14.0,0.01890011574074074,0.0,0.0712,0.0289,0.0436,cpu_hog_checkoutservice_2
2026-10-04T05:03:38,adservice,112.15625,0.004520874544508506,0.0,0.0712,0.0289,0.0436,cpu_hog_checkoutservice_2
2026-10-04T05:03:38,recommendationservice,33.14453125,0.017120931537600016,4.0,0.0712,0.0289,0.0436,cpu_hog_checkoutservice_2
2026-10-04T05:03:38,emailservice,36.98828125,0.005501773739501754,0.0,0.0712,0.0289,0.0436,cpu_hog_checkoutservice_2
2026-10-04T05:03:38,shippingservice,11.87109375,0.002005903867753986,0.0,0.0712,0.0289,0.0436,cpu_hog_checkoutservice_2
2026-10-04T05:03:38,frontend,15.0234375,0.04779475253428666,0.0,0.0712,0.0289,0.0436,cpu_hog_checkoutservice_2
2026-10-04T05:03:38,loadgenerator,89.0625,0.006925029813778798,0.0,0.0712,0.0289,0.0436,cpu_hog_checkoutservice_2
2026-10-04T05:03:38,cartservice,49.8359375,0.013026902810983988,0.0,0.0712,0.0289,0.0436,cpu_hog_checkoutservice_2
2026-10-04T05:03:38,checkoutservice,6.9140625,0.0018185470707882364,0.0,0.0712,0.0289,0.0436,cpu_hog_checkoutservice_2
2026-10-04T05:03:43,redis-cart,5.9375,0.004219820663811877,0.0,0.2079,0.0949,0.0858,cpu_hog_checkoutservice_2
2026-10-04T05:03:43,paymentservice,35.9375,0.0012860493641195857,0.0,0.2079,0.0949,0.0858,cpu_hog_checkoutservice_2
2026-10-04T05:03:43,currencyservice,42.09765625,0.025228555551145036,0.0,0.2079,0.0949,0.0858,cpu_hog_checkoutservice_2
2026-10-04T05:03:43,productcatalogservice,14.0,0.01890011574074074,0.0,0.2079,0.0949,0.0858,cpu_hog_checkoutservice_2
2026-10-04T05:03:43,adservice,112.37890625,0.004350366908539663,0.0,0.2079,0.0949,0.0858,cpu_hog_checkoutservice_2
2026-10-04T05:03:43,recommendationservice,33.14453125,0.017120931537600016,4.0,0.2079,0.0949,0.0858,cpu_hog_checkoutservice_2
2026-10-04T05:03:43,emailservice,36.74609375,0.005230160244181813,0.0,0.2079,0.0949,0.0858,cpu_hog_checkoutservice_2
2026-10-04T05:03:43,shippingservice,11.87109375,0.002005903867753986,0.0,0.2079,0.0949,0.0858,cpu_hog_checkoutservice_2
2026-10-04T05:03:43,frontend,14.671875,0.047096748843677955,0.0,0.2079,0.0949,0.0858,cpu_hog_checkoutservice_2
2026-10-04T05:03:43,loadgenerator,89.0625,0.005677146362127966,0.0,0.2079,0.0949,0.0858,cpu_hog_checkoutservice_2
2026-10-04T05:03:43,cartservice,49.8359375,0.010941114741739743,0.0,0.2079,0.0949,0.0858,cpu_hog_checkoutservice_2
2026-10-04T05:03:43,checkoutservice,6.9140625,0.0015478310817032017,0.0,0.2079,0.0949,0.0858,cpu_hog_checkoutservice_2
2026-10-04T05:03:48,redis-cart,5.9375,0.0036964281422449184,0.0,0.0522,0.026,0.0408,cpu_hog_checkoutservice_2
2026-10-04T05:03:48,paymentservice,35.9375,0.0012860493641195857,0.0,0.0522,0.026,0.0408,cpu_hog_checkoutservice_2
2026-10-04T05:03:48,currencyservice,42.09765625,0.024551357136486197,0.0,0.0522,0.026,0.0408,cpu_hog_checkoutservice_2
2026-10-04T05:03:48,productcatalogservice,14.0,0.014438113416280865,0.0,0.0522,0.026,0.0408,cpu_hog_checkoutservice_2
2026-10-04T05:03:48,adservice,112.37890625,0.004350366908539663,0.0,0.0522,0.026,0.0408,cpu_hog_checkoutservice_2
2026-10-04T05:03:48,recommendationservice,33.14453125,0.010316249999999628,4.0,0.0522,0.026,0.0408,cpu_hog_checkoutservice_2
2026-10-04T05:03:48,emailservice,36.74609375,0.005230160244181813,0.0,0.0522,0.026,0.0408,cpu_hog_checkoutservice_2
2026-10-04T05:03:48,shippingservice,11.87109375,0.0015857589447201316,0.0,0.0522,0.026,0.0408,cpu_hog_checkoutservice_2
2026-10-04T05:03:48,frontend,14.671875,0.04709674884367794,0.0,0.0522,0.026,0.0408,cpu_hog_checkoutservice_2
2026-10-04T05:03:48,loadgenerator,89.0625,0.005077792395534426,0.0,0.0522,0.026,0.0408,cpu_hog_checkoutservice_2
2026-10-04T05:03:48,cartservice,49.8359375,0.010102235889362241,0.0,0.0522,0.026,0.0408,cpu_hog_checkoutservice_2
2026-10-04T05:03:48,checkoutservice,6.9140625,0.0009552000000000006,0.0,0.0522,0.026,0.0408,cpu_hog_checkoutservice_2
2026-10-04T05:03:54,redis-cart,6.4296875,0.004482903079710385,0.0,0.0878,0.0787,0.0821,cpu_hog_checkoutservice_2
2026-10-04T05:03:54,paymentservice,35.9375,0.0015141881663288531,0.0,0.0878,0.0787,0.0821,cpu_hog_checkoutservice_2
2026-10-04T05:03:54,currencyservice,41.5546875,0.024347033367747576,0.0,0.0878,0.0787,0.0821,cpu_hog_checkoutservice_2
2026-10-04T05:03:54,productcatalogservice,14.359375,0.02268133017673398,0.0,0.0878,0.0787,0.0821,cpu_hog_checkoutservice_2
2026-10-04T05:03:54,adservice,112.37890625,0.003861997719526455,0.0,0.0878,0.0787,0.0821,cpu_hog_checkoutservice_2
2026-10-04T05:03:54,recommendationservice,32.87890625,0.01587657368742754,4.0,0.0878,0.0787,0.0821,cpu_hog_checkoutservice_2
2026-10-04T05:03:54,emailservice,36.74609375,0.004324325546335325,0.0,0.0878,0.0787,0.0821,cpu_hog_checkoutservice_2
2026-10-04T05:03:54,shippingservice,12.6171875,0.0029124589266159902,0.0,0.0878,0.0787,0.0821,cpu_hog_checkoutservice_2
2026-10-04T05:03:54,frontend,14.671875,0.03058787499999198,0.0,0.0878,0.0787,0.0821,cpu_hog_checkoutservice_2
2026-10-04T05:03:54,loadgenerator,89.05078125,0.007281982405481247,0.0,0.0878,0.0787,0.0821,cpu_hog_checkoutservice_2
2026-10-04T05:03:54,cartservice,49.578125,0.014243160951845572,0.0,0.0878,0.0787,0.0821,cpu_hog_checkoutservice_2
2026-10-04T05:03:54,checkoutservice,6.3671875,0.0022708353176493015,0.0,0.0878,0.0787,0.0821,cpu_hog_checkoutservice_2
2026-10-04T05:03:59,redis-cart,6.4296875,0.004328508396026478,0.0,0.1552,0.0547,0.0419,cpu_hog_checkoutservice_2
2026-10-04T05:03:59,paymentservice,35.9375,0.0011834326887463944,0.0,0.1552,0.0547,0.0419,cpu_hog_checkoutservice_2
2026-10-04T05:03:59,currencyservice,41.5546875,0.024347033367747576,0.0,0.1552,0.0547,0.0419,cpu_hog_checkoutservice_2
2026-10-04T05:03:59,productcatalogservice,14.359375,0.02268133017673398,0.0,0.1552,0.0547,0.0419,cpu_hog_checkoutservice_2
2026-10-04T05:03:59,adservice,112.37890625,0.0034566810303294417,0.0,0.1552,0.0547,0.0419,cpu_hog_checkoutservice_2
2026-10-04T05:03:59,recommendationservice,32.87890625,0.014235210750852026,4.0,0.1552,0.0547,0.0419,cpu_hog_checkoutservice_2
2026-10-04T05:03:59,emailservice,36.74609375,0.0040733277504428475,0.0,0.1552,0.0547,0.0419,cpu_hog_checkoutservice_2
2026-10-04T05:03:59,shippingservice,12.6171875,0.0029124589266159902,0.0,0.1552,0.0547,0.0419,cpu_hog_checkoutservice_2
2026-10-04T05:03:59,frontend,14.671875,0.03366960165279874,0.0,0.1552,0.0547,0.0419,cpu_hog_checkoutservice_2
2026-10-04T05:03:59,loadgenerator,89.05078125,0.0057658562776063535,0.0,0.1552,0.0547,0.0419,cpu_hog_checkoutservice_2
2026-10-04T05:03:59,cartservice,49.578125,0.011919864014583698,0.0,0.1552,0.0547,0.0419,cpu_hog_checkoutservice_2
2026-10-04T05:03:59,checkoutservice,6.3671875,0.0022708353176493015,0.0,0.1552,0.0547,0.0419,cpu_hog_checkoutservice_2
2026-10-04T05:04:04,redis-cart,6.4296875,0.004276345079592379,0.0,0.0806,0.0475,0.0889,cpu_hog_checkoutservice_2
2026-10-04T05:04:04,paymentservice,35.69921875,0.0011823148876652333,0.0,0.0806,0.0475,0.0889,cpu_hog_checkoutservice_2
2026-10-04T05:04:04,currencyservice,41.5546875,0.015577824999996893,0.0,0.0806,0.0475,0.0889,cpu_hog_checkoutservice_2
2026-10-04T05:04:04,productcatalogservice,14.359375,0.0181887257019774,0.0,0.0806,0.0475,0.0889,cpu_hog_checkoutservice_2
2026-10-04T05:04:04,adservice,111.890625,0.004437305798556688,0.0,0.0806,0.0475,0.0889,cpu_hog_checkoutservice_2
2026-10-04T05:04:04,recommendationservice,32.8515625,0.016537869726122714,4.0,0.0806,0.0475,0.0889,cpu_hog_checkoutservice_2
2026-10-04T05:04:04,emailservice,36.7421875,0.005471045863696675,0.0,0.0806,0.0475,0.0889,cpu_hog_checkoutservice_2
2026-10-04T05:04:04,shippingservice,12.6171875,0.0029124589266159907,0.0,0.0806,0.0475,0.0889,cpu_hog_checkoutservice_2
2026-10-04T05:04:04,frontend,15.6953125,0.048574509534279726,0.0,0.0806,0.0475,0.0889,cpu_hog_checkoutservice_2
2026-10-04T05:04:04,loadgenerator,89.0390625,0.006957507995139347,0.0,0.0806,0.0475,0.0889,cpu_hog_checkoutservice_2
2026-10-04T05:04:04,cartservice,50.07421875,0.012789450298336887,0.0,0.0806,0.0475,0.0889,cpu_hog_checkoutservice_2
2026-10-04T05:04:04,checkoutservice,6.3671875,0.001872770502217144,0.0,0.0806,0.0475,0.0889,cpu_hog_checkoutservice_2
2026-10-04T05:04:10,redis-cart,6.4296875,0.004276345079592378,0.0,0.1868,0.0853,0.0772,cpu_hog_checkoutservice_2
2026-10-04T05:04:10,paymentservice,35.69921875,0.0009158192908891083,0.0,0.1868,0.0853,0.0772,cpu_hog_checkoutservice_2
2026-10-04T05:04:10,currencyservice,41.5,0.024246352449300117,0.0,0.1868,0.0853,0.0772,cpu_hog_checkoutservice_2
2026-10-04T05:04:10,productcatalogservice,13.625,0.020126682632754998,0.0,0.1868,0.0853,0.0772,cpu_hog_checkoutservice_2
2026-10-04T05:04:10,adservice,111.7734375,0.003440527298882322,0.0,0.1868,0.0853,0.0772,cpu_hog_checkoutservice_2
2026-10-04T05:04:10,recommendationservice,33.13671875,0.0187810765920517,4.0,0.1868,0.0853,0.0772,cpu_hog_checkoutservice_2
2026-10-04T05:04:10,emailservice,37.00390625,0.005803731576541271,0.0,0.1868,0.0853,0.0772,cpu_hog_checkoutservice_2
2026-10-04T05:04:10,shippingservice,12.6171875,0.002715265503727004,0.0,0.1868,0.0853,0.0772,cpu_hog_checkoutservice_2
2026-10-04T05:04:10,frontend,15.6953125,0.03898727343914736,0.0,0.1868,0.0853,0.0772,cpu_hog_checkoutservice_2
2026-10-04T05:04:10,loadgenerator,89.0078125,0.007295500432649705,0.0,0.1868,0.0853,0.0772,cpu_hog_checkoutservice_2
2026-10-04T05:04:10,cartservice,50.07421875,0.012789450298336887,0.0,0.1868,0.0853,0.0772,cpu_hog_checkoutservice_2
2026-10-04T05:04:10,checkoutservice,6.3984375,0.0024158409358767305,0.0,0.1868,0.0853,0.0772,cpu_hog_checkoutservice_2
2026-10-04T05:04:15,redis-cart,6.4296875,0.0036504716112254736,0.0,0.1311,0.0705,0.0485,cpu_hog_checkoutservice_2
2026-10-04T05:04:15,paymentservice,35.69921875,0.0008191755675363068,0.0,0.1311,0.0705,0.0485,cpu_hog_checkoutservice_2
2026-10-04T05:04:15,currencyservice,41.5,0.024246352449300117,0.0,0.1311,0.0705,0.0485,cpu_hog_checkoutservice_2
2026-10-04T05:04:15,productcatalogservice,13.625,0.020126682632754998,0.0,0.1311,0.0705,0.0485,cpu_hog_checkoutservice_2
2026-10-04T05:04:15,adservice,111.7734375,0.0041703501614403955,0.0,0.1311,0.0705,0.0485,cpu_hog_checkoutservice_2
2026-10-04T05:04:15,recommendationservice,33.13671875,0.0187810765920517,4.0,0.1311,0.0705,0.0485,cpu_hog_checkoutservice_2
2026-10-04T05:04:15,emailservice,37.00390625,0.005803731576541271,0.0,0.1311,0.0705,0.0485,cpu_hog_checkoutservice_2
2026-10-04T05:04:15,shippingservice,12.6171875,0.002931030509059973,0.0,0.1311,0.0705,0.0485,cpu_hog_checkoutservice_2
2026-10-04T05:04:15,frontend,15.6953125,0.03485470959863374,0.0,0.1311,0.0705,0.0485,cpu_hog_checkoutservice_2
2026-10-04T05:04:15,loadgenerator,89.0078125,0.007570869131817125,0.0,0.1311,0.0705,0.0485,cpu_hog_checkoutservice_2
2026-10-04T05:04:15,cartservice,50.07421875,0.01330929674521621,0.0,0.1311,0.0705,0.0485,cpu_hog_checkoutservice_2
2026-10-04T05:04:15,checkoutservice,6.3984375,0.0024158409358767305,0.0,0.1311,0.0705,0.0485,cpu_hog_checkoutservice_2
2026-10-04T05:04:20,redis-cart,5.94140625,0.004330091283253457,0.0,0.0622,0.0465,0.0595,cpu_hog_checkoutservice_2
2026-10-04T05:04:20,paymentservice,35.65234375,0.0011567102029208505,0.0,0.0622,0.0465,0.0595,cpu_hog_checkoutservice_2
2026-10-04T05:04:20,currencyservice,42.1484375,0.0251288087195705,0.0,0.0622,0.0465,0.0595,cpu_hog_checkoutservice_2
2026-10-04T05:04:20,productcatalogservice,13.625,0.020126682632754998,0.0,0.0622,0.0465,0.0595,cpu_hog_checkoutservice_2
2026-10-04T05:04:20,adservice,111.7734375,0.0041703501614403955,0.0,0.0622,0.0465,0.0595,cpu_hog_checkoutservice_2
2026-10-04T05:04:20,recommendationservice,33.13671875,0.019310935244635938,4.0,0.0622,0.0465,0.0595,cpu_hog_checkoutservice_2
2026-10-04T05:04:20,emailservice,37.00390625,0.004975232772513401,0.0,0.0622,0.0465,0.0595,cpu_hog_checkoutservice_2
2026-10-04T05:04:20,shippingservice,12.11328125,0.0028176622379556563,0.0,0.0622,0.0465,0.0595,cpu_hog_checkoutservice_2
2026-10-04T05:04:20,frontend,15.5390625,0.047039607438011055,0.0,0.0622,0.0465,0.0595,cpu_hog_checkoutservice_2
2026-10-04T05:04:20,loadgenerator,89.0078125,0.007570869131817124,0.0,0.0622,0.0465,0.0595,cpu_hog_checkoutservice_2
2026-10-04T05:04:20,cartservice,49.5625,0.013533876295942278,0.0,0.0622,0.0465,0.0595,cpu_hog_checkoutservice_2
2026-10-04T05:04:20,checkoutservice,7.2265625,0.0024706996212876227,0.0,0.0622,0.0465,0.0595,cpu_hog_checkoutservice_2
2026-10-04T05:04:25,redis-cart,5.94140625,0.004330091283253457,0.0,0.054,0.029,0.015,cpu_hog_checkoutservice_2
2026-10-04T05:04:25,paymentservice,35.65234375,0.0009276574659708159,0.0,0.054,0.029,0.015,cpu_hog_checkoutservice_2
2026-10-04T05:04:25,currencyservice,42.1484375,0.025744828391312712,0.0,0.054,0.029,0.015,cpu_hog_checkoutservice_2
2026-10-04T05:04:25,productcatalogservice,13.625,0.015291498713768517,0.0,0.054,0.029,0.015,cpu_hog_checkoutservice_2
2026-10-04T05:04:25,adservice,111.7734375,0.0033425935759244974,0.0,0.054,0.029,0.015,cpu_hog_checkoutservice_2
2026-10-04T05:04:25,recommendationservice,33.13671875,0.01608246872065355,4.0,0.054,0.029,0.015,cpu_hog_checkoutservice_2
2026-10-04T05:04:25,emailservice,37.00390625,0.00463317939296283,0.0,0.054,0.029,0.015,cpu_hog_checkoutservice_2
2026-10-04T05:04:25,shippingservice,12.11328125,0.0028176622379556563,0.0,0.054,0.029,0.015,cpu_hog_checkoutservice_2
2026-10-04T05:04:25,frontend,15.5390625,0.047648735361744854,0.0,0.054,0.029,0.015,cpu_hog_checkoutservice_2
2026-10-04T05:04:25,loadgenerator,89.0078125,0.0059339000608920325,0.0,0.054,0.029,0.015,cpu_hog_checkoutservice_2
2026-10-04T05:04:25,cartservice,49.5625,0.013533876295942278,0.0,0.054,0.029,0.015,cpu_hog_checkoutservice_2
2026-10-04T05:04:25,checkoutservice,7.2265625,0.0024706996212876227,0.0,0.054,0.029,0.015,cpu_hog_checkoutservice_2
2026-10-04T05:04:31,redis-cart,6.4296875,0.0043580070219384,0.0,0.0727,0.0727,0.0935,cpu_hog_checkoutservice_2
2026-10-04T05:04:31,paymentservice,35.65234375,0.0009276574659708159,0.0,0.0727,0.0727,0.0935,cpu_hog_checkoutservice_2
2026-10-04T05:04:31,currencyservice,42.1484375,0.025744828391312712,0.0,0.0727,0.0727,0.0935,cpu_hog_checkoutservice_2
2026-10-04T05:04:31,productcatalogservice,13.79296875,0.01998036813084106,0.0,0.0727,0.0727,0.0935,cpu_hog_checkoutservice_2
2026-10-04T05:04:31,adservice,112.27734375,0.004852583115676629,0.0,0.0727,0.0727,0.0935,cpu_hog_checkoutservice_2
2026-10-04T05:04:31,recommendationservice,32.38671875,0.019563308487619203,4.0,0.0727,0.0727,0.0935,cpu_hog_checkoutservice_2
2026-10-04T05:04:31,emailservice,37.484375,0.005983465623006029,0.0,0.0727,0.0727,0.0935,cpu_hog_checkoutservice_2
2026-10-04T05:04:31,shippingservice,11.8671875,0.00200163593644576,0.0,0.0727,0.0727,0.0935,cpu_hog_checkoutservice_2
2026-10-04T05:04:31,frontend,15.5390625,0.047648735361744854,0.0,0.0727,0.0727,0.0935,cpu_hog_checkoutservice_2
2026-10-04T05:04:31,loadgenerator,88.8046875,0.007364384463460575,0.0,0.0727,0.0727,0.0935,cpu_hog_checkoutservice_2
2026-10-04T05:04:31,cartservice,49.859375,0.013183356399839287,0.0,0.0727,0.0727,0.0935,cpu_hog_checkoutservice_2
2026-10-04T05:04:31,checkoutservice,7.2265625,0.002151965206185567,0.0,0.0727,0.0727,0.0935,cpu_hog_checkoutservice_2
2026-10-04T05:04:36,redis-cart,6.4296875,0.004358007021938401,0.0,0.0755,0.059,0.0754,cpu_hog_checkoutservice_2
2026-10-04T05:04:36,paymentservice,35.65234375,0.0006961644105772403,0.0,0.0755,0.059,0.0754,cpu_hog_checkoutservice_2
2026-10-04T05:04:36,currencyservice,42.1484375,0.02233214035030851,0.0,0.0755,0.059,0.0754,cpu_hog_checkoutservice_2
2026-10-04T05:04:36,productcatalogservice,13.79296875,0.01998036813084106,0.0,0.0755,0.059,0.0754,cpu_hog_checkoutservice_2
2026-10-04T05:04:36,adservice,112.27734375,0.004852583115676628,0.0,0.0755,0.059,0.0754,cpu_hog_checkoutservice_2
2026-10-04T05:04:36,recommendationservice,32.38671875,0.019563308487619203,4.0,0.0755,0.059,0.0754,cpu_hog_checkoutservice_2
2026-10-04T05:04:36,emailservice,37.484375,0.005983465623006029,0.0,0.0755,0.059,0.0754,cpu_hog_checkoutservice_2
2026-10-04T05:04:36,shippingservice,11.8671875,0.0023594690855049676,0.0,0.0755,0.059,0.0754,cpu_hog_checkoutservice_2
2026-10-04T05:04:36,frontend,15.5390625,0.03538630651138756,0.0,0.0755,0.059,0.0754,cpu_hog_checkoutservice_2
2026-10-04T05:04:36,loadgenerator,88.8046875,0.007364384463460575,0.0,0.0755,0.059,0.0754,cpu_hog_checkoutservice_2
2026-10-04T05:04:36,cartservice,49.859375,0.013183356399839287,0.0,0.0755,0.059,0.0754,cpu_hog_checkoutservice_2
2026-10-04T05:04:36,checkoutservice,7.2265625,0.0017772721977018897,0.0,0.0755,0.059,0.0754,cpu_hog_checkoutservice_2
2026-10-04T05:04:41,redis-cart,6.4296875,0.004358007021938401,0.0,0.0721,0.0386,0.0932,cpu_hog_checkoutservice_2
2026-10-04T05:04:41,paymentservice,35.65234375,0.0013204381137369382,0.0,0.0721,0.0386,0.0932,cpu_hog_checkoutservice_2
2026-10-04T05:04:41,currencyservice,41.34375,0.02616003503777602,0.0,0.0721,0.0386,0.0932,cpu_hog_checkoutservice_2
2026-10-04T05:04:41,productcatalogservice,13.79296875,0.019980368130841055,0.0,0.0721,0.0386,0.0932,cpu_hog_checkoutservice_2
2026-10-04T05:04:41,adservice,112.27734375,0.004210915709071899,0.0,0.0721,0.0386,0.0932,cpu_hog_checkoutservice_2
2026-10-04T05:04:41,recommendationservice,33.609375,0.019800017404927487,4.0,0.0721,0.0386,0.0932,cpu_hog_checkoutservice_2
2026-10-04T05:04:41,emailservice,37.234375,0.006162599870438494,0.0,0.0721,0.0386,0.0932,cpu_hog_checkoutservice_2
2026-10-04T05:04:41,shippingservice,12.125,0.0023527760258783416,0.0,0.0721,0.0386,0.0932,cpu_hog_checkoutservice_2
2026-10-04T05:04:41,frontend,14.69921875,0.05032581632115074,0.0,0.0721,0.0386,0.0932,cpu_hog_checkoutservice_2
2026-10-04T05:04:41,loadgenerator,88.8046875,0.007733315480972158,0.0,0.0721,0.0386,0.0932,cpu_hog_checkoutservice_2
2026-10-04T05:04:41,cartservice,49.859375,0.013183356399839287,0.0,0.0721,0.0386,0.0932,cpu_hog_checkoutservice_2
2026-10-04T05:04:41,checkoutservice,6.48828125,0.001675919134500779,0.0,0.0721,0.0386,0.0932,cpu_hog_checkoutservice_2
2026-10-04T05:04:46,redis-cart,6.4296875,0.0035356787675107576,0.0,0.0842,0.0695,0.0462,cpu_hog_checkoutservice_2
2026-10-04T05:04:46,paymentservice,35.65234375,0.0013204381137369382,0.0,0.0842,0.0695,0.0462,cpu_hog_checkoutservice_2
2026-10-04T05:04:46,currencyservice,41.34375,0.02616003503777602,0.0,0.0842,0.0695,0.0462,cpu_hog_checkoutservice_2
2026-10-04T05:04:46,productcatalogservice,13.79296875,0.018295304914548192,0.0,0.0842,0.0695,0.0462,cpu_hog_checkoutservice_2
2026-10-04T05:04:46,adservice,112.27734375,0.003758711569069746,0.0,0.0842,0.0695,0.0462,cpu_hog_checkoutservice_2
2026-10-04T05:04:46,recommendationservice,33.609375,0.019800017404927487,4.0,0.0842,0.0695,0.0462,cpu_hog_checkoutservice_2
2026-10-04T05:04:46,emailservice,37.234375,0.006162599870438494,0.0,0.0842,0.0695,0.0462,cpu_hog_checkoutservice_2
2026-10-04T05:04:46,shippingservice,12.125,0.002011930999970659,0.0,0.0842,0.0695,0.0462,cpu_hog_checkoutservice_2
2026-10-04T05:04:46,frontend,14.69921875,0.05032581632115074,0.0,0.0842,0.0695,0.0462,cpu_hog_checkoutservice_2
2026-10-04T05:04:46,loadgenerator,88.8046875,0.006090147052004763,0.0,0.0842,0.0695,0.0462,cpu_hog_checkoutservice_2
2026-10-04T05:04:46,cartservice,49.859375,0.011302942479965238,0.0,0.0842,0.0695,0.0462,cpu_hog_checkoutservice_2
2026-10-04T05:04:46,checkoutservice,6.48828125,0.001427892413256522,0.0,0.0842,0.0695,0.0462,cpu_hog_checkoutservice_2
2026-10-04T05:04:52,redis-cart,6.1796875,0.004376934106619294,0.0,0.095,0.0559,0.0303,cpu_hog_checkoutservice_2
2026-10-04T05:04:52,paymentservice,35.90625,0.0013161664195912833,0.0,0.095,0.0559,0.0303,cpu_hog_checkoutservice_2
2026-10-04T05:04:52,currencyservice,40.86328125,0.021840380355721264,0.0,0.095,0.0559,0.0303,cpu_hog_checkoutservice_2
2026-10-04T05:04:52,productcatalogservice,14.640625,0.02307055837563362,0.0,0.095,0.0559,0.0303,cpu_hog_checkoutservice_2
2026-10-04T05:04:52,adservice,112.0234375,0.005529617417998127,0.0,0.095,0.0559,0.0303,cpu_hog_checkoutservice_2
2026-10-04T05:04:52,recommendationservice,33.609375,0.014412950000001958,4.0,0.095,0.0559,0.0303,cpu_hog_checkoutservice_2
2026-10-04T05:04:52,emailservice,37.234375,0.006061142787822643,0.0,0.095,0.0559,0.0303,cpu_hog_checkoutservice_2
2026-10-04T05:04:52,shippingservice,12.125,0.0019702194793932335,0.0,0.095,0.0559,0.0303,cpu_hog_checkoutservice_2
2026-10-04T05:04:52,frontend,14.69921875,0.040395274615579665,0.0,0.095,0.0559,0.0303,cpu_hog_checkoutservice_2
2026-10-04T05:04:52,loadgenerator,89.05078125,0.0068948390013037495,0.0,0.095,0.0559,0.0303,cpu_hog_checkoutservice_2
2026-10-04T05:04:52,cartservice,49.8515625,0.013975575748834068,0.0,0.095,0.0559,0.0303,cpu_hog_checkoutservice_2
2026-10-04T05:04:52,checkoutservice,6.54296875,0.0016998136114049682,0.0,0.095,0.0559,0.0303,cpu_hog_checkoutservice_2
2026-10-04T05:04:57,redis-cart,6.1796875,0.004376934106619294,0.0,0.2014,0.0522,0.2444,cpu_hog_checkoutservice_2
2026-10-04T05:04:57,paymentservice,35.90625,0.0013488451191984365,0.0,0.2014,0.0522,0.2444,cpu_hog_checkoutservice_2
2026-10-04T05:04:57,currencyservice,40.86328125,0.025769346758107367,0.0,0.2014,0.0522,0.2444,cpu_hog_checkoutservice_2
2026-10-04T05:04:57,productcatalogservice,14.640625,0.02307055837563362,0.0,0.2014,0.0522,0.2444,cpu_hog_checkoutservice_2
2026-10-04T05:04:57,adservice,112.0234375,0.005529617417998128,0.0,0.2014,0.0522,0.2444,cpu_hog_checkoutservice_2
2026-10-04T05:04:57,recommendationservice,33.609375,0.016001722074046265,4.0,0.2014,0.0522,0.2444,cpu_hog_checkoutservice_2
2026-10-04T05:04:57,emailservice,37.234375,0.004909424639089877,0.0,0.2014,0.0522,0.2444,cpu_hog_checkoutservice_2
2026-10-04T05:04:57,shippingservice,12.125,0.0017471448276378376,0.0,0.2014,0.0522,0.2444,cpu_hog_checkoutservice_2
2026-10-04T05:04:57,frontend,14.69921875,0.03752786541137534,0.0,0.2014,0.0522,0.2444,cpu_hog_checkoutservice_2
2026-10-04T05:04:57,loadgenerator,89.05078125,0.0068948390013037495,0.0,0.2014,0.0522,0.2444,cpu_hog_checkoutservice_2
2026-10-04T05:04:57,cartservice,49.8515625,0.011664481372501872,0.0,0.2014,0.0522,0.2444,cpu_hog_checkoutservice_2
2026-10-04T05:04:57,checkoutservice,6.54296875,0.0014410736495222751,0.0,0.2014,0.0522,0.2444,cpu_hog_checkoutservice_2
2026-10-04T05:05:03,redis-cart,6.1796875,0.0036992499646060976,0.0,0.07,0.0599,0.089,cpu_hog_checkoutservice_2
2026-10-04T05:05:03,paymentservice,35.90625,0.0011284719276613954,0.0,0.07,0.0599,0.089,cpu_hog_checkoutservice_2
2026-10-04T05:05:03,currencyservice,40.86328125,0.025769346758107367,0.0,0.07,0.0599,0.089,cpu_hog_checkoutservice_2
2026-10-04T05:05:03,productcatalogservice,14.09765625,0.020573842434435212,0.0,0.07,0.0599,0.089,cpu_hog_checkoutservice_2
2026-10-04T05:05:03,adservice,112.0234375,0.004434061967057248,0.0,0.07,0.0599,0.089,cpu_hog_checkoutservice_2
2026-10-04T05:05:03,recommendationservice,33.359375,0.019940208300806648,4.0,0.07,0.0599,0.089,cpu_hog_checkoutservice_2
2026-10-04T05:05:03,emailservice,36.74609375,0.005701238848251531,0.0,0.07,0.0599,0.089,cpu_hog_checkoutservice_2
2026-10-04T05:05:03,shippingservice,11.8671875,0.002180839452272575,0.0,0.07,0.0599,0.089,cpu_hog_checkoutservice_2
2026-10-04T05:05:03,frontend,15.6640625,0.05014875391423435,0.0,0.07,0.0599,0.089,cpu_hog_checkoutservice_2
2026-10-04T05:05:03,loadgenerator,89.01953125,0.006780851629802201,0.0,0.07,0.0599,0.089,cpu_hog_checkoutservice_2
2026-10-04T05:05:03,cartservice,49.8359375,0.013421857549857554,0.0,0.07,0.0599,0.089,cpu_hog_checkoutservice_2
2026-10-04T05:05:03,checkoutservice,7.54296875,0.000871505855661456,0.0,0.07,0.0599,0.089,cpu_hog_checkoutservice_2
2026-10-04T05:05:08,redis-cart,6.1796875,0.0032949559220053133,0.0,0.2228,0.1141,0.0835,cpu_hog_checkoutservice_2
2026-10-04T05:05:08,paymentservice,35.90625,0.0010051200415106983,0.0,0.2228,0.1141,0.0835,cpu_hog_checkoutservice_2
2026-10-04T05:05:08,currencyservice,40.86328125,0.019821458649244384,0.0,0.2228,0.1141,0.0835,cpu_hog_checkoutservice_2
2026-10-04T05:05:08,productcatalogservice,14.09765625,0.020573842434435212,0.0,0.2228,0.1141,0.0835,cpu_hog_checkoutservice_2
2026-10-04T05:05:08,adservice,112.0234375,0.0038370220534939673,0.0,0.2228,0.1141,0.0835,cpu_hog_checkoutservice_2
2026-10-04T05:05:08,recommendationservice,33.359375,0.019940208300806648,4.0,0.2228,0.1141,0.0835,cpu_hog_checkoutservice_2
2026-10-04T05:05:08,emailservice,36.74609375,0.005540240518038463,0.0,0.2228,0.1141,0.0835,cpu_hog_checkoutservice_2
2026-10-04T05:05:08,shippingservice,11.8671875,0.002180839452272575,0.0,0.2228,0.1141,0.0835,cpu_hog_checkoutservice_2
2026-10-04T05:05:08,frontend,15.6640625,0.05014875391423436,0.0,0.2228,0.1141,0.0835,cpu_hog_checkoutservice_2
2026-10-04T05:05:08,loadgenerator,89.01953125,0.005401619687389086,0.0,0.2228,0.1141,0.0835,cpu_hog_checkoutservice_2
2026-10-04T05:05:08,cartservice,49.8359375,0.013421857549857554,0.0,0.2228,0.1141,0.0835,cpu_hog_checkoutservice_2
2026-10-04T05:05:08,checkoutservice,7.54296875,0.0008893512824515317,0.0,0.2228,0.1141,0.0835,cpu_hog_checkoutservice_2
2026-10-04T05:05:13,redis-cart,5.94140625,0.004296374385051214,0.0,0.0622,0.025,0.0485,cpu_hog_checkoutservice_2
2026-10-04T05:05:13,paymentservice,35.69140625,0.0009841560611901082,0.0,0.0622,0.025,0.0485,cpu_hog_checkoutservice_2
2026-10-04T05:05:13,currencyservice,41.55859375,0.025411311598982047,0.0,0.0622,0.025,0.0485,cpu_hog_checkoutservice_2
2026-10-04T05:05:13,productcatalogservice,14.09765625,0.020573842434435212,0.0,0.0622,0.025,0.0485,cpu_hog_checkoutservice_2
2026-10-04T05:05:13,adservice,111.7734375,0.004733524279310511,0.0,0.0622,0.025,0.0485,cpu_hog_checkoutservice_2
2026-10-04T05:05:13,recommendationservice,33.15625,0.01990370514567522,4.0,0.0622,0.025,0.0485,cpu_hog_checkoutservice_2
2026-10-04T05:05:13,emailservice,37.234375,0.005606032113409629,0.0,0.0622,0.025,0.0485,cpu_hog_checkoutservice_2
2026-10-04T05:05:13,shippingservice,12.12890625,0.0025524451748173676,0.0,0.0622,0.025,0.0485,cpu_hog_checkoutservice_2
2026-10-04T05:05:13,frontend,15.37109375,0.042225977858193424,0.0,0.0622,0.025,0.0485,cpu_hog_checkoutservice_2
2026-10-04T05:05:13,loadgenerator,89.29296875,0.006826386972122606,0.0,0.0622,0.025,0.0485,cpu_hog_checkoutservice_2
2026-10-04T05:05:13,cartservice,49.8359375,0.013421857549857554,0.0,0.0622,0.025,0.0485,cpu_hog_checkoutservice_2
2026-10-04T05:05:13,checkoutservice,7.54296875,0.0008004834523962548,0.0,0.0622,0.025,0.0485,cpu_hog_checkoutservice_2
2026-10-04T05:05:19,redis-cart,5.94140625,0.004158316519366428,0.0,0.2459,0.0949,0.1124,cpu_hog_checkoutservice_2
2026-10-04T05:05:19,paymentservice,35.69140625,0.0008190966871275073,0.0,0.2459,0.0949,0.1124,cpu_hog_checkoutservice_2
2026-10-04T05:05:19,currencyservice,41.55859375,0.020880446652659545,0.0,0.2459,0.0949,0.1124,cpu_hog_checkoutservice_2
2026-10-04T05:05:19,productcatalogservice,14.09765625,0.020573842434435212,0.0,0.2459,0.0949,0.1124,cpu_hog_checkoutservice_2
2026-10-04T05:05:19,adservice,111.7734375,0.004733524279310511,0.0,0.2459,0.0949,0.1124,cpu_hog_checkoutservice_2
2026-10-04T05:05:19,recommendationservice,33.15625,0.01990370514567522,4.0,0.2459,0.0949,0.1124,cpu_hog_checkoutservice_2
2026-10-04T05:05:19,emailservice,37.234375,0.004792877155359561,0.0,0.2459,0.0949,0.1124,cpu_hog_checkoutservice_2
2026-10-04T05:05:19,shippingservice,12.12890625,0.00260418968913621,0.0,0.2459,0.0949,0.1124,cpu_hog_checkoutservice_2
2026-10-04T05:05:19,frontend,15.37109375,0.04117964301187669,0.0,0.2459,0.0949,0.1124,cpu_hog_checkoutservice_2
2026-10-04T05:05:19,loadgenerator,89.29296875,0.006826386972122606,0.0,0.2459,0.0949,0.1124,cpu_hog_checkoutservice_2
2026-10-04T05:05:19,cartservice,49.8359375,0.010204779649892607,0.0,0.2459,0.0949,0.1124,cpu_hog_checkoutservice_2
2026-10-04T05:05:19,checkoutservice,7.54296875,0.000894964776433048,0.0,0.2459,0.0949,0.1124,cpu_hog_checkoutservice_2
2026-10-04T05:05:24,redis-cart,6.1796875,0.004127672890372201,0.0,0.1104,0.1008,0.0385,cpu_hog_checkoutservice_2
2026-10-04T05:05:24,paymentservice,35.7109375,0.0008839496638194782,0.0,0.1104,0.1008,0.0385,cpu_hog_checkoutservice_2
2026-10-04T05:05:24,currencyservice,41.55859375,0.018623032426703417,0.0,0.1104,0.1008,0.0385,cpu_hog_checkoutservice_2
2026-10-04T05:05:24,productcatalogservice,13.87109375,0.020051071351045086,0.0,0.1104,0.1008,0.0385,cpu_hog_checkoutservice_2
2026-10-04T05:05:24,adservice,112.26953125,0.003469062184557068,0.0,0.1104,0.1008,0.0385,cpu_hog_checkoutservice_2
2026-10-04T05:05:24,recommendationservice,33.15625,0.01974530890988017,4.0,0.1104,0.1008,0.0385,cpu_hog_checkoutservice_2
2026-10-04T05:05:24,emailservice,36.74609375,0.005529605005866101,0.0,0.1104,0.1008,0.0385,cpu_hog_checkoutservice_2
2026-10-04T05:05:24,shippingservice,12.12890625,0.0021561243853998303,0.0,0.1104,0.1008,0.0385,cpu_hog_checkoutservice_2
2026-10-04T05:05:24,frontend,15.046875,0.048806006392431794,0.0,0.1104,0.1008,0.0385,cpu_hog_checkoutservice_2
2026-10-04T05:05:24,loadgenerator,89.29296875,0.006826386972122606,0.0,0.1104,0.1008,0.0385,cpu_hog_checkoutservice_2
2026-10-04T05:05:24,cartservice,50.24609375,0.012457294407551294,0.0,0.1104,0.1008,0.0385,cpu_hog_checkoutservice_2
2026-10-04T05:05:24,checkoutservice,6.546875,0.0016662880456199726,0.0,0.1104,0.1008,0.0385,cpu_hog_checkoutservice_2
2026-10-04T05:05:29,redis-cart,6.1796875,0.0040572291177458425,0.0,0.2027,0.2871,0.2092,cpu_hog_checkoutservice_2
2026-10-04T05:05:29,paymentservice,35.75390625,0.0008473405031875131,0.0,0.2027,0.2871,0.2092,cpu_hog_checkoutservice_2
2026-10-04T05:05:29,currencyservice,41.64453125,0.024634358421200257,0.0,0.2027,0.2871,0.2092,cpu_hog_checkoutservice_2
2026-10-04T05:05:29,productcatalogservice,13.87109375,0.016592010904597925,0.0,0.2027,0.2871,0.2092,cpu_hog_checkoutservice_2
2026-10-04T05:05:29,adservice,112.5078125,0.004146712701807644,0.0,0.2027,0.2871,0.2092,cpu_hog_checkoutservice_2
2026-10-04T05:05:29,recommendationservice,33.62109375,0.018872117819537376,4.0,0.2027,0.2871,0.2092,cpu_hog_checkoutservice_2
2026-10-04T05:05:29,emailservice,36.74609375,0.0055296050058661,0.0,0.2027,0.2871,0.2092,cpu_hog_checkoutservice_2
2026-10-04T05:05:29,shippingservice,11.87109375,0.0025213434844615157,0.0,0.2027,0.2871,0.2092,cpu_hog_checkoutservice_2
2026-10-04T05:05:29,frontend,15.046875,0.048806006392431794,0.0,0.2027,0.2871,0.2092,cpu_hog_checkoutservice_2
2026-10-04T05:05:29,loadgenerator,89.5078125,0.006768929249645806,0.0,0.2027,0.2871,0.2092,cpu_hog_checkoutservice_2
2026-10-04T05:05:29,cartservice,50.24609375,0.012133134972725477,0.0,0.2027,0.2871,0.2092,cpu_hog_checkoutservice_2
2026-10-04T05:05:29,checkoutservice,6.546875,0.0014218916046758762,0.0,0.2027,0.2871,0.2092,cpu_hog_checkoutservice_2
2026-10-04T05:05:35,redis-cart,6.1796875,0.0031874606256290772,0.0,0.0612,0.0632,0.03,cpu_hog_checkoutservice_2
2026-10-04T05:05:35,paymentservice,35.75390625,0.0008473405031875131,0.0,0.0612,0.0632,0.03,cpu_hog_checkoutservice_2
2026-10-04T05:05:35,currencyservice,41.64453125,0.025018694075772476,0.0,0.0612,0.0632,0.03,cpu_hog_checkoutservice_2
2026-10-04T05:05:35,productcatalogservice,13.87109375,0.014853248833939795,0.0,0.0612,0.0632,0.03,cpu_hog_checkoutservice_2
2026-10-04T05:05:35,adservice,112.5078125,0.004146712701807644,0.0,0.0612,0.0632,0.03,cpu_hog_checkoutservice_2
2026-10-04T05:05:35,recommendationservice,33.62109375,0.018872117819537376,4.0,0.0612,0.0632,0.03,cpu_hog_checkoutservice_2
2026-10-04T05:05:35,emailservice,36.74609375,0.004357927785164789,0.0,0.0612,0.0632,0.03,cpu_hog_checkoutservice_2
2026-10-04T05:05:35,shippingservice,11.87109375,0.0025213434844615157,0.0,0.0612,0.0632,0.03,cpu_hog_checkoutservice_2
2026-10-04T05:05:35,frontend,15.046875,0.041879467458246056,0.0,0.0612,0.0632,0.03,cpu_hog_checkoutservice_2
2026-10-04T05:05:35,loadgenerator,89.5078125,0.0067689292496458065,0.0,0.0612,0.0632,0.03,cpu_hog_checkoutservice_2
2026-10-04T05:05:35,cartservice,50.24609375,0.009742755718911401,0.0,0.0612,0.0632,0.03,cpu_hog_checkoutservice_2
2026-10-04T05:05:35,checkoutservice,6.546875,0.0012323470802287281,0.0,0.0612,0.0632,0.03,cpu_hog_checkoutservice_2
2026-10-04T05:05:40,redis-cart,6.18359375,0.004247517917690338,0.0,0.0703,0.0712,0.0803,cpu_hog_checkoutservice_2
2026-10-04T05:05:40,paymentservice,36.92578125,0.0010983120086327887,0.0,0.0703,0.0712,0.0803,cpu_hog_checkoutservice_2
2026-10-04T05:05:40,currencyservice,41.33984375,0.029573604177164193,0.0,0.0703,0.0712,0.0803,cpu_hog_checkoutservice_2
2026-10-04T05:05:40,productcatalogservice,13.58984375,0.016184119432696258,0.0,0.0703,0.0712,0.0803,cpu_hog_checkoutservice_2
2026-10-04T05:05:40,adservice,112.51171875,0.004642090842433591,0.0,0.0703,0.0712,0.0803,cpu_hog_checkoutservice_2
2026-10-04T05:05:40,recommendationservice,33.62109375,0.015300470168613925,4.0,0.0703,0.0712,0.0803,cpu_hog_checkoutservice_2
2026-10-04T05:05:40,emailservice,36.7421875,0.006014594721837564,0.0,0.0703,0.0712,0.0803,cpu_hog_checkoutservice_2
2026-10-04T05:05:40,shippingservice,12.15234375,0.002865064919305867,0.0,0.0703,0.0712,0.0803,cpu_hog_checkoutservice_2
2026-10-04T05:05:40,frontend,16.12109375,0.05316730596792626,0.0,0.0703,0.0712,0.0803,cpu_hog_checkoutservice_2
2026-10-04T05:05:40,loadgenerator,89.5078125,0.0067689292496458065,0.0,0.0703,0.0712,0.0803,cpu_hog_checkoutservice_2
2026-10-04T05:05:40,cartservice,49.6015625,0.013011689946645928,0.0,0.0703,0.0712,0.0803,cpu_hog_checkoutservice_2
2026-10-04T05:05:40,checkoutservice,6.546875,0.0012323470802287281,0.0,0.0703,0.0712,0.0803,cpu_hog_checkoutservice_2
2026-10-04T05:05:46,redis-cart,6.18359375,0.004342787908913137,0.0,0.0984,0.0406,0.1599,cpu_hog_checkoutservice_2
2026-10-04T05:05:46,paymentservice,36.92578125,0.0010875095167308482,0.0,0.0984,0.0406,0.1599,cpu_hog_checkoutservice_2
2026-10-04T05:05:46,currencyservice,41.33984375,0.029573604177164193,0.0,0.0984,0.0406,0.1599,cpu_hog_checkoutservice_2
2026-10-04T05:05:46,productcatalogservice,13.58984375,0.01674030189816905,0.0,0.0984,0.0406,0.1599,cpu_hog_checkoutservice_2
2026-10-04T05:05:46,adservice,112.51171875,0.004205425017304518,0.0,0.0984,0.0406,0.1599,cpu_hog_checkoutservice_2
2026-10-04T05:05:46,recommendationservice,33.62109375,0.013545660000856429,4.0,0.0984,0.0406,0.1599,cpu_hog_checkoutservice_2
2026-10-04T05:05:46,emailservice,36.7421875,0.00508836384188214,0.0,0.0984,0.0406,0.1599,cpu_hog_checkoutservice_2
2026-10-04T05:05:46,shippingservice,12.15234375,0.002865064919305867,0.0,0.0984,0.0406,0.1599,cpu_hog_checkoutservice_2
2026-10-04T05:05:46,frontend,16.12109375,0.04485755141906143,0.0,0.0984,0.0406,0.1599,cpu_hog_checkoutservice_2
2026-10-04T05:05:46,loadgenerator,89.5078125,0.005428483107471424,0.0,0.0984,0.0406,0.1599,cpu_hog_checkoutservice_2
2026-10-04T05:05:46,cartservice,49.6015625,0.01321828816776086,0.0,0.0984,0.0406,0.1599,cpu_hog_checkoutservice_2
2026-10-04T05:05:46,checkoutservice,6.546875,0.0015041707483599022,0.0,0.0984,0.0406,0.1599,cpu_hog_checkoutservice_2
2026-10-04T05:05:51,redis-cart,5.93359375,0.004366744401928609,0.0,0.0629,0.0543,0.0347,cpu_hog_checkoutservice_2
2026-10-04T05:05:51,paymentservice,35.73046875,0.0011832520971486525,0.0,0.0629,0.0543,0.0347,cpu_hog_checkoutservice_2
2026-10-04T05:05:51,currencyservice,41.33984375,0.02503303087439125,0.0,0.0629,0.0543,0.0347,cpu_hog_checkoutservice_2
2026-10-04T05:05:51,productcatalogservice,13.5546875,0.021433834432101968,0.0,0.0629,0.0543,0.0347,cpu_hog_checkoutservice_2
2026-10-04T05:05:51,adservice,112.51171875,0.003953515138930145,0.0,0.0629,0.0543,0.0347,cpu_hog_checkoutservice_2
2026-10-04T05:05:51,recommendationservice,32.84765625,0.020329865887210818,4.0,0.0629,0.0543,0.0347,cpu_hog_checkoutservice_2
2026-10-04T05:05:51,emailservice,37.25390625,0.006013038108680494,0.0,0.0629,0.0543,0.0347,cpu_hog_checkoutservice_2
2026-10-04T05:05:51,shippingservice,12.15234375,0.002448365102333823,0.0,0.0629,0.0543,0.0347,cpu_hog_checkoutservice_2
2026-10-04T05:05:51,frontend,16.12109375,0.040318798648223686,0.0,0.0629,0.0543,0.0347,cpu_hog_checkoutservice_2
2026-10-04T05:05:51,loadgenerator,89.2734375,0.007596126998424455,0.0,0.0629,0.0543,0.0347,cpu_hog_checkoutservice_2
2026-10-04T05:05:51,cartservice,50.58203125,0.013052751405869405,0.0,0.0629,0.0543,0.0347,cpu_hog_checkoutservice_2
2026-10-04T05:05:51,checkoutservice,6.3359375,0.0013997170070325876,0.0,0.0629,0.0543,0.0347,cpu_hog_checkoutservice_2
