time,service,memory_mb,cpu_cores,restarts,latency_s,latency_product_s,latency_cart_s,label
2026-10-03T00:01:20,loadgenerator,65.28515625,0.0065655803361968955,0.0,0.2612,0.1113,0.0853,net_delay_paymentservice_2
2026-10-03T00:01:20,redis-cart,6.6484375,0.00431066741133797,0.0,0.2612,0.1113,0.0853,net_delay_paymentservice_2
2026-10-03T00:01:20,shippingservice,12.08203125,0.002471230419182626,0.0,0.2612,0.1113,0.0853,net_delay_paymentservice_2
2026-10-03T00:01:20,emailservice,36.99609375,0.007289201167896544,0.0,0.2612,0.1113,0.0853,net_delay_paymentservice_2
2026-10-03T00:01:20,productcatalogservice,14.50390625,0.01650717335982621,0.0,0.2612,0.1113,0.0853,net_delay_paymentservice_2
2026-10-03T00:01:20,frontend,15.26171875,0.04096311852704426,0.0,0.2612,0.1113,0.0853,net_delay_paymentservice_2
2026-10-03T00:01:20,checkoutservice,12.8359375,0.002135811888742493,0.0,0.2612,0.1113,0.0853,net_delay_paymentservice_2
2026-10-03T00:01:20,paymentservice,44.7578125,0.0008786535944710729,0.0,0.2612,0.1113,0.0853,net_delay_paymentservice_2
2026-10-03T00:01:20,currencyservice,38.65625,0.01993569670739989,0.0,0.2612,0.1113,0.0853,net_delay_paymentservice_2
2026-10-03T00:01:20,recommendationservice,32.47265625,0.015286446167084827,4.0,0.2612,0.1113,0.0853,net_delay_paymentservice_2
2026-10-03T00:01:20,adservice,98.7734375,0.004900863815719283,0.0,0.2612,0.1113,0.0853,net_delay_paymentservice_2
2026-10-03T00:01:20,cartservice,54.66796875,0.0100191149040384,0.0,0.2612,0.1113,0.0853,net_delay_paymentservice_2
2026-10-03T00:01:25,loadgenerator,65.28515625,0.005875460367192297,0.0,0.0544,0.0416,0.0638,net_delay_paymentservice_2
2026-10-03T00:01:25,redis-cart,6.6484375,0.00431066741133797,0.0,0.0544,0.0416,0.0638,net_delay_paymentservice_2
2026-10-03T00:01:25,shippingservice,12.08203125,0.002471230419182626,0.0,0.0544,0.0416,0.0638,net_delay_paymentservice_2
2026-10-03T00:01:25,emailservice,36.99609375,0.006592366104429404,0.0,0.0544,0.0416,0.0638,net_delay_paymentservice_2
2026-10-03T00:01:25,productcatalogservice,14.50390625,0.014718096789560658,0.0,0.0544,0.0416,0.0638,net_delay_paymentservice_2
2026-10-03T00:01:25,frontend,15.26171875,0.03254929398158938,0.0,0.0544,0.0416,0.0638,net_delay_paymentservice_2
2026-10-03T00:01:25,checkoutservice,12.8359375,0.002135811888742493,0.0,0.0544,0.0416,0.0638,net_delay_paymentservice_2
2026-10-03T00:01:25,paymentservice,44.7578125,0.0008056605555212677,0.0,0.0544,0.0416,0.0638,net_delay_paymentservice_2
2026-10-03T00:01:25,currencyservice,38.65625,0.020750700815494214,0.0,0.0544,0.0416,0.0638,net_delay_paymentservice_2
2026-10-03T00:01:25,recommendationservice,32.47265625,0.013079938596444893,4.0,0.0544,0.0416,0.0638,net_delay_paymentservice_2
2026-10-03T00:01:25,adservice,98.7734375,0.004900863815719283,0.0,0.0544,0.0416,0.0638,net_delay_paymentservice_2
2026-10-03T00:01:25,cartservice,54.66796875,0.008923610355857672,0.0,0.0544,0.0416,0.0638,net_delay_paymentservice_2
2026-10-03T00:01:30,loadgenerator,65.34765625,0.007848161637182898,0.0,0.0479,0.0261,0.0593,net_delay_paymentservice_2
2026-10-03T00:01:30,redis-cart,6.15234375,0.004186624241008859,0.0,0.0479,0.0261,0.0593,net_delay_paymentservice_2
2026-10-03T00:01:30,shippingservice,12.08203125,0.002743695658453353,0.0,0.0479,0.0261,0.0593,net_delay_paymentservice_2
2026-10-03T00:01:30,emailservice,36.99609375,0.0051971467548111265,0.0,0.0479,0.0261,0.0593,net_delay_paymentservice_2
2026-10-03T00:01:30,productcatalogservice,14.0625,0.01988617617265813,0.0,0.0479,0.0261,0.0593,net_delay_paymentservice_2
2026-10-03T00:01:30,frontend,14.27734375,0.04293808441558469,0.0,0.0479,0.0261,0.0593,net_delay_paymentservice_2
2026-10-03T00:01:30,checkoutservice,12.8359375,0.0017625229826949505,0.0,0.0479,0.0261,0.0593,net_delay_paymentservice_2
2026-10-03T00:01:30,paymentservice,44.77734375,0.001271185327847323,0.0,0.0479,0.0261,0.0593,net_delay_paymentservice_2
2026-10-03T00:01:30,currencyservice,39.41015625,0.02208658313698715,0.0,0.0479,0.0261,0.0593,net_delay_paymentservice_2
2026-10-03T00:01:30,recommendationservice,32.28515625,0.017286301070570335,4.0,0.0479,0.0261,0.0593,net_delay_paymentservice_2
2026-10-03T00:01:30,adservice,98.7734375,0.0035165749999999107,0.0,0.0479,0.0261,0.0593,net_delay_paymentservice_2
2026-10-03T00:01:30,cartservice,54.79296875,0.011795046279872285,0.0,0.0479,0.0261,0.0593,net_delay_paymentservice_2
2026-10-03T00:01:36,loadgenerator,65.34765625,0.0079583223770704,0.0,0.0973,0.0545,0.0506,net_delay_paymentservice_2
2026-10-03T00:01:36,redis-cart,6.15234375,0.004186624241008859,0.0,0.0973,0.0545,0.0506,net_delay_paymentservice_2
2026-10-03T00:01:36,shippingservice,12.08203125,0.0023703900339406914,0.0,0.0973,0.0545,0.0506,net_delay_paymentservice_2
2026-10-03T00:01:36,emailservice,36.9921875,0.005823532958199558,0.0,0.0973,0.0545,0.0506,net_delay_paymentservice_2
2026-10-03T00:01:36,productcatalogservice,14.0625,0.01979814223512377,0.0,0.0973,0.0545,0.0506,net_delay_paymentservice_2
2026-10-03T00:01:36,frontend,14.84765625,0.040692636633890056,0.0,0.0973,0.0545,0.0506,net_delay_paymentservice_2
2026-10-03T00:01:36,checkoutservice,12.8359375,0.0017678451759641364,0.0,0.0973,0.0545,0.0506,net_delay_paymentservice_2
2026-10-03T00:01:36,paymentservice,44.77734375,0.0010919799762540467,0.0,0.0973,0.0545,0.0506,net_delay_paymentservice_2
2026-10-03T00:01:36,currencyservice,39.41015625,0.02208658313698715,0.0,0.0973,0.0545,0.0506,net_delay_paymentservice_2
2026-10-03T00:01:36,recommendationservice,32.7265625,0.016499967077105483,4.0,0.0973,0.0545,0.0506,net_delay_paymentservice_2
2026-10-03T00:01:36,adservice,98.515625,0.00488644855336277,0.0,0.0973,0.0545,0.0506,net_delay_paymentservice_2
2026-10-03T00:01:36,cartservice,54.79296875,0.009697444737075499,0.0,0.0973,0.0545,0.0506,net_delay_paymentservice_2
2026-10-03T00:01:41,loadgenerator,65.34765625,0.006143559597685778,0.0,0.148,0.0548,0.0684,net_delay_paymentservice_2
2026-10-03T00:01:41,redis-cart,6.15234375,0.003446219743986442,0.0,0.148,0.0548,0.0684,net_delay_paymentservice_2
2026-10-03T00:01:41,shippingservice,12.08203125,0.002058632864501959,0.0,0.148,0.0548,0.0684,net_delay_paymentservice_2
2026-10-03T00:01:41,emailservice,36.9921875,0.005610297633277903,0.0,0.148,0.0548,0.0684,net_delay_paymentservice_2
2026-10-03T00:01:41,productcatalogservice,14.0625,0.01586870595500758,0.0,0.148,0.0548,0.0684,net_delay_paymentservice_2
2026-10-03T00:01:41,frontend,14.84765625,0.040692636633890056,0.0,0.148,0.0548,0.0684,net_delay_paymentservice_2
2026-10-03T00:01:41,checkoutservice,12.8359375,0.002055379382591636,0.0,0.148,0.0548,0.0684,net_delay_paymentservice_2
2026-10-03T00:01:41,paymentservice,44.77734375,0.001092802394675487,0.0,0.148,0.0548,0.0684,net_delay_paymentservice_2
2026-10-03T00:01:41,currencyservice,39.41015625,0.01365470000000002,0.0,0.148,0.0548,0.0684,net_delay_paymentservice_2
2026-10-03T00:01:41,recommendationservice,32.7265625,0.016499967077105483,4.0,0.148,0.0548,0.0684,net_delay_paymentservice_2
2026-10-03T00:01:41,adservice,98.515625,0.00488644855336277,0.0,0.148,0.0548,0.0684,net_delay_paymentservice_2
2026-10-03T00:01:41,cartservice,54.79296875,0.008641001758608269,0.0,0.148,0.0548,0.0684,net_delay_paymentservice_2
2026-10-03T00:01:46,loadgenerator,65.546875,0.007007151734513753,0.0,0.1383,0.0633,0.0853,net_delay_paymentservice_2
2026-10-03T00:01:46,redis-cart,6.15234375,0.003857291265871493,0.0,0.1383,0.0633,0.0853,net_delay_paymentservice_2
2026-10-03T00:01:46,shippingservice,12.08203125,0.002058632864501959,0.0,0.1383,0.0633,0.0853,net_delay_paymentservice_2
2026-10-03T00:01:46,emailservice,37.234375,0.005209580964413978,0.0,0.1383,0.0633,0.0853,net_delay_paymentservice_2
2026-10-03T00:01:46,productcatalogservice,13.7890625,0.016947679627306048,0.0,0.1383,0.0633,0.0853,net_delay_paymentservice_2
2026-10-03T00:01:46,frontend,14.37109375,0.03854964465245273,0.0,0.1383,0.0633,0.0853,net_delay_paymentservice_2
2026-10-03T00:01:46,checkoutservice,12.8359375,0.002159475008676157,0.0,0.1383,0.0633,0.0853,net_delay_paymentservice_2
2026-10-03T00:01:46,paymentservice,44.75,0.0011719581132425229,0.0,0.1383,0.0633,0.0853,net_delay_paymentservice_2
2026-10-03T00:01:46,currencyservice,38.94921875,0.018775333662877012,0.0,0.1383,0.0633,0.0853,net_delay_paymentservice_2
2026-10-03T00:01:46,recommendationservice,32.7265625,0.016499967077105483,4.0,0.1383,0.0633,0.0853,net_delay_paymentservice_2
2026-10-03T00:01:46,adservice,98.515625,0.0034343500000000304,0.0,0.1383,0.0633,0.0853,net_delay_paymentservice_2
2026-10-03T00:01:46,cartservice,53.80078125,0.0098511138134984,0.0,0.1383,0.0633,0.0853,net_delay_paymentservice_2
2026-10-03T00:01:52,loadgenerator,65.546875,0.006522519762239694,0.0,0.0887,0.0375,0.034,net_delay_paymentservice_2
2026-10-03T00:01:52,redis-cart,6.15234375,0.0034464643444457673,0.0,0.0887,0.0375,0.034,net_delay_paymentservice_2
2026-10-03T00:01:52,shippingservice,12.08203125,0.0016817829633810045,0.0,0.0887,0.0375,0.034,net_delay_paymentservice_2
2026-10-03T00:01:52,emailservice,37.234375,0.005209580964413978,0.0,0.0887,0.0375,0.034,net_delay_paymentservice_2
2026-10-03T00:01:52,productcatalogservice,13.7890625,0.016947679627306048,0.0,0.0887,0.0375,0.034,net_delay_paymentservice_2
2026-10-03T00:01:52,frontend,14.37109375,0.03593644193644057,0.0,0.0887,0.0375,0.034,net_delay_paymentservice_2
2026-10-03T00:01:52,checkoutservice,12.8359375,0.0019358794710327225,0.0,0.0887,0.0375,0.034,net_delay_paymentservice_2
2026-10-03T00:01:52,paymentservice,44.75,0.001278747007917483,0.0,0.0887,0.0375,0.034,net_delay_paymentservice_2
2026-10-03T00:01:52,currencyservice,38.94921875,0.018775333662877012,0.0,0.0887,0.0375,0.034,net_delay_paymentservice_2
2026-10-03T00:01:52,recommendationservice,32.7265625,0.012268708727631264,4.0,0.0887,0.0375,0.034,net_delay_paymentservice_2
2026-10-03T00:01:52,adservice,98.515625,0.0037529823092262347,0.0,0.0887,0.0375,0.034,net_delay_paymentservice_2
2026-10-03T00:01:52,cartservice,53.80078125,0.009851113813498402,0.0,0.0887,0.0375,0.034,net_delay_paymentservice_2
2026-10-03T00:01:57,loadgenerator,65.30859375,0.006381753549716235,0.0,0.0749,0.0474,0.0513,net_delay_paymentservice_2
2026-10-03T00:01:57,redis-cart,6.15234375,0.0034464643444457673,0.0,0.0749,0.0474,0.0513,net_delay_paymentservice_2
2026-10-03T00:01:57,shippingservice,11.83203125,0.0021136188918018006,0.0,0.0749,0.0474,0.0513,net_delay_paymentservice_2
2026-10-03T00:01:57,emailservice,37.234375,0.004503791441335236,0.0,0.0749,0.0474,0.0513,net_delay_paymentservice_2
2026-10-03T00:01:57,productcatalogservice,14.04296875,0.015944374576762472,0.0,0.0749,0.0474,0.0513,net_delay_paymentservice_2
2026-10-03T00:01:57,frontend,14.37109375,0.03593644193644057,0.0,0.0749,0.0474,0.0513,net_delay_paymentservice_2
2026-10-03T00:01:57,checkoutservice,13.0859375,0.0022084127054445486,0.0,0.0749,0.0474,0.0513,net_delay_paymentservice_2
2026-10-03T00:01:57,paymentservice,44.75,0.0011244399842299674,0.0,0.0749,0.0474,0.0513,net_delay_paymentservice_2
2026-10-03T00:01:57,currencyservice,38.94921875,0.018775333662877012,0.0,0.0749,0.0474,0.0513,net_delay_paymentservice_2
2026-10-03T00:01:57,recommendationservice,32.46484375,0.01482577301704321,4.0,0.0749,0.0474,0.0513,net_delay_paymentservice_2
2026-10-03T00:01:57,adservice,98.5234375,0.00471757799010006,0.0,0.0749,0.0474,0.0513,net_delay_paymentservice_2
2026-10-03T00:01:57,cartservice,55.35546875,0.009655851842934236,0.0,0.0749,0.0474,0.0513,net_delay_paymentservice_2
2026-10-03T00:02:02,loadgenerator,65.30859375,0.006381753549716235,0.0,0.1149,0.1102,0.0929,net_delay_paymentservice_2
2026-10-03T00:02:02,redis-cart,6.15234375,0.0026205909656398484,0.0,0.1149,0.1102,0.0929,net_delay_paymentservice_2
2026-10-03T00:02:02,shippingservice,11.83203125,0.00192786541096883,0.0,0.1149,0.1102,0.0929,net_delay_paymentservice_2
2026-10-03T00:02:02,emailservice,37.234375,0.004503791441335236,0.0,0.1149,0.1102,0.0929,net_delay_paymentservice_2
2026-10-03T00:02:02,productcatalogservice,14.04296875,0.011703951798627413,0.0,0.1149,0.1102,0.0929,net_delay_paymentservice_2
2026-10-03T00:02:02,frontend,14.37109375,0.029304371577070474,0.0,0.1149,0.1102,0.0929,net_delay_paymentservice_2
2026-10-03T00:02:02,checkoutservice,13.0859375,0.0013046273255125458,0.0,0.1149,0.1102,0.0929,net_delay_paymentservice_2
2026-10-03T00:02:02,paymentservice,44.75,0.0010499703732964939,0.0,0.1149,0.1102,0.0929,net_delay_paymentservice_2
2026-10-03T00:02:02,currencyservice,38.94921875,0.01604540194019578,0.0,0.1149,0.1102,0.0929,net_delay_paymentservice_2
2026-10-03T00:02:02,recommendationservice,32.46484375,0.01482577301704321,4.0,0.1149,0.1102,0.0929,net_delay_paymentservice_2
2026-10-03T00:02:02,adservice,98.5234375,0.003589478526161869,0.0,0.1149,0.1102,0.0929,net_delay_paymentservice_2
2026-10-03T00:02:02,cartservice,55.35546875,0.008883783045497287,0.0,0.1149,0.1102,0.0929,net_delay_paymentservice_2
2026-10-03T00:02:08,loadgenerator,64.80859375,0.005812734768666881,0.0,0.1057,0.0432,0.0592,net_delay_paymentservice_2
2026-10-03T00:02:08,redis-cart,6.40625,0.0031993094957714157,0.0,0.1057,0.0432,0.0592,net_delay_paymentservice_2
2026-10-03T00:02:08,shippingservice,12.078125,0.002039321590049028,0.0,0.1057,0.0432,0.0592,net_delay_paymentservice_2
2026-10-03T00:02:08,emailservice,36.98828125,0.004439410213845588,0.0,0.1057,0.0432,0.0592,net_delay_paymentservice_2
2026-10-03T00:02:08,productcatalogservice,14.04296875,0.014083118656692383,0.0,0.1057,0.0432,0.0592,net_delay_paymentservice_2
2026-10-03T00:02:08,frontend,14.1953125,0.03412388525564857,0.0,0.1057,0.0432,0.0592,net_delay_paymentservice_2
2026-10-03T00:02:08,checkoutservice,12.8359375,0.0009921831379118133,0.0,0.1057,0.0432,0.0592,net_delay_paymentservice_2
2026-10-03T00:02:08,paymentservice,44.75,0.0010499703732964939,0.0,0.1057,0.0432,0.0592,net_delay_paymentservice_2
2026-10-03T00:02:08,currencyservice,39.48828125,0.019790746216733428,0.0,0.1057,0.0432,0.0592,net_delay_paymentservice_2
2026-10-03T00:02:08,recommendationservice,32.46484375,0.01093787067109116,4.0,0.1057,0.0432,0.0592,net_delay_paymentservice_2
2026-10-03T00:02:08,adservice,98.03125,0.004345231710466243,0.0,0.1057,0.0432,0.0592,net_delay_paymentservice_2
2026-10-03T00:02:08,cartservice,54.83984375,0.009131015981473435,0.0,0.1057,0.0432,0.0592,net_delay_paymentservice_2
2026-10-03T00:02:13,loadgenerator,64.80859375,0.00581273476866688,0.0,0.0793,0.0511,0.0658,net_delay_paymentservice_2
2026-10-03T00:02:13,redis-cart,6.40625,0.0031993094957714152,0.0,0.0793,0.0511,0.0658,net_delay_paymentservice_2
2026-10-03T00:02:13,shippingservice,12.078125,0.002039321590049028,0.0,0.0793,0.0511,0.0658,net_delay_paymentservice_2
2026-10-03T00:02:13,emailservice,36.98828125,0.0036063760450374674,0.0,0.0793,0.0511,0.0658,net_delay_paymentservice_2
2026-10-03T00:02:13,productcatalogservice,14.04296875,0.011235453384648117,0.0,0.0793,0.0511,0.0658,net_delay_paymentservice_2
2026-10-03T00:02:13,frontend,14.1953125,0.02946142506688513,0.0,0.0793,0.0511,0.0658,net_delay_paymentservice_2
2026-10-03T00:02:13,checkoutservice,12.8359375,0.000782942093731943,0.0,0.0793,0.0511,0.0658,net_delay_paymentservice_2
2026-10-03T00:02:13,paymentservice,44.75,0.0005575914417133722,0.0,0.0793,0.0511,0.0658,net_delay_paymentservice_2
2026-10-03T00:02:13,currencyservice,39.48828125,0.017825583244962924,0.0,0.0793,0.0511,0.0658,net_delay_paymentservice_2
2026-10-03T00:02:13,recommendationservice,32.46484375,0.009753913216640384,4.0,0.0793,0.0511,0.0658,net_delay_paymentservice_2
2026-10-03T00:02:13,adservice,98.03125,0.004345231710466242,0.0,0.0793,0.0511,0.0658,net_delay_paymentservice_2
2026-10-03T00:02:13,cartservice,54.83984375,0.009131015981473435,0.0,0.0793,0.0511,0.0658,net_delay_paymentservice_2
2026-10-03T00:02:18,loadgenerator,64.80859375,0.005812734768666881,0.0,0.0774,0.0393,0.036,net_delay_paymentservice_2
2026-10-03T00:02:18,redis-cart,6.65234375,0.0034316537841524285,0.0,0.0774,0.0393,0.036,net_delay_paymentservice_2
2026-10-03T00:02:18,shippingservice,12.078125,0.0022644429272734787,0.0,0.0774,0.0393,0.036,net_delay_paymentservice_2
2026-10-03T00:02:18,emailservice,36.98828125,0.004285673086165966,0.0,0.0774,0.0393,0.036,net_delay_paymentservice_2
2026-10-03T00:02:18,productcatalogservice,14.80859375,0.014843404255319076,0.0,0.0774,0.0393,0.036,net_delay_paymentservice_2
2026-10-03T00:02:18,frontend,14.140625,0.0367118258363039,0.0,0.0774,0.0393,0.036,net_delay_paymentservice_2
2026-10-03T00:02:18,checkoutservice,12.8359375,0.0007602402703634654,0.0,0.0774,0.0393,0.036,net_delay_paymentservice_2
2026-10-03T00:02:18,paymentservice,44.765625,0.0007302470180187621,0.0,0.0774,0.0393,0.036,net_delay_paymentservice_2
2026-10-03T00:02:18,currencyservice,39.48828125,0.017825583244962924,0.0,0.0774,0.0393,0.036,net_delay_paymentservice_2
2026-10-03T00:02:18,recommendationservice,32.46484375,0.014554981518817192,4.0,0.0774,0.0393,0.036,net_delay_paymentservice_2
2026-10-03T00:02:18,adservice,98.03125,0.004217331126007438,0.0,0.0774,0.0393,0.036,net_delay_paymentservice_2
2026-10-03T00:02:18,cartservice,54.83984375,0.005758550000000052,0.0,0.0774,0.0393,0.036,net_delay_paymentservice_2
2026-10-03T00:02:23,loadgenerator,64.80859375,0.004861113081127016,0.0,0.063,0.0153,0.0185,net_delay_paymentservice_2
2026-10-03T00:02:23,redis-cart,6.65234375,0.0035535516274215217,0.0,0.063,0.0153,0.0185,net_delay_paymentservice_2
2026-10-03T00:02:23,shippingservice,12.078125,0.001780144631381727,0.0,0.063,0.0153,0.0185,net_delay_paymentservice_2
2026-10-03T00:02:23,emailservice,36.98828125,0.0032812363135670095,0.0,0.063,0.0153,0.0185,net_delay_paymentservice_2
2026-10-03T00:02:23,productcatalogservice,14.80859375,0.009275100000000694,0.0,0.063,0.0153,0.0185,net_delay_paymentservice_2
2026-10-03T00:02:23,frontend,14.140625,0.0367118258363039,0.0,0.063,0.0153,0.0185,net_delay_paymentservice_2
2026-10-03T00:02:23,checkoutservice,12.8359375,0.0006806059260865831,0.0,0.063,0.0153,0.0185,net_delay_paymentservice_2
2026-10-03T00:02:23,paymentservice,44.765625,0.0005830783345527857,0.0,0.063,0.0153,0.0185,net_delay_paymentservice_2
2026-10-03T00:02:23,currencyservice,39.48828125,0.014337116603923679,0.0,0.063,0.0153,0.0185,net_delay_paymentservice_2
2026-10-03T00:02:23,recommendationservice,32.46484375,0.015385575668161074,4.0,0.063,0.0153,0.0185,net_delay_paymentservice_2
2026-10-03T00:02:23,adservice,98.03125,0.004217331126007438,0.0,0.063,0.0153,0.0185,net_delay_paymentservice_2
2026-10-03T00:02:23,cartservice,54.83984375,0.006886324243514431,0.0,0.063,0.0153,0.0185,net_delay_paymentservice_2
2026-10-03T00:02:28,loadgenerator,65.33203125,0.00686268606081216,0.0,0.0492,0.0516,0.1476,net_delay_paymentservice_2
2026-10-03T00:02:28,redis-cart,6.40234375,0.00359853435848187,0.0,0.0492,0.0516,0.1476,net_delay_paymentservice_2
2026-10-03T00:02:28,shippingservice,11.828125,0.0023272154036708226,0.0,0.0492,0.0516,0.1476,net_delay_paymentservice_2
2026-10-03T00:02:28,emailservice,36.9921875,0.004866345311130844,0.0,0.0492,0.0516,0.1476,net_delay_paymentservice_2
2026-10-03T00:02:28,productcatalogservice,14.26171875,0.017460085514261228,0.0,0.0492,0.0516,0.1476,net_delay_paymentservice_2
2026-10-03T00:02:28,frontend,14.46875,0.03651488697462078,0.0,0.0492,0.0516,0.1476,net_delay_paymentservice_2
2026-10-03T00:02:28,checkoutservice,12.8359375,0.002131528085772985,0.0,0.0492,0.0516,0.1476,net_delay_paymentservice_2
2026-10-03T00:02:28,paymentservice,46.6484375,0.0009149994244273378,0.0,0.0492,0.0516,0.1476,net_delay_paymentservice_2
2026-10-03T00:02:28,currencyservice,38.6171875,0.019943812890943685,0.0,0.0492,0.0516,0.1476,net_delay_paymentservice_2
2026-10-03T00:02:28,recommendationservice,32.46484375,0.01240500502184657,4.0,0.0492,0.0516,0.1476,net_delay_paymentservice_2
2026-10-03T00:02:28,adservice,98.046875,0.0047308687495958264,0.0,0.0492,0.0516,0.1476,net_delay_paymentservice_2
2026-10-03T00:02:28,cartservice,54.6640625,0.01075392631912149,0.0,0.0492,0.0516,0.1476,net_delay_paymentservice_2
2026-10-03T00:02:34,loadgenerator,65.33203125,0.00686268606081216,0.0,0.0944,0.0379,0.0638,net_delay_paymentservice_2
2026-10-03T00:02:34,redis-cart,6.40234375,0.00359853435848187,0.0,0.0944,0.0379,0.0638,net_delay_paymentservice_2
2026-10-03T00:02:34,shippingservice,11.828125,0.001969063114638136,0.0,0.0944,0.0379,0.0638,net_delay_paymentservice_2
2026-10-03T00:02:34,emailservice,36.9921875,0.004271881518736522,0.0,0.0944,0.0379,0.0638,net_delay_paymentservice_2
2026-10-03T00:02:34,productcatalogservice,14.26171875,0.017460085514261228,0.0,0.0944,0.0379,0.0638,net_delay_paymentservice_2
2026-10-03T00:02:34,frontend,14.46875,0.038236640215129084,0.0,0.0944,0.0379,0.0638,net_delay_paymentservice_2
2026-10-03T00:02:34,checkoutservice,12.8359375,0.002394233615534871,0.0,0.0944,0.0379,0.0638,net_delay_paymentservice_2
2026-10-03T00:02:34,paymentservice,46.6484375,0.0009149994244273378,0.0,0.0944,0.0379,0.0638,net_delay_paymentservice_2
2026-10-03T00:02:34,currencyservice,38.6171875,0.019943812890943685,0.0,0.0944,0.0379,0.0638,net_delay_paymentservice_2
2026-10-03T00:02:34,recommendationservice,32.46484375,0.011888612868553462,4.0,0.0944,0.0379,0.0638,net_delay_paymentservice_2
2026-10-03T00:02:34,adservice,98.046875,0.003943612765756835,0.0,0.0944,0.0379,0.0638,net_delay_paymentservice_2
2026-10-03T00:02:34,cartservice,54.6640625,0.009060332283947621,0.0,0.0944,0.0379,0.0638,net_delay_paymentservice_2
2026-10-03T00:02:39,loadgenerator,65.33203125,0.006166787007522031,0.0,0.069,0.0742,0.0312,net_delay_paymentservice_2
2026-10-03T00:02:39,redis-cart,6.40234375,0.002940582334748554,0.0,0.069,0.0742,0.0312,net_delay_paymentservice_2
2026-10-03T00:02:39,shippingservice,12.3203125,0.002444569163164095,0.0,0.069,0.0742,0.0312,net_delay_paymentservice_2
2026-10-03T00:02:39,emailservice,37.23828125,0.005386732466546173,0.0,0.069,0.0742,0.0312,net_delay_paymentservice_2
2026-10-03T00:02:39,productcatalogservice,14.26171875,0.014743393208717257,0.0,0.069,0.0742,0.0312,net_delay_paymentservice_2
2026-10-03T00:02:39,frontend,14.46875,0.031645811783825174,0.0,0.069,0.0742,0.0312,net_delay_paymentservice_2
2026-10-03T00:02:39,checkoutservice,13.078125,0.0025288821043781694,0.0,0.069,0.0742,0.0312,net_delay_paymentservice_2
2026-10-03T00:02:39,paymentservice,46.6484375,0.0009149994244273378,0.0,0.069,0.0742,0.0312,net_delay_paymentservice_2
2026-10-03T00:02:39,currencyservice,38.484375,0.019321428571428573,0.0,0.069,0.0742,0.0312,net_delay_paymentservice_2
2026-10-03T00:02:39,recommendationservice,32.484375,0.01715856430082806,4.0,0.069,0.0742,0.0312,net_delay_paymentservice_2
2026-10-03T00:02:39,adservice,98.0546875,0.004950105609012102,0.0,0.069,0.0742,0.0312,net_delay_paymentservice_2
2026-10-03T00:02:39,cartservice,54.6640625,0.0087345495403473,0.0,0.069,0.0742,0.0312,net_delay_paymentservice_2
2026-10-03T00:02:44,loadgenerator,65.33203125,0.005526189048967214,0.0,0.0569,0.0515,0.0856,net_delay_paymentservice_2
2026-10-03T00:02:44,redis-cart,6.40234375,0.0021829250000003244,0.0,0.0569,0.0515,0.0856,net_delay_paymentservice_2
2026-10-03T00:02:44,shippingservice,12.3203125,0.002444569163164095,0.0,0.0569,0.0515,0.0856,net_delay_paymentservice_2
2026-10-03T00:02:44,emailservice,37.23828125,0.0038239250000003723,0.0,0.0569,0.0515,0.0856,net_delay_paymentservice_2
2026-10-03T00:02:44,productcatalogservice,14.26171875,0.014807603882285879,0.0,0.0569,0.0515,0.0856,net_delay_paymentservice_2
2026-10-03T00:02:44,frontend,14.46875,0.028282261999567654,0.0,0.0569,0.0515,0.0856,net_delay_paymentservice_2
2026-10-03T00:02:44,checkoutservice,13.078125,0.0025288821043781694,0.0,0.0569,0.0515,0.0856,net_delay_paymentservice_2
2026-10-03T00:02:44,paymentservice,46.6484375,0.0008424388291882392,0.0,0.0569,0.0515,0.0856,net_delay_paymentservice_2
2026-10-03T00:02:44,currencyservice,38.484375,0.015876530803232324,0.0,0.0569,0.0515,0.0856,net_delay_paymentservice_2
2026-10-03T00:02:44,recommendationservice,32.484375,0.01715856430082806,4.0,0.0569,0.0515,0.0856,net_delay_paymentservice_2
2026-10-03T00:02:44,adservice,98.0546875,0.004173159033090936,0.0,0.0569,0.0515,0.0856,net_delay_paymentservice_2
2026-10-03T00:02:44,cartservice,54.6640625,0.007717766292134838,0.0,0.0569,0.0515,0.0856,net_delay_paymentservice_2
2026-10-03T00:02:50,loadgenerator,65.1171875,0.007505085681523483,0.0,0.0639,0.0338,0.025,net_delay_paymentservice_2
2026-10-03T00:02:50,redis-cart,6.3984375,0.004221228324421955,0.0,0.0639,0.0338,0.025,net_delay_paymentservice_2
2026-10-03T00:02:50,shippingservice,12.3203125,0.0019881919393550315,0.0,0.0639,0.0338,0.025,net_delay_paymentservice_2
2026-10-03T00:02:50,emailservice,36.74609375,0.006205244034174279,0.0,0.0639,0.0338,0.025,net_delay_paymentservice_2
2026-10-03T00:02:50,productcatalogservice,13.78125,0.017627959272909714,0.0,0.0639,0.0338,0.025,net_delay_paymentservice_2
2026-10-03T00:02:50,frontend,14.4765625,0.033178990044121,0.0,0.0639,0.0338,0.025,net_delay_paymentservice_2
2026-10-03T00:02:50,checkoutservice,12.83203125,0.0030534326349736175,0.0,0.0639,0.0338,0.025,net_delay_paymentservice_2
2026-10-03T00:02:50,paymentservice,45.00390625,0.0010591302919558238,0.0,0.0639,0.0338,0.025,net_delay_paymentservice_2
2026-10-03T00:02:50,currencyservice,39.48828125,0.019494940978077427,0.0,0.0639,0.0338,0.025,net_delay_paymentservice_2
2026-10-03T00:02:50,recommendationservice,32.4765625,0.014256024792300249,4.0,0.0639,0.0338,0.025,net_delay_paymentservice_2
2026-10-03T00:02:50,adservice,98.79296875,0.004099903473142604,0.0,0.0639,0.0338,0.025,net_delay_paymentservice_2
2026-10-03T00:02:50,cartservice,55.5,0.012070988584966661,0.0,0.0639,0.0338,0.025,net_delay_paymentservice_2
2026-10-03T00:02:55,loadgenerator,65.1171875,0.007888739683872575,0.0,0.0579,0.0248,0.0347,net_delay_paymentservice_2
2026-10-03T00:02:55,redis-cart,6.3984375,0.0036000980277517327,0.0,0.0579,0.0248,0.0347,net_delay_paymentservice_2
2026-10-03T00:02:55,shippingservice,12.3203125,0.0017709628994136658,0.0,0.0579,0.0248,0.0347,net_delay_paymentservice_2
2026-10-03T00:02:55,emailservice,36.74609375,0.006205244034174279,0.0,0.0579,0.0248,0.0347,net_delay_paymentservice_2
2026-10-03T00:02:55,productcatalogservice,13.78125,0.017912237330037373,0.0,0.0579,0.0248,0.0347,net_delay_paymentservice_2
2026-10-03T00:02:55,frontend,14.4765625,0.029873919232029207,0.0,0.0579,0.0248,0.0347,net_delay_paymentservice_2
2026-10-03T00:02:55,checkoutservice,12.83203125,0.0030534326349736175,0.0,0.0579,0.0248,0.0347,net_delay_paymentservice_2
2026-10-03T00:02:55,paymentservice,45.00390625,0.0011604151223128746,0.0,0.0579,0.0248,0.0347,net_delay_paymentservice_2
2026-10-03T00:02:55,currencyservice,39.48828125,0.019494940978077434,0.0,0.0579,0.0248,0.0347,net_delay_paymentservice_2
2026-10-03T00:02:55,recommendationservice,32.4765625,0.014830481579101083,4.0,0.0579,0.0248,0.0347,net_delay_paymentservice_2
2026-10-03T00:02:55,adservice,98.79296875,0.004043043032853987,0.0,0.0579,0.0248,0.0347,net_delay_paymentservice_2
2026-10-03T00:02:55,cartservice,55.5,0.012720025724191933,0.0,0.0579,0.0248,0.0347,net_delay_paymentservice_2
2026-10-03T00:03:00,loadgenerator,65.1171875,0.006331798298014274,0.0,0.0829,0.0301,0.0296,net_delay_paymentservice_2
2026-10-03T00:03:00,redis-cart,6.40625,0.004314573211335319,0.0,0.0829,0.0301,0.0296,net_delay_paymentservice_2
2026-10-03T00:03:00,shippingservice,11.8359375,0.0023460404380791933,0.0,0.0829,0.0301,0.0296,net_delay_paymentservice_2
2026-10-03T00:03:00,emailservice,36.74609375,0.005070684109681448,0.0,0.0829,0.0301,0.0296,net_delay_paymentservice_2
2026-10-03T00:03:00,productcatalogservice,13.78125,0.017912237330037373,0.0,0.0829,0.0301,0.0296,net_delay_paymentservice_2
2026-10-03T00:03:00,frontend,13.6484375,0.03439105098321281,0.0,0.0829,0.0301,0.0296,net_delay_paymentservice_2
2026-10-03T00:03:00,checkoutservice,12.83203125,0.0013665999999999735,0.0,0.0829,0.0301,0.0296,net_delay_paymentservice_2
2026-10-03T00:03:00,paymentservice,45.00390625,0.0011604151223128746,0.0,0.0829,0.0301,0.0296,net_delay_paymentservice_2
2026-10-03T00:03:00,currencyservice,38.76171875,0.019248240262787392,0.0,0.0829,0.0301,0.0296,net_delay_paymentservice_2
2026-10-03T00:03:00,recommendationservice,32.70703125,0.016297449012765745,4.0,0.0829,0.0301,0.0296,net_delay_paymentservice_2
2026-10-03T00:03:00,adservice,98.55859375,0.004856095093576151,0.0,0.0829,0.0301,0.0296,net_delay_paymentservice_2
2026-10-03T00:03:00,cartservice,55.28125,0.01154196318296768,0.0,0.0829,0.0301,0.0296,net_delay_paymentservice_2
2026-10-03T00:03:05,loadgenerator,65.30859375,0.007697878111490679,0.0,0.2513,0.0718,0.0569,net_delay_paymentservice_2
2026-10-03T00:03:05,redis-cart,5.90234375,0.004298412636353268,0.0,0.2513,0.0718,0.0569,net_delay_paymentservice_2
2026-10-03T00:03:05,shippingservice,12.078125,0.0021148693562405346,0.0,0.2513,0.0718,0.0569,net_delay_paymentservice_2
2026-10-03T00:03:05,emailservice,37.74609375,0.006449427437382139,0.0,0.2513,0.0718,0.0569,net_delay_paymentservice_2
2026-10-03T00:03:05,productcatalogservice,14.55078125,0.013942669088958887,0.0,0.2513,0.0718,0.0569,net_delay_paymentservice_2
2026-10-03T00:03:05,frontend,13.6484375,0.02876715884048576,0.0,0.2513,0.0718,0.0569,net_delay_paymentservice_2
2026-10-03T00:03:05,checkoutservice,12.83984375,0.002082196583368654,0.0,0.2513,0.0718,0.0569,net_delay_paymentservice_2
2026-10-03T00:03:05,paymentservice,44.99609375,0.0010853127884416043,0.0,0.2513,0.0718,0.0569,net_delay_paymentservice_2
2026-10-03T00:03:05,currencyservice,38.76171875,0.01607703838810634,0.0,0.2513,0.0718,0.0569,net_delay_paymentservice_2
2026-10-03T00:03:05,recommendationservice,32.70703125,0.016297449012765745,4.0,0.2513,0.0718,0.0569,net_delay_paymentservice_2
2026-10-03T00:03:05,adservice,99.05078125,0.0047680671922077,0.0,0.2513,0.0718,0.0569,net_delay_paymentservice_2
2026-10-03T00:03:05,cartservice,55.28125,0.011015760441292355,0.0,0.2513,0.0718,0.0569,net_delay_paymentservice_2
2026-10-03T00:03:11,loadgenerator,65.30859375,0.0076978781114906795,0.0,0.0868,0.0456,0.059,net_delay_paymentservice_2
2026-10-03T00:03:11,redis-cart,5.90234375,0.004454896009553149,0.0,0.0868,0.0456,0.059,net_delay_paymentservice_2
2026-10-03T00:03:11,shippingservice,12.078125,0.0018136414642666745,0.0,0.0868,0.0456,0.059,net_delay_paymentservice_2
2026-10-03T00:03:11,emailservice,37.74609375,0.006449427437382139,0.0,0.0868,0.0456,0.059,net_delay_paymentservice_2
2026-10-03T00:03:11,productcatalogservice,14.55078125,0.013942669088958887,0.0,0.0868,0.0456,0.059,net_delay_paymentservice_2
2026-10-03T00:03:11,frontend,13.6484375,0.025333593144696836,0.0,0.0868,0.0456,0.059,net_delay_paymentservice_2
2026-10-03T00:03:11,checkoutservice,12.83984375,0.0020097908893922612,0.0,0.0868,0.0456,0.059,net_delay_paymentservice_2
2026-10-03T00:03:11,paymentservice,44.99609375,0.0010141671398058375,0.0,0.0868,0.0456,0.059,net_delay_paymentservice_2
2026-10-03T00:03:11,currencyservice,38.76171875,0.014992067756259707,0.0,0.0868,0.0456,0.059,net_delay_paymentservice_2
2026-10-03T00:03:11,recommendationservice,32.70703125,0.010050200000000231,4.0,0.0868,0.0456,0.059,net_delay_paymentservice_2
2026-10-03T00:03:11,adservice,99.05078125,0.004768067192207701,0.0,0.0868,0.0456,0.059,net_delay_paymentservice_2
2026-10-03T00:03:11,cartservice,55.28125,0.011015760441292355,0.0,0.0868,0.0456,0.059,net_delay_paymentservice_2
2026-10-03T00:03:16,loadgenerator,65.1171875,0.008001103945151158,0.0,0.0914,0.0306,0.0208,net_delay_paymentservice_2
2026-10-03T00:03:16,redis-cart,5.90234375,0.004454896009553149,0.0,0.0914,0.0306,0.0208,net_delay_paymentservice_2
2026-10-03T00:03:16,shippingservice,12.1015625,0.0020126644933348924,0.0,0.0914,0.0306,0.0208,net_delay_paymentservice_2
2026-10-03T00:03:16,emailservice,37.0,0.006410163087747796,0.0,0.0914,0.0306,0.0208,net_delay_paymentservice_2
2026-10-03T00:03:16,productcatalogservice,14.81640625,0.01395062560559421,0.0,0.0914,0.0306,0.0208,net_delay_paymentservice_2
2026-10-03T00:03:16,frontend,14.42578125,0.033608458848842594,0.0,0.0914,0.0306,0.0208,net_delay_paymentservice_2
2026-10-03T00:03:16,checkoutservice,13.421875,0.002188451776649756,0.0,0.0914,0.0306,0.0208,net_delay_paymentservice_2
2026-10-03T00:03:16,paymentservice,44.99609375,0.0010141671398058375,0.0,0.0914,0.0306,0.0208,net_delay_paymentservice_2
2026-10-03T00:03:16,currencyservice,38.4921875,0.01908857160021629,0.0,0.0914,0.0306,0.0208,net_delay_paymentservice_2
2026-10-03T00:03:16,recommendationservice,32.98046875,0.015236297041450861,4.0,0.0914,0.0306,0.0208,net_delay_paymentservice_2
2026-10-03T00:03:16,adservice,99.05078125,0.004768067192207701,0.0,0.0914,0.0306,0.0208,net_delay_paymentservice_2
2026-10-03T00:03:16,cartservice,54.7421875,0.0104083380369412,0.0,0.0914,0.0306,0.0208,net_delay_paymentservice_2
2026-10-03T00:03:21,loadgenerator,65.1171875,0.008001103945151158,0.0,0.094,0.054,0.0287,net_delay_paymentservice_2
2026-10-03T00:03:21,redis-cart,5.90234375,0.003494445179315765,0.0,0.094,0.054,0.0287,net_delay_paymentservice_2
2026-10-03T00:03:21,shippingservice,12.1015625,0.0018424518856379457,0.0,0.094,0.054,0.0287,net_delay_paymentservice_2
2026-10-03T00:03:21,emailservice,37.0,0.0064721721615599625,0.0,0.094,0.054,0.0287,net_delay_paymentservice_2
2026-10-03T00:03:21,productcatalogservice,14.81640625,0.01395062560559421,0.0,0.094,0.054,0.0287,net_delay_paymentservice_2
2026-10-03T00:03:21,frontend,14.42578125,0.033608458848842594,0.0,0.094,0.054,0.0287,net_delay_paymentservice_2
2026-10-03T00:03:21,checkoutservice,13.421875,0.0019955876637480154,0.0,0.094,0.054,0.0287,net_delay_paymentservice_2
2026-10-03T00:03:21,paymentservice,44.99609375,0.0010141671398058375,0.0,0.094,0.054,0.0287,net_delay_paymentservice_2
2026-10-03T00:03:21,currencyservice,38.4921875,0.01961732776069185,0.0,0.094,0.054,0.0287,net_delay_paymentservice_2
2026-10-03T00:03:21,recommendationservice,32.98046875,0.013170382131772134,4.0,0.094,0.054,0.0287,net_delay_paymentservice_2
2026-10-03T00:03:21,adservice,99.05078125,0.003751043182408843,0.0,0.094,0.054,0.0287,net_delay_paymentservice_2
2026-10-03T00:03:21,cartservice,54.7421875,0.0089973115787522,0.0,0.094,0.054,0.0287,net_delay_paymentservice_2
2026-10-03T00:03:26,loadgenerator,65.1171875,0.008046656521864136,0.0,0.1005,0.1669,0.0416,net_delay_paymentservice_2
2026-10-03T00:03:26,redis-cart,6.6484375,0.004662148044970365,0.0,0.1005,0.1669,0.0416,net_delay_paymentservice_2
2026-10-03T00:03:26,shippingservice,12.1015625,0.0018424518856379457,0.0,0.1005,0.1669,0.0416,net_delay_paymentservice_2
2026-10-03T00:03:26,emailservice,37.0,0.006543471337579738,0.0,0.1005,0.1669,0.0416,net_delay_paymentservice_2
2026-10-03T00:03:26,productcatalogservice,14.81640625,0.011495509178147774,0.0,0.1005,0.1669,0.0416,net_delay_paymentservice_2
2026-10-03T00:03:26,frontend,14.42578125,0.02659433932500635,0.0,0.1005,0.1669,0.0416,net_delay_paymentservice_2
2026-10-03T00:03:26,checkoutservice,13.421875,0.0019955876637480154,0.0,0.1005,0.1669,0.0416,net_delay_paymentservice_2
2026-10-03T00:03:26,paymentservice,45.00390625,0.0011565470532318672,0.0,0.1005,0.1669,0.0416,net_delay_paymentservice_2
2026-10-03T00:03:26,currencyservice,38.88671875,0.019713313393918377,0.0,0.1005,0.1669,0.0416,net_delay_paymentservice_2
2026-10-03T00:03:26,recommendationservice,31.984375,0.01571237591262671,4.0,0.1005,0.1669,0.0416,net_delay_paymentservice_2
2026-10-03T00:03:26,adservice,98.31640625,0.0045992327217065365,0.0,0.1005,0.1669,0.0416,net_delay_paymentservice_2
2026-10-03T00:03:26,cartservice,55.0,0.010457017284175486,0.0,0.1005,0.1669,0.0416,net_delay_paymentservice_2
2026-10-03T00:03:32,loadgenerator,65.1171875,0.008046656521864136,0.0,0.1772,0.0663,0.043,net_delay_paymentservice_2
2026-10-03T00:03:32,redis-cart,6.6484375,0.004662148044970365,0.0,0.1772,0.0663,0.043,net_delay_paymentservice_2
2026-10-03T00:03:32,shippingservice,12.1015625,0.001468653591583789,0.0,0.1772,0.0663,0.043,net_delay_paymentservice_2
2026-10-03T00:03:32,emailservice,37.0,0.0054148315897028605,0.0,0.1772,0.0663,0.043,net_delay_paymentservice_2
2026-10-03T00:03:32,productcatalogservice,14.81640625,0.010291584757894942,0.0,0.1772,0.0663,0.043,net_delay_paymentservice_2
2026-10-03T00:03:32,frontend,14.42578125,0.023666336374179652,0.0,0.1772,0.0663,0.043,net_delay_paymentservice_2
2026-10-03T00:03:32,checkoutservice,13.421875,0.0017679848335467785,0.0,0.1772,0.0663,0.043,net_delay_paymentservice_2
2026-10-03T00:03:32,paymentservice,45.00390625,0.0011565470532318674,0.0,0.1772,0.0663,0.043,net_delay_paymentservice_2
2026-10-03T00:03:32,currencyservice,38.88671875,0.019594025441898193,0.0,0.1772,0.0663,0.043,net_delay_paymentservice_2
2026-10-03T00:03:32,recommendationservice,31.984375,0.01546744151019192,4.0,0.1772,0.0663,0.043,net_delay_paymentservice_2
2026-10-03T00:03:32,adservice,98.31640625,0.004784803283119912,0.0,0.1772,0.0663,0.043,net_delay_paymentservice_2
2026-10-03T00:03:32,cartservice,55.0,0.010457017284175488,0.0,0.1772,0.0663,0.043,net_delay_paymentservice_2
2026-10-03T00:03:37,loadgenerator,65.3203125,0.008264200049970511,0.0,0.1151,0.0397,0.03,net_delay_paymentservice_2
2026-10-03T00:03:37,redis-cart,6.1484375,0.004685750169065386,0.0,0.1151,0.0397,0.03,net_delay_paymentservice_2
2026-10-03T00:03:37,shippingservice,11.8203125,0.0018570241064005866,0.0,0.1151,0.0397,0.03,net_delay_paymentservice_2
2026-10-03T00:03:37,emailservice,36.74609375,0.0065009759140392176,0.0,0.1151,0.0397,0.03,net_delay_paymentservice_2
2026-10-03T00:03:37,productcatalogservice,14.25390625,0.015493858740889106,0.0,0.1151,0.0397,0.03,net_delay_paymentservice_2
2026-10-03T00:03:37,frontend,14.33984375,0.03482898204243497,0.0,0.1151,0.0397,0.03,net_delay_paymentservice_2
2026-10-03T00:03:37,checkoutservice,12.95703125,0.002267713418656794,0.0,0.1151,0.0397,0.03,net_delay_paymentservice_2
2026-10-03T00:03:37,paymentservice,44.9296875,0.0010803141518114833,0.0,0.1151,0.0397,0.03,net_delay_paymentservice_2
2026-10-03T00:03:37,currencyservice,38.88671875,0.019594025441898193,0.0,0.1151,0.0397,0.03,net_delay_paymentservice_2
2026-10-03T00:03:37,recommendationservice,31.984375,0.012257259954982199,4.0,0.1151,0.0397,0.03,net_delay_paymentservice_2
2026-10-03T00:03:37,adservice,98.421875,0.004853122569676726,0.0,0.1151,0.0397,0.03,net_delay_paymentservice_2
2026-10-03T00:03:37,cartservice,55.2265625,0.011225424822542478,0.0,0.1151,0.0397,0.03,net_delay_paymentservice_2
2026-10-03T00:03:42,loadgenerator,65.3203125,0.008740989843404249,0.0,0.135,0.0485,0.0369,net_delay_paymentservice_2
2026-10-03T00:03:42,redis-cart,6.1484375,0.0047255521289291955,0.0,0.135,0.0485,0.0369,net_delay_paymentservice_2
2026-10-03T00:03:42,shippingservice,11.8203125,0.0018570241064005866,0.0,0.135,0.0485,0.0369,net_delay_paymentservice_2
2026-10-03T00:03:42,emailservice,36.74609375,0.006366813856583281,0.0,0.135,0.0485,0.0369,net_delay_paymentservice_2
2026-10-03T00:03:42,productcatalogservice,14.25390625,0.01660090642495325,0.0,0.135,0.0485,0.0369,net_delay_paymentservice_2
2026-10-03T00:03:42,frontend,14.33984375,0.03482898204243497,0.0,0.135,0.0485,0.0369,net_delay_paymentservice_2
2026-10-03T00:03:42,checkoutservice,12.95703125,0.0022677134186567943,0.0,0.135,0.0485,0.0369,net_delay_paymentservice_2
2026-10-03T00:03:42,paymentservice,44.9296875,0.0010803141518114833,0.0,0.135,0.0485,0.0369,net_delay_paymentservice_2
2026-10-03T00:03:42,currencyservice,38.88671875,0.016186135756706223,0.0,0.135,0.0485,0.0369,net_delay_paymentservice_2
2026-10-03T00:03:42,recommendationservice,31.984375,0.011368502445498632,4.0,0.135,0.0485,0.0369,net_delay_paymentservice_2
2026-10-03T00:03:42,adservice,98.421875,0.004872170917268687,0.0,0.135,0.0485,0.0369,net_delay_paymentservice_2
2026-10-03T00:03:42,cartservice,55.2265625,0.01122542482254248,0.0,0.135,0.0485,0.0369,net_delay_paymentservice_2
2026-10-03T00:03:48,loadgenerator,64.85546875,0.008439714424007542,0.0,0.1584,0.0402,0.0251,net_delay_paymentservice_2
2026-10-03T00:03:48,redis-cart,6.1484375,0.003947201187159791,0.0,0.1584,0.0402,0.0251,net_delay_paymentservice_2
2026-10-03T00:03:48,shippingservice,11.8203125,0.001926077453343224,0.0,0.1584,0.0402,0.0251,net_delay_paymentservice_2
2026-10-03T00:03:48,emailservice,36.74609375,0.006366813856583281,0.0,0.1584,0.0402,0.0251,net_delay_paymentservice_2
2026-10-03T00:03:48,productcatalogservice,15.01171875,0.015985824822036022,0.0,0.1584,0.0402,0.0251,net_delay_paymentservice_2
2026-10-03T00:03:48,frontend,13.96484375,0.03640990458326357,0.0,0.1584,0.0402,0.0251,net_delay_paymentservice_2
2026-10-03T00:03:48,checkoutservice,13.7265625,0.0019383933284069957,0.0,0.1584,0.0402,0.0251,net_delay_paymentservice_2
2026-10-03T00:03:48,paymentservice,44.9296875,0.0009449291030255728,0.0,0.1584,0.0402,0.0251,net_delay_paymentservice_2
2026-10-03T00:03:48,currencyservice,39.42578125,0.02094109802680645,0.0,0.1584,0.0402,0.0251,net_delay_paymentservice_2
2026-10-03T00:03:48,recommendationservice,32.953125,0.01683271954674205,4.0,0.1584,0.0402,0.0251,net_delay_paymentservice_2
2026-10-03T00:03:48,adservice,98.16015625,0.004850756918329988,0.0,0.1584,0.0402,0.0251,net_delay_paymentservice_2
2026-10-03T00:03:48,cartservice,55.96484375,0.011076750166682543,0.0,0.1584,0.0402,0.0251,net_delay_paymentservice_2
2026-10-03T00:03:53,loadgenerator,64.85546875,0.008439714424007542,0.0,0.0634,0.0775,0.1047,net_delay_paymentservice_2
2026-10-03T00:03:53,redis-cart,6.1484375,0.0037158481682765423,0.0,0.0634,0.0775,0.1047,net_delay_paymentservice_2
2026-10-03T00:03:53,shippingservice,11.8203125,0.0015164810322443431,0.0,0.0634,0.0775,0.1047,net_delay_paymentservice_2
2026-10-03T00:03:53,emailservice,36.74609375,0.004987284464208098,0.0,0.0634,0.0775,0.1047,net_delay_paymentservice_2
2026-10-03T00:03:53,productcatalogservice,15.01171875,0.015985824822036022,0.0,0.0634,0.0775,0.1047,net_delay_paymentservice_2
2026-10-03T00:03:53,frontend,13.96484375,0.03811200231928739,0.0,0.0634,0.0775,0.1047,net_delay_paymentservice_2
2026-10-03T00:03:53,checkoutservice,13.7265625,0.0019383933284069957,0.0,0.0634,0.0775,0.1047,net_delay_paymentservice_2
2026-10-03T00:03:53,paymentservice,44.9296875,0.0008411902186027244,0.0,0.0634,0.0775,0.1047,net_delay_paymentservice_2
2026-10-03T00:03:53,currencyservice,39.42578125,0.02094109802680645,0.0,0.0634,0.0775,0.1047,net_delay_paymentservice_2
2026-10-03T00:03:53,recommendationservice,32.953125,0.0142629243626061,4.0,0.0634,0.0775,0.1047,net_delay_paymentservice_2
2026-10-03T00:03:53,adservice,98.16015625,0.0048731645569620105,0.0,0.0634,0.0775,0.1047,net_delay_paymentservice_2
2026-10-03T00:03:53,cartservice,55.96484375,0.009955852514909932,0.0,0.0634,0.0775,0.1047,net_delay_paymentservice_2
2026-10-03T00:03:58,loadgenerator,65.09375,0.006746759760473764,0.0,0.0923,0.0543,0.0393,net_delay_paymentservice_2
2026-10-03T00:03:58,redis-cart,6.15234375,0.004711466888449853,0.0,0.0923,0.0543,0.0393,net_delay_paymentservice_2
2026-10-03T00:03:58,shippingservice,12.06640625,0.001967723434761831,0.0,0.0923,0.0543,0.0393,net_delay_paymentservice_2
2026-10-03T00:03:58,emailservice,36.7421875,0.006330842094306242,0.0,0.0923,0.0543,0.0393,net_delay_paymentservice_2
2026-10-03T00:03:58,productcatalogservice,15.01171875,0.01679628558204029,0.0,0.0923,0.0543,0.0393,net_delay_paymentservice_2
2026-10-03T00:03:58,frontend,14.63671875,0.0356895078680099,0.0,0.0923,0.0543,0.0393,net_delay_paymentservice_2
2026-10-03T00:03:58,checkoutservice,13.96875,0.0017355004430660102,0.0,0.0923,0.0543,0.0393,net_delay_paymentservice_2
2026-10-03T00:03:58,paymentservice,44.921875,0.001158578615005899,0.0,0.0923,0.0543,0.0393,net_delay_paymentservice_2
2026-10-03T00:03:58,currencyservice,39.42578125,0.01656894646216428,0.0,0.0923,0.0543,0.0393,net_delay_paymentservice_2
2026-10-03T00:03:58,recommendationservice,32.9765625,0.016484884884884924,4.0,0.0923,0.0543,0.0393,net_delay_paymentservice_2
2026-10-03T00:03:58,adservice,98.41015625,0.00470206330128204,0.0,0.0923,0.0543,0.0393,net_delay_paymentservice_2
2026-10-03T00:03:58,cartservice,55.96484375,0.010410611841063865,0.0,0.0923,0.0543,0.0393,net_delay_paymentservice_2
2026-10-03T00:04:03,loadgenerator,65.09375,0.007947701630783028,0.0,0.0646,0.0184,0.0516,net_delay_paymentservice_2
2026-10-03T00:04:03,redis-cart,6.15234375,0.004546679980030054,0.0,0.0646,0.0184,0.0516,net_delay_paymentservice_2
2026-10-03T00:04:03,shippingservice,12.06640625,0.001967723434761831,0.0,0.0646,0.0184,0.0516,net_delay_paymentservice_2
2026-10-03T00:04:03,emailservice,36.7421875,0.0063490372798033125,0.0,0.0646,0.0184,0.0516,net_delay_paymentservice_2
2026-10-03T00:04:03,productcatalogservice,15.01171875,0.01679628558204029,0.0,0.0646,0.0184,0.0516,net_delay_paymentservice_2
2026-10-03T00:04:03,frontend,14.63671875,0.0356895078680099,0.0,0.0646,0.0184,0.0516,net_delay_paymentservice_2
2026-10-03T00:04:03,checkoutservice,13.96875,0.002050287992910936,0.0,0.0646,0.0184,0.0516,net_delay_paymentservice_2
2026-10-03T00:04:03,paymentservice,44.921875,0.001038780736124418,0.0,0.0646,0.0184,0.0516,net_delay_paymentservice_2
2026-10-03T00:04:03,currencyservice,39.42578125,0.014712203196117653,0.0,0.0646,0.0184,0.0516,net_delay_paymentservice_2
2026-10-03T00:04:03,recommendationservice,32.9765625,0.016484884884884924,4.0,0.0646,0.0184,0.0516,net_delay_paymentservice_2
2026-10-03T00:04:03,adservice,98.41015625,0.00470206330128204,0.0,0.0646,0.0184,0.0516,net_delay_paymentservice_2
2026-10-03T00:04:03,cartservice,55.96484375,0.00937022000833824,0.0,0.0646,0.0184,0.0516,net_delay_paymentservice_2
2026-10-03T00:04:09,loadgenerator,65.33203125,0.007717034967236987,0.0,0.0678,0.0447,0.0548,net_delay_paymentservice_2
2026-10-03T00:04:09,redis-cart,6.15234375,0.0036685834643868332,0.0,0.0678,0.0447,0.0548,net_delay_paymentservice_2
2026-10-03T00:04:09,shippingservice,12.08203125,0.002009998931737979,0.0,0.0678,0.0447,0.0548,net_delay_paymentservice_2
2026-10-03T00:04:09,emailservice,36.7421875,0.006566790408348228,0.0,0.0678,0.0447,0.0548,net_delay_paymentservice_2
2026-10-03T00:04:09,productcatalogservice,13.7578125,0.015620992481202581,0.0,0.0678,0.0447,0.0548,net_delay_paymentservice_2
2026-10-03T00:04:09,frontend,14.63671875,0.02395424999999989,0.0,0.0678,0.0447,0.0548,net_delay_paymentservice_2
2026-10-03T00:04:09,checkoutservice,13.96875,0.002050287992910936,0.0,0.0678,0.0447,0.0548,net_delay_paymentservice_2
2026-10-03T00:04:09,paymentservice,44.921875,0.0008325178362077131,0.0,0.0678,0.0447,0.0548,net_delay_paymentservice_2
2026-10-03T00:04:09,currencyservice,38.7421875,0.018308922576474675,0.0,0.0678,0.0447,0.0548,net_delay_paymentservice_2
2026-10-03T00:04:09,recommendationservice,32.9765625,0.016198702812565476,4.0,0.0678,0.0447,0.0548,net_delay_paymentservice_2
2026-10-03T00:04:09,adservice,98.41015625,0.004031188559752968,0.0,0.0678,0.0447,0.0548,net_delay_paymentservice_2
2026-10-03T00:04:09,cartservice,54.76953125,0.011506092492346374,0.0,0.0678,0.0447,0.0548,net_delay_paymentservice_2
2026-10-03T00:04:14,loadgenerator,65.33203125,0.007717034967236987,0.0,0.0929,0.0541,0.0311,net_delay_paymentservice_2
2026-10-03T00:04:14,redis-cart,6.15234375,0.0032723403041272137,0.0,0.0929,0.0541,0.0311,net_delay_paymentservice_2
2026-10-03T00:04:14,shippingservice,12.08203125,0.002009998931737979,0.0,0.0929,0.0541,0.0311,net_delay_paymentservice_2
2026-10-03T00:04:14,emailservice,36.7421875,0.005521620721564215,0.0,0.0929,0.0541,0.0311,net_delay_paymentservice_2
2026-10-03T00:04:14,productcatalogservice,13.7578125,0.013754239829406894,0.0,0.0929,0.0541,0.0311,net_delay_paymentservice_2
2026-10-03T00:04:14,frontend,14.63671875,0.02706578708405645,0.0,0.0929,0.0541,0.0311,net_delay_paymentservice_2
2026-10-03T00:04:14,checkoutservice,13.96875,0.001630183983163485,0.0,0.0929,0.0541,0.0311,net_delay_paymentservice_2
2026-10-03T00:04:14,paymentservice,44.921875,0.00074198809505447,0.0,0.0929,0.0541,0.0311,net_delay_paymentservice_2
2026-10-03T00:04:14,currencyservice,38.7421875,0.017615270965073027,0.0,0.0929,0.0541,0.0311,net_delay_paymentservice_2
2026-10-03T00:04:14,recommendationservice,32.9765625,0.012401254411134762,4.0,0.0929,0.0541,0.0311,net_delay_paymentservice_2
2026-10-03T00:04:14,adservice,98.41015625,0.003624317945355243,0.0,0.0929,0.0541,0.0311,net_delay_paymentservice_2
2026-10-03T00:04:14,cartservice,54.76953125,0.008949707269098325,0.0,0.0929,0.0541,0.0311,net_delay_paymentservice_2
2026-10-03T00:04:19,loadgenerator,65.33203125,0.006353639175971122,0.0,0.0864,0.0369,0.0243,net_delay_paymentservice_2
2026-10-03T00:04:19,redis-cart,6.3984375,0.004572479401672817,0.0,0.0864,0.0369,0.0243,net_delay_paymentservice_2
2026-10-03T00:04:19,shippingservice,12.09765625,0.0019945574064038343,0.0,0.0864,0.0369,0.0243,net_delay_paymentservice_2
2026-10-03T00:04:19,emailservice,36.7421875,0.0066472826431616065,0.0,0.0864,0.0369,0.0243,net_delay_paymentservice_2
2026-10-03T00:04:19,productcatalogservice,13.98828125,0.013901459326686738,0.0,0.0864,0.0369,0.0243,net_delay_paymentservice_2
2026-10-03T00:04:19,frontend,15.09375,0.03422560824649401,0.0,0.0864,0.0369,0.0243,net_delay_paymentservice_2
2026-10-03T00:04:19,checkoutservice,12.99609375,0.0014286398212671665,0.0,0.0864,0.0369,0.0243,net_delay_paymentservice_2
2026-10-03T00:04:19,paymentservice,45.42578125,0.001145809563323329,0.0,0.0864,0.0369,0.0243,net_delay_paymentservice_2
2026-10-03T00:04:19,currencyservice,39.2421875,0.018276011781389843,0.0,0.0864,0.0369,0.0243,net_delay_paymentservice_2
2026-10-03T00:04:19,recommendationservice,33.2265625,0.011809171247542289,4.0,0.0864,0.0369,0.0243,net_delay_paymentservice_2
2026-10-03T00:04:19,adservice,98.28515625,0.004480878547706871,0.0,0.0864,0.0369,0.0243,net_delay_paymentservice_2
2026-10-03T00:04:19,cartservice,54.28125,0.010430459688682859,0.0,0.0864,0.0369,0.0243,net_delay_paymentservice_2
2026-10-03T00:04:24,loadgenerator,65.33203125,0.005710011731349376,0.0,0.0713,0.1128,0.0154,net_delay_paymentservice_2
2026-10-03T00:04:24,redis-cart,6.3984375,0.004511665499219349,0.0,0.0713,0.1128,0.0154,net_delay_paymentservice_2
2026-10-03T00:04:24,shippingservice,12.09765625,0.001994557406403834,0.0,0.0713,0.1128,0.0154,net_delay_paymentservice_2
2026-10-03T00:04:24,emailservice,36.7421875,0.005207093464498618,0.0,0.0713,0.1128,0.0154,net_delay_paymentservice_2
2026-10-03T00:04:24,productcatalogservice,13.98828125,0.013901459326686738,0.0,0.0713,0.1128,0.0154,net_delay_paymentservice_2
2026-10-03T00:04:24,frontend,15.09375,0.03422560824649401,0.0,0.0713,0.1128,0.0154,net_delay_paymentservice_2
2026-10-03T00:04:24,checkoutservice,12.99609375,0.001141491154080362,0.0,0.0713,0.1128,0.0154,net_delay_paymentservice_2
2026-10-03T00:04:24,paymentservice,45.42578125,0.001145809563323329,0.0,0.0713,0.1128,0.0154,net_delay_paymentservice_2
2026-10-03T00:04:24,currencyservice,39.2421875,0.016229343555949956,0.0,0.0713,0.1128,0.0154,net_delay_paymentservice_2
2026-10-03T00:04:24,recommendationservice,33.2265625,0.011585263448570195,4.0,0.0713,0.1128,0.0154,net_delay_paymentservice_2
2026-10-03T00:04:24,adservice,98.28515625,0.0035369138818806926,0.0,0.0713,0.1128,0.0154,net_delay_paymentservice_2
2026-10-03T00:04:24,cartservice,54.28125,0.008819915273867563,0.0,0.0713,0.1128,0.0154,net_delay_paymentservice_2
2026-10-03T00:04:29,loadgenerator,65.34765625,0.007475998435743746,0.0,0.0829,0.032,0.0497,net_delay_paymentservice_2
2026-10-03T00:04:29,redis-cart,6.64453125,0.004609573397337049,0.0,0.0829,0.032,0.0497,net_delay_paymentservice_2
2026-10-03T00:04:29,shippingservice,12.09765625,0.0017033132420081942,0.0,0.0829,0.032,0.0497,net_delay_paymentservice_2
2026-10-03T00:04:29,emailservice,36.7421875,0.006454527323494323,0.0,0.0829,0.032,0.0497,net_delay_paymentservice_2
2026-10-03T00:04:29,productcatalogservice,13.98828125,0.0113433591195876,0.0,0.0829,0.032,0.0497,net_delay_paymentservice_2
2026-10-03T00:04:29,frontend,14.18359375,0.03107736087689892,0.0,0.0829,0.032,0.0497,net_delay_paymentservice_2
2026-10-03T00:04:29,checkoutservice,13.0234375,0.0013697188469165068,0.0,0.0829,0.032,0.0497,net_delay_paymentservice_2
2026-10-03T00:04:29,paymentservice,44.93359375,0.0011386945729437515,0.0,0.0829,0.032,0.0497,net_delay_paymentservice_2
2026-10-03T00:04:29,currencyservice,39.4453125,0.015932802201460396,0.0,0.0829,0.032,0.0497,net_delay_paymentservice_2
2026-10-03T00:04:29,recommendationservice,33.73046875,0.015587727301661393,4.0,0.0829,0.032,0.0497,net_delay_paymentservice_2
2026-10-03T00:04:29,adservice,98.79296875,0.004462230023332071,0.0,0.0829,0.032,0.0497,net_delay_paymentservice_2
2026-10-03T00:04:29,cartservice,54.28125,0.007929908279203842,0.0,0.0829,0.032,0.0497,net_delay_paymentservice_2
2026-10-03T00:04:35,loadgenerator,65.34765625,0.007475998435743746,0.0,0.0898,0.0362,0.0291,net_delay_paymentservice_2
2026-10-03T00:04:35,redis-cart,6.64453125,0.00472167621344615,0.0,0.0898,0.0362,0.0291,net_delay_paymentservice_2
2026-10-03T00:04:35,shippingservice,12.09765625,0.001578307330210084,0.0,0.0898,0.0362,0.0291,net_delay_paymentservice_2
2026-10-03T00:04:35,emailservice,36.7421875,0.0054215599275476535,0.0,0.0898,0.0362,0.0291,net_delay_paymentservice_2
2026-10-03T00:04:35,productcatalogservice,13.98828125,0.009815772110365793,0.0,0.0898,0.0362,0.0291,net_delay_paymentservice_2
2026-10-03T00:04:35,frontend,14.18359375,0.03107736087689892,0.0,0.0898,0.0362,0.0291,net_delay_paymentservice_2
2026-10-03T00:04:35,checkoutservice,13.0234375,0.0013697188469165068,0.0,0.0898,0.0362,0.0291,net_delay_paymentservice_2
2026-10-03T00:04:35,paymentservice,44.93359375,0.0011386945729437515,0.0,0.0898,0.0362,0.0291,net_delay_paymentservice_2
2026-10-03T00:04:35,currencyservice,39.4453125,0.015932802201460396,0.0,0.0898,0.0362,0.0291,net_delay_paymentservice_2
2026-10-03T00:04:35,recommendationservice,33.73046875,0.015587727301661393,4.0,0.0898,0.0362,0.0291,net_delay_paymentservice_2
2026-10-03T00:04:35,adservice,98.79296875,0.00380904618748862,0.0,0.0898,0.0362,0.0291,net_delay_paymentservice_2
2026-10-03T00:04:35,cartservice,54.28125,0.00702614117923051,0.0,0.0898,0.0362,0.0291,net_delay_paymentservice_2
2026-10-03T00:04:40,loadgenerator,65.34765625,0.004782575000000123,0.0,0.0763,0.0359,0.025,net_delay_paymentservice_2
2026-10-03T00:04:40,redis-cart,6.64453125,0.00472167621344615,0.0,0.0763,0.0359,0.025,net_delay_paymentservice_2
2026-10-03T00:04:40,shippingservice,12.12890625,0.0022447996293722284,0.0,0.0763,0.0359,0.025,net_delay_paymentservice_2
2026-10-03T00:04:40,emailservice,37.49609375,0.00662517914232251,0.0,0.0763,0.0359,0.025,net_delay_paymentservice_2
2026-10-03T00:04:40,productcatalogservice,14.70703125,0.01492705760855006,0.0,0.0763,0.0359,0.025,net_delay_paymentservice_2
2026-10-03T00:04:40,frontend,14.37109375,0.033072739650043086,0.0,0.0763,0.0359,0.025,net_delay_paymentservice_2
2026-10-03T00:04:40,checkoutservice,13.0234375,0.001107082867569416,0.0,0.0763,0.0359,0.025,net_delay_paymentservice_2
2026-10-03T00:04:40,paymentservice,44.93359375,0.0011386945729437512,0.0,0.0763,0.0359,0.025,net_delay_paymentservice_2
2026-10-03T00:04:40,currencyservice,39.4453125,0.011180750000000118,0.0,0.0763,0.0359,0.025,net_delay_paymentservice_2
2026-10-03T00:04:40,recommendationservice,33.73046875,0.015972797927460904,4.0,0.0763,0.0359,0.025,net_delay_paymentservice_2
2026-10-03T00:04:40,adservice,98.79296875,0.0034287109765411767,0.0,0.0763,0.0359,0.025,net_delay_paymentservice_2
2026-10-03T00:04:40,cartservice,54.74609375,0.010615975530027121,0.0,0.0763,0.0359,0.025,net_delay_paymentservice_2
2026-10-03T00:04:45,loadgenerator,65.34765625,0.005174972098425329,0.0,0.0693,0.0256,0.0167,net_delay_paymentservice_2
2026-10-03T00:04:45,redis-cart,6.64453125,0.0036088164772386717,0.0,0.0693,0.0256,0.0167,net_delay_paymentservice_2
2026-10-03T00:04:45,shippingservice,12.12890625,0.0022447996293722284,0.0,0.0693,0.0256,0.0167,net_delay_paymentservice_2
2026-10-03T00:04:45,emailservice,37.49609375,0.00662517914232251,0.0,0.0693,0.0256,0.0167,net_delay_paymentservice_2
2026-10-03T00:04:45,productcatalogservice,14.70703125,0.015953412006157915,0.0,0.0693,0.0256,0.0167,net_delay_paymentservice_2
2026-10-03T00:04:45,frontend,14.37109375,0.033072739650043086,0.0,0.0693,0.0256,0.0167,net_delay_paymentservice_2
2026-10-03T00:04:45,checkoutservice,13.0234375,0.0007483685847560655,0.0,0.0693,0.0256,0.0167,net_delay_paymentservice_2
2026-10-03T00:04:45,paymentservice,44.93359375,0.0009070271620783452,0.0,0.0693,0.0256,0.0167,net_delay_paymentservice_2
2026-10-03T00:04:45,currencyservice,39.4453125,0.012823429825421869,0.0,0.0693,0.0256,0.0167,net_delay_paymentservice_2
2026-10-03T00:04:45,recommendationservice,33.73046875,0.012465171502590487,4.0,0.0693,0.0256,0.0167,net_delay_paymentservice_2
2026-10-03T00:04:45,adservice,98.79296875,0.003176146056910552,0.0,0.0693,0.0256,0.0167,net_delay_paymentservice_2
2026-10-03T00:04:45,cartservice,54.74609375,0.008856183122143733,0.0,0.0693,0.0256,0.0167,net_delay_paymentservice_2
2026-10-03T00:04:50,loadgenerator,65.0859375,0.007865055343216416,0.0,0.0973,0.0281,0.054,net_delay_paymentservice_2
2026-10-03T00:04:50,redis-cart,6.15234375,0.003985654410440747,0.0,0.0973,0.0281,0.054,net_delay_paymentservice_2
2026-10-03T00:04:50,shippingservice,12.12890625,0.0017901848387388236,0.0,0.0973,0.0281,0.054,net_delay_paymentservice_2
2026-10-03T00:04:50,emailservice,36.75390625,0.006321561291931927,0.0,0.0973,0.0281,0.054,net_delay_paymentservice_2
2026-10-03T00:04:50,productcatalogservice,14.70703125,0.012288049125193105,0.0,0.0973,0.0281,0.054,net_delay_paymentservice_2
2026-10-03T00:04:50,frontend,14.37109375,0.026931315634472586,0.0,0.0973,0.0281,0.054,net_delay_paymentservice_2
2026-10-03T00:04:50,checkoutservice,13.30078125,0.0011016513234438402,0.0,0.0973,0.0281,0.054,net_delay_paymentservice_2
2026-10-03T00:04:50,paymentservice,45.93359375,0.001021102026715773,0.0,0.0973,0.0281,0.054,net_delay_paymentservice_2
2026-10-03T00:04:50,currencyservice,38.890625,0.018436640673096596,0.0,0.0973,0.0281,0.054,net_delay_paymentservice_2
2026-10-03T00:04:50,recommendationservice,32.48046875,0.01685461866312557,4.0,0.0973,0.0281,0.054,net_delay_paymentservice_2
2026-10-03T00:04:50,adservice,98.0859375,0.0051639938773106395,0.0,0.0973,0.0281,0.054,net_delay_paymentservice_2
2026-10-03T00:04:50,cartservice,54.484375,0.010166004919943012,0.0,0.0973,0.0281,0.054,net_delay_paymentservice_2
2026-10-03T00:04:56,loadgenerator,65.0859375,0.008175495176665179,0.0,0.0722,0.078,0.0372,net_delay_paymentservice_2
2026-10-03T00:04:56,redis-cart,6.15234375,0.003990787643133334,0.0,0.0722,0.078,0.0372,net_delay_paymentservice_2
2026-10-03T00:04:56,shippingservice,12.4375,0.0022676567434984796,0.0,0.0722,0.078,0.0372,net_delay_paymentservice_2
2026-10-03T00:04:56,emailservice,36.75390625,0.006321561291931927,0.0,0.0722,0.078,0.0372,net_delay_paymentservice_2
2026-10-03T00:04:56,productcatalogservice,14.2734375,0.01508375264109534,0.0,0.0722,0.078,0.0372,net_delay_paymentservice_2
2026-10-03T00:04:56,frontend,13.859375,0.027808422431529492,0.0,0.0722,0.078,0.0372,net_delay_paymentservice_2
2026-10-03T00:04:56,checkoutservice,13.38671875,0.0016656285854777548,0.0,0.0722,0.078,0.0372,net_delay_paymentservice_2
2026-10-03T00:04:56,paymentservice,45.93359375,0.001021102026715773,0.0,0.0722,0.078,0.0372,net_delay_paymentservice_2
2026-10-03T00:04:56,currencyservice,39.0078125,0.01730009175364161,0.0,0.0722,0.078,0.0372,net_delay_paymentservice_2
2026-10-03T00:04:56,recommendationservice,32.48046875,0.018187069896621052,4.0,0.0722,0.078,0.0372,net_delay_paymentservice_2
2026-10-03T00:04:56,adservice,98.31640625,0.005015617286720811,0.0,0.0722,0.078,0.0372,net_delay_paymentservice_2
2026-10-03T00:04:56,cartservice,54.484375,0.010166004919943012,0.0,0.0722,0.078,0.0372,net_delay_paymentservice_2
2026-10-03T00:05:01,loadgenerator,65.0859375,0.0065005406023459,0.0,0.0628,0.0217,0.0944,net_delay_paymentservice_2
2026-10-03T00:05:01,redis-cart,6.15234375,0.003568418840646408,0.0,0.0628,0.0217,0.0944,net_delay_paymentservice_2
2026-10-03T00:05:01,shippingservice,12.4375,0.0022676567434984796,0.0,0.0628,0.0217,0.0944,net_delay_paymentservice_2
2026-10-03T00:05:01,emailservice,36.75390625,0.005193531359064108,0.0,0.0628,0.0217,0.0944,net_delay_paymentservice_2
2026-10-03T00:05:01,productcatalogservice,14.2734375,0.01535102918944184,0.0,0.0628,0.0217,0.0944,net_delay_paymentservice_2
2026-10-03T00:05:01,frontend,13.859375,0.032154764020410606,0.0,0.0628,0.0217,0.0944,net_delay_paymentservice_2
2026-10-03T00:05:01,checkoutservice,13.38671875,0.001665628585477755,0.0,0.0628,0.0217,0.0944,net_delay_paymentservice_2
2026-10-03T00:05:01,paymentservice,45.93359375,0.001021102026715773,0.0,0.0628,0.0217,0.0944,net_delay_paymentservice_2
2026-10-03T00:05:01,currencyservice,39.0078125,0.016455246645668636,0.0,0.0628,0.0217,0.0944,net_delay_paymentservice_2
2026-10-03T00:05:01,recommendationservice,32.48046875,0.013729797962248746,4.0,0.0628,0.0217,0.0944,net_delay_paymentservice_2
2026-10-03T00:05:01,adservice,98.31640625,0.005015617286720811,0.0,0.0628,0.0217,0.0944,net_delay_paymentservice_2
2026-10-03T00:05:01,cartservice,54.484375,0.010236099106885672,0.0,0.0628,0.0217,0.0944,net_delay_paymentservice_2
2026-10-03T00:05:06,loadgenerator,65.08984375,0.007888499593575135,0.0,0.0786,0.0387,0.0232,net_delay_paymentservice_2
2026-10-03T00:05:06,redis-cart,5.90625,0.00491403681788269,0.0,0.0786,0.0387,0.0232,net_delay_paymentservice_2
2026-10-03T00:05:06,shippingservice,12.4375,0.001903087750045747,0.0,0.0786,0.0387,0.0232,net_delay_paymentservice_2
2026-10-03T00:05:06,emailservice,37.75,0.0065907765299908815,0.0,0.0786,0.0387,0.0232,net_delay_paymentservice_2
2026-10-03T00:05:06,productcatalogservice,13.74609375,0.015135645798082594,0.0,0.0786,0.0387,0.0232,net_delay_paymentservice_2
2026-10-03T00:05:06,frontend,15.140625,0.03312563572022535,0.0,0.0786,0.0387,0.0232,net_delay_paymentservice_2
2026-10-03T00:05:06,checkoutservice,13.38671875,0.0018492172062623275,0.0,0.0786,0.0387,0.0232,net_delay_paymentservice_2
2026-10-03T00:05:06,paymentservice,45.4765625,0.0009627698634160249,0.0,0.0786,0.0387,0.0232,net_delay_paymentservice_2
2026-10-03T00:05:06,currencyservice,38.6171875,0.019127659574467954,0.0,0.0786,0.0387,0.0232,net_delay_paymentservice_2
2026-10-03T00:05:06,recommendationservice,31.9921875,0.016577527548624134,4.0,0.0786,0.0387,0.0232,net_delay_paymentservice_2
2026-10-03T00:05:06,adservice,98.31640625,0.005015617286720811,0.0,0.0786,0.0387,0.0232,net_delay_paymentservice_2
2026-10-03T00:05:06,cartservice,54.77734375,0.010293485560779072,0.0,0.0786,0.0387,0.0232,net_delay_paymentservice_2
2026-10-03T00:05:11,loadgenerator,65.08984375,0.007888499593575135,0.0,0.0693,0.0288,0.0463,net_delay_paymentservice_2
2026-10-03T00:05:11,redis-cart,5.90625,0.0049373205180797295,0.0,0.0693,0.0288,0.0463,net_delay_paymentservice_2
2026-10-03T00:05:11,shippingservice,12.4375,0.0016989958119879712,0.0,0.0693,0.0288,0.0463,net_delay_paymentservice_2
2026-10-03T00:05:11,emailservice,37.75,0.0065907765299908815,0.0,0.0693,0.0288,0.0463,net_delay_paymentservice_2
2026-10-03T00:05:11,productcatalogservice,13.74609375,0.015135645798082594,0.0,0.0693,0.0288,0.0463,net_delay_paymentservice_2
2026-10-03T00:05:11,frontend,15.140625,0.03404625203232278,0.0,0.0693,0.0288,0.0463,net_delay_paymentservice_2
2026-10-03T00:05:11,checkoutservice,13.38671875,0.0018492172062623275,0.0,0.0693,0.0288,0.0463,net_delay_paymentservice_2
2026-10-03T00:05:11,paymentservice,45.4765625,0.0008928758238308707,0.0,0.0693,0.0288,0.0463,net_delay_paymentservice_2
2026-10-03T00:05:11,currencyservice,38.6171875,0.02046359841156681,0.0,0.0693,0.0288,0.0463,net_delay_paymentservice_2
2026-10-03T00:05:11,recommendationservice,31.9921875,0.016577527548624134,4.0,0.0693,0.0288,0.0463,net_delay_paymentservice_2
2026-10-03T00:05:11,adservice,98.31640625,0.004150303507361101,0.0,0.0693,0.0288,0.0463,net_delay_paymentservice_2
2026-10-03T00:05:11,cartservice,54.77734375,0.009757685623539254,0.0,0.0693,0.0288,0.0463,net_delay_paymentservice_2
2026-10-03T00:05:17,loadgenerator,64.859375,0.008121757081746134,0.0,0.0797,0.2046,0.097,net_delay_paymentservice_2
2026-10-03T00:05:17,redis-cart,6.15234375,0.004838443604161438,0.0,0.0797,0.2046,0.097,net_delay_paymentservice_2
2026-10-03T00:05:17,shippingservice,11.97265625,0.0020696812245470193,0.0,0.0797,0.2046,0.097,net_delay_paymentservice_2
2026-10-03T00:05:17,emailservice,37.75,0.0065907765299908815,0.0,0.0797,0.2046,0.097,net_delay_paymentservice_2
2026-10-03T00:05:17,productcatalogservice,13.74609375,0.014185547535806677,0.0,0.0797,0.2046,0.097,net_delay_paymentservice_2
2026-10-03T00:05:17,frontend,14.11328125,0.03419126312854228,0.0,0.0797,0.2046,0.097,net_delay_paymentservice_2
2026-10-03T00:05:17,checkoutservice,14.453125,0.0016086759609325741,0.0,0.0797,0.2046,0.097,net_delay_paymentservice_2
2026-10-03T00:05:17,paymentservice,45.4765625,0.0008928758238308706,0.0,0.0797,0.2046,0.097,net_delay_paymentservice_2
2026-10-03T00:05:17,currencyservice,38.6171875,0.017603583160234665,0.0,0.0797,0.2046,0.097,net_delay_paymentservice_2
2026-10-03T00:05:17,recommendationservice,31.9921875,0.013410805348648205,4.0,0.0797,0.2046,0.097,net_delay_paymentservice_2
2026-10-03T00:05:17,adservice,98.9140625,0.004961041289063314,0.0,0.0797,0.2046,0.097,net_delay_paymentservice_2
2026-10-03T00:05:17,cartservice,54.77734375,0.009757685623539254,0.0,0.0797,0.2046,0.097,net_delay_paymentservice_2
2026-10-03T00:05:22,loadgenerator,64.859375,0.005423100000000148,0.0,0.0796,0.0436,0.0755,net_delay_paymentservice_2
2026-10-03T00:05:22,redis-cart,6.15234375,0.004838443604161438,0.0,0.0796,0.0436,0.0755,net_delay_paymentservice_2
2026-10-03T00:05:22,shippingservice,11.97265625,0.0020696812245470193,0.0,0.0796,0.0436,0.0755,net_delay_paymentservice_2
2026-10-03T00:05:22,emailservice,37.75,0.005243903986830458,0.0,0.0796,0.0436,0.0755,net_delay_paymentservice_2
2026-10-03T00:05:22,productcatalogservice,13.74609375,0.014185547535806677,0.0,0.0796,0.0436,0.0755,net_delay_paymentservice_2
2026-10-03T00:05:22,frontend,14.11328125,0.03334309733037858,0.0,0.0796,0.0436,0.0755,net_delay_paymentservice_2
2026-10-03T00:05:22,checkoutservice,14.453125,0.0015455614658790346,0.0,0.0796,0.0436,0.0755,net_delay_paymentservice_2
2026-10-03T00:05:22,paymentservice,45.4765625,0.0008928758238308707,0.0,0.0796,0.0436,0.0755,net_delay_paymentservice_2
2026-10-03T00:05:22,currencyservice,38.6171875,0.015805514979804994,0.0,0.0796,0.0436,0.0755,net_delay_paymentservice_2
2026-10-03T00:05:22,recommendationservice,31.9921875,0.011954193261375768,4.0,0.0796,0.0436,0.0755,net_delay_paymentservice_2
2026-10-03T00:05:22,adservice,98.9140625,0.004358954740745244,0.0,0.0796,0.0436,0.0755,net_delay_paymentservice_2
2026-10-03T00:05:22,cartservice,54.77734375,0.007616442827500428,0.0,0.0796,0.0436,0.0755,net_delay_paymentservice_2
2026-10-03T00:05:27,loadgenerator,65.08203125,0.008187053430998079,0.0,0.096,0.0734,0.0968,net_delay_paymentservice_2
2026-10-03T00:05:27,redis-cart,6.15234375,0.0048686623064455115,0.0,0.096,0.0734,0.0968,net_delay_paymentservice_2
2026-10-03T00:05:27,shippingservice,12.22265625,0.0020679080387371,0.0,0.096,0.0734,0.0968,net_delay_paymentservice_2
2026-10-03T00:05:27,emailservice,36.7421875,0.006348429738323756,0.0,0.096,0.0734,0.0968,net_delay_paymentservice_2
2026-10-03T00:05:27,productcatalogservice,13.75,0.014041404580152156,0.0,0.096,0.0734,0.0968,net_delay_paymentservice_2
2026-10-03T00:05:27,frontend,14.5625,0.035283598674252376,0.0,0.096,0.0734,0.0968,net_delay_paymentservice_2
2026-10-03T00:05:27,checkoutservice,12.90234375,0.0015093232987870274,0.0,0.096,0.0734,0.0968,net_delay_paymentservice_2
2026-10-03T00:05:27,paymentservice,1.23046875,0.0011544893429414514,0.0,0.096,0.0734,0.0968,net_delay_paymentservice_2
2026-10-03T00:05:27,currencyservice,39.94140625,0.020895873364443478,0.0,0.096,0.0734,0.0968,net_delay_paymentservice_2
2026-10-03T00:05:27,recommendationservice,33.2109375,0.015205159230749485,4.0,0.096,0.0734,0.0968,net_delay_paymentservice_2
2026-10-03T00:05:27,adservice,98.9140625,0.004358954740745244,0.0,0.096,0.0734,0.0968,net_delay_paymentservice_2
2026-10-03T00:05:27,cartservice,55.546875,0.010930465595863888,0.0,0.096,0.0734,0.0968,net_delay_paymentservice_2
2026-10-03T00:05:33,loadgenerator,65.08203125,0.008187053430998079,0.0,0.0706,0.0289,0.0246,net_delay_paymentservice_2
2026-10-03T00:05:33,redis-cart,6.15234375,0.0048686623064455115,0.0,0.0706,0.0289,0.0246,net_delay_paymentservice_2
2026-10-03T00:05:33,shippingservice,12.22265625,0.0020173395063548725,0.0,0.0706,0.0289,0.0246,net_delay_paymentservice_2
2026-10-03T00:05:33,emailservice,36.7421875,0.006348429738323756,0.0,0.0706,0.0289,0.0246,net_delay_paymentservice_2
2026-10-03T00:05:33,productcatalogservice,13.75,0.014289297710392753,0.0,0.0706,0.0289,0.0246,net_delay_paymentservice_2
2026-10-03T00:05:33,frontend,14.5625,0.030660297227760046,0.0,0.0706,0.0289,0.0246,net_delay_paymentservice_2
2026-10-03T00:05:33,checkoutservice,12.90234375,0.0015093232987870274,0.0,0.0706,0.0289,0.0246,net_delay_paymentservice_2
2026-10-03T00:05:33,paymentservice,1.23046875,0.0011544893429414514,0.0,0.0706,0.0289,0.0246,net_delay_paymentservice_2
2026-10-03T00:05:33,currencyservice,39.94140625,0.020895873364443478,0.0,0.0706,0.0289,0.0246,net_delay_paymentservice_2
2026-10-03T00:05:33,recommendationservice,33.2109375,0.015205159230749485,4.0,0.0706,0.0289,0.0246,net_delay_paymentservice_2
2026-10-03T00:05:33,adservice,98.9140625,0.0034061962082868524,0.0,0.0706,0.0289,0.0246,net_delay_paymentservice_2
2026-10-03T00:05:33,cartservice,55.546875,0.010930465595863888,0.0,0.0706,0.0289,0.0246,net_delay_paymentservice_2
2026-10-03T00:05:38,loadgenerator,65.08203125,0.008187053430998079,0.0,0.2084,0.0925,0.0462,net_delay_paymentservice_2
2026-10-03T00:05:38,redis-cart,6.15625,0.0037879178144390605,0.0,0.2084,0.0925,0.0462,net_delay_paymentservice_2
2026-10-03T00:05:38,shippingservice,11.94921875,0.001966045931532881,0.0,0.2084,0.0925,0.0462,net_delay_paymentservice_2
2026-10-03T00:05:38,emailservice,37.21875,0.00659025245300482,0.0,0.2084,0.0925,0.0462,net_delay_paymentservice_2
2026-10-03T00:05:38,productcatalogservice,13.75,0.011545693011256884,0.0,0.2084,0.0925,0.0462,net_delay_paymentservice_2
2026-10-03T00:05:38,frontend,14.5625,0.03308407257802778,0.0,0.2084,0.0925,0.0462,net_delay_paymentservice_2
2026-10-03T00:05:38,checkoutservice,12.90234375,0.0010406368314793061,0.0,0.2084,0.0925,0.0462,net_delay_paymentservice_2
2026-10-03T00:05:38,currencyservice,39.94140625,0.019688602268862897,0.0,0.2084,0.0925,0.0462,net_delay_paymentservice_2
2026-10-03T00:05:38,recommendationservice,32.23046875,0.015699516160247735,4.0,0.2084,0.0925,0.0462,net_delay_paymentservice_2
2026-10-03T00:05:38,adservice,98.66015625,0.005007434638281607,0.0,0.2084,0.0925,0.0462,net_delay_paymentservice_2
2026-10-03T00:05:38,cartservice,55.546875,0.009045916696317005,0.0,0.2084,0.0925,0.0462,net_delay_paymentservice_2
2026-10-03T00:05:38,paymentservice,1.23046875,0.0008777438163215987,0.0,0.2084,0.0925,0.0462,net_delay_paymentservice_2
2026-10-03T00:05:43,loadgenerator,65.08203125,0.006941846321855671,0.0,0.0793,0.0403,0.0286,net_delay_paymentservice_2
2026-10-03T00:05:43,redis-cart,6.15625,0.003865235834843903,0.0,0.0793,0.0403,0.0286,net_delay_paymentservice_2
2026-10-03T00:05:43,shippingservice,11.94921875,0.001966045931532881,0.0,0.0793,0.0403,0.0286,net_delay_paymentservice_2
2026-10-03T00:05:43,emailservice,37.21875,0.006590252453004819,0.0,0.0793,0.0403,0.0286,net_delay_paymentservice_2
2026-10-03T00:05:43,productcatalogservice,13.75,0.010299189940986957,0.0,0.0793,0.0403,0.0286,net_delay_paymentservice_2
2026-10-03T00:05:43,frontend,14.5625,0.029794124397711046,0.0,0.0793,0.0403,0.0286,net_delay_paymentservice_2
2026-10-03T00:05:43,checkoutservice,12.90234375,0.0009642600062692417,0.0,0.0793,0.0403,0.0286,net_delay_paymentservice_2
2026-10-03T00:05:43,currencyservice,39.94140625,0.017600982227835224,0.0,0.0793,0.0403,0.0286,net_delay_paymentservice_2
2026-10-03T00:05:43,recommendationservice,32.23046875,0.016185710356629957,4.0,0.0793,0.0403,0.0286,net_delay_paymentservice_2
2026-10-03T00:05:43,adservice,98.66015625,0.005007434638281607,0.0,0.0793,0.0403,0.0286,net_delay_paymentservice_2
2026-10-03T00:05:43,cartservice,55.546875,0.008092415747504479,0.0,0.0793,0.0403,0.0286,net_delay_paymentservice_2
2026-10-03T00:05:43,paymentservice,1.23046875,0.0006998333333334254,0.0,0.0793,0.0403,0.0286,net_delay_paymentservice_2
2026-10-03T00:05:48,loadgenerator,64.84765625,0.00800683319413854,0.0,0.041,0.0233,0.0271,net_delay_paymentservice_2
2026-10-03T00:05:48,redis-cart,6.15234375,0.0045003213296400555,0.0,0.041,0.0233,0.0271,net_delay_paymentservice_2
2026-10-03T00:05:48,shippingservice,12.7109375,0.0016793823859974886,0.0,0.041,0.0233,0.0271,net_delay_paymentservice_2
2026-10-03T00:05:48,emailservice,37.21875,0.006495064917859161,0.0,0.041,0.0233,0.0271,net_delay_paymentservice_2
2026-10-03T00:05:48,productcatalogservice,14.23828125,0.014478308763971565,0.0,0.041,0.0233,0.0271,net_delay_paymentservice_2
2026-10-03T00:05:48,frontend,14.23828125,0.03779868431326733,0.0,0.041,0.0233,0.0271,net_delay_paymentservice_2
2026-10-03T00:05:48,checkoutservice,12.88671875,0.0015688038195924858,0.0,0.041,0.0233,0.0271,net_delay_paymentservice_2
2026-10-03T00:05:48,currencyservice,40.02734375,0.022469773662551266,0.0,0.041,0.0233,0.0271,net_delay_paymentservice_2
2026-10-03T00:05:48,recommendationservice,32.23046875,0.013360696935259658,4.0,0.041,0.0233,0.0271,net_delay_paymentservice_2
2026-10-03T00:05:48,adservice,98.66015625,0.005007434638281607,0.0,0.041,0.0233,0.0271,net_delay_paymentservice_2
2026-10-03T00:05:48,cartservice,54.4453125,0.010532024066887191,0.0,0.041,0.0233,0.0271,net_delay_paymentservice_2
2026-10-03T00:05:48,paymentservice,22.046875,0.04625098728641761,0.0,0.041,0.0233,0.0271,net_delay_paymentservice_2
2026-10-03T00:05:54,loadgenerator,64.84765625,0.006423415206387693,0.0,0.0838,0.0365,0.0286,net_delay_paymentservice_2
2026-10-03T00:05:54,redis-cart,6.15234375,0.0045003213296400555,0.0,0.0838,0.0365,0.0286,net_delay_paymentservice_2
2026-10-03T00:05:54,shippingservice,12.7109375,0.0020322826172541855,0.0,0.0838,0.0365,0.0286,net_delay_paymentservice_2
2026-10-03T00:05:54,emailservice,37.21875,0.005094945423732655,0.0,0.0838,0.0365,0.0286,net_delay_paymentservice_2
2026-10-03T00:05:54,productcatalogservice,14.23828125,0.011992443475484164,0.0,0.0838,0.0365,0.0286,net_delay_paymentservice_2
2026-10-03T00:05:54,frontend,14.23828125,0.03829603639728559,0.0,0.0838,0.0365,0.0286,net_delay_paymentservice_2
2026-10-03T00:05:54,checkoutservice,12.88671875,0.0015688038195924858,0.0,0.0838,0.0365,0.0286,net_delay_paymentservice_2
2026-10-03T00:05:54,currencyservice,40.02734375,0.0206404537908136,0.0,0.0838,0.0365,0.0286,net_delay_paymentservice_2
2026-10-03T00:05:54,recommendationservice,32.23046875,0.011955507514464898,4.0,0.0838,0.0365,0.0286,net_delay_paymentservice_2
2026-10-03T00:05:54,adservice,98.66015625,0.00384931503104364,0.0,0.0838,0.0365,0.0286,net_delay_paymentservice_2
2026-10-03T00:05:54,cartservice,54.4453125,0.010532024066887191,0.0,0.0838,0.0365,0.0286,net_delay_paymentservice_2
2026-10-03T00:05:54,paymentservice,22.046875,0.03905828333333333,0.0,0.0838,0.0365,0.0286,net_delay_paymentservice_2
2026-10-03T00:05:59,loadgenerator,65.07421875,0.007925710939687407,0.0,0.0781,0.0473,0.0558,net_delay_paymentservice_2
2026-10-03T00:05:59,redis-cart,6.15234375,0.0036877299559846506,0.0,0.0781,0.0473,0.0558,net_delay_paymentservice_2
2026-10-03T00:05:59,shippingservice,12.7109375,0.001718978025656991,0.0,0.0781,0.0473,0.0558,net_delay_paymentservice_2
2026-10-03T00:05:59,emailservice,36.98046875,0.006342340088399011,0.0,0.0781,0.0473,0.0558,net_delay_paymentservice_2
2026-10-03T00:05:59,productcatalogservice,13.95703125,0.014683474642625252,0.0,0.0781,0.0473,0.0558,net_delay_paymentservice_2
2026-10-03T00:05:59,frontend,14.47265625,0.03614323739149487,0.0,0.0781,0.0473,0.0558,net_delay_paymentservice_2
2026-10-03T00:05:59,checkoutservice,13.390625,0.001504683059434104,0.0,0.0781,0.0473,0.0558,net_delay_paymentservice_2
2026-10-03T00:05:59,currencyservice,40.02734375,0.016567748250322898,0.0,0.0781,0.0473,0.0558,net_delay_paymentservice_2
2026-10-03T00:05:59,recommendationservice,32.484375,0.012816010803165336,4.0,0.0781,0.0473,0.0558,net_delay_paymentservice_2
2026-10-03T00:05:59,adservice,97.92578125,0.0051001081019570425,0.0,0.0781,0.0473,0.0558,net_delay_paymentservice_2
2026-10-03T00:05:59,cartservice,54.71875,0.009985738733599541,0.0,0.0781,0.0473,0.0558,net_delay_paymentservice_2
2026-10-03T00:05:59,paymentservice,22.15625,0.036465504596100276,0.0,0.0781,0.0473,0.0558,net_delay_paymentservice_2
2026-10-03T00:06:04,loadgenerator,65.07421875,0.0064309879040535265,0.0,0.0951,0.0498,0.0286,net_delay_paymentservice_2
2026-10-03T00:06:04,redis-cart,6.15234375,0.0033029924905468864,0.0,0.0951,0.0498,0.0286,net_delay_paymentservice_2
2026-10-03T00:06:04,shippingservice,12.7109375,0.0015419662096941514,0.0,0.0951,0.0498,0.0286,net_delay_paymentservice_2
2026-10-03T00:06:04,emailservice,36.98046875,0.005451011574978178,0.0,0.0951,0.0498,0.0286,net_delay_paymentservice_2
2026-10-03T00:06:04,productcatalogservice,13.95703125,0.014683474642625252,0.0,0.0951,0.0498,0.0286,net_delay_paymentservice_2
2026-10-03T00:06:04,frontend,14.47265625,0.03663564372169621,0.0,0.0951,0.0498,0.0286,net_delay_paymentservice_2
2026-10-03T00:06:04,checkoutservice,13.390625,0.001504683059434104,0.0,0.0951,0.0498,0.0286,net_delay_paymentservice_2
2026-10-03T00:06:04,currencyservice,40.02734375,0.014358098120492997,0.0,0.0951,0.0498,0.0286,net_delay_paymentservice_2
2026-10-03T00:06:04,recommendationservice,32.484375,0.013077851427646864,4.0,0.0951,0.0498,0.0286,net_delay_paymentservice_2
2026-10-03T00:06:04,adservice,97.92578125,0.0051001081019570425,0.0,0.0951,0.0498,0.0286,net_delay_paymentservice_2
2026-10-03T00:06:04,cartservice,54.71875,0.0092702483951996,0.0,0.0951,0.0498,0.0286,net_delay_paymentservice_2
2026-10-03T00:06:04,paymentservice,22.15625,0.03312417916666667,0.0,0.0951,0.0498,0.0286,net_delay_paymentservice_2
2026-10-03T00:06:09,loadgenerator,65.3515625,0.006021932868617034,0.0,0.076,0.0504,0.0395,net_delay_paymentservice_2
2026-10-03T00:06:09,redis-cart,6.66796875,0.004446808510638052,0.0,0.076,0.0504,0.0395,net_delay_paymentservice_2
2026-10-03T00:06:09,shippingservice,12.7265625,0.0018953986779593102,0.0,0.076,0.0504,0.0395,net_delay_paymentservice_2
2026-10-03T00:06:09,emailservice,36.98046875,0.005309517612315828,0.0,0.076,0.0504,0.0395,net_delay_paymentservice_2
2026-10-03T00:06:09,productcatalogservice,13.95703125,0.012072470361959574,0.0,0.076,0.0504,0.0395,net_delay_paymentservice_2
2026-10-03T00:06:09,frontend,14.24609375,0.03380852988957297,0.0,0.076,0.0504,0.0395,net_delay_paymentservice_2
2026-10-03T00:06:09,checkoutservice,13.390625,0.0012676495011464167,0.0,0.076,0.0504,0.0395,net_delay_paymentservice_2
2026-10-03T00:06:09,currencyservice,38.89453125,0.01784647314463984,0.0,0.076,0.0504,0.0395,net_delay_paymentservice_2
2026-10-03T00:06:09,recommendationservice,32.22265625,0.01472880525335687,4.0,0.076,0.0504,0.0395,net_delay_paymentservice_2
2026-10-03T00:06:09,adservice,97.92578125,0.0038778671953230365,0.0,0.076,0.0504,0.0395,net_delay_paymentservice_2
2026-10-03T00:06:09,cartservice,54.71875,0.0092702483951996,0.0,0.076,0.0504,0.0395,net_delay_paymentservice_2
2026-10-03T00:06:09,paymentservice,23.01171875,0.031262448585060484,0.0,0.076,0.0504,0.0395,net_delay_paymentservice_2
2026-10-03T00:06:14,loadgenerator,65.3515625,0.0059890889802062496,0.0,0.0753,0.0303,0.028,net_delay_paymentservice_2
2026-10-03T00:06:14,redis-cart,6.66796875,0.0043343760862010515,0.0,0.0753,0.0303,0.028,net_delay_paymentservice_2
2026-10-03T00:06:14,shippingservice,12.7265625,0.0016128157950608874,0.0,0.0753,0.0303,0.028,net_delay_paymentservice_2
2026-10-03T00:06:14,emailservice,36.98046875,0.00474820044497001,0.0,0.0753,0.0303,0.028,net_delay_paymentservice_2
2026-10-03T00:06:14,productcatalogservice,13.95703125,0.010765941233947696,0.0,0.0753,0.0303,0.028,net_delay_paymentservice_2
2026-10-03T00:06:14,frontend,14.24609375,0.03380852988957297,0.0,0.0753,0.0303,0.028,net_delay_paymentservice_2
2026-10-03T00:06:14,checkoutservice,13.390625,0.0011918459279209798,0.0,0.0753,0.0303,0.028,net_delay_paymentservice_2
2026-10-03T00:06:14,currencyservice,38.89453125,0.01784647314463984,0.0,0.0753,0.0303,0.028,net_delay_paymentservice_2
2026-10-03T00:06:14,recommendationservice,32.22265625,0.012283332621124516,4.0,0.0753,0.0303,0.028,net_delay_paymentservice_2
2026-10-03T00:06:14,adservice,97.92578125,0.0033921049710422297,0.0,0.0753,0.0303,0.028,net_delay_paymentservice_2
2026-10-03T00:06:14,cartservice,54.71875,0.0092702483951996,0.0,0.0753,0.0303,0.028,net_delay_paymentservice_2
2026-10-03T00:06:14,paymentservice,23.01171875,0.03452648024408207,0.0,0.0753,0.0303,0.028,net_delay_paymentservice_2
2026-10-03T00:06:20,loadgenerator,65.3515625,0.005350233851118501,0.0,0.144,0.0878,0.095,net_delay_paymentservice_2
2026-10-03T00:06:20,redis-cart,6.66796875,0.003521030413625424,0.0,0.144,0.0878,0.095,net_delay_paymentservice_2
2026-10-03T00:06:20,shippingservice,12.7265625,0.0014426089937801417,0.0,0.144,0.0878,0.095,net_delay_paymentservice_2
2026-10-03T00:06:20,emailservice,36.9765625,0.006348402760605303,0.0,0.144,0.0878,0.095,net_delay_paymentservice_2
2026-10-03T00:06:20,productcatalogservice,14.046875,0.01379153557292233,0.0,0.144,0.0878,0.095,net_delay_paymentservice_2
2026-10-03T00:06:20,frontend,14.80078125,0.028644832106483314,0.0,0.144,0.0878,0.095,net_delay_paymentservice_2
2026-10-03T00:06:20,checkoutservice,12.69921875,0.0013682127659574888,0.0,0.144,0.0878,0.095,net_delay_paymentservice_2
2026-10-03T00:06:20,currencyservice,39.1875,0.011289999397269738,0.0,0.144,0.0878,0.095,net_delay_paymentservice_2
2026-10-03T00:06:20,recommendationservice,32.72265625,0.0135138050694023,4.0,0.144,0.0878,0.095,net_delay_paymentservice_2
2026-10-03T00:06:20,adservice,98.16796875,0.004118618866677688,0.0,0.144,0.0878,0.095,net_delay_paymentservice_2
2026-10-03T00:06:20,cartservice,54.19140625,0.0065111745285068405,0.0,0.144,0.0878,0.095,net_delay_paymentservice_2
2026-10-03T00:06:20,paymentservice,23.01171875,0.03173931113225849,0.0,0.144,0.0878,0.095,net_delay_paymentservice_2
2026-10-03T00:06:25,loadgenerator,65.3515625,0.006445843112154277,0.0,0.0658,0.0501,0.0351,net_delay_paymentservice_2
2026-10-03T00:06:25,redis-cart,6.66796875,0.004352396956001361,0.0,0.0658,0.0501,0.0351,net_delay_paymentservice_2
2026-10-03T00:06:25,shippingservice,12.7265625,0.0017505841810843996,0.0,0.0658,0.0501,0.0351,net_delay_paymentservice_2
2026-10-03T00:06:25,emailservice,36.9765625,0.006118828643330737,0.0,0.0658,0.0501,0.0351,net_delay_paymentservice_2
2026-10-03T00:06:25,productcatalogservice,14.046875,0.0119029692107257,0.0,0.0658,0.0501,0.0351,net_delay_paymentservice_2
2026-10-03T00:06:25,frontend,14.80078125,0.0200385701759613,0.0,0.0658,0.0501,0.0351,net_delay_paymentservice_2
2026-10-03T00:06:25,checkoutservice,12.69921875,0.0007637915044790757,0.0,0.0658,0.0501,0.0351,net_delay_paymentservice_2
2026-10-03T00:06:25,currencyservice,39.1875,0.013669797169503966,0.0,0.0658,0.0501,0.0351,net_delay_paymentservice_2
2026-10-03T00:06:25,recommendationservice,32.72265625,0.011493040751357677,4.0,0.0658,0.0501,0.0351,net_delay_paymentservice_2
2026-10-03T00:06:25,adservice,98.16796875,0.0038566758395232764,0.0,0.0658,0.0501,0.0351,net_delay_paymentservice_2
2026-10-03T00:06:25,cartservice,54.19140625,0.008209802983516706,0.0,0.0658,0.0501,0.0351,net_delay_paymentservice_2
2026-10-03T00:06:25,paymentservice,23.01171875,0.0018860928064656838,0.0,0.0658,0.0501,0.0351,net_delay_paymentservice_2
2026-10-03T00:06:30,loadgenerator,64.828125,0.006445843112154277,0.0,0.0939,0.0885,0.0186,net_delay_paymentservice_2
2026-10-03T00:06:30,redis-cart,6.15234375,0.004441969718409666,0.0,0.0939,0.0885,0.0186,net_delay_paymentservice_2
2026-10-03T00:06:30,shippingservice,12.25390625,0.0017505841810843998,0.0,0.0939,0.0885,0.0186,net_delay_paymentservice_2
2026-10-03T00:06:30,emailservice,36.73046875,0.006118828643330737,0.0,0.0939,0.0885,0.0186,net_delay_paymentservice_2
2026-10-03T00:06:30,productcatalogservice,14.2265625,0.0119029692107257,0.0,0.0939,0.0885,0.0186,net_delay_paymentservice_2
2026-10-03T00:06:30,frontend,14.80078125,0.01995645945986176,0.0,0.0939,0.0885,0.0186,net_delay_paymentservice_2
2026-10-03T00:06:30,checkoutservice,12.69921875,0.0007032230390850238,0.0,0.0939,0.0885,0.0186,net_delay_paymentservice_2
2026-10-03T00:06:30,currencyservice,39.1875,0.01046844458738255,0.0,0.0939,0.0885,0.0186,net_delay_paymentservice_2
2026-10-03T00:06:30,recommendationservice,32.72265625,0.007242074999999915,4.0,0.0939,0.0885,0.0186,net_delay_paymentservice_2
2026-10-03T00:06:30,adservice,98.41796875,0.0032098567154780506,0.0,0.0939,0.0885,0.0186,net_delay_paymentservice_2
2026-10-03T00:06:30,cartservice,54.73828125,0.008209802983516706,0.0,0.0939,0.0885,0.0186,net_delay_paymentservice_2
2026-10-03T00:06:30,paymentservice,22.8125,0.0018860928064656838,0.0,0.0939,0.0885,0.0186,net_delay_paymentservice_2
2026-10-03T00:06:36,loadgenerator,64.83203125,0.005456410786238691,0.0,0.0932,0.0234,0.0498,net_delay_paymentservice_2
2026-10-03T00:06:36,redis-cart,5.91015625,0.004382624663965492,0.0,0.0932,0.0234,0.0498,net_delay_paymentservice_2
2026-10-03T00:06:36,shippingservice,12.5390625,0.001606224379966508,0.0,0.0932,0.0234,0.0498,net_delay_paymentservice_2
2026-10-03T00:06:36,emailservice,36.7265625,0.005382415356646399,0.0,0.0932,0.0234,0.0498,net_delay_paymentservice_2
2026-10-03T00:06:36,productcatalogservice,14.22265625,0.010429527741809677,0.0,0.0932,0.0234,0.0498,net_delay_paymentservice_2
2026-10-03T00:06:36,frontend,14.41796875,0.024563425063041995,0.0,0.0932,0.0234,0.0498,net_delay_paymentservice_2
2026-10-03T00:06:36,checkoutservice,12.73828125,0.0010369491598541819,0.0,0.0932,0.0234,0.0498,net_delay_paymentservice_2
2026-10-03T00:06:36,currencyservice,39.16015625,0.01346788261667017,0.0,0.0932,0.0234,0.0498,net_delay_paymentservice_2
2026-10-03T00:06:36,recommendationservice,32.49609375,0.012736930094815153,4.0,0.0932,0.0234,0.0498,net_delay_paymentservice_2
2026-10-03T00:06:36,adservice,98.41796875,0.002687118174959469,0.0,0.0932,0.0234,0.0498,net_delay_paymentservice_2
2026-10-03T00:06:36,cartservice,54.73828125,0.008209802983516706,0.0,0.0932,0.0234,0.0498,net_delay_paymentservice_2
2026-10-03T00:06:36,paymentservice,22.8125,0.0018860928064656833,0.0,0.0932,0.0234,0.0498,net_delay_paymentservice_2
2026-10-03T00:06:41,loadgenerator,64.83203125,0.0054564107862386906,0.0,0.0886,0.0225,0.0213,net_delay_paymentservice_2
2026-10-03T00:06:41,redis-cart,5.91015625,0.004382624663965493,0.0,0.0886,0.0225,0.0213,net_delay_paymentservice_2
2026-10-03T00:06:41,shippingservice,12.5390625,0.001606224379966508,0.0,0.0886,0.0225,0.0213,net_delay_paymentservice_2
2026-10-03T00:06:41,emailservice,36.7265625,0.006289072506719237,0.0,0.0886,0.0225,0.0213,net_delay_paymentservice_2
2026-10-03T00:06:41,productcatalogservice,14.22265625,0.010429527741809677,0.0,0.0886,0.0225,0.0213,net_delay_paymentservice_2
2026-10-03T00:06:41,frontend,14.41796875,0.02104988297678491,0.0,0.0886,0.0225,0.0213,net_delay_paymentservice_2
2026-10-03T00:06:41,checkoutservice,12.73828125,0.001036949159854182,0.0,0.0886,0.0225,0.0213,net_delay_paymentservice_2
2026-10-03T00:06:41,currencyservice,39.16015625,0.012269083726264922,0.0,0.0886,0.0225,0.0213,net_delay_paymentservice_2
2026-10-03T00:06:41,recommendationservice,32.49609375,0.012736930094815151,4.0,0.0886,0.0225,0.0213,net_delay_paymentservice_2
2026-10-03T00:06:41,adservice,98.41796875,0.002409786554742165,0.0,0.0886,0.0225,0.0213,net_delay_paymentservice_2
2026-10-03T00:06:41,cartservice,54.73828125,0.007965008656279107,0.0,0.0886,0.0225,0.0213,net_delay_paymentservice_2
2026-10-03T00:06:41,paymentservice,22.8125,0.001611113386724066,0.0,0.0886,0.0225,0.0213,net_delay_paymentservice_2
2026-10-03T00:06:46,loadgenerator,64.83203125,0.0054564107862386906,0.0,0.0746,0.0514,0.0304,net_delay_paymentservice_2
2026-10-03T00:06:46,redis-cart,5.91015625,0.004325157612919625,0.0,0.0746,0.0514,0.0304,net_delay_paymentservice_2
2026-10-03T00:06:46,shippingservice,12.0390625,0.001469793082615696,0.0,0.0746,0.0514,0.0304,net_delay_paymentservice_2
2026-10-03T00:06:46,emailservice,37.234375,0.006243313715264892,0.0,0.0746,0.0514,0.0304,net_delay_paymentservice_2
2026-10-03T00:06:46,productcatalogservice,13.9609375,0.010462119073163936,0.0,0.0746,0.0514,0.0304,net_delay_paymentservice_2
2026-10-03T00:06:46,frontend,14.57421875,0.023032757486998113,0.0,0.0746,0.0514,0.0304,net_delay_paymentservice_2
2026-10-03T00:06:46,checkoutservice,13.5,0.0013205228489089945,0.0,0.0746,0.0514,0.0304,net_delay_paymentservice_2
2026-10-03T00:06:46,currencyservice,39.16015625,0.009991532817212611,0.0,0.0746,0.0514,0.0304,net_delay_paymentservice_2
2026-10-03T00:06:46,recommendationservice,32.71875,0.012181838724817167,4.0,0.0746,0.0514,0.0304,net_delay_paymentservice_2
2026-10-03T00:06:46,adservice,98.14453125,0.0034185203428233816,0.0,0.0746,0.0514,0.0304,net_delay_paymentservice_2
2026-10-03T00:06:46,cartservice,54.6875,0.007763714833021729,0.0,0.0746,0.0514,0.0304,net_delay_paymentservice_2
2026-10-03T00:06:46,paymentservice,22.8671875,0.0017436098227014449,0.0,0.0746,0.0514,0.0304,net_delay_paymentservice_2
2026-10-03T00:06:51,loadgenerator,64.83203125,0.0050780932490409976,0.0,0.0575,0.0672,0.0828,net_delay_paymentservice_2
2026-10-03T00:06:51,redis-cart,5.91015625,0.004325157612919625,0.0,0.0575,0.0672,0.0828,net_delay_paymentservice_2
2026-10-03T00:06:51,shippingservice,12.0390625,0.001469793082615696,0.0,0.0575,0.0672,0.0828,net_delay_paymentservice_2
2026-10-03T00:06:51,emailservice,37.234375,0.0054928253824422565,0.0,0.0575,0.0672,0.0828,net_delay_paymentservice_2
2026-10-03T00:06:51,productcatalogservice,13.9609375,0.008357182676540325,0.0,0.0575,0.0672,0.0828,net_delay_paymentservice_2
2026-10-03T00:06:51,frontend,14.57421875,0.023032757486998113,0.0,0.0575,0.0672,0.0828,net_delay_paymentservice_2
2026-10-03T00:06:51,checkoutservice,13.5,0.0013205228489089945,0.0,0.0575,0.0672,0.0828,net_delay_paymentservice_2
2026-10-03T00:06:51,currencyservice,39.16015625,0.008906536846353251,0.0,0.0575,0.0672,0.0828,net_delay_paymentservice_2
2026-10-03T00:06:51,recommendationservice,32.71875,0.012122999103598379,4.0,0.0575,0.0672,0.0828,net_delay_paymentservice_2
2026-10-03T00:06:51,adservice,98.14453125,0.0034951471963368414,0.0,0.0575,0.0672,0.0828,net_delay_paymentservice_2
2026-10-03T00:06:51,cartservice,54.6875,0.007763714833021729,0.0,0.0575,0.0672,0.0828,net_delay_paymentservice_2
2026-10-03T00:06:51,paymentservice,22.8671875,0.001213400210892305,0.0,0.0575,0.0672,0.0828,net_delay_paymentservice_2
2026-10-03T00:06:57,loadgenerator,65.14453125,0.00579100830416797,0.0,0.0655,0.0819,0.0386,net_delay_paymentservice_2
2026-10-03T00:06:57,redis-cart,5.65625,0.004346917961897673,0.0,0.0655,0.0819,0.0386,net_delay_paymentservice_2
2026-10-03T00:06:57,shippingservice,12.0390625,0.0011964605623519305,0.0,0.0655,0.0819,0.0386,net_delay_paymentservice_2
2026-10-03T00:06:57,emailservice,37.234375,0.006319443730399194,0.0,0.0655,0.0819,0.0386,net_delay_paymentservice_2
2026-10-03T00:06:57,productcatalogservice,13.9609375,0.008316704340889951,0.0,0.0655,0.0819,0.0386,net_delay_paymentservice_2
2026-10-03T00:06:57,frontend,14.57421875,0.022767951163678364,0.0,0.0655,0.0819,0.0386,net_delay_paymentservice_2
2026-10-03T00:06:57,checkoutservice,13.5,0.0014663028820521987,0.0,0.0655,0.0819,0.0386,net_delay_paymentservice_2
2026-10-03T00:06:57,currencyservice,39.0625,0.012632134861056264,0.0,0.0655,0.0819,0.0386,net_delay_paymentservice_2
2026-10-03T00:06:57,recommendationservice,32.71875,0.012122999103598379,4.0,0.0655,0.0819,0.0386,net_delay_paymentservice_2
2026-10-03T00:06:57,adservice,98.14453125,0.0027993362051127665,0.0,0.0655,0.0819,0.0386,net_delay_paymentservice_2
2026-10-03T00:06:57,cartservice,54.5234375,0.007703756201275684,0.0,0.0655,0.0819,0.0386,net_delay_paymentservice_2
2026-10-03T00:06:57,paymentservice,22.90625,0.0013217855763868053,0.0,0.0655,0.0819,0.0386,net_delay_paymentservice_2
2026-10-03T00:07:02,loadgenerator,65.14453125,0.006203085088736944,0.0,0.0695,0.029,0.0256,net_delay_paymentservice_2
2026-10-03T00:07:02,redis-cart,5.65625,0.004324364300100263,0.0,0.0695,0.029,0.0256,net_delay_paymentservice_2
2026-10-03T00:07:02,shippingservice,12.0390625,0.0008651999999997884,0.0,0.0695,0.029,0.0256,net_delay_paymentservice_2
2026-10-03T00:07:02,emailservice,37.234375,0.005186753657766587,0.0,0.0695,0.029,0.0256,net_delay_paymentservice_2
2026-10-03T00:07:02,productcatalogservice,13.9609375,0.007483551826007458,0.0,0.0695,0.029,0.0256,net_delay_paymentservice_2
2026-10-03T00:07:02,frontend,14.57421875,0.0179329870011449,0.0,0.0695,0.029,0.0256,net_delay_paymentservice_2
2026-10-03T00:07:02,checkoutservice,13.5,0.0011691749317903463,0.0,0.0695,0.029,0.0256,net_delay_paymentservice_2
2026-10-03T00:07:02,currencyservice,39.0625,0.012632134861056264,0.0,0.0695,0.029,0.0256,net_delay_paymentservice_2
2026-10-03T00:07:02,recommendationservice,32.71875,0.011722676855521943,4.0,0.0695,0.029,0.0256,net_delay_paymentservice_2
2026-10-03T00:07:02,adservice,98.14453125,0.002494792379405283,0.0,0.0695,0.029,0.0256,net_delay_paymentservice_2
2026-10-03T00:07:02,cartservice,54.5234375,0.007703756201275684,0.0,0.0695,0.029,0.0256,net_delay_paymentservice_2
2026-10-03T00:07:02,paymentservice,22.90625,0.0013217855763868053,0.0,0.0695,0.029,0.0256,net_delay_paymentservice_2
2026-10-03T00:07:07,loadgenerator,65.3359375,0.006280091903161671,0.0,0.0823,0.0361,0.0527,net_delay_paymentservice_2
2026-10-03T00:07:07,redis-cart,6.15234375,0.004410973886888694,0.0,0.0823,0.0361,0.0527,net_delay_paymentservice_2
2026-10-03T00:07:07,shippingservice,11.8671875,0.0016078450918332423,0.0,0.0823,0.0361,0.0527,net_delay_paymentservice_2
2026-10-03T00:07:07,emailservice,36.7265625,0.006166443850267499,0.0,0.0823,0.0361,0.0527,net_delay_paymentservice_2
2026-10-03T00:07:07,productcatalogservice,13.4921875,0.010420883092393805,0.0,0.0823,0.0361,0.0527,net_delay_paymentservice_2
2026-10-03T00:07:07,frontend,15.05859375,0.024722676562352715,0.0,0.0823,0.0361,0.0527,net_delay_paymentservice_2
2026-10-03T00:07:07,checkoutservice,13.0625,0.001369768832203999,0.0,0.0823,0.0361,0.0527,net_delay_paymentservice_2
2026-10-03T00:07:07,currencyservice,39.0625,0.012632134861056264,0.0,0.0823,0.0361,0.0527,net_delay_paymentservice_2
2026-10-03T00:07:07,recommendationservice,32.4765625,0.012256617675724375,4.0,0.0823,0.0361,0.0527,net_delay_paymentservice_2
2026-10-03T00:07:07,adservice,98.74609375,0.003776835211303852,0.0,0.0823,0.0361,0.0527,net_delay_paymentservice_2
2026-10-03T00:07:07,cartservice,55.41015625,0.008029797197779388,0.0,0.0823,0.0361,0.0527,net_delay_paymentservice_2
2026-10-03T00:07:07,paymentservice,23.03515625,0.0014783844496401254,0.0,0.0823,0.0361,0.0527,net_delay_paymentservice_2
2026-10-03T00:07:12,loadgenerator,65.3359375,0.006280091903161671,0.0,0.0752,0.0538,0.0942,net_delay_paymentservice_2
2026-10-03T00:07:12,redis-cart,6.15234375,0.004410973886888692,0.0,0.0752,0.0538,0.0942,net_delay_paymentservice_2
2026-10-03T00:07:12,shippingservice,11.8671875,0.0013339710116212805,0.0,0.0752,0.0538,0.0942,net_delay_paymentservice_2
2026-10-03T00:07:12,emailservice,36.7265625,0.005302936163101707,0.0,0.0752,0.0538,0.0942,net_delay_paymentservice_2
2026-10-03T00:07:12,productcatalogservice,13.4921875,0.008948933355593179,0.0,0.0752,0.0538,0.0942,net_delay_paymentservice_2
2026-10-03T00:07:12,frontend,15.05859375,0.021170165288545754,0.0,0.0752,0.0538,0.0942,net_delay_paymentservice_2
2026-10-03T00:07:12,checkoutservice,13.0625,0.001446197183098528,0.0,0.0752,0.0538,0.0942,net_delay_paymentservice_2
2026-10-03T00:07:12,currencyservice,39.0625,0.008928087270589606,0.0,0.0752,0.0538,0.0942,net_delay_paymentservice_2
2026-10-03T00:07:12,recommendationservice,32.4765625,0.012078271504280572,4.0,0.0752,0.0538,0.0942,net_delay_paymentservice_2
2026-10-03T00:07:12,adservice,98.74609375,0.003776835211303852,0.0,0.0752,0.0538,0.0942,net_delay_paymentservice_2
2026-10-03T00:07:12,cartservice,55.41015625,0.007868175840165675,0.0,0.0752,0.0538,0.0942,net_delay_paymentservice_2
2026-10-03T00:07:12,paymentservice,23.03515625,0.0014783844496401254,0.0,0.0752,0.0538,0.0942,net_delay_paymentservice_2
2026-10-03T00:07:18,loadgenerator,65.3359375,0.005876737029465552,0.0,0.0746,0.0485,0.0314,net_delay_paymentservice_2
2026-10-03T00:07:18,redis-cart,6.15234375,0.0029759500000004382,0.0,0.0746,0.0485,0.0314,net_delay_paymentservice_2
2026-10-03T00:07:18,shippingservice,12.1171875,0.001569743204935838,0.0,0.0746,0.0485,0.0314,net_delay_paymentservice_2
2026-10-03T00:07:18,emailservice,36.98046875,0.0060250509601966085,0.0,0.0746,0.0485,0.0314,net_delay_paymentservice_2
2026-10-03T00:07:18,productcatalogservice,13.2109375,0.010149440288218629,0.0,0.0746,0.0485,0.0314,net_delay_paymentservice_2
2026-10-03T00:07:18,frontend,15.05859375,0.018910418995226226,0.0,0.0746,0.0485,0.0314,net_delay_paymentservice_2
2026-10-03T00:07:18,checkoutservice,12.8125,0.0012553399214191858,0.0,0.0746,0.0485,0.0314,net_delay_paymentservice_2
2026-10-03T00:07:18,currencyservice,39.00390625,0.012089393189338242,0.0,0.0746,0.0485,0.0314,net_delay_paymentservice_2
2026-10-03T00:07:18,recommendationservice,32.7265625,0.01192684203015737,4.0,0.0746,0.0485,0.0314,net_delay_paymentservice_2
2026-10-03T00:07:18,adservice,99.0625,0.003606605490953571,0.0,0.0746,0.0485,0.0314,net_delay_paymentservice_2
2026-10-03T00:07:18,cartservice,55.41015625,0.006429239471307375,0.0,0.0746,0.0485,0.0314,net_delay_paymentservice_2
2026-10-03T00:07:18,paymentservice,23.046875,0.0014941128779642928,0.0,0.0746,0.0485,0.0314,net_delay_paymentservice_2
2026-10-03T00:07:23,loadgenerator,65.3359375,0.005704737245384083,0.0,0.1069,0.032,0.0492,net_delay_paymentservice_2
2026-10-03T00:07:23,redis-cart,6.15234375,0.00337247653983155,0.0,0.1069,0.032,0.0492,net_delay_paymentservice_2
2026-10-03T00:07:23,shippingservice,12.1171875,0.001569743204935838,0.0,0.1069,0.032,0.0492,net_delay_paymentservice_2
2026-10-03T00:07:23,emailservice,36.98046875,0.0051573432044122935,0.0,0.1069,0.032,0.0492,net_delay_paymentservice_2
2026-10-03T00:07:23,productcatalogservice,13.2109375,0.010061518958164704,0.0,0.1069,0.032,0.0492,net_delay_paymentservice_2
2026-10-03T00:07:23,frontend,15.05859375,0.016778039958906175,0.0,0.1069,0.032,0.0492,net_delay_paymentservice_2
2026-10-03T00:07:23,checkoutservice,12.8125,0.0012553399214191858,0.0,0.1069,0.032,0.0492,net_delay_paymentservice_2
2026-10-03T00:07:23,currencyservice,39.00390625,0.012089393189338242,0.0,0.1069,0.032,0.0492,net_delay_paymentservice_2
2026-10-03T00:07:23,recommendationservice,32.7265625,0.01192684203015737,4.0,0.1069,0.032,0.0492,net_delay_paymentservice_2
2026-10-03T00:07:23,adservice,99.0625,0.0035189757133834544,0.0,0.1069,0.032,0.0492,net_delay_paymentservice_2
2026-10-03T00:07:23,cartservice,55.41015625,0.005739593858916855,0.0,0.1069,0.032,0.0492,net_delay_paymentservice_2
2026-10-03T00:07:23,paymentservice,23.046875,0.0013713970244753203,0.0,0.1069,0.032,0.0492,net_delay_paymentservice_2
2026-10-03T00:07:28,loadgenerator,65.0859375,0.00714187873210175,0.0,0.0777,0.0591,0.0415,net_delay_paymentservice_2
2026-10-03T00:07:28,redis-cart,6.40234375,0.004498081966147413,0.0,0.0777,0.0591,0.0415,net_delay_paymentservice_2
2026-10-03T00:07:28,shippingservice,12.1171875,0.0016547061594302916,0.0,0.0777,0.0591,0.0415,net_delay_paymentservice_2
2026-10-03T00:07:28,emailservice,37.23828125,0.006053067131776595,0.0,0.0777,0.0591,0.0415,net_delay_paymentservice_2
2026-10-03T00:07:28,productcatalogservice,14.1796875,0.010406913461002377,0.0,0.0777,0.0591,0.0415,net_delay_paymentservice_2
2026-10-03T00:07:28,frontend,13.9375,0.022601700963482168,0.0,0.0777,0.0591,0.0415,net_delay_paymentservice_2
2026-10-03T00:07:28,checkoutservice,12.73046875,0.0013429124959638324,0.0,0.0777,0.0591,0.0415,net_delay_paymentservice_2
2026-10-03T00:07:28,currencyservice,39.1171875,0.01512927381436083,0.0,0.0777,0.0591,0.0415,net_delay_paymentservice_2
2026-10-03T00:07:28,recommendationservice,32.4765625,0.012487690678359755,4.0,0.0777,0.0591,0.0415,net_delay_paymentservice_2
2026-10-03T00:07:28,adservice,99.0625,0.003518975713383454,0.0,0.0777,0.0591,0.0415,net_delay_paymentservice_2
2026-10-03T00:07:28,cartservice,54.6328125,0.0076594124607707635,0.0,0.0777,0.0591,0.0415,net_delay_paymentservice_2
2026-10-03T00:07:28,paymentservice,23.046875,0.0014239132340207877,0.0,0.0777,0.0591,0.0415,net_delay_paymentservice_2
2026-10-03T00:07:33,loadgenerator,65.0859375,0.00714187873210175,0.0,0.074,0.0339,0.0769,net_delay_paymentservice_2
2026-10-03T00:07:33,redis-cart,6.40234375,0.004498081966147413,0.0,0.074,0.0339,0.0769,net_delay_paymentservice_2
2026-10-03T00:07:33,shippingservice,12.1171875,0.0016547061594302916,0.0,0.074,0.0339,0.0769,net_delay_paymentservice_2
2026-10-03T00:07:33,emailservice,37.23828125,0.006032634498613286,0.0,0.074,0.0339,0.0769,net_delay_paymentservice_2
2026-10-03T00:07:33,productcatalogservice,14.1796875,0.010358708964722668,0.0,0.074,0.0339,0.0769,net_delay_paymentservice_2
2026-10-03T00:07:33,frontend,13.9375,0.022601700963482168,0.0,0.074,0.0339,0.0769,net_delay_paymentservice_2
2026-10-03T00:07:33,checkoutservice,12.73046875,0.0013429124959638324,0.0,0.074,0.0339,0.0769,net_delay_paymentservice_2
2026-10-03T00:07:33,currencyservice,39.1171875,0.015129273814360827,0.0,0.074,0.0339,0.0769,net_delay_paymentservice_2
2026-10-03T00:07:33,recommendationservice,32.4765625,0.013222204753295047,4.0,0.074,0.0339,0.0769,net_delay_paymentservice_2
2026-10-03T00:07:33,adservice,99.0625,0.0027621906614227307,0.0,0.074,0.0339,0.0769,net_delay_paymentservice_2
2026-10-03T00:07:33,cartservice,54.6328125,0.0064118218277855535,0.0,0.074,0.0339,0.0769,net_delay_paymentservice_2
2026-10-03T00:07:33,paymentservice,23.046875,0.0012811789605615494,0.0,0.074,0.0339,0.0769,net_delay_paymentservice_2
2026-10-03T00:07:39,loadgenerator,65.69921875,0.006611698612029753,0.0,0.1079,0.0428,0.0323,net_delay_paymentservice_2
2026-10-03T00:07:39,redis-cart,6.40234375,0.003803305119511112,0.0,0.1079,0.0428,0.0323,net_delay_paymentservice_2
2026-10-03T00:07:39,shippingservice,11.875,0.0017635598385008367,0.0,0.1079,0.0428,0.0323,net_delay_paymentservice_2
2026-10-03T00:07:39,emailservice,37.23828125,0.006032634498613286,0.0,0.1079,0.0428,0.0323,net_delay_paymentservice_2
2026-10-03T00:07:39,productcatalogservice,14.1796875,0.010358708964722668,0.0,0.1079,0.0428,0.0323,net_delay_paymentservice_2
2026-10-03T00:07:39,frontend,14.44140625,0.02328075497135171,0.0,0.1079,0.0428,0.0323,net_delay_paymentservice_2
2026-10-03T00:07:39,checkoutservice,12.97265625,0.0013923298286531106,0.0,0.1079,0.0428,0.0323,net_delay_paymentservice_2
2026-10-03T00:07:39,currencyservice,38.62109375,0.014105572619569715,0.0,0.1079,0.0428,0.0323,net_delay_paymentservice_2
2026-10-03T00:07:39,recommendationservice,32.484375,0.013117871857646046,4.0,0.1079,0.0428,0.0323,net_delay_paymentservice_2
2026-10-03T00:07:39,adservice,98.0234375,0.0025086986031062886,0.0,0.1079,0.0428,0.0323,net_delay_paymentservice_2
2026-10-03T00:07:39,cartservice,54.6328125,0.005975311460418999,0.0,0.1079,0.0428,0.0323,net_delay_paymentservice_2
2026-10-03T00:07:39,paymentservice,23.0625,0.001555000384349295,0.0,0.1079,0.0428,0.0323,net_delay_paymentservice_2
2026-10-03T00:07:44,loadgenerator,65.69921875,0.006611698612029753,0.0,0.0725,0.0314,0.0242,net_delay_paymentservice_2
2026-10-03T00:07:44,redis-cart,6.40234375,0.003408893899912129,0.0,0.0725,0.0314,0.0242,net_delay_paymentservice_2
2026-10-03T00:07:44,shippingservice,11.875,0.0017474843205575175,0.0,0.0725,0.0314,0.0242,net_delay_paymentservice_2
2026-10-03T00:07:44,emailservice,37.23828125,0.0047733052897097105,0.0,0.0725,0.0314,0.0242,net_delay_paymentservice_2
2026-10-03T00:07:44,productcatalogservice,14.1796875,0.008175161476416401,0.0,0.0725,0.0314,0.0242,net_delay_paymentservice_2
2026-10-03T00:07:44,frontend,14.44140625,0.02220113548671727,0.0,0.0725,0.0314,0.0242,net_delay_paymentservice_2
2026-10-03T00:07:44,checkoutservice,12.97265625,0.0012343721798474918,0.0,0.0725,0.0314,0.0242,net_delay_paymentservice_2
2026-10-03T00:07:44,currencyservice,38.62109375,0.014105572619569717,0.0,0.0725,0.0314,0.0242,net_delay_paymentservice_2
2026-10-03T00:07:44,recommendationservice,32.484375,0.013117871857646046,4.0,0.0725,0.0314,0.0242,net_delay_paymentservice_2
2026-10-03T00:07:44,adservice,98.0234375,0.0030039947549781185,0.0,0.0725,0.0314,0.0242,net_delay_paymentservice_2
2026-10-03T00:07:44,cartservice,54.6328125,0.0052928940004918195,0.0,0.0725,0.0314,0.0242,net_delay_paymentservice_2
2026-10-03T00:07:44,paymentservice,23.0625,0.001339075622645859,0.0,0.0725,0.0314,0.0242,net_delay_paymentservice_2
2026-10-03T00:07:49,loadgenerator,65.69921875,0.00571638561858074,0.0,0.0781,0.0355,0.0299,net_delay_paymentservice_2
2026-10-03T00:07:49,redis-cart,5.90625,0.004503752703218391,0.0,0.0781,0.0355,0.0299,net_delay_paymentservice_2
2026-10-03T00:07:49,shippingservice,11.875,0.0017474843205575175,0.0,0.0781,0.0355,0.0299,net_delay_paymentservice_2
2026-10-03T00:07:49,emailservice,36.97265625,0.005969964159281932,0.0,0.0781,0.0355,0.0299,net_delay_paymentservice_2
2026-10-03T00:07:49,productcatalogservice,14.47265625,0.009665859883823668,0.0,0.0781,0.0355,0.0299,net_delay_paymentservice_2
2026-10-03T00:07:49,frontend,14.44140625,0.02220113548671727,0.0,0.0781,0.0355,0.0299,net_delay_paymentservice_2
2026-10-03T00:07:49,checkoutservice,12.97265625,0.0012850153007971984,0.0,0.0781,0.0355,0.0299,net_delay_paymentservice_2
2026-10-03T00:07:49,currencyservice,38.62109375,0.010420925000000025,0.0,0.0781,0.0355,0.0299,net_delay_paymentservice_2
2026-10-03T00:07:49,recommendationservice,32.484375,0.011135021320526477,4.0,0.0781,0.0355,0.0299,net_delay_paymentservice_2
2026-10-03T00:07:49,adservice,98.07421875,0.002768094314281473,0.0,0.0781,0.0355,0.0299,net_delay_paymentservice_2
2026-10-03T00:07:49,cartservice,55.09375,0.00801069891847886,0.0,0.0781,0.0355,0.0299,net_delay_paymentservice_2
2026-10-03T00:07:49,paymentservice,23.4140625,0.0015417008316738914,0.0,0.0781,0.0355,0.0299,net_delay_paymentservice_2
2026-10-03T00:07:54,loadgenerator,65.69921875,0.00513130844272463,0.0,0.0912,0.0482,0.0329,net_delay_paymentservice_2
2026-10-03T00:07:54,redis-cart,5.90625,0.004457296896393981,0.0,0.0912,0.0482,0.0329,net_delay_paymentservice_2
2026-10-03T00:07:54,shippingservice,11.875,0.0013415655564460133,0.0,0.0912,0.0482,0.0329,net_delay_paymentservice_2
2026-10-03T00:07:54,emailservice,36.97265625,0.005969964159281932,0.0,0.0912,0.0482,0.0329,net_delay_paymentservice_2
2026-10-03T00:07:54,productcatalogservice,14.47265625,0.009665859883823668,0.0,0.0912,0.0482,0.0329,net_delay_paymentservice_2
2026-10-03T00:07:54,frontend,14.44140625,0.0176902347747411,0.0,0.0912,0.0482,0.0329,net_delay_paymentservice_2
2026-10-03T00:07:54,checkoutservice,12.97265625,0.0011551987741584373,0.0,0.0912,0.0482,0.0329,net_delay_paymentservice_2
2026-10-03T00:07:54,currencyservice,38.62109375,0.011594642038490312,0.0,0.0912,0.0482,0.0329,net_delay_paymentservice_2
2026-10-03T00:07:54,recommendationservice,32.484375,0.010006125482047613,4.0,0.0912,0.0482,0.0329,net_delay_paymentservice_2
2026-10-03T00:07:54,adservice,98.07421875,0.002768094314281473,0.0,0.0912,0.0482,0.0329,net_delay_paymentservice_2
2026-10-03T00:07:54,cartservice,55.09375,0.006598946745745603,0.0,0.0912,0.0482,0.0329,net_delay_paymentservice_2
2026-10-03T00:07:54,paymentservice,23.4140625,0.0014942818116077902,0.0,0.0912,0.0482,0.0329,net_delay_paymentservice_2
2026-10-03T00:07:59,loadgenerator,64.93359375,0.005951392292269879,0.0,0.093,0.0545,0.0331,net_delay_paymentservice_2
2026-10-03T00:07:59,redis-cart,5.90625,0.003377739588087359,0.0,0.093,0.0545,0.0331,net_delay_paymentservice_2
2026-10-03T00:07:59,shippingservice,11.87890625,0.0016878890775325894,0.0,0.093,0.0545,0.0331,net_delay_paymentservice_2
2026-10-03T00:07:59,emailservice,36.97265625,0.005903019476777625,0.0,0.093,0.0545,0.0331,net_delay_paymentservice_2
2026-10-03T00:07:59,productcatalogservice,13.9453125,0.009862288810966102,0.0,0.093,0.0545,0.0331,net_delay_paymentservice_2
2026-10-03T00:07:59,frontend,14.4453125,0.021936525155387868,0.0,0.093,0.0545,0.0331,net_delay_paymentservice_2
2026-10-03T00:07:59,checkoutservice,12.4765625,0.0011594957092080419,0.0,0.093,0.0545,0.0331,net_delay_paymentservice_2
2026-10-03T00:07:59,currencyservice,38.37890625,0.013745759440222001,0.0,0.093,0.0545,0.0331,net_delay_paymentservice_2
2026-10-03T00:07:59,recommendationservice,32.47265625,0.012075142950655558,4.0,0.093,0.0545,0.0331,net_delay_paymentservice_2
2026-10-03T00:07:59,adservice,98.07421875,0.002579168759417499,0.0,0.093,0.0545,0.0331,net_delay_paymentservice_2
2026-10-03T00:07:59,cartservice,55.1328125,0.007665813864763606,0.0,0.093,0.0545,0.0331,net_delay_paymentservice_2
2026-10-03T00:07:59,paymentservice,23.171875,0.001547327327327326,0.0,0.093,0.0545,0.0331,net_delay_paymentservice_2
