time,service,memory_mb,cpu_cores,restarts,latency_s,label
2026-10-02T17:39:53,loadgenerator,55.62109375,0.008106822356337117,0.0,0.0357,mem_leak_recommendationservice_1
2026-10-02T17:39:53,redis-cart,6.1484375,0.003237225000000166,0.0,0.0357,mem_leak_recommendationservice_1
2026-10-02T17:39:53,checkoutservice,13.27734375,0.0028297967863894114,0.0,0.0357,mem_leak_recommendationservice_1
2026-10-02T17:39:53,shippingservice,12.625,0.0013644451013513996,0.0,0.0357,mem_leak_recommendationservice_1
2026-10-02T17:39:53,adservice,109.84765625,0.0026419737341274083,0.0,0.0357,mem_leak_recommendationservice_1
2026-10-02T17:39:53,frontend,14.5234375,0.015426519387300422,0.0,0.0357,mem_leak_recommendationservice_1
2026-10-02T17:39:53,emailservice,37.2265625,0.007414436824884713,0.0,0.0357,mem_leak_recommendationservice_1
2026-10-02T17:39:53,paymentservice,37.86328125,0.0016175896920622346,0.0,0.0357,mem_leak_recommendationservice_1
2026-10-02T17:39:53,productcatalogservice,13.390625,0.006209702618252456,0.0,0.0357,mem_leak_recommendationservice_1
2026-10-02T17:39:53,currencyservice,33.45703125,0.019887585753026234,0.0,0.0357,mem_leak_recommendationservice_1
2026-10-02T17:39:53,cartservice,46.3203125,0.007177851165531952,0.0,0.0357,mem_leak_recommendationservice_1
2026-10-02T17:39:53,recommendationservice,4.69921875,0,6.0,0.0357,mem_leak_recommendationservice_1
2026-10-02T17:39:58,loadgenerator,55.62109375,0.008238856469425295,0.0,0.0585,mem_leak_recommendationservice_1
2026-10-02T17:39:58,redis-cart,6.63671875,0.004824195751495594,0.0,0.0585,mem_leak_recommendationservice_1
2026-10-02T17:39:58,checkoutservice,13.27734375,0.0028297967863894114,0.0,0.0585,mem_leak_recommendationservice_1
2026-10-02T17:39:58,shippingservice,12.6328125,0.001938760512778693,0.0,0.0585,mem_leak_recommendationservice_1
2026-10-02T17:39:58,adservice,110.3359375,0.003594850247791446,0.0,0.0585,mem_leak_recommendationservice_1
2026-10-02T17:39:58,frontend,15.98046875,0.020717728567969513,0.0,0.0585,mem_leak_recommendationservice_1
2026-10-02T17:39:58,emailservice,37.2265625,0.007414436824884713,0.0,0.0585,mem_leak_recommendationservice_1
2026-10-02T17:39:58,paymentservice,37.8828125,0.0014078102953894091,0.0,0.0585,mem_leak_recommendationservice_1
2026-10-02T17:39:58,productcatalogservice,13.390625,0.006209702618252456,0.0,0.0585,mem_leak_recommendationservice_1
2026-10-02T17:39:58,currencyservice,34.2109375,0.022576969415146482,0.0,0.0585,mem_leak_recommendationservice_1
2026-10-02T17:39:58,cartservice,47.703125,0.009414539260630022,0.0,0.0585,mem_leak_recommendationservice_1
2026-10-02T17:39:58,recommendationservice,4.69921875,0,6.0,0.0585,mem_leak_recommendationservice_1
2026-10-02T17:40:03,loadgenerator,55.62109375,0.008372853814078943,0.0,0.1551,mem_leak_recommendationservice_1
2026-10-02T17:40:03,redis-cart,6.63671875,0.004824195751495594,0.0,0.1551,mem_leak_recommendationservice_1
2026-10-02T17:40:03,checkoutservice,13.27734375,0.0020140018747043776,0.0,0.1551,mem_leak_recommendationservice_1
2026-10-02T17:40:03,shippingservice,12.6328125,0.002036759974260016,0.0,0.1551,mem_leak_recommendationservice_1
2026-10-02T17:40:03,adservice,110.3359375,0.003659375086639547,0.0,0.1551,mem_leak_recommendationservice_1
2026-10-02T17:40:03,frontend,15.98046875,0.021826721852764186,0.0,0.1551,mem_leak_recommendationservice_1
2026-10-02T17:40:03,emailservice,37.2265625,0.006229208741415417,0.0,0.1551,mem_leak_recommendationservice_1
2026-10-02T17:40:03,paymentservice,37.8828125,0.0014078102953894091,0.0,0.1551,mem_leak_recommendationservice_1
2026-10-02T17:40:03,productcatalogservice,13.390625,0.006209702618252456,0.0,0.1551,mem_leak_recommendationservice_1
2026-10-02T17:40:03,currencyservice,34.2109375,0.022576969415146482,0.0,0.1551,mem_leak_recommendationservice_1
2026-10-02T17:40:03,cartservice,47.703125,0.009414539260630022,0.0,0.1551,mem_leak_recommendationservice_1
2026-10-02T17:40:03,recommendationservice,4.69921875,0,6.0,0.1551,mem_leak_recommendationservice_1
2026-10-02T17:40:08,loadgenerator,55.62109375,0.008372853814078943,0.0,0.0936,mem_leak_recommendationservice_1
2026-10-02T17:40:08,redis-cart,5.9140625,0.0046655401674287975,0.0,0.0936,mem_leak_recommendationservice_1
2026-10-02T17:40:08,checkoutservice,13.390625,0.002736392988929944,0.0,0.0936,mem_leak_recommendationservice_1
2026-10-02T17:40:08,shippingservice,12.4375,0.0019331479213797076,0.0,0.0936,mem_leak_recommendationservice_1
2026-10-02T17:40:08,adservice,109.83984375,0.003670683145232935,0.0,0.0936,mem_leak_recommendationservice_1
2026-10-02T17:40:08,frontend,15.25,0.021641503372952637,0.0,0.0936,mem_leak_recommendationservice_1
2026-10-02T17:40:08,emailservice,36.73046875,0.007588168122445718,0.0,0.0936,mem_leak_recommendationservice_1
2026-10-02T17:40:08,paymentservice,38.171875,0.001347938512019443,0.0,0.0936,mem_leak_recommendationservice_1
2026-10-02T17:40:08,productcatalogservice,13.37890625,0.005832616458367295,0.0,0.0936,mem_leak_recommendationservice_1
2026-10-02T17:40:08,currencyservice,34.421875,0.016893935218713685,0.0,0.0936,mem_leak_recommendationservice_1
2026-10-02T17:40:08,cartservice,47.46484375,0.009182190734180678,0.0,0.0936,mem_leak_recommendationservice_1
2026-10-02T17:40:08,recommendationservice,0,0,6.0,0.0936,mem_leak_recommendationservice_1
2026-10-02T17:40:13,loadgenerator,55.62109375,0.006618880487592972,0.0,0.0967,mem_leak_recommendationservice_1
2026-10-02T17:40:13,redis-cart,5.9140625,0.004665540167428797,0.0,0.0967,mem_leak_recommendationservice_1
2026-10-02T17:40:13,checkoutservice,13.390625,0.002259941363007425,0.0,0.0967,mem_leak_recommendationservice_1
2026-10-02T17:40:13,shippingservice,12.4375,0.0016327251452437623,0.0,0.0967,mem_leak_recommendationservice_1
2026-10-02T17:40:13,adservice,109.83984375,0.0036340988835725303,0.0,0.0967,mem_leak_recommendationservice_1
2026-10-02T17:40:13,frontend,15.25,0.021754701974361974,0.0,0.0967,mem_leak_recommendationservice_1
2026-10-02T17:40:13,emailservice,36.73046875,0.007452986430174152,0.0,0.0967,mem_leak_recommendationservice_1
2026-10-02T17:40:13,paymentservice,38.171875,0.0010009547155205992,0.0,0.0967,mem_leak_recommendationservice_1
2026-10-02T17:40:13,productcatalogservice,13.37890625,0.005707971560565146,0.0,0.0967,mem_leak_recommendationservice_1
2026-10-02T17:40:13,currencyservice,34.421875,0.020080750289687015,0.0,0.0967,mem_leak_recommendationservice_1
2026-10-02T17:40:13,cartservice,47.46484375,0.009182190734180678,0.0,0.0967,mem_leak_recommendationservice_1
2026-10-02T17:40:13,recommendationservice,0,0,6.0,0.0967,mem_leak_recommendationservice_1
2026-10-02T17:40:18,loadgenerator,56.10546875,0.008382715781243624,0.0,0.0946,mem_leak_recommendationservice_1
2026-10-02T17:40:18,redis-cart,5.9140625,0.004665540167428797,0.0,0.0946,mem_leak_recommendationservice_1
2026-10-02T17:40:18,checkoutservice,13.39453125,0.0021343071548941884,0.0,0.0946,mem_leak_recommendationservice_1
2026-10-02T17:40:18,shippingservice,12.98828125,0.0021023779408044087,0.0,0.0946,mem_leak_recommendationservice_1
2026-10-02T17:40:18,adservice,110.33203125,0.003576811335091478,0.0,0.0946,mem_leak_recommendationservice_1
2026-10-02T17:40:18,frontend,15.25,0.02175470197436197,0.0,0.0946,mem_leak_recommendationservice_1
2026-10-02T17:40:18,emailservice,36.73046875,0.007452986430174152,0.0,0.0946,mem_leak_recommendationservice_1
2026-10-02T17:40:18,paymentservice,38.171875,0.0010009547155205994,0.0,0.0946,mem_leak_recommendationservice_1
2026-10-02T17:40:18,productcatalogservice,12.41015625,0.005553319506803063,0.0,0.0946,mem_leak_recommendationservice_1
2026-10-02T17:40:18,currencyservice,35.01171875,0.020044032423014183,0.0,0.0946,mem_leak_recommendationservice_1
2026-10-02T17:40:18,cartservice,46.49609375,0.00944745323274697,0.0,0.0946,mem_leak_recommendationservice_1
2026-10-02T17:40:18,recommendationservice,0,0,6.0,0.0946,mem_leak_recommendationservice_1
2026-10-02T17:40:24,loadgenerator,56.10546875,0.006991914484482479,0.0,0.0815,mem_leak_recommendationservice_1
2026-10-02T17:40:24,redis-cart,5.9140625,0.0037053147216976733,0.0,0.0815,mem_leak_recommendationservice_1
2026-10-02T17:40:24,checkoutservice,13.39453125,0.002211626674243768,0.0,0.0815,mem_leak_recommendationservice_1
2026-10-02T17:40:24,shippingservice,12.98828125,0.0021023779408044087,0.0,0.0815,mem_leak_recommendationservice_1
2026-10-02T17:40:24,adservice,110.33203125,0.0035768113350914785,0.0,0.0815,mem_leak_recommendationservice_1
2026-10-02T17:40:24,frontend,15.25,0.0188769483411962,0.0,0.0815,mem_leak_recommendationservice_1
2026-10-02T17:40:24,emailservice,36.73046875,0.006011827287459477,0.0,0.0815,mem_leak_recommendationservice_1
2026-10-02T17:40:24,paymentservice,38.171875,0.0007896225903467822,0.0,0.0815,mem_leak_recommendationservice_1
2026-10-02T17:40:24,productcatalogservice,12.41015625,0.0055533195068030615,0.0,0.0815,mem_leak_recommendationservice_1
2026-10-02T17:40:24,currencyservice,35.01171875,0.020129296020988126,0.0,0.0815,mem_leak_recommendationservice_1
2026-10-02T17:40:24,cartservice,46.49609375,0.010082709516958891,0.0,0.0815,mem_leak_recommendationservice_1
2026-10-02T17:40:24,recommendationservice,0,0,6.0,0.0815,mem_leak_recommendationservice_1
2026-10-02T17:40:29,loadgenerator,55.625,0.00845574581253181,0.0,0.119,mem_leak_recommendationservice_1
2026-10-02T17:40:29,redis-cart,6.3984375,0.004652035839854754,0.0,0.119,mem_leak_recommendationservice_1
2026-10-02T17:40:29,checkoutservice,13.39453125,0.0019894289595969333,0.0,0.119,mem_leak_recommendationservice_1
2026-10-02T17:40:29,shippingservice,13.265625,0.0019729282868525834,0.0,0.119,mem_leak_recommendationservice_1
2026-10-02T17:40:29,adservice,110.33203125,0.003576811335091478,0.0,0.119,mem_leak_recommendationservice_1
2026-10-02T17:40:29,frontend,15.7734375,0.02336381093057541,0.0,0.119,mem_leak_recommendationservice_1
2026-10-02T17:40:29,emailservice,36.73046875,0.0075682324601022725,0.0,0.119,mem_leak_recommendationservice_1
2026-10-02T17:40:29,paymentservice,37.96875,0.0008074809430951719,0.0,0.119,mem_leak_recommendationservice_1
2026-10-02T17:40:29,productcatalogservice,12.41015625,0.003159974999999804,0.0,0.119,mem_leak_recommendationservice_1
2026-10-02T17:40:29,currencyservice,34.78515625,0.020073767190287084,0.0,0.119,mem_leak_recommendationservice_1
2026-10-02T17:40:29,cartservice,46.49609375,0.010082709516958893,0.0,0.119,mem_leak_recommendationservice_1
2026-10-02T17:40:29,recommendationservice,0,0,6.0,0.119,mem_leak_recommendationservice_1
2026-10-02T17:40:34,loadgenerator,55.625,0.00845574581253181,0.0,0.0834,mem_leak_recommendationservice_1
2026-10-02T17:40:34,redis-cart,6.3984375,0.004652035839854754,0.0,0.0834,mem_leak_recommendationservice_1
2026-10-02T17:40:34,checkoutservice,13.39453125,0.0017696607998579962,0.0,0.0834,mem_leak_recommendationservice_1
2026-10-02T17:40:34,shippingservice,13.265625,0.001288333333333311,0.0,0.0834,mem_leak_recommendationservice_1
2026-10-02T17:40:34,adservice,110.33203125,0.0023009000000001833,0.0,0.0834,mem_leak_recommendationservice_1
2026-10-02T17:40:34,frontend,15.7734375,0.01901969968488375,0.0,0.0834,mem_leak_recommendationservice_1
2026-10-02T17:40:34,emailservice,36.73046875,0.0075682324601022725,0.0,0.0834,mem_leak_recommendationservice_1
2026-10-02T17:40:34,paymentservice,37.96875,0.0008074809430951719,0.0,0.0834,mem_leak_recommendationservice_1
2026-10-02T17:40:34,productcatalogservice,12.41015625,0.0035888995062693706,0.0,0.0834,mem_leak_recommendationservice_1
2026-10-02T17:40:34,currencyservice,34.78515625,0.017862254030982558,0.0,0.0834,mem_leak_recommendationservice_1
2026-10-02T17:40:34,cartservice,46.49609375,0.008041997118252847,0.0,0.0834,mem_leak_recommendationservice_1
2026-10-02T17:40:34,recommendationservice,0,0,6.0,0.0834,mem_leak_recommendationservice_1
2026-10-02T17:40:39,loadgenerator,55.8671875,0.007923015484503157,0.0,0.0829,mem_leak_recommendationservice_1
2026-10-02T17:40:39,redis-cart,6.15625,0.004990780465540717,0.0,0.0829,mem_leak_recommendationservice_1
2026-10-02T17:40:39,checkoutservice,13.8828125,0.0012513703459411463,0.0,0.0829,mem_leak_recommendationservice_1
2026-10-02T17:40:39,shippingservice,13.015625,0.0016487032038492624,0.0,0.0829,mem_leak_recommendationservice_1
2026-10-02T17:40:39,adservice,110.2109375,0.0033735326285091135,0.0,0.0829,mem_leak_recommendationservice_1
2026-10-02T17:40:39,frontend,15.21484375,0.020866027443346587,0.0,0.0829,mem_leak_recommendationservice_1
2026-10-02T17:40:39,emailservice,37.22265625,0.007520356700747587,0.0,0.0829,mem_leak_recommendationservice_1
2026-10-02T17:40:39,paymentservice,37.96875,0.0006613695094447203,0.0,0.0829,mem_leak_recommendationservice_1
2026-10-02T17:40:39,productcatalogservice,12.5078125,0.005203881157605837,0.0,0.0829,mem_leak_recommendationservice_1
2026-10-02T17:40:39,currencyservice,34.3359375,0.01980710678885357,0.0,0.0829,mem_leak_recommendationservice_1
2026-10-02T17:40:39,cartservice,46.7734375,0.008534398647802385,0.0,0.0829,mem_leak_recommendationservice_1
2026-10-02T17:40:39,recommendationservice,0,0,6.0,0.0829,mem_leak_recommendationservice_1
2026-10-02T17:40:44,loadgenerator,55.8671875,0.007923015484503157,0.0,0.0769,mem_leak_recommendationservice_1
2026-10-02T17:40:44,redis-cart,6.15625,0.004990780465540717,0.0,0.0769,mem_leak_recommendationservice_1
2026-10-02T17:40:44,checkoutservice,13.8828125,0.0012513703459411463,0.0,0.0769,mem_leak_recommendationservice_1
2026-10-02T17:40:44,shippingservice,13.015625,0.0014692040773285158,0.0,0.0769,mem_leak_recommendationservice_1
2026-10-02T17:40:44,adservice,110.2109375,0.0033735326285091135,0.0,0.0769,mem_leak_recommendationservice_1
2026-10-02T17:40:44,frontend,15.21484375,0.020866027443346587,0.0,0.0769,mem_leak_recommendationservice_1
2026-10-02T17:40:44,emailservice,37.22265625,0.007520356700747587,0.0,0.0769,mem_leak_recommendationservice_1
2026-10-02T17:40:44,paymentservice,37.96875,0.000628921546047022,0.0,0.0769,mem_leak_recommendationservice_1
2026-10-02T17:40:44,productcatalogservice,12.5078125,0.004311964837643072,0.0,0.0769,mem_leak_recommendationservice_1
2026-10-02T17:40:44,currencyservice,34.3359375,0.019323094643885673,0.0,0.0769,mem_leak_recommendationservice_1
2026-10-02T17:40:44,cartservice,46.7734375,0.007801584897007539,0.0,0.0769,mem_leak_recommendationservice_1
2026-10-02T17:40:44,recommendationservice,0,0,6.0,0.0769,mem_leak_recommendationservice_1
2026-10-02T17:40:49,loadgenerator,55.86328125,0.008095084707753329,0.0,0.0759,mem_leak_recommendationservice_1
2026-10-02T17:40:49,redis-cart,6.3984375,0.004966503992901342,0.0,0.0759,mem_leak_recommendationservice_1
2026-10-02T17:40:49,checkoutservice,13.41796875,0.0008487492468703436,0.0,0.0759,mem_leak_recommendationservice_1
2026-10-02T17:40:49,shippingservice,13.015625,0.0013282399533994034,0.0,0.0759,mem_leak_recommendationservice_1
2026-10-02T17:40:49,adservice,110.1953125,0.0032012471085184914,0.0,0.0759,mem_leak_recommendationservice_1
2026-10-02T17:40:49,frontend,14.2578125,0.020585777744458147,0.0,0.0759,mem_leak_recommendationservice_1
2026-10-02T17:40:49,emailservice,36.98046875,0.0071273859261078015,0.0,0.0759,mem_leak_recommendationservice_1
2026-10-02T17:40:49,paymentservice,37.84765625,0.0009395690900856421,0.0,0.0759,mem_leak_recommendationservice_1
2026-10-02T17:40:49,productcatalogservice,12.76171875,0.005037390867120652,0.0,0.0759,mem_leak_recommendationservice_1
2026-10-02T17:40:49,currencyservice,33.68359375,0.018788976669547,0.0,0.0759,mem_leak_recommendationservice_1
2026-10-02T17:40:49,cartservice,47.7109375,0.00906793840759239,0.0,0.0759,mem_leak_recommendationservice_1
2026-10-02T17:40:49,recommendationservice,0,0,6.0,0.0759,mem_leak_recommendationservice_1
2026-10-02T17:40:54,loadgenerator,55.86328125,0.00797765614035055,0.0,0.0702,mem_leak_recommendationservice_1
2026-10-02T17:40:54,redis-cart,6.3984375,0.00515197262479854,0.0,0.0702,mem_leak_recommendationservice_1
2026-10-02T17:40:54,checkoutservice,13.41796875,0.0008487492468703436,0.0,0.0702,mem_leak_recommendationservice_1
2026-10-02T17:40:54,shippingservice,13.015625,0.001204102249719854,0.0,0.0702,mem_leak_recommendationservice_1
2026-10-02T17:40:54,adservice,110.1953125,0.0032012471085184914,0.0,0.0702,mem_leak_recommendationservice_1
2026-10-02T17:40:54,frontend,14.2578125,0.020442231866088637,0.0,0.0702,mem_leak_recommendationservice_1
2026-10-02T17:40:54,emailservice,36.98046875,0.006038737120777552,0.0,0.0702,mem_leak_recommendationservice_1
2026-10-02T17:40:54,paymentservice,37.84765625,0.0008716735313878449,0.0,0.0702,mem_leak_recommendationservice_1
2026-10-02T17:40:54,productcatalogservice,12.76171875,0.0050373908671206506,0.0,0.0702,mem_leak_recommendationservice_1
2026-10-02T17:40:54,currencyservice,33.68359375,0.016329823262259097,0.0,0.0702,mem_leak_recommendationservice_1
2026-10-02T17:40:54,cartservice,47.7109375,0.009018146313583598,0.0,0.0702,mem_leak_recommendationservice_1
2026-10-02T17:40:54,recommendationservice,0,0,6.0,0.0702,mem_leak_recommendationservice_1
2026-10-02T17:41:00,loadgenerator,55.87109375,0.008383447904587829,0.0,0.1928,mem_leak_recommendationservice_1
2026-10-02T17:41:00,redis-cart,6.3984375,0.004362432820048163,0.0,0.1928,mem_leak_recommendationservice_1
2026-10-02T17:41:00,checkoutservice,13.41796875,0.00082025819104008,0.0,0.1928,mem_leak_recommendationservice_1
2026-10-02T17:41:00,shippingservice,12.7578125,0.0018423774206840265,0.0,0.1928,mem_leak_recommendationservice_1
2026-10-02T17:41:00,adservice,110.1953125,0.0025442800630258635,0.0,0.1928,mem_leak_recommendationservice_1
2026-10-02T17:41:00,frontend,14.2578125,0.020442231866088633,0.0,0.1928,mem_leak_recommendationservice_1
2026-10-02T17:41:00,emailservice,36.98046875,0.005411408369514631,0.0,0.1928,mem_leak_recommendationservice_1
2026-10-02T17:41:00,paymentservice,38.1015625,0.00102694152058415,0.0,0.1928,mem_leak_recommendationservice_1
2026-10-02T17:41:00,productcatalogservice,12.76171875,0.004076535378424231,0.0,0.1928,mem_leak_recommendationservice_1
2026-10-02T17:41:00,currencyservice,34.12890625,0.018891534981844805,0.0,0.1928,mem_leak_recommendationservice_1
2026-10-02T17:41:00,cartservice,47.7109375,0.009018146313583598,0.0,0.1928,mem_leak_recommendationservice_1
2026-10-02T17:41:00,recommendationservice,3.8125,0,6.0,0.1928,mem_leak_recommendationservice_1
2026-10-02T17:41:05,loadgenerator,55.87109375,0.008383447904587829,0.0,0.0847,mem_leak_recommendationservice_1
2026-10-02T17:41:05,redis-cart,6.3984375,0.004077561503791205,0.0,0.0847,mem_leak_recommendationservice_1
2026-10-02T17:41:05,checkoutservice,13.41796875,0.0007347806841962746,0.0,0.0847,mem_leak_recommendationservice_1
2026-10-02T17:41:05,shippingservice,12.7578125,0.0014308786752932979,0.0,0.0847,mem_leak_recommendationservice_1
2026-10-02T17:41:05,adservice,110.1953125,0.002181902312708334,0.0,0.0847,mem_leak_recommendationservice_1
2026-10-02T17:41:05,frontend,14.2578125,0.016085254063718867,0.0,0.0847,mem_leak_recommendationservice_1
2026-10-02T17:41:05,emailservice,36.98046875,0.0036945750000001,0.0,0.0847,mem_leak_recommendationservice_1
2026-10-02T17:41:05,paymentservice,38.1015625,0.0012293080465341426,0.0,0.0847,mem_leak_recommendationservice_1
2026-10-02T17:41:05,productcatalogservice,12.76171875,0.003652109227580952,0.0,0.0847,mem_leak_recommendationservice_1
2026-10-02T17:41:05,currencyservice,34.12890625,0.014682416666666734,0.0,0.0847,mem_leak_recommendationservice_1
2026-10-02T17:41:05,cartservice,47.7109375,0.006636199066358561,0.0,0.0847,mem_leak_recommendationservice_1
2026-10-02T17:41:05,recommendationservice,3.8125,0,6.0,0.0847,mem_leak_recommendationservice_1
2026-10-02T17:41:10,loadgenerator,55.87109375,0.006955120125751426,0.0,0.0813,mem_leak_recommendationservice_1
2026-10-02T17:41:10,redis-cart,5.90234375,0.005266155236861933,0.0,0.0813,mem_leak_recommendationservice_1
2026-10-02T17:41:10,checkoutservice,13.72265625,0.0013772271616080845,0.0,0.0813,mem_leak_recommendationservice_1
2026-10-02T17:41:10,shippingservice,12.7578125,0.001285643729494197,0.0,0.0813,mem_leak_recommendationservice_1
2026-10-02T17:41:10,adservice,110.4453125,0.0030150603093835058,0.0,0.0813,mem_leak_recommendationservice_1
2026-10-02T17:41:10,frontend,14.98828125,0.021087763277546107,0.0,0.0813,mem_leak_recommendationservice_1
2026-10-02T17:41:10,emailservice,36.7421875,0.00746167780782832,0.0,0.0813,mem_leak_recommendationservice_1
2026-10-02T17:41:10,paymentservice,38.1015625,0.0012293080465341423,0.0,0.0813,mem_leak_recommendationservice_1
2026-10-02T17:41:10,productcatalogservice,12.26171875,0.005044842063614252,0.0,0.0813,mem_leak_recommendationservice_1
2026-10-02T17:41:10,currencyservice,34.12890625,0.014925619966024138,0.0,0.0813,mem_leak_recommendationservice_1
2026-10-02T17:41:10,cartservice,46.76171875,0.008990976312821117,0.0,0.0813,mem_leak_recommendationservice_1
2026-10-02T17:41:10,recommendationservice,3.8125,0,6.0,0.0813,mem_leak_recommendationservice_1
2026-10-02T17:41:15,loadgenerator,55.87109375,0.0062372567219639045,0.0,0.0764,mem_leak_recommendationservice_1
2026-10-02T17:41:15,redis-cart,5.90234375,0.004448218931114335,0.0,0.0764,mem_leak_recommendationservice_1
2026-10-02T17:41:15,checkoutservice,13.72265625,0.0013579126172585912,0.0,0.0764,mem_leak_recommendationservice_1
2026-10-02T17:41:15,shippingservice,12.7578125,0.0012083164035630839,0.0,0.0764,mem_leak_recommendationservice_1
2026-10-02T17:41:15,adservice,110.4453125,0.002521874507068157,0.0,0.0764,mem_leak_recommendationservice_1
2026-10-02T17:41:15,frontend,14.98828125,0.01697547370706397,0.0,0.0764,mem_leak_recommendationservice_1
2026-10-02T17:41:15,emailservice,36.7421875,0.0060652662598588486,0.0,0.0764,mem_leak_recommendationservice_1
2026-10-02T17:41:15,paymentservice,38.1015625,0.0009786931127807154,0.0,0.0764,mem_leak_recommendationservice_1
2026-10-02T17:41:15,productcatalogservice,12.26171875,0.003849365074855396,0.0,0.0764,mem_leak_recommendationservice_1
2026-10-02T17:41:15,currencyservice,34.12890625,0.013334982879954703,0.0,0.0764,mem_leak_recommendationservice_1
2026-10-02T17:41:15,cartservice,46.76171875,0.008861443447435483,0.0,0.0764,mem_leak_recommendationservice_1
2026-10-02T17:41:15,recommendationservice,3.8125,0,6.0,0.0764,mem_leak_recommendationservice_1
2026-10-02T17:41:20,loadgenerator,55.87890625,0.006974269836582391,0.0,0.0898,mem_leak_recommendationservice_1
2026-10-02T17:41:20,redis-cart,5.90234375,0.00374659143006425,0.0,0.0898,mem_leak_recommendationservice_1
2026-10-02T17:41:20,checkoutservice,13.50390625,0.0013261498789602637,0.0,0.0898,mem_leak_recommendationservice_1
2026-10-02T17:41:20,shippingservice,12.80859375,0.0017938609690038292,0.0,0.0898,mem_leak_recommendationservice_1
2026-10-02T17:41:20,adservice,110.4453125,0.002263830598958068,0.0,0.0898,mem_leak_recommendationservice_1
2026-10-02T17:41:20,frontend,14.50390625,0.02083553590271844,0.0,0.0898,mem_leak_recommendationservice_1
2026-10-02T17:41:20,emailservice,36.73046875,0.007236377908117816,0.0,0.0898,mem_leak_recommendationservice_1
2026-10-02T17:41:20,paymentservice,37.9296875,0.0010418752188510283,0.0,0.0898,mem_leak_recommendationservice_1
2026-10-02T17:41:20,productcatalogservice,12.76171875,0.00430247742111592,0.0,0.0898,mem_leak_recommendationservice_1
2026-10-02T17:41:20,currencyservice,34.40625,0.018598363681102324,0.0,0.0898,mem_leak_recommendationservice_1
2026-10-02T17:41:20,cartservice,46.76171875,0.008861443447435483,0.0,0.0898,mem_leak_recommendationservice_1
2026-10-02T17:41:20,recommendationservice,12.671875,0.013481807467658223,6.0,0.0898,mem_leak_recommendationservice_1
2026-10-02T17:41:25,loadgenerator,55.87890625,0.006601552292336116,0.0,0.1646,mem_leak_recommendationservice_1
2026-10-02T17:41:25,redis-cart,5.90234375,0.0033083288960526593,0.0,0.1646,mem_leak_recommendationservice_1
2026-10-02T17:41:25,checkoutservice,13.50390625,0.0010482551718241403,0.0,0.1646,mem_leak_recommendationservice_1
2026-10-02T17:41:25,shippingservice,12.80859375,0.0019821791551805005,0.0,0.1646,mem_leak_recommendationservice_1
2026-10-02T17:41:25,adservice,110.4453125,0.002000589834449171,0.0,0.1646,mem_leak_recommendationservice_1
2026-10-02T17:41:25,frontend,14.50390625,0.02083553590271844,0.0,0.1646,mem_leak_recommendationservice_1
2026-10-02T17:41:25,emailservice,36.73046875,0.007236377908117816,0.0,0.1646,mem_leak_recommendationservice_1
2026-10-02T17:41:25,paymentservice,37.9296875,0.0010066846190399854,0.0,0.1646,mem_leak_recommendationservice_1
2026-10-02T17:41:25,productcatalogservice,12.76171875,0.00430247742111592,0.0,0.1646,mem_leak_recommendationservice_1
2026-10-02T17:41:25,currencyservice,34.40625,0.01580768124799568,0.0,0.1646,mem_leak_recommendationservice_1
2026-10-02T17:41:25,cartservice,46.76171875,0.006829957537110899,0.0,0.1646,mem_leak_recommendationservice_1
2026-10-02T17:41:25,recommendationservice,12.671875,0.015917966705399335,6.0,0.1646,mem_leak_recommendationservice_1
2026-10-02T17:41:31,loadgenerator,55.86328125,0.008026841031348542,0.0,0.2147,mem_leak_recommendationservice_1
2026-10-02T17:41:31,redis-cart,5.8984375,0.00495452418618121,0.0,0.2147,mem_leak_recommendationservice_1
2026-10-02T17:41:31,checkoutservice,14.0078125,0.0009807873930758855,0.0,0.2147,mem_leak_recommendationservice_1
2026-10-02T17:41:31,shippingservice,13.09375,0.0019169190644455839,0.0,0.2147,mem_leak_recommendationservice_1
2026-10-02T17:41:31,adservice,110.6875,0.00321012045629798,0.0,0.2147,mem_leak_recommendationservice_1
2026-10-02T17:41:31,frontend,14.50390625,0.017077036731822506,0.0,0.2147,mem_leak_recommendationservice_1
2026-10-02T17:41:31,emailservice,36.73046875,0.007393859499915466,0.0,0.2147,mem_leak_recommendationservice_1
2026-10-02T17:41:31,paymentservice,38.42578125,0.0009759322871062214,0.0,0.2147,mem_leak_recommendationservice_1
2026-10-02T17:41:31,productcatalogservice,12.03125,0.004352748033618306,0.0,0.2147,mem_leak_recommendationservice_1
2026-10-02T17:41:31,currencyservice,34.40625,0.014165041710052168,0.0,0.2147,mem_leak_recommendationservice_1
2026-10-02T17:41:31,cartservice,47.1328125,0.010491118378024815,0.0,0.2147,mem_leak_recommendationservice_1
2026-10-02T17:41:31,recommendationservice,12.61328125,0.019144373881213435,6.0,0.2147,mem_leak_recommendationservice_1
2026-10-02T17:41:36,loadgenerator,55.86328125,0.007857918116871504,0.0,0.1759,mem_leak_recommendationservice_1
2026-10-02T17:41:36,redis-cart,6.39453125,0.004890417659067754,0.0,0.1759,mem_leak_recommendationservice_1
2026-10-02T17:41:36,checkoutservice,14.0078125,0.000787792953803378,0.0,0.1759,mem_leak_recommendationservice_1
2026-10-02T17:41:36,shippingservice,13.09375,0.0017827756802500285,0.0,0.1759,mem_leak_recommendationservice_1
2026-10-02T17:41:36,adservice,110.6875,0.00321012045629798,0.0,0.1759,mem_leak_recommendationservice_1
2026-10-02T17:41:36,frontend,14.7890625,0.02159032523138142,0.0,0.1759,mem_leak_recommendationservice_1
2026-10-02T17:41:36,emailservice,36.97265625,0.007504253628665286,0.0,0.1759,mem_leak_recommendationservice_1
2026-10-02T17:41:36,paymentservice,38.41796875,0.0009220598977355446,0.0,0.1759,mem_leak_recommendationservice_1
2026-10-02T17:41:36,productcatalogservice,12.30078125,0.0043064871896387,0.0,0.1759,mem_leak_recommendationservice_1
2026-10-02T17:41:36,currencyservice,34.35546875,0.019637918822039614,0.0,0.1759,mem_leak_recommendationservice_1
2026-10-02T17:41:36,cartservice,47.1328125,0.010491118378024815,0.0,0.1759,mem_leak_recommendationservice_1
2026-10-02T17:41:36,recommendationservice,12.61328125,0.021669173784468806,6.0,0.1759,mem_leak_recommendationservice_1
2026-10-02T17:41:41,loadgenerator,55.86328125,0.00669503354577582,0.0,0.1927,mem_leak_recommendationservice_1
2026-10-02T17:41:41,redis-cart,6.39453125,0.004890417659067754,0.0,0.1927,mem_leak_recommendationservice_1
2026-10-02T17:41:41,checkoutservice,14.0078125,0.0002846749999999787,0.0,0.1927,mem_leak_recommendationservice_1
2026-10-02T17:41:41,shippingservice,13.09375,0.0013733909582086135,0.0,0.1927,mem_leak_recommendationservice_1
2026-10-02T17:41:41,adservice,110.6875,0.0027168375150301008,0.0,0.1927,mem_leak_recommendationservice_1
2026-10-02T17:41:41,frontend,14.7890625,0.02159032523138142,0.0,0.1927,mem_leak_recommendationservice_1
2026-10-02T17:41:41,emailservice,36.97265625,0.007260460939838239,0.0,0.1927,mem_leak_recommendationservice_1
2026-10-02T17:41:41,paymentservice,38.41796875,0.0007414549772821377,0.0,0.1927,mem_leak_recommendationservice_1
2026-10-02T17:41:41,productcatalogservice,12.30078125,0.0043064871896387,0.0,0.1927,mem_leak_recommendationservice_1
2026-10-02T17:41:41,currencyservice,34.35546875,0.019637918822039614,0.0,0.1927,mem_leak_recommendationservice_1
2026-10-02T17:41:41,cartservice,47.1328125,0.010491118378024815,0.0,0.1927,mem_leak_recommendationservice_1
2026-10-02T17:41:41,recommendationservice,12.61328125,0.018582220833333336,6.0,0.1927,mem_leak_recommendationservice_1
2026-10-02T17:41:47,loadgenerator,56.1171875,0.0072914573920356,0.0,0.0814,mem_leak_recommendationservice_1
2026-10-02T17:41:47,redis-cart,6.15234375,0.004892882472717369,0.0,0.0814,mem_leak_recommendationservice_1
2026-10-02T17:41:47,checkoutservice,13.515625,0.0004161974451196739,0.0,0.0814,mem_leak_recommendationservice_1
2026-10-02T17:41:47,shippingservice,12.625,0.0016560447841532915,0.0,0.0814,mem_leak_recommendationservice_1
2026-10-02T17:41:47,adservice,110.10546875,0.0035243403269405015,0.0,0.0814,mem_leak_recommendationservice_1
2026-10-02T17:41:47,frontend,14.7890625,0.02011448196909058,0.0,0.0814,mem_leak_recommendationservice_1
2026-10-02T17:41:47,emailservice,36.97265625,0.007260460939838239,0.0,0.0814,mem_leak_recommendationservice_1
2026-10-02T17:41:47,paymentservice,38.41796875,0.0007414549772821377,0.0,0.0814,mem_leak_recommendationservice_1
2026-10-02T17:41:47,productcatalogservice,12.30078125,0.003949615262991731,0.0,0.0814,mem_leak_recommendationservice_1
2026-10-02T17:41:47,currencyservice,34.78125,0.01949010117909491,0.0,0.0814,mem_leak_recommendationservice_1
2026-10-02T17:41:47,cartservice,46.84765625,0.010518964797551109,0.0,0.0814,mem_leak_recommendationservice_1
2026-10-02T17:41:47,recommendationservice,16.44921875,0.024262067275366988,6.0,0.0814,mem_leak_recommendationservice_1
2026-10-02T17:41:52,loadgenerator,56.1171875,0.0072914573920356,0.0,0.1233,mem_leak_recommendationservice_1
2026-10-02T17:41:52,redis-cart,6.15234375,0.004892882472717369,0.0,0.1233,mem_leak_recommendationservice_1
2026-10-02T17:41:52,checkoutservice,13.515625,0.00035510081628012006,0.0,0.1233,mem_leak_recommendationservice_1
2026-10-02T17:41:52,shippingservice,12.625,0.0010523250000000317,0.0,0.1233,mem_leak_recommendationservice_1
2026-10-02T17:41:52,adservice,110.10546875,0.0035243403269405015,0.0,0.1233,mem_leak_recommendationservice_1
2026-10-02T17:41:52,frontend,14.7890625,0.016320220186987793,0.0,0.1233,mem_leak_recommendationservice_1
2026-10-02T17:41:52,emailservice,36.97265625,0.005746715337723132,0.0,0.1233,mem_leak_recommendationservice_1
2026-10-02T17:41:52,paymentservice,38.41796875,0.0005955984256677865,0.0,0.1233,mem_leak_recommendationservice_1
2026-10-02T17:41:52,productcatalogservice,12.30078125,0.0032324748427675163,0.0,0.1233,mem_leak_recommendationservice_1
2026-10-02T17:41:52,currencyservice,34.78125,0.01949010117909491,0.0,0.1233,mem_leak_recommendationservice_1
2026-10-02T17:41:52,cartservice,46.84765625,0.010518964797551109,0.0,0.1233,mem_leak_recommendationservice_1
2026-10-02T17:41:52,recommendationservice,16.44921875,0.0262617219821642,6.0,0.1233,mem_leak_recommendationservice_1
2026-10-02T17:41:57,loadgenerator,56.1171875,0.007448083182119245,0.0,0.095,mem_leak_recommendationservice_1
2026-10-02T17:41:57,redis-cart,6.15234375,0.004892882472717369,0.0,0.095,mem_leak_recommendationservice_1
2026-10-02T17:41:57,checkoutservice,13.74609375,0.0006656170271450663,0.0,0.095,mem_leak_recommendationservice_1
2026-10-02T17:41:57,shippingservice,12.859375,0.0016347104563636259,0.0,0.095,mem_leak_recommendationservice_1
2026-10-02T17:41:57,adservice,109.890625,0.0034473480274658666,0.0,0.095,mem_leak_recommendationservice_1
2026-10-02T17:41:57,frontend,14.56640625,0.02068854231424381,0.0,0.095,mem_leak_recommendationservice_1
2026-10-02T17:41:57,emailservice,36.73046875,0.006999446585630599,0.0,0.095,mem_leak_recommendationservice_1
2026-10-02T17:41:57,paymentservice,37.85546875,0.0011734246282229688,0.0,0.095,mem_leak_recommendationservice_1
2026-10-02T17:41:57,productcatalogservice,13.25,0.004444713656387757,0.0,0.095,mem_leak_recommendationservice_1
2026-10-02T17:41:57,currencyservice,34.50390625,0.019438345014696056,0.0,0.095,mem_leak_recommendationservice_1
2026-10-02T17:41:57,cartservice,47.8671875,0.01026541969703062,0.0,0.095,mem_leak_recommendationservice_1
2026-10-02T17:41:57,recommendationservice,20.453125,0.032054766210281575,6.0,0.095,mem_leak_recommendationservice_1
2026-10-02T17:42:02,loadgenerator,56.1171875,0.006026585473131861,0.0,0.0803,mem_leak_recommendationservice_1
2026-10-02T17:42:02,redis-cart,6.15234375,0.0029520250000000916,0.0,0.0803,mem_leak_recommendationservice_1
2026-10-02T17:42:02,checkoutservice,13.74609375,0.0006656170271450663,0.0,0.0803,mem_leak_recommendationservice_1
2026-10-02T17:42:02,shippingservice,12.859375,0.0016347104563636259,0.0,0.0803,mem_leak_recommendationservice_1
2026-10-02T17:42:02,adservice,109.890625,0.00343656936977503,0.0,0.0803,mem_leak_recommendationservice_1
2026-10-02T17:42:02,frontend,14.56640625,0.020688542314243805,0.0,0.0803,mem_leak_recommendationservice_1
2026-10-02T17:42:02,emailservice,36.73046875,0.007101390463686257,0.0,0.0803,mem_leak_recommendationservice_1
2026-10-02T17:42:02,paymentservice,37.85546875,0.0010150774936699915,0.0,0.0803,mem_leak_recommendationservice_1
2026-10-02T17:42:02,productcatalogservice,13.25,0.004444713656387757,0.0,0.0803,mem_leak_recommendationservice_1
2026-10-02T17:42:02,currencyservice,34.50390625,0.019438345014696056,0.0,0.0803,mem_leak_recommendationservice_1
2026-10-02T17:42:02,cartservice,47.8671875,0.01026541969703062,0.0,0.0803,mem_leak_recommendationservice_1
2026-10-02T17:42:02,recommendationservice,20.453125,0.032054766210281575,6.0,0.0803,mem_leak_recommendationservice_1
2026-10-02T17:42:07,loadgenerator,56.125,0.007541144153827677,0.0,0.061,mem_leak_recommendationservice_1
2026-10-02T17:42:07,redis-cart,6.3984375,0.004872076360721817,0.0,0.061,mem_leak_recommendationservice_1
2026-10-02T17:42:07,checkoutservice,12.7578125,0.0009026681453454205,0.0,0.061,mem_leak_recommendationservice_1
2026-10-02T17:42:07,shippingservice,12.59765625,0.002004252237531098,0.0,0.061,mem_leak_recommendationservice_1
2026-10-02T17:42:07,adservice,110.62109375,0.0033240463765583745,0.0,0.061,mem_leak_recommendationservice_1
2026-10-02T17:42:07,frontend,15.4765625,0.020599474490008193,0.0,0.061,mem_leak_recommendationservice_1
2026-10-02T17:42:07,emailservice,37.23046875,0.007406854350277343,0.0,0.061,mem_leak_recommendationservice_1
2026-10-02T17:42:07,paymentservice,37.85546875,0.0011392889803383958,0.0,0.061,mem_leak_recommendationservice_1
2026-10-02T17:42:07,productcatalogservice,13.25,0.0038225278230544107,0.0,0.061,mem_leak_recommendationservice_1
2026-10-02T17:42:07,currencyservice,34.109375,0.01965041877018909,0.0,0.061,mem_leak_recommendationservice_1
2026-10-02T17:42:07,cartservice,47.8671875,0.009731204459219007,0.0,0.061,mem_leak_recommendationservice_1
2026-10-02T17:42:07,recommendationservice,34.6171875,0.03976867395934871,6.0,0.061,mem_leak_recommendationservice_1
2026-10-02T17:42:12,loadgenerator,56.125,0.007623524281219323,0.0,0.0867,mem_leak_recommendationservice_1
2026-10-02T17:42:12,redis-cart,6.3984375,0.004872076360721817,0.0,0.0867,mem_leak_recommendationservice_1
2026-10-02T17:42:12,checkoutservice,12.7578125,0.0009026681453454205,0.0,0.0867,mem_leak_recommendationservice_1
2026-10-02T17:42:12,shippingservice,12.59765625,0.002083816877057438,0.0,0.0867,mem_leak_recommendationservice_1
2026-10-02T17:42:12,adservice,110.62109375,0.0033240463765583745,0.0,0.0867,mem_leak_recommendationservice_1
2026-10-02T17:42:12,frontend,15.4765625,0.0205994744900082,0.0,0.0867,mem_leak_recommendationservice_1
2026-10-02T17:42:12,emailservice,37.23046875,0.007406854350277343,0.0,0.0867,mem_leak_recommendationservice_1
2026-10-02T17:42:12,paymentservice,37.85546875,0.0012175035432273901,0.0,0.0867,mem_leak_recommendationservice_1
2026-10-02T17:42:12,productcatalogservice,13.25,0.0034925795698017344,0.0,0.0867,mem_leak_recommendationservice_1
2026-10-02T17:42:12,currencyservice,34.109375,0.015796260834974252,0.0,0.0867,mem_leak_recommendationservice_1
2026-10-02T17:42:12,cartservice,47.8671875,0.0077608382896533915,0.0,0.0867,mem_leak_recommendationservice_1
2026-10-02T17:42:12,recommendationservice,34.6171875,0.04234506732173066,6.0,0.0867,mem_leak_recommendationservice_1
2026-10-02T17:42:17,loadgenerator,56.1015625,0.007777538886816467,0.0,0.0773,mem_leak_recommendationservice_1
2026-10-02T17:42:17,redis-cart,6.890625,0.004857699321871962,0.0,0.0773,mem_leak_recommendationservice_1
2026-10-02T17:42:17,checkoutservice,12.7578125,0.0009026681453454205,0.0,0.0773,mem_leak_recommendationservice_1
2026-10-02T17:42:17,shippingservice,12.59765625,0.002083816877057438,0.0,0.0773,mem_leak_recommendationservice_1
2026-10-02T17:42:17,adservice,110.3828125,0.0032638378359088143,0.0,0.0773,mem_leak_recommendationservice_1
2026-10-02T17:42:17,frontend,15.4765625,0.019783530114087258,0.0,0.0773,mem_leak_recommendationservice_1
2026-10-02T17:42:17,emailservice,37.72265625,0.007774321266968392,0.0,0.0773,mem_leak_recommendationservice_1
2026-10-02T17:42:17,paymentservice,37.85546875,0.0010543039571663322,0.0,0.0773,mem_leak_recommendationservice_1
2026-10-02T17:42:17,productcatalogservice,12.81640625,0.004382083758937848,0.0,0.0773,mem_leak_recommendationservice_1
2026-10-02T17:42:17,currencyservice,34.23046875,0.017211568378022533,0.0,0.0773,mem_leak_recommendationservice_1
2026-10-02T17:42:17,cartservice,46.90234375,0.010269526191220494,0.0,0.0773,mem_leak_recommendationservice_1
2026-10-02T17:42:17,recommendationservice,34.6171875,0.04234506732173066,6.0,0.0773,mem_leak_recommendationservice_1
2026-10-02T17:42:22,loadgenerator,56.1015625,0.007777538886816467,0.0,0.0936,mem_leak_recommendationservice_1
2026-10-02T17:42:22,redis-cart,6.890625,0.0049201770313210755,0.0,0.0936,mem_leak_recommendationservice_1
2026-10-02T17:42:22,checkoutservice,12.7578125,0.0010451236982702977,0.0,0.0936,mem_leak_recommendationservice_1
2026-10-02T17:42:22,shippingservice,12.59765625,0.001914073137876342,0.0,0.0936,mem_leak_recommendationservice_1
2026-10-02T17:42:22,adservice,110.3828125,0.002657486264962763,0.0,0.0936,mem_leak_recommendationservice_1
2026-10-02T17:42:22,frontend,15.4765625,0.015420272547425312,0.0,0.0936,mem_leak_recommendationservice_1
2026-10-02T17:42:22,emailservice,37.72265625,0.007774321266968392,0.0,0.0936,mem_leak_recommendationservice_1
2026-10-02T17:42:22,paymentservice,37.85546875,0.0009486246496141946,0.0,0.0936,mem_leak_recommendationservice_1
2026-10-02T17:42:22,productcatalogservice,12.81640625,0.004458685113568245,0.0,0.0936,mem_leak_recommendationservice_1
2026-10-02T17:42:22,currencyservice,34.23046875,0.0160498650886856,0.0,0.0936,mem_leak_recommendationservice_1
2026-10-02T17:42:22,cartservice,46.90234375,0.010269526191220494,0.0,0.0936,mem_leak_recommendationservice_1
2026-10-02T17:42:22,recommendationservice,34.6171875,0.04426273821787736,6.0,0.0936,mem_leak_recommendationservice_1
2026-10-02T17:42:28,loadgenerator,56.1015625,0.007562580399256899,0.0,0.0998,mem_leak_recommendationservice_1
2026-10-02T17:42:28,redis-cart,6.890625,0.0049201770313210755,0.0,0.0998,mem_leak_recommendationservice_1
2026-10-02T17:42:28,checkoutservice,12.81640625,0.0013713503855982954,0.0,0.0998,mem_leak_recommendationservice_1
2026-10-02T17:42:28,shippingservice,12.2890625,0.00204735664268354,0.0,0.0998,mem_leak_recommendationservice_1
2026-10-02T17:42:28,adservice,110.3828125,0.003100384853459618,0.0,0.0998,mem_leak_recommendationservice_1
2026-10-02T17:42:28,frontend,15.2890625,0.01901632442842031,0.0,0.0998,mem_leak_recommendationservice_1
2026-10-02T17:42:28,emailservice,37.72265625,0.007774321266968392,0.0,0.0998,mem_leak_recommendationservice_1
2026-10-02T17:42:28,paymentservice,37.8671875,0.001205691699604724,0.0,0.0998,mem_leak_recommendationservice_1
2026-10-02T17:42:28,productcatalogservice,12.62890625,0.004354220557498469,0.0,0.0998,mem_leak_recommendationservice_1
2026-10-02T17:42:28,currencyservice,34.625,0.01863125477957127,0.0,0.0998,mem_leak_recommendationservice_1
2026-10-02T17:42:28,cartservice,47.6328125,0.010175128494421546,0.0,0.0998,mem_leak_recommendationservice_1
2026-10-02T17:42:28,recommendationservice,30.64453125,0.05815667865506858,6.0,0.0998,mem_leak_recommendationservice_1
2026-10-02T17:42:33,loadgenerator,56.1015625,0.007562580399256899,0.0,0.214,mem_leak_recommendationservice_1
2026-10-02T17:42:33,redis-cart,6.890625,0.004041140351583542,0.0,0.214,mem_leak_recommendationservice_1
2026-10-02T17:42:33,checkoutservice,12.81640625,0.0013713503855982954,0.0,0.214,mem_leak_recommendationservice_1
2026-10-02T17:42:33,shippingservice,12.2890625,0.0017446947727752752,0.0,0.214,mem_leak_recommendationservice_1
2026-10-02T17:42:33,adservice,110.3828125,0.0024629371154081714,0.0,0.214,mem_leak_recommendationservice_1
2026-10-02T17:42:33,frontend,15.2890625,0.012073499999999624,0.0,0.214,mem_leak_recommendationservice_1
2026-10-02T17:42:33,emailservice,37.72265625,0.005801500000000458,0.0,0.214,mem_leak_recommendationservice_1
2026-10-02T17:42:33,paymentservice,37.8671875,0.001205691699604724,0.0,0.214,mem_leak_recommendationservice_1
2026-10-02T17:42:33,productcatalogservice,12.62890625,0.004354220557498469,0.0,0.214,mem_leak_recommendationservice_1
2026-10-02T17:42:33,currencyservice,34.625,0.012850854166666682,0.0,0.214,mem_leak_recommendationservice_1
2026-10-02T17:42:33,cartservice,47.6328125,0.010175128494421546,0.0,0.214,mem_leak_recommendationservice_1
2026-10-02T17:42:33,recommendationservice,30.64453125,0.05815667865506857,6.0,0.214,mem_leak_recommendationservice_1
2026-10-02T17:42:38,loadgenerator,56.1015625,0.007562580399256899,0.0,0.0914,mem_leak_recommendationservice_1
2026-10-02T17:42:38,redis-cart,6.1484375,0.004778180298174606,0.0,0.0914,mem_leak_recommendationservice_1
2026-10-02T17:42:38,checkoutservice,12.8203125,0.001246438438438356,0.0,0.0914,mem_leak_recommendationservice_1
2026-10-02T17:42:38,shippingservice,12.2890625,0.0016494422093103372,0.0,0.0914,mem_leak_recommendationservice_1
2026-10-02T17:42:38,adservice,110.38671875,0.002856467787683285,0.0,0.0914,mem_leak_recommendationservice_1
2026-10-02T17:42:38,frontend,15.2890625,0.013887032331088496,0.0,0.0914,mem_leak_recommendationservice_1
2026-10-02T17:42:38,emailservice,36.98046875,0.008059471149120229,0.0,0.0914,mem_leak_recommendationservice_1
2026-10-02T17:42:38,paymentservice,38.15625,0.0009659718163517091,0.0,0.0914,mem_leak_recommendationservice_1
2026-10-02T17:42:38,productcatalogservice,12.62890625,0.004180648498367665,0.0,0.0914,mem_leak_recommendationservice_1
2026-10-02T17:42:38,currencyservice,33.671875,0.019855755096823653,0.0,0.0914,mem_leak_recommendationservice_1
2026-10-02T17:42:38,cartservice,46.9375,0.010528389925792681,0.0,0.0914,mem_leak_recommendationservice_1
2026-10-02T17:42:38,recommendationservice,30.64453125,0.062283648686811646,6.0,0.0914,mem_leak_recommendationservice_1
2026-10-02T17:42:43,loadgenerator,56.1015625,0.005845761303652469,0.0,0.1275,mem_leak_recommendationservice_1
2026-10-02T17:42:43,redis-cart,6.1484375,0.0047374372237090874,0.0,0.1275,mem_leak_recommendationservice_1
2026-10-02T17:42:43,checkoutservice,12.8203125,0.001246438438438356,0.0,0.1275,mem_leak_recommendationservice_1
2026-10-02T17:42:43,shippingservice,12.2890625,0.001464397988204821,0.0,0.1275,mem_leak_recommendationservice_1
2026-10-02T17:42:43,adservice,110.38671875,0.002814897909081645,0.0,0.1275,mem_leak_recommendationservice_1
2026-10-02T17:42:43,frontend,15.2890625,0.01227237340376094,0.0,0.1275,mem_leak_recommendationservice_1
2026-10-02T17:42:43,emailservice,36.98046875,0.008059471149120229,0.0,0.1275,mem_leak_recommendationservice_1
2026-10-02T17:42:43,paymentservice,38.15625,0.0009659718163517091,0.0,0.1275,mem_leak_recommendationservice_1
2026-10-02T17:42:43,productcatalogservice,12.62890625,0.0032869826237353476,0.0,0.1275,mem_leak_recommendationservice_1
2026-10-02T17:42:43,currencyservice,33.671875,0.017201073733303495,0.0,0.1275,mem_leak_recommendationservice_1
2026-10-02T17:42:43,cartservice,46.9375,0.010850980392156801,0.0,0.1275,mem_leak_recommendationservice_1
2026-10-02T17:42:43,recommendationservice,30.64453125,0.062283648686811646,6.0,0.1275,mem_leak_recommendationservice_1
2026-10-02T17:42:48,loadgenerator,56.10546875,0.008080548912160136,0.0,0.0787,mem_leak_recommendationservice_1
2026-10-02T17:42:48,redis-cart,6.1484375,0.0047374372237090874,0.0,0.0787,mem_leak_recommendationservice_1
2026-10-02T17:42:48,checkoutservice,12.8203125,0.0010442972846846157,0.0,0.0787,mem_leak_recommendationservice_1
2026-10-02T17:42:48,shippingservice,12.54296875,0.0020856552712556183,0.0,0.0787,mem_leak_recommendationservice_1
2026-10-02T17:42:48,adservice,109.8828125,0.003315282818447369,0.0,0.0787,mem_leak_recommendationservice_1
2026-10-02T17:42:48,frontend,15.50390625,0.021591914585753966,0.0,0.0787,mem_leak_recommendationservice_1
2026-10-02T17:42:48,emailservice,36.98828125,0.00746241254523574,0.0,0.0787,mem_leak_recommendationservice_1
2026-10-02T17:42:48,paymentservice,38.15625,0.0009228542946264448,0.0,0.0787,mem_leak_recommendationservice_1
2026-10-02T17:42:48,productcatalogservice,12.39453125,0.004334258335862655,0.0,0.0787,mem_leak_recommendationservice_1
2026-10-02T17:42:48,currencyservice,34.828125,0.017161217034803732,0.0,0.0787,mem_leak_recommendationservice_1
2026-10-02T17:42:48,cartservice,46.9375,0.009080733366013019,0.0,0.0787,mem_leak_recommendationservice_1
2026-10-02T17:42:48,recommendationservice,34.48046875,0.05311144914938533,6.0,0.0787,mem_leak_recommendationservice_1
2026-10-02T17:42:54,loadgenerator,56.10546875,0.008080548912160136,0.0,0.0798,mem_leak_recommendationservice_1
2026-10-02T17:42:54,redis-cart,6.1484375,0.0037635977844103882,0.0,0.0798,mem_leak_recommendationservice_1
2026-10-02T17:42:54,checkoutservice,12.8203125,0.0008619049212740643,0.0,0.0798,mem_leak_recommendationservice_1
2026-10-02T17:42:54,shippingservice,12.54296875,0.0016788595065740685,0.0,0.0798,mem_leak_recommendationservice_1
2026-10-02T17:42:54,adservice,109.8828125,0.002827356069642377,0.0,0.0798,mem_leak_recommendationservice_1
2026-10-02T17:42:54,frontend,15.50390625,0.0220163087874903,0.0,0.0798,mem_leak_recommendationservice_1
2026-10-02T17:42:54,emailservice,36.98828125,0.007462412545235738,0.0,0.0798,mem_leak_recommendationservice_1
2026-10-02T17:42:54,paymentservice,38.15625,0.0007377028065407869,0.0,0.0798,mem_leak_recommendationservice_1
2026-10-02T17:42:54,productcatalogservice,12.39453125,0.002932424999999839,0.0,0.0798,mem_leak_recommendationservice_1
2026-10-02T17:42:54,currencyservice,34.828125,0.015470708399379286,0.0,0.0798,mem_leak_recommendationservice_1
2026-10-02T17:42:54,cartservice,46.9375,0.006468974999999944,0.0,0.0798,mem_leak_recommendationservice_1
2026-10-02T17:42:54,recommendationservice,34.48046875,0.050710527979766044,6.0,0.0798,mem_leak_recommendationservice_1
2026-10-02T17:42:59,loadgenerator,56.09765625,0.00805704220423206,0.0,0.0815,mem_leak_recommendationservice_1
2026-10-02T17:42:59,redis-cart,6.1484375,0.004524164943966996,0.0,0.0815,mem_leak_recommendationservice_1
2026-10-02T17:42:59,checkoutservice,13.08984375,0.0011377254729432594,0.0,0.0815,mem_leak_recommendationservice_1
2026-10-02T17:42:59,shippingservice,13.29296875,0.0016029434175864707,0.0,0.0815,mem_leak_recommendationservice_1
2026-10-02T17:42:59,adservice,110.6328125,0.003767763327878912,0.0,0.0815,mem_leak_recommendationservice_1
2026-10-02T17:42:59,frontend,15.23828125,0.02166098517129766,0.0,0.0815,mem_leak_recommendationservice_1
2026-10-02T17:42:59,emailservice,36.984375,0.007631852066995911,0.0,0.0815,mem_leak_recommendationservice_1
2026-10-02T17:42:59,paymentservice,37.9453125,0.0019047726758651615,0.0,0.0815,mem_leak_recommendationservice_1
2026-10-02T17:42:59,productcatalogservice,12.39453125,0.0033497431384802994,0.0,0.0815,mem_leak_recommendationservice_1
2026-10-02T17:42:59,currencyservice,35.00390625,0.019462076511273484,0.0,0.0815,mem_leak_recommendationservice_1
2026-10-02T17:42:59,cartservice,46.8828125,0.009869844564707034,0.0,0.0815,mem_leak_recommendationservice_1
2026-10-02T17:42:59,recommendationservice,46.39453125,0.04937833378584406,6.0,0.0815,mem_leak_recommendationservice_1
2026-10-02T17:43:04,loadgenerator,56.09765625,0.00805704220423206,0.0,0.075,mem_leak_recommendationservice_1
2026-10-02T17:43:04,redis-cart,6.1484375,0.003606229630656688,0.0,0.075,mem_leak_recommendationservice_1
2026-10-02T17:43:04,checkoutservice,13.08984375,0.0011377254729432594,0.0,0.075,mem_leak_recommendationservice_1
2026-10-02T17:43:04,shippingservice,13.29296875,0.00176144828032897,0.0,0.075,mem_leak_recommendationservice_1
2026-10-02T17:43:04,adservice,110.6328125,0.0033013456259152352,0.0,0.075,mem_leak_recommendationservice_1
2026-10-02T17:43:04,frontend,15.23828125,0.023266645777848018,0.0,0.075,mem_leak_recommendationservice_1
2026-10-02T17:43:04,emailservice,36.984375,0.007147699882044822,0.0,0.075,mem_leak_recommendationservice_1
2026-10-02T17:43:04,paymentservice,37.9453125,0.0020636564173623483,0.0,0.075,mem_leak_recommendationservice_1
2026-10-02T17:43:04,productcatalogservice,12.39453125,0.0029743355446300323,0.0,0.075,mem_leak_recommendationservice_1
2026-10-02T17:43:04,currencyservice,35.00390625,0.019469704838570117,0.0,0.075,mem_leak_recommendationservice_1
2026-10-02T17:43:04,cartservice,46.8828125,0.008373658377402152,0.0,0.075,mem_leak_recommendationservice_1
2026-10-02T17:43:04,recommendationservice,46.39453125,0.04937833378584406,6.0,0.075,mem_leak_recommendationservice_1
2026-10-02T17:43:09,loadgenerator,56.09765625,0.00805704220423206,0.0,0.0944,mem_leak_recommendationservice_1
2026-10-02T17:43:09,redis-cart,6.15234375,0.00442247222416321,0.0,0.0944,mem_leak_recommendationservice_1
2026-10-02T17:43:09,checkoutservice,13.94921875,0.0017292630656081435,0.0,0.0944,mem_leak_recommendationservice_1
2026-10-02T17:43:09,shippingservice,13.29296875,0.001372006744283904,0.0,0.0944,mem_leak_recommendationservice_1
2026-10-02T17:43:09,adservice,110.125,0.003673444881889748,0.0,0.0944,mem_leak_recommendationservice_1
2026-10-02T17:43:09,frontend,15.23828125,0.023266645777848018,0.0,0.0944,mem_leak_recommendationservice_1
2026-10-02T17:43:09,emailservice,36.984375,0.0061289938110782784,0.0,0.0944,mem_leak_recommendationservice_1
2026-10-02T17:43:09,paymentservice,38.125,0.002143220906857281,0.0,0.0944,mem_leak_recommendationservice_1
2026-10-02T17:43:09,productcatalogservice,13.328125,0.0049425524970077225,0.0,0.0944,mem_leak_recommendationservice_1
2026-10-02T17:43:09,currencyservice,34.61328125,0.022462469888507492,0.0,0.0944,mem_leak_recommendationservice_1
2026-10-02T17:43:09,cartservice,47.66015625,0.00985021491782549,0.0,0.0944,mem_leak_recommendationservice_1
2026-10-02T17:43:09,recommendationservice,46.39453125,0.038447306149044895,6.0,0.0944,mem_leak_recommendationservice_1
2026-10-02T17:43:14,loadgenerator,56.09765625,0.006709717643564346,0.0,0.3523,mem_leak_recommendationservice_1
2026-10-02T17:43:14,redis-cart,6.15234375,0.0037309818379800907,0.0,0.3523,mem_leak_recommendationservice_1
2026-10-02T17:43:14,checkoutservice,13.94921875,0.0017292630656081437,0.0,0.3523,mem_leak_recommendationservice_1
2026-10-02T17:43:14,shippingservice,13.29296875,0.0012125369599714547,0.0,0.3523,mem_leak_recommendationservice_1
2026-10-02T17:43:14,adservice,110.125,0.003486475239284042,0.0,0.3523,mem_leak_recommendationservice_1
2026-10-02T17:43:14,frontend,15.23828125,0.023266645777848018,0.0,0.3523,mem_leak_recommendationservice_1
2026-10-02T17:43:14,emailservice,36.984375,0.005481888715090486,0.0,0.3523,mem_leak_recommendationservice_1
2026-10-02T17:43:14,paymentservice,38.125,0.0021432209068572815,0.0,0.3523,mem_leak_recommendationservice_1
2026-10-02T17:43:14,productcatalogservice,13.328125,0.005252983988354881,0.0,0.3523,mem_leak_recommendationservice_1
2026-10-02T17:43:14,currencyservice,34.61328125,0.022462469888507496,0.0,0.3523,mem_leak_recommendationservice_1
2026-10-02T17:43:14,cartservice,47.66015625,0.008254753718218813,0.0,0.3523,mem_leak_recommendationservice_1
2026-10-02T17:43:14,recommendationservice,46.39453125,0.02960170238391234,6.0,0.3523,mem_leak_recommendationservice_1
2026-10-02T17:43:20,loadgenerator,55.87109375,0.00893236903831118,0.0,0.0582,mem_leak_recommendationservice_1
2026-10-02T17:43:20,redis-cart,5.90234375,0.0044239223379106355,0.0,0.0582,mem_leak_recommendationservice_1
2026-10-02T17:43:20,checkoutservice,13.08984375,0.0015564803133296377,0.0,0.0582,mem_leak_recommendationservice_1
2026-10-02T17:43:20,shippingservice,12.29296875,0.001807880826525885,0.0,0.0582,mem_leak_recommendationservice_1
2026-10-02T17:43:20,adservice,110.125,0.003025214565126763,0.0,0.0582,mem_leak_recommendationservice_1
2026-10-02T17:43:20,frontend,15.49609375,0.022835675130739922,0.0,0.0582,mem_leak_recommendationservice_1
2026-10-02T17:43:20,emailservice,37.48828125,0.007296253422675278,0.0,0.0582,mem_leak_recommendationservice_1
2026-10-02T17:43:20,paymentservice,37.86328125,0.002229712410929413,0.0,0.0582,mem_leak_recommendationservice_1
2026-10-02T17:43:20,productcatalogservice,13.375,0.005323190771574711,0.0,0.0582,mem_leak_recommendationservice_1
2026-10-02T17:43:20,currencyservice,34.2578125,0.02294972092185817,0.0,0.0582,mem_leak_recommendationservice_1
2026-10-02T17:43:20,cartservice,47.66015625,0.006732763905297097,0.0,0.0582,mem_leak_recommendationservice_1
2026-10-02T17:43:20,recommendationservice,75.17578125,0.039384013271648206,7.0,0.0582,mem_leak_recommendationservice_1
2026-10-02T17:43:25,loadgenerator,55.87109375,0.008848926484577004,0.0,0.073,mem_leak_recommendationservice_1
2026-10-02T17:43:25,redis-cart,5.90234375,0.0044239223379106355,0.0,0.073,mem_leak_recommendationservice_1
2026-10-02T17:43:25,checkoutservice,13.08984375,0.0018113370627355263,0.0,0.073,mem_leak_recommendationservice_1
2026-10-02T17:43:25,shippingservice,12.29296875,0.0015137612145604553,0.0,0.073,mem_leak_recommendationservice_1
2026-10-02T17:43:25,adservice,110.125,0.0027255520183102995,0.0,0.073,mem_leak_recommendationservice_1
2026-10-02T17:43:25,frontend,15.49609375,0.022835675130739922,0.0,0.073,mem_leak_recommendationservice_1
2026-10-02T17:43:25,emailservice,37.48828125,0.007296253422675279,0.0,0.073,mem_leak_recommendationservice_1
2026-10-02T17:43:25,paymentservice,37.86328125,0.002229712410929413,0.0,0.073,mem_leak_recommendationservice_1
2026-10-02T17:43:25,productcatalogservice,13.375,0.005657258064516331,0.0,0.073,mem_leak_recommendationservice_1
2026-10-02T17:43:25,currencyservice,34.2578125,0.02294972092185817,0.0,0.073,mem_leak_recommendationservice_1
2026-10-02T17:43:25,cartservice,47.66015625,0.005962724961643226,0.0,0.073,mem_leak_recommendationservice_1
2026-10-02T17:43:25,recommendationservice,75.17578125,0.036744713190030115,7.0,0.073,mem_leak_recommendationservice_1
2026-10-02T17:43:30,loadgenerator,55.87109375,0.006971479248765918,0.0,0.0607,mem_leak_recommendationservice_1
2026-10-02T17:43:30,redis-cart,5.90234375,0.0036455332025552606,0.0,0.0607,mem_leak_recommendationservice_1
2026-10-02T17:43:30,checkoutservice,13.08984375,0.0015244464294574237,0.0,0.0607,mem_leak_recommendationservice_1
2026-10-02T17:43:30,shippingservice,12.29296875,0.0013586450396445343,0.0,0.0607,mem_leak_recommendationservice_1
2026-10-02T17:43:30,adservice,111.1171875,0.0036838892522347492,0.0,0.0607,mem_leak_recommendationservice_1
2026-10-02T17:43:30,frontend,15.24609375,0.02308081434156398,0.0,0.0607,mem_leak_recommendationservice_1
2026-10-02T17:43:30,emailservice,37.48828125,0.007710521899646809,0.0,0.0607,mem_leak_recommendationservice_1
2026-10-02T17:43:30,paymentservice,37.86328125,0.001835994748323966,0.0,0.0607,mem_leak_recommendationservice_1
2026-10-02T17:43:30,productcatalogservice,12.62890625,0.004980598734802523,0.0,0.0607,mem_leak_recommendationservice_1
2026-10-02T17:43:30,currencyservice,33.8125,0.019226500662433622,0.0,0.0607,mem_leak_recommendationservice_1
2026-10-02T17:43:30,cartservice,46.6484375,0.010169830591265335,0.0,0.0607,mem_leak_recommendationservice_1
2026-10-02T17:43:30,recommendationservice,48.5078125,0.04163290035927633,7.0,0.0607,mem_leak_recommendationservice_1
2026-10-02T17:43:35,loadgenerator,55.87109375,0.006208259339471151,0.0,0.1185,mem_leak_recommendationservice_1
2026-10-02T17:43:35,redis-cart,5.90234375,0.003433287250554261,0.0,0.1185,mem_leak_recommendationservice_1
2026-10-02T17:43:35,checkoutservice,13.08984375,0.0013864249999999247,0.0,0.1185,mem_leak_recommendationservice_1
2026-10-02T17:43:35,shippingservice,12.29296875,0.0012027153183566768,0.0,0.1185,mem_leak_recommendationservice_1
2026-10-02T17:43:35,adservice,111.1171875,0.0036838892522347492,0.0,0.1185,mem_leak_recommendationservice_1
2026-10-02T17:43:35,frontend,15.24609375,0.019194518113429978,0.0,0.1185,mem_leak_recommendationservice_1
2026-10-02T17:43:35,emailservice,37.48828125,0.005907255717541495,0.0,0.1185,mem_leak_recommendationservice_1
2026-10-02T17:43:35,paymentservice,37.86328125,0.0008953514687335081,0.0,0.1185,mem_leak_recommendationservice_1
2026-10-02T17:43:35,productcatalogservice,12.62890625,0.004980598734802524,0.0,0.1185,mem_leak_recommendationservice_1
2026-10-02T17:43:35,currencyservice,33.8125,0.018068705639194212,0.0,0.1185,mem_leak_recommendationservice_1
2026-10-02T17:43:35,cartservice,46.6484375,0.008970420009509995,0.0,0.1185,mem_leak_recommendationservice_1
2026-10-02T17:43:35,recommendationservice,48.5078125,0.04163290035927633,7.0,0.1185,mem_leak_recommendationservice_1
2026-10-02T17:43:40,loadgenerator,55.62890625,0.008104685147462539,0.0,0.0955,mem_leak_recommendationservice_1
2026-10-02T17:43:40,redis-cart,6.40234375,0.004322711010997707,0.0,0.0955,mem_leak_recommendationservice_1
2026-10-02T17:43:40,checkoutservice,13.4609375,0.0023863618258584333,0.0,0.0955,mem_leak_recommendationservice_1
2026-10-02T17:43:40,shippingservice,12.29296875,0.001631101409636057,0.0,0.0955,mem_leak_recommendationservice_1
2026-10-02T17:43:40,adservice,110.51171875,0.0030532541717267986,0.0,0.0955,mem_leak_recommendationservice_1
2026-10-02T17:43:40,frontend,14.70703125,0.018554620259851336,0.0,0.0955,mem_leak_recommendationservice_1
2026-10-02T17:43:40,emailservice,36.734375,0.007188208899414077,0.0,0.0955,mem_leak_recommendationservice_1
2026-10-02T17:43:40,paymentservice,38.63671875,0.0012365664154553844,0.0,0.0955,mem_leak_recommendationservice_1
2026-10-02T17:43:40,productcatalogservice,12.62890625,0.0025488000000002844,0.0,0.0955,mem_leak_recommendationservice_1
2026-10-02T17:43:40,currencyservice,34.8671875,0.015941562499999968,0.0,0.0955,mem_leak_recommendationservice_1
2026-10-02T17:43:40,cartservice,46.65234375,0.009534835151941827,0.0,0.0955,mem_leak_recommendationservice_1
2026-10-02T17:43:40,recommendationservice,48.5078125,0.03891321294010653,7.0,0.0955,mem_leak_recommendationservice_1
2026-10-02T17:43:45,loadgenerator,55.62890625,0.00651408504494623,0.0,0.1202,mem_leak_recommendationservice_1
2026-10-02T17:43:45,redis-cart,6.40234375,0.004322711010997707,0.0,0.1202,mem_leak_recommendationservice_1
2026-10-02T17:43:45,checkoutservice,13.4609375,0.0019144388884463788,0.0,0.1202,mem_leak_recommendationservice_1
2026-10-02T17:43:45,shippingservice,12.29296875,0.001631101409636057,0.0,0.1202,mem_leak_recommendationservice_1
2026-10-02T17:43:45,adservice,110.51171875,0.0030532541717267986,0.0,0.1202,mem_leak_recommendationservice_1
2026-10-02T17:43:45,frontend,14.70703125,0.017624269772475897,0.0,0.1202,mem_leak_recommendationservice_1
2026-10-02T17:43:45,emailservice,36.734375,0.006883904804575611,0.0,0.1202,mem_leak_recommendationservice_1
2026-10-02T17:43:45,paymentservice,38.63671875,0.0012365664154553844,0.0,0.1202,mem_leak_recommendationservice_1
2026-10-02T17:43:45,productcatalogservice,12.62890625,0.0029775996576225177,0.0,0.1202,mem_leak_recommendationservice_1
2026-10-02T17:43:45,currencyservice,34.8671875,0.017221964988330556,0.0,0.1202,mem_leak_recommendationservice_1
2026-10-02T17:43:45,cartservice,46.65234375,0.009534835151941827,0.0,0.1202,mem_leak_recommendationservice_1
2026-10-02T17:43:45,recommendationservice,48.5078125,0.03015384870728855,7.0,0.1202,mem_leak_recommendationservice_1
2026-10-02T17:43:51,loadgenerator,56.34765625,0.00793268018236519,0.0,0.0979,mem_leak_recommendationservice_1
2026-10-02T17:43:51,redis-cart,6.40234375,0.003440821876325721,0.0,0.0979,mem_leak_recommendationservice_1
2026-10-02T17:43:51,checkoutservice,13.4609375,0.0012830292153977567,0.0,0.0979,mem_leak_recommendationservice_1
2026-10-02T17:43:51,shippingservice,12.29296875,0.0013110615966458563,0.0,0.0979,mem_leak_recommendationservice_1
2026-10-02T17:43:51,adservice,110.51171875,0.0030532541717267986,0.0,0.0979,mem_leak_recommendationservice_1
2026-10-02T17:43:51,frontend,15.97265625,0.020720605355062833,0.0,0.0979,mem_leak_recommendationservice_1
2026-10-02T17:43:51,emailservice,36.734375,0.007008464929527908,0.0,0.0979,mem_leak_recommendationservice_1
2026-10-02T17:43:51,paymentservice,38.63671875,0.0008136879545399614,0.0,0.0979,mem_leak_recommendationservice_1
2026-10-02T17:43:51,productcatalogservice,12.6328125,0.0038591704593440943,0.0,0.0979,mem_leak_recommendationservice_1
2026-10-02T17:43:51,currencyservice,35.00390625,0.01971091111376005,0.0,0.0979,mem_leak_recommendationservice_1
2026-10-02T17:43:51,cartservice,46.65234375,0.007756192335185177,0.0,0.0979,mem_leak_recommendationservice_1
2026-10-02T17:43:51,recommendationservice,54.96875,0.04417055253244036,7.0,0.0979,mem_leak_recommendationservice_1
2026-10-02T17:43:56,loadgenerator,56.34765625,0.007221744905745718,0.0,0.0388,mem_leak_recommendationservice_1
2026-10-02T17:43:56,redis-cart,6.1484375,0.004562350589802765,0.0,0.0388,mem_leak_recommendationservice_1
2026-10-02T17:43:56,checkoutservice,13.47265625,0.001285833052466015,0.0,0.0388,mem_leak_recommendationservice_1
2026-10-02T17:43:56,shippingservice,12.29296875,0.0013110615966458563,0.0,0.0388,mem_leak_recommendationservice_1
2026-10-02T17:43:56,adservice,110.05859375,0.0031247923790915697,0.0,0.0388,mem_leak_recommendationservice_1
2026-10-02T17:43:56,frontend,15.97265625,0.01906862221747733,0.0,0.0388,mem_leak_recommendationservice_1
2026-10-02T17:43:56,emailservice,36.734375,0.005535067335695627,0.0,0.0388,mem_leak_recommendationservice_1
2026-10-02T17:43:56,paymentservice,37.9296875,0.0009061172959944792,0.0,0.0388,mem_leak_recommendationservice_1
2026-10-02T17:43:56,productcatalogservice,12.1484375,0.003631996357151025,0.0,0.0388,mem_leak_recommendationservice_1
2026-10-02T17:43:56,currencyservice,34.0234375,0.01685772132852433,0.0,0.0388,mem_leak_recommendationservice_1
2026-10-02T17:43:56,cartservice,47.42578125,0.009027783532921748,0.0,0.0388,mem_leak_recommendationservice_1
2026-10-02T17:43:56,recommendationservice,4.05859375,0.045282709938197475,7.0,0.0388,mem_leak_recommendationservice_1
2026-10-02T17:44:01,loadgenerator,56.34765625,0.007221744905745717,0.0,0.0795,mem_leak_recommendationservice_1
2026-10-02T17:44:01,redis-cart,6.1484375,0.004496304263886579,0.0,0.0795,mem_leak_recommendationservice_1
2026-10-02T17:44:01,checkoutservice,13.47265625,0.001285833052466015,0.0,0.0795,mem_leak_recommendationservice_1
2026-10-02T17:44:01,shippingservice,12.29296875,0.001070989830030042,0.0,0.0795,mem_leak_recommendationservice_1
2026-10-02T17:44:01,adservice,110.05859375,0.0031247923790915697,0.0,0.0795,mem_leak_recommendationservice_1
2026-10-02T17:44:01,frontend,15.97265625,0.016105146451301157,0.0,0.0795,mem_leak_recommendationservice_1
2026-10-02T17:44:01,emailservice,36.734375,0.005473229603109816,0.0,0.0795,mem_leak_recommendationservice_1
2026-10-02T17:44:01,paymentservice,37.9296875,0.0009061172959944792,0.0,0.0795,mem_leak_recommendationservice_1
2026-10-02T17:44:01,productcatalogservice,12.1484375,0.0030963489090509114,0.0,0.0795,mem_leak_recommendationservice_1
2026-10-02T17:44:01,currencyservice,34.0234375,0.014912705537841409,0.0,0.0795,mem_leak_recommendationservice_1
2026-10-02T17:44:01,cartservice,47.42578125,0.006129351471659117,0.0,0.0795,mem_leak_recommendationservice_1
2026-10-02T17:44:01,recommendationservice,4.05859375,0.03689654073560137,7.0,0.0795,mem_leak_recommendationservice_1
2026-10-02T17:44:06,loadgenerator,55.8984375,0.00737904173375676,0.0,0.0849,mem_leak_recommendationservice_1
2026-10-02T17:44:06,redis-cart,6.3984375,0.004372089880699621,0.0,0.0849,mem_leak_recommendationservice_1
2026-10-02T17:44:06,checkoutservice,12.80859375,0.0011653357054768985,0.0,0.0849,mem_leak_recommendationservice_1
2026-10-02T17:44:06,shippingservice,12.3046875,0.0013058898689308283,0.0,0.0849,mem_leak_recommendationservice_1
2026-10-02T17:44:06,adservice,110.99609375,0.002986085605311384,0.0,0.0849,mem_leak_recommendationservice_1
2026-10-02T17:44:06,frontend,14.31640625,0.019354614231674627,0.0,0.0849,mem_leak_recommendationservice_1
2026-10-02T17:44:06,emailservice,36.734375,0.006849083585576125,0.0,0.0849,mem_leak_recommendationservice_1
2026-10-02T17:44:06,paymentservice,38.21875,0.0008626506952201123,0.0,0.0849,mem_leak_recommendationservice_1
2026-10-02T17:44:06,productcatalogservice,12.1484375,0.0026158901690273195,0.0,0.0849,mem_leak_recommendationservice_1
2026-10-02T17:44:06,currencyservice,34.2578125,0.015629301690559365,0.0,0.0849,mem_leak_recommendationservice_1
2026-10-02T17:44:06,cartservice,47.18359375,0.006878470158757136,0.0,0.0849,mem_leak_recommendationservice_1
2026-10-02T17:44:06,recommendationservice,4.05859375,0.03299468056259336,7.0,0.0849,mem_leak_recommendationservice_1
2026-10-02T17:44:11,loadgenerator,55.8984375,0.00772619913992735,0.0,0.0885,mem_leak_recommendationservice_1
2026-10-02T17:44:11,redis-cart,6.3984375,0.004372089880699621,0.0,0.0885,mem_leak_recommendationservice_1
2026-10-02T17:44:11,checkoutservice,12.80859375,0.0011653357054768985,0.0,0.0885,mem_leak_recommendationservice_1
2026-10-02T17:44:11,shippingservice,12.3046875,0.001382927734836587,0.0,0.0885,mem_leak_recommendationservice_1
2026-10-02T17:44:11,adservice,110.99609375,0.002986085605311384,0.0,0.0885,mem_leak_recommendationservice_1
2026-10-02T17:44:11,frontend,14.31640625,0.01835520746978475,0.0,0.0885,mem_leak_recommendationservice_1
2026-10-02T17:44:11,emailservice,36.734375,0.005866791822779234,0.0,0.0885,mem_leak_recommendationservice_1
2026-10-02T17:44:11,paymentservice,38.21875,0.0008626506952201123,0.0,0.0885,mem_leak_recommendationservice_1
2026-10-02T17:44:11,productcatalogservice,12.1484375,0.002338249206998163,0.0,0.0885,mem_leak_recommendationservice_1
2026-10-02T17:44:11,currencyservice,34.2578125,0.01562930169055936,0.0,0.0885,mem_leak_recommendationservice_1
2026-10-02T17:44:11,cartservice,47.18359375,0.006878470158757136,0.0,0.0885,mem_leak_recommendationservice_1
2026-10-02T17:44:11,recommendationservice,4.05859375,0.034464130757611434,7.0,0.0885,mem_leak_recommendationservice_1
2026-10-02T17:44:16,loadgenerator,55.8671875,0.007365255940173834,0.0,0.0708,mem_leak_recommendationservice_1
2026-10-02T17:44:16,redis-cart,6.3984375,0.004653722453841612,0.0,0.0708,mem_leak_recommendationservice_1
2026-10-02T17:44:16,checkoutservice,12.80859375,0.0006509555568009328,0.0,0.0708,mem_leak_recommendationservice_1
2026-10-02T17:44:16,shippingservice,12.55078125,0.0016618574656374644,0.0,0.0708,mem_leak_recommendationservice_1
2026-10-02T17:44:16,adservice,110.99609375,0.002986085605311384,0.0,0.0708,mem_leak_recommendationservice_1
2026-10-02T17:44:16,frontend,14.31640625,0.01835520746978475,0.0,0.0708,mem_leak_recommendationservice_1
2026-10-02T17:44:16,emailservice,37.23046875,0.005846965174824789,0.0,0.0708,mem_leak_recommendationservice_1
2026-10-02T17:44:16,paymentservice,38.21875,0.0006655799588194101,0.0,0.0708,mem_leak_recommendationservice_1
2026-10-02T17:44:16,productcatalogservice,12.8671875,0.003359886636145561,0.0,0.0708,mem_leak_recommendationservice_1
2026-10-02T17:44:16,currencyservice,34.2578125,0.01657395704388985,0.0,0.0708,mem_leak_recommendationservice_1
2026-10-02T17:44:16,cartservice,47.18359375,0.006878470158757136,0.0,0.0708,mem_leak_recommendationservice_1
2026-10-02T17:44:16,recommendationservice,2.6875,0.029882934046414008,7.0,0.0708,mem_leak_recommendationservice_1
2026-10-02T17:44:21,loadgenerator,55.8671875,0.007365255940173834,0.0,0.0998,mem_leak_recommendationservice_1
2026-10-02T17:44:21,redis-cart,6.3984375,0.004653722453841612,0.0,0.0998,mem_leak_recommendationservice_1
2026-10-02T17:44:21,checkoutservice,12.80859375,0.0006509555568009328,0.0,0.0998,mem_leak_recommendationservice_1
2026-10-02T17:44:21,shippingservice,12.55078125,0.0016618574656374644,0.0,0.0998,mem_leak_recommendationservice_1
2026-10-02T17:44:21,adservice,110.99609375,0.002550822622885115,0.0,0.0998,mem_leak_recommendationservice_1
2026-10-02T17:44:21,frontend,14.31640625,0.019364461407970525,0.0,0.0998,mem_leak_recommendationservice_1
2026-10-02T17:44:21,emailservice,37.23046875,0.006910489510489053,0.0,0.0998,mem_leak_recommendationservice_1
2026-10-02T17:44:21,paymentservice,38.21875,0.0006655799588194101,0.0,0.0998,mem_leak_recommendationservice_1
2026-10-02T17:44:21,productcatalogservice,12.8671875,0.002289225000000173,0.0,0.0998,mem_leak_recommendationservice_1
2026-10-02T17:44:21,currencyservice,34.2578125,0.014205949593698145,0.0,0.0998,mem_leak_recommendationservice_1
2026-10-02T17:44:21,cartservice,47.18359375,0.007000089304319289,0.0,0.0998,mem_leak_recommendationservice_1
2026-10-02T17:44:21,recommendationservice,2.6875,0.025257885286213127,1.0,0.0998,mem_leak_recommendationservice_1
2026-10-02T17:44:27,loadgenerator,55.8671875,0.005816225819705553,0.0,0.0981,mem_leak_recommendationservice_1
2026-10-02T17:44:27,redis-cart,6.39453125,0.004635377494937903,0.0,0.0981,mem_leak_recommendationservice_1
2026-10-02T17:44:27,checkoutservice,12.8125,0.0006042118750903627,0.0,0.0981,mem_leak_recommendationservice_1
2026-10-02T17:44:27,shippingservice,12.30078125,0.0013617016524173815,0.0,0.0981,mem_leak_recommendationservice_1
2026-10-02T17:44:27,adservice,110.51953125,0.0032568461274674713,0.0,0.0981,mem_leak_recommendationservice_1
2026-10-02T17:44:27,frontend,15.2421875,0.02029130161391618,0.0,0.0981,mem_leak_recommendationservice_1
2026-10-02T17:44:27,emailservice,36.73046875,0.006847218863361276,0.0,0.0981,mem_leak_recommendationservice_1
2026-10-02T17:44:27,paymentservice,38.07421875,0.0007629364630295047,0.0,0.0981,mem_leak_recommendationservice_1
2026-10-02T17:44:27,productcatalogservice,13.484375,0.0037887518409427876,0.0,0.0981,mem_leak_recommendationservice_1
2026-10-02T17:44:27,currencyservice,34.71875,0.016998005794483937,0.0,0.0981,mem_leak_recommendationservice_1
2026-10-02T17:44:27,cartservice,47.4765625,0.007850464027595224,0.0,0.0981,mem_leak_recommendationservice_1
2026-10-02T17:44:27,recommendationservice,2.6875,0,1.0,0.0981,mem_leak_recommendationservice_1
2026-10-02T17:44:32,loadgenerator,55.8671875,0.0058970408225009945,0.0,0.0494,mem_leak_recommendationservice_1
2026-10-02T17:44:32,redis-cart,6.39453125,0.0036336849897351275,0.0,0.0494,mem_leak_recommendationservice_1
2026-10-02T17:44:32,checkoutservice,12.8125,0.0006084702396983098,0.0,0.0494,mem_leak_recommendationservice_1
2026-10-02T17:44:32,shippingservice,12.30078125,0.0015714964251787437,0.0,0.0494,mem_leak_recommendationservice_1
2026-10-02T17:44:32,adservice,110.51953125,0.002770182848075846,0.0,0.0494,mem_leak_recommendationservice_1
2026-10-02T17:44:32,frontend,15.2421875,0.021135325700239033,0.0,0.0494,mem_leak_recommendationservice_1
2026-10-02T17:44:32,emailservice,36.73046875,0.006847218863361278,0.0,0.0494,mem_leak_recommendationservice_1
2026-10-02T17:44:32,paymentservice,38.07421875,0.0008116712940138532,0.0,0.0494,mem_leak_recommendationservice_1
2026-10-02T17:44:32,productcatalogservice,13.484375,0.0037887518409427876,0.0,0.0494,mem_leak_recommendationservice_1
2026-10-02T17:44:32,currencyservice,34.71875,0.01724204892966359,0.0,0.0494,mem_leak_recommendationservice_1
2026-10-02T17:44:32,cartservice,47.4765625,0.00789610981201976,0.0,0.0494,mem_leak_recommendationservice_1
2026-10-02T17:44:32,recommendationservice,2.6875,0,1.0,0.0494,mem_leak_recommendationservice_1
2026-10-02T17:44:37,loadgenerator,55.90625,0.007509564977467079,0.0,0.0928,mem_leak_recommendationservice_1
2026-10-02T17:44:37,redis-cart,6.390625,0.004351549557111733,0.0,0.0928,mem_leak_recommendationservice_1
2026-10-02T17:44:37,checkoutservice,13.5546875,0.0005998158987915491,0.0,0.0928,mem_leak_recommendationservice_1
2026-10-02T17:44:37,shippingservice,12.30078125,0.0013391768703231528,0.0,0.0928,mem_leak_recommendationservice_1
2026-10-02T17:44:37,adservice,109.7734375,0.003422544558209955,0.0,0.0928,mem_leak_recommendationservice_1
2026-10-02T17:44:37,frontend,14.51953125,0.020322416928087086,0.0,0.0928,mem_leak_recommendationservice_1
2026-10-02T17:44:37,emailservice,36.73046875,0.005710844842361835,0.0,0.0928,mem_leak_recommendationservice_1
2026-10-02T17:44:37,paymentservice,38.07421875,0.0008116712940138532,0.0,0.0928,mem_leak_recommendationservice_1
2026-10-02T17:44:37,productcatalogservice,13.484375,0.0037887518409427876,0.0,0.0928,mem_leak_recommendationservice_1
2026-10-02T17:44:37,currencyservice,33.60546875,0.016633398615500998,0.0,0.0928,mem_leak_recommendationservice_1
2026-10-02T17:44:37,cartservice,47.2109375,0.008135700102555167,0.0,0.0928,mem_leak_recommendationservice_1
2026-10-02T17:44:37,recommendationservice,3.9453125,0,1.0,0.0928,mem_leak_recommendationservice_1
2026-10-02T17:44:42,loadgenerator,55.90625,0.007509564977467079,0.0,0.0935,mem_leak_recommendationservice_1
2026-10-02T17:44:42,redis-cart,6.390625,0.004351549557111733,0.0,0.0935,mem_leak_recommendationservice_1
2026-10-02T17:44:42,checkoutservice,13.5546875,0.0005998158987915491,0.0,0.0935,mem_leak_recommendationservice_1
2026-10-02T17:44:42,shippingservice,12.30078125,0.0013160573639281218,0.0,0.0935,mem_leak_recommendationservice_1
2026-10-02T17:44:42,adservice,109.7734375,0.003422544558209955,0.0,0.0935,mem_leak_recommendationservice_1
2026-10-02T17:44:42,frontend,14.51953125,0.020322416928087086,0.0,0.0935,mem_leak_recommendationservice_1
2026-10-02T17:44:42,emailservice,36.73046875,0.005135560470281455,0.0,0.0935,mem_leak_recommendationservice_1
2026-10-02T17:44:42,paymentservice,38.07421875,0.0008116712940138532,0.0,0.0935,mem_leak_recommendationservice_1
2026-10-02T17:44:42,productcatalogservice,13.484375,0.003406820501258617,0.0,0.0935,mem_leak_recommendationservice_1
2026-10-02T17:44:42,currencyservice,33.60546875,0.016633398615500998,0.0,0.0935,mem_leak_recommendationservice_1
2026-10-02T17:44:42,cartservice,47.2109375,0.008135700102555167,0.0,0.0935,mem_leak_recommendationservice_1
2026-10-02T17:44:42,recommendationservice,3.9453125,0,1.0,0.0935,mem_leak_recommendationservice_1
2026-10-02T17:44:47,loadgenerator,55.875,0.007433631930570961,0.0,0.0691,mem_leak_recommendationservice_1
2026-10-02T17:44:47,redis-cart,6.390625,0.004351549557111733,0.0,0.0691,mem_leak_recommendationservice_1
2026-10-02T17:44:47,checkoutservice,12.80859375,0.00038078356343885573,0.0,0.0691,mem_leak_recommendationservice_1
2026-10-02T17:44:47,shippingservice,12.3046875,0.00161805065653224,0.0,0.0691,mem_leak_recommendationservice_1
2026-10-02T17:44:47,adservice,110.26171875,0.003175790788463021,0.0,0.0691,mem_leak_recommendationservice_1
2026-10-02T17:44:47,frontend,14.51953125,0.02055327465124432,0.0,0.0691,mem_leak_recommendationservice_1
2026-10-02T17:44:47,emailservice,37.484375,0.006781699834355944,0.0,0.0691,mem_leak_recommendationservice_1
2026-10-02T17:44:47,paymentservice,37.8515625,0.000767691129826157,0.0,0.0691,mem_leak_recommendationservice_1
2026-10-02T17:44:47,productcatalogservice,12.74609375,0.00416883760295622,0.0,0.0691,mem_leak_recommendationservice_1
2026-10-02T17:44:47,currencyservice,33.60546875,0.01689338681699925,0.0,0.0691,mem_leak_recommendationservice_1
2026-10-02T17:44:47,cartservice,47.7265625,0.008204032781856777,0.0,0.0691,mem_leak_recommendationservice_1
2026-10-02T17:44:47,recommendationservice,3.9453125,0,2.0,0.0691,mem_leak_recommendationservice_1
2026-10-02T17:44:52,loadgenerator,55.875,0.007433631930570961,0.0,0.0798,mem_leak_recommendationservice_1
2026-10-02T17:44:52,redis-cart,6.390625,0.003699326482799112,0.0,0.0798,mem_leak_recommendationservice_1
2026-10-02T17:44:52,checkoutservice,12.80859375,0.0004460506919016675,0.0,0.0798,mem_leak_recommendationservice_1
2026-10-02T17:44:52,shippingservice,12.3046875,0.00161805065653224,0.0,0.0798,mem_leak_recommendationservice_1
2026-10-02T17:44:52,adservice,110.26171875,0.0037647182065788376,0.0,0.0798,mem_leak_recommendationservice_1
2026-10-02T17:44:52,frontend,14.51953125,0.02055327465124432,0.0,0.0798,mem_leak_recommendationservice_1
2026-10-02T17:44:52,emailservice,37.484375,0.006781699834355944,0.0,0.0798,mem_leak_recommendationservice_1
2026-10-02T17:44:52,paymentservice,37.8515625,0.0007676911298261569,0.0,0.0798,mem_leak_recommendationservice_1
2026-10-02T17:44:52,productcatalogservice,12.74609375,0.004302603954501359,0.0,0.0798,mem_leak_recommendationservice_1
2026-10-02T17:44:52,currencyservice,33.60546875,0.015706412139011364,0.0,0.0798,mem_leak_recommendationservice_1
2026-10-02T17:44:52,cartservice,47.7265625,0.009906656877141493,0.0,0.0798,mem_leak_recommendationservice_1
2026-10-02T17:44:52,recommendationservice,3.9453125,0,2.0,0.0798,mem_leak_recommendationservice_1
2026-10-02T17:44:57,loadgenerator,55.875,0.006643765044899707,0.0,0.0863,mem_leak_recommendationservice_1
2026-10-02T17:44:57,redis-cart,6.15234375,0.004420036113460315,0.0,0.0863,mem_leak_recommendationservice_1
2026-10-02T17:44:57,checkoutservice,12.80859375,0.0004460506919016675,0.0,0.0863,mem_leak_recommendationservice_1
2026-10-02T17:44:57,shippingservice,13.05078125,0.0015496712681591755,0.0,0.0863,mem_leak_recommendationservice_1
2026-10-02T17:44:57,adservice,110.26171875,0.003138771059431662,0.0,0.0863,mem_leak_recommendationservice_1
2026-10-02T17:44:57,frontend,14.9765625,0.02032937938887951,0.0,0.0863,mem_leak_recommendationservice_1
2026-10-02T17:44:57,emailservice,37.484375,0.005593874745218812,0.0,0.0863,mem_leak_recommendationservice_1
2026-10-02T17:44:57,paymentservice,37.87890625,0.0008381666309702434,0.0,0.0863,mem_leak_recommendationservice_1
2026-10-02T17:44:57,productcatalogservice,12.74609375,0.0035020507062169513,0.0,0.0863,mem_leak_recommendationservice_1
2026-10-02T17:44:57,currencyservice,34.51953125,0.017488906497622907,0.0,0.0863,mem_leak_recommendationservice_1
2026-10-02T17:44:57,cartservice,46.73046875,0.010318054658919742,0.0,0.0863,mem_leak_recommendationservice_1
2026-10-02T17:44:57,recommendationservice,2.9453125,0,2.0,0.0863,mem_leak_recommendationservice_1
2026-10-02T17:45:03,loadgenerator,55.875,0.00615004781523318,0.0,0.0529,mem_leak_recommendationservice_1
2026-10-02T17:45:03,redis-cart,6.15234375,0.004420036113460315,0.0,0.0529,mem_leak_recommendationservice_1
2026-10-02T17:45:03,checkoutservice,12.80859375,0.0003679001326210959,0.0,0.0529,mem_leak_recommendationservice_1
2026-10-02T17:45:03,shippingservice,13.05078125,0.0015496712681591755,0.0,0.0529,mem_leak_recommendationservice_1
2026-10-02T17:45:03,adservice,110.26171875,0.0028190837383896762,0.0,0.0529,mem_leak_recommendationservice_1
2026-10-02T17:45:03,frontend,14.9765625,0.017109996280657232,0.0,0.0529,mem_leak_recommendationservice_1
2026-10-02T17:45:03,emailservice,37.484375,0.004999832885671629,0.0,0.0529,mem_leak_recommendationservice_1
2026-10-02T17:45:03,paymentservice,37.87890625,0.0008381666309702434,0.0,0.0529,mem_leak_recommendationservice_1
2026-10-02T17:45:03,productcatalogservice,12.74609375,0.003136687920413877,0.0,0.0529,mem_leak_recommendationservice_1
2026-10-02T17:45:03,currencyservice,34.51953125,0.017488906497622907,0.0,0.0529,mem_leak_recommendationservice_1
2026-10-02T17:45:03,cartservice,46.73046875,0.010318054658919742,0.0,0.0529,mem_leak_recommendationservice_1
2026-10-02T17:45:03,recommendationservice,2.9453125,0,2.0,0.0529,mem_leak_recommendationservice_1
2026-10-02T17:45:08,loadgenerator,55.640625,0.008089656833760148,0.0,0.0721,mem_leak_recommendationservice_1
2026-10-02T17:45:08,redis-cart,6.3984375,0.004473992586392313,0.0,0.0721,mem_leak_recommendationservice_1
2026-10-02T17:45:08,checkoutservice,13.0703125,0.0010610927774761254,0.0,0.0721,mem_leak_recommendationservice_1
2026-10-02T17:45:08,shippingservice,13.05078125,0.0015496712681591755,0.0,0.0721,mem_leak_recommendationservice_1
2026-10-02T17:45:08,adservice,110.015625,0.003952513840752763,0.0,0.0721,mem_leak_recommendationservice_1
2026-10-02T17:45:08,frontend,14.30078125,0.02185811764705974,0.0,0.0721,mem_leak_recommendationservice_1
2026-10-02T17:45:08,emailservice,36.73828125,0.0072140063447919366,0.0,0.0721,mem_leak_recommendationservice_1
2026-10-02T17:45:08,paymentservice,37.87890625,0.000515225000000008,0.0,0.0721,mem_leak_recommendationservice_1
2026-10-02T17:45:08,productcatalogservice,12.015625,0.004950647417770271,0.0,0.0721,mem_leak_recommendationservice_1
2026-10-02T17:45:08,currencyservice,34.51953125,0.01546153260335928,0.0,0.0721,mem_leak_recommendationservice_1
2026-10-02T17:45:08,cartservice,46.73046875,0.010560267733155599,0.0,0.0721,mem_leak_recommendationservice_1
2026-10-02T17:45:08,recommendationservice,2.9453125,0,2.0,0.0721,mem_leak_recommendationservice_1
2026-10-02T17:45:13,loadgenerator,55.640625,0.00808965683376015,0.0,0.0814,mem_leak_recommendationservice_1
2026-10-02T17:45:13,redis-cart,6.3984375,0.004473992586392314,0.0,0.0814,mem_leak_recommendationservice_1
2026-10-02T17:45:13,checkoutservice,13.0703125,0.0010610927774761254,0.0,0.0814,mem_leak_recommendationservice_1
2026-10-02T17:45:13,shippingservice,13.05078125,0.0013677487791342996,0.0,0.0814,mem_leak_recommendationservice_1
2026-10-02T17:45:13,adservice,110.015625,0.003952513840752763,0.0,0.0814,mem_leak_recommendationservice_1
2026-10-02T17:45:13,frontend,14.30078125,0.02185811764705974,0.0,0.0814,mem_leak_recommendationservice_1
2026-10-02T17:45:13,emailservice,36.73828125,0.007399120301611169,0.0,0.0814,mem_leak_recommendationservice_1
2026-10-02T17:45:13,paymentservice,37.87890625,0.0005794867166276002,0.0,0.0814,mem_leak_recommendationservice_1
2026-10-02T17:45:13,productcatalogservice,12.015625,0.004950647417770271,0.0,0.0814,mem_leak_recommendationservice_1
2026-10-02T17:45:13,currencyservice,34.51953125,0.013901759386305003,0.0,0.0814,mem_leak_recommendationservice_1
2026-10-02T17:45:13,cartservice,46.73046875,0.008547832712140581,0.0,0.0814,mem_leak_recommendationservice_1
2026-10-02T17:45:13,recommendationservice,2.9453125,0,2.0,0.0814,mem_leak_recommendationservice_1
2026-10-02T17:45:18,loadgenerator,55.640625,0.00661796303103359,0.0,0.1041,mem_leak_recommendationservice_1
2026-10-02T17:45:18,redis-cart,6.3984375,0.0037410904619553306,0.0,0.1041,mem_leak_recommendationservice_1
2026-10-02T17:45:18,checkoutservice,12.84765625,0.001305401334194118,0.0,0.1041,mem_leak_recommendationservice_1
2026-10-02T17:45:18,shippingservice,12.546875,0.0016266015176420994,0.0,0.1041,mem_leak_recommendationservice_1
2026-10-02T17:45:18,adservice,110.015625,0.004054633536490078,0.0,0.1041,mem_leak_recommendationservice_1
2026-10-02T17:45:18,frontend,14.30078125,0.019687395315914773,0.0,0.1041,mem_leak_recommendationservice_1
2026-10-02T17:45:18,emailservice,36.734375,0.0075946583036120355,0.0,0.1041,mem_leak_recommendationservice_1
2026-10-02T17:45:18,paymentservice,38.15234375,0.0007708328606756963,0.0,0.1041,mem_leak_recommendationservice_1
2026-10-02T17:45:18,productcatalogservice,12.7578125,0.004956574683295689,0.0,0.1041,mem_leak_recommendationservice_1
2026-10-02T17:45:18,currencyservice,34.55078125,0.02038524791634079,0.0,0.1041,mem_leak_recommendationservice_1
2026-10-02T17:45:18,cartservice,47.5625,0.010224168392256695,0.0,0.1041,mem_leak_recommendationservice_1
2026-10-02T17:45:18,recommendationservice,4.234375,0,4.0,0.1041,mem_leak_recommendationservice_1
2026-10-02T17:45:23,loadgenerator,55.640625,0.005909153655390797,0.0,0.2157,mem_leak_recommendationservice_1
2026-10-02T17:45:23,redis-cart,6.3984375,0.0033639260462348976,0.0,0.2157,mem_leak_recommendationservice_1
2026-10-02T17:45:23,checkoutservice,12.84765625,0.001305401334194118,0.0,0.2157,mem_leak_recommendationservice_1
2026-10-02T17:45:23,shippingservice,12.546875,0.0011338000000000294,0.0,0.2157,mem_leak_recommendationservice_1
2026-10-02T17:45:23,adservice,110.015625,0.003051365150804815,0.0,0.2157,mem_leak_recommendationservice_1
2026-10-02T17:45:23,frontend,14.30078125,0.018506538860681335,0.0,0.2157,mem_leak_recommendationservice_1
2026-10-02T17:45:23,emailservice,36.734375,0.007783269128378752,0.0,0.2157,mem_leak_recommendationservice_1
2026-10-02T17:45:23,paymentservice,38.15234375,0.0007708328606756963,0.0,0.2157,mem_leak_recommendationservice_1
2026-10-02T17:45:23,productcatalogservice,12.7578125,0.005247991519750085,0.0,0.2157,mem_leak_recommendationservice_1
2026-10-02T17:45:23,currencyservice,34.55078125,0.022548824872000387,0.0,0.2157,mem_leak_recommendationservice_1
2026-10-02T17:45:23,cartservice,47.5625,0.010703590930823579,0.0,0.2157,mem_leak_recommendationservice_1
2026-10-02T17:45:23,recommendationservice,4.234375,0,4.0,0.2157,mem_leak_recommendationservice_1
2026-10-02T17:45:28,loadgenerator,55.890625,0.008646443909081182,0.0,0.1487,mem_leak_recommendationservice_1
2026-10-02T17:45:28,redis-cart,6.14453125,0.004404814880740432,0.0,0.1487,mem_leak_recommendationservice_1
2026-10-02T17:45:28,checkoutservice,12.84765625,0.0015743100540406296,0.0,0.1487,mem_leak_recommendationservice_1
2026-10-02T17:45:28,shippingservice,12.79296875,0.001829705215419452,0.0,0.1487,mem_leak_recommendationservice_1
2026-10-02T17:45:28,adservice,109.7734375,0.003909475843568459,0.0,0.1487,mem_leak_recommendationservice_1
2026-10-02T17:45:28,frontend,14.49609375,0.02370507587399354,0.0,0.1487,mem_leak_recommendationservice_1
2026-10-02T17:45:28,emailservice,36.734375,0.0064707829413178505,0.0,0.1487,mem_leak_recommendationservice_1
2026-10-02T17:45:28,paymentservice,37.87109375,0.0010402709050691748,0.0,0.1487,mem_leak_recommendationservice_1
2026-10-02T17:45:28,productcatalogservice,12.7578125,0.005247991519750085,0.0,0.1487,mem_leak_recommendationservice_1
2026-10-02T17:45:28,currencyservice,34.10546875,0.025606600140780856,0.0,0.1487,mem_leak_recommendationservice_1
2026-10-02T17:45:28,cartservice,48.14453125,0.010764061289652127,0.0,0.1487,mem_leak_recommendationservice_1
2026-10-02T17:45:28,recommendationservice,4.234375,0,4.0,0.1487,mem_leak_recommendationservice_1
2026-10-02T17:45:34,loadgenerator,55.890625,0.009081903756487706,0.0,0.1033,mem_leak_recommendationservice_1
2026-10-02T17:45:34,redis-cart,6.14453125,0.004404814880740432,0.0,0.1033,mem_leak_recommendationservice_1
2026-10-02T17:45:34,checkoutservice,12.84765625,0.0015023530799778725,0.0,0.1033,mem_leak_recommendationservice_1
2026-10-02T17:45:34,shippingservice,12.79296875,0.0018297052154194516,0.0,0.1033,mem_leak_recommendationservice_1
2026-10-02T17:45:34,adservice,109.7734375,0.003909475843568459,0.0,0.1033,mem_leak_recommendationservice_1
2026-10-02T17:45:34,frontend,14.49609375,0.019858663923706155,0.0,0.1033,mem_leak_recommendationservice_1
2026-10-02T17:45:34,emailservice,36.734375,0.005800124584755881,0.0,0.1033,mem_leak_recommendationservice_1
2026-10-02T17:45:34,paymentservice,37.87109375,0.0010402709050691748,0.0,0.1033,mem_leak_recommendationservice_1
2026-10-02T17:45:34,productcatalogservice,12.7578125,0.005247991519750085,0.0,0.1033,mem_leak_recommendationservice_1
2026-10-02T17:45:34,currencyservice,34.10546875,0.025606600140780856,0.0,0.1033,mem_leak_recommendationservice_1
2026-10-02T17:45:34,cartservice,48.14453125,0.010603293413173601,0.0,0.1033,mem_leak_recommendationservice_1
2026-10-02T17:45:34,recommendationservice,4.234375,0,4.0,0.1033,mem_leak_recommendationservice_1
2026-10-02T17:45:39,loadgenerator,56.3984375,0.009120661406458695,0.0,0.1266,mem_leak_recommendationservice_1
2026-10-02T17:45:39,redis-cart,6.640625,0.004541099570200599,0.0,0.1266,mem_leak_recommendationservice_1
2026-10-02T17:45:39,checkoutservice,13.640625,0.002083982833464925,0.0,0.1266,mem_leak_recommendationservice_1
2026-10-02T17:45:39,shippingservice,12.79296875,0.001437995823885071,0.0,0.1266,mem_leak_recommendationservice_1
2026-10-02T17:45:39,adservice,109.76953125,0.0036420547365023518,0.0,0.1266,mem_leak_recommendationservice_1
2026-10-02T17:45:39,frontend,15.2265625,0.024790186355094872,0.0,0.1266,mem_leak_recommendationservice_1
2026-10-02T17:45:39,emailservice,37.22265625,0.00648018448113523,0.0,0.1266,mem_leak_recommendationservice_1
2026-10-02T17:45:39,paymentservice,37.87109375,0.0010402709050691748,0.0,0.1266,mem_leak_recommendationservice_1
2026-10-02T17:45:39,productcatalogservice,12.25390625,0.005577408867278585,0.0,0.1266,mem_leak_recommendationservice_1
2026-10-02T17:45:39,currencyservice,34.3046875,0.025971647989605714,0.0,0.1266,mem_leak_recommendationservice_1
2026-10-02T17:45:39,cartservice,48.14453125,0.010603293413173601,0.0,0.1266,mem_leak_recommendationservice_1
2026-10-02T17:45:39,recommendationservice,0,0,4.0,0.1266,mem_leak_recommendationservice_1
2026-10-02T17:45:44,loadgenerator,56.3984375,0.009501419725633897,0.0,0.4653,mem_leak_recommendationservice_1
2026-10-02T17:45:44,redis-cart,6.640625,0.004541099570200599,0.0,0.4653,mem_leak_recommendationservice_1
2026-10-02T17:45:44,checkoutservice,13.640625,0.0016651833277153325,0.0,0.4653,mem_leak_recommendationservice_1
2026-10-02T17:45:44,shippingservice,12.79296875,0.0011908928231048742,0.0,0.4653,mem_leak_recommendationservice_1
2026-10-02T17:45:44,adservice,109.76953125,0.0034214403700032437,0.0,0.4653,mem_leak_recommendationservice_1
2026-10-02T17:45:44,frontend,15.2265625,0.024790186355094872,0.0,0.4653,mem_leak_recommendationservice_1
2026-10-02T17:45:44,emailservice,37.22265625,0.006445871904633783,0.0,0.4653,mem_leak_recommendationservice_1
2026-10-02T17:45:44,paymentservice,37.87109375,0.00084097835717109,0.0,0.4653,mem_leak_recommendationservice_1
2026-10-02T17:45:44,productcatalogservice,12.25390625,0.005577408867278585,0.0,0.4653,mem_leak_recommendationservice_1
2026-10-02T17:45:44,currencyservice,34.3046875,0.025971647989605714,0.0,0.4653,mem_leak_recommendationservice_1
2026-10-02T17:45:44,cartservice,48.14453125,0.008400635928143671,0.0,0.4653,mem_leak_recommendationservice_1
2026-10-02T17:45:44,recommendationservice,0,0,4.0,0.4653,mem_leak_recommendationservice_1
2026-10-02T17:45:49,loadgenerator,56.3984375,0.008910148085560418,0.0,0.1041,mem_leak_recommendationservice_1
2026-10-02T17:45:49,redis-cart,6.640625,0.004438188109468559,0.0,0.1041,mem_leak_recommendationservice_1
2026-10-02T17:45:49,checkoutservice,12.91015625,0.0011929666859838576,0.0,0.1041,mem_leak_recommendationservice_1
2026-10-02T17:45:49,shippingservice,12.3046875,0.0017495005723777283,0.0,0.1041,mem_leak_recommendationservice_1
2026-10-02T17:45:49,adservice,110.25390625,0.0033715138324845644,0.0,0.1041,mem_leak_recommendationservice_1
2026-10-02T17:45:49,frontend,15.2265625,0.018774072500919364,0.0,0.1041,mem_leak_recommendationservice_1
2026-10-02T17:45:49,emailservice,36.734375,0.007471387471387084,0.0,0.1041,mem_leak_recommendationservice_1
2026-10-02T17:45:49,paymentservice,37.8828125,0.0009775693157317807,0.0,0.1041,mem_leak_recommendationservice_1
2026-10-02T17:45:49,productcatalogservice,12.25390625,0.005577408867278585,0.0,0.1041,mem_leak_recommendationservice_1
2026-10-02T17:45:49,currencyservice,35.14453125,0.02514758125088805,0.0,0.1041,mem_leak_recommendationservice_1
2026-10-02T17:45:49,cartservice,47.63671875,0.009785318861427122,0.0,0.1041,mem_leak_recommendationservice_1
2026-10-02T17:45:49,recommendationservice,0,0,4.0,0.1041,mem_leak_recommendationservice_1
2026-10-02T17:45:55,loadgenerator,56.3984375,0.008910148085560418,0.0,0.1071,mem_leak_recommendationservice_1
2026-10-02T17:45:55,redis-cart,6.640625,0.003416776100975282,0.0,0.1071,mem_leak_recommendationservice_1
2026-10-02T17:45:55,checkoutservice,12.91015625,0.001368599867285919,0.0,0.1071,mem_leak_recommendationservice_1
2026-10-02T17:45:55,shippingservice,12.3046875,0.0018852407261246119,0.0,0.1071,mem_leak_recommendationservice_1
2026-10-02T17:45:55,adservice,110.25390625,0.0033715138324845644,0.0,0.1071,mem_leak_recommendationservice_1
2026-10-02T17:45:55,frontend,15.2265625,0.016723749678146056,0.0,0.1071,mem_leak_recommendationservice_1
2026-10-02T17:45:55,emailservice,36.734375,0.007471387471387084,0.0,0.1071,mem_leak_recommendationservice_1
2026-10-02T17:45:55,paymentservice,37.8828125,0.0010743803969945,0.0,0.1071,mem_leak_recommendationservice_1
2026-10-02T17:45:55,productcatalogservice,12.25390625,0.0042330906558391505,0.0,0.1071,mem_leak_recommendationservice_1
2026-10-02T17:45:55,currencyservice,35.14453125,0.018733800000000002,0.0,0.1071,mem_leak_recommendationservice_1
2026-10-02T17:45:55,cartservice,47.63671875,0.009785318861427122,0.0,0.1071,mem_leak_recommendationservice_1
2026-10-02T17:45:55,recommendationservice,0,0,4.0,0.1071,mem_leak_recommendationservice_1
2026-10-02T17:46:00,loadgenerator,56.3984375,0.00590894999999989,0.0,0.1157,mem_leak_recommendationservice_1
2026-10-02T17:46:00,redis-cart,6.3984375,0.004504933904300927,0.0,0.1157,mem_leak_recommendationservice_1
2026-10-02T17:46:00,checkoutservice,12.91015625,0.0010849613464572103,0.0,0.1157,mem_leak_recommendationservice_1
2026-10-02T17:46:00,shippingservice,12.54296875,0.0019162392807459037,0.0,0.1157,mem_leak_recommendationservice_1
2026-10-02T17:46:00,adservice,110.25390625,0.0033715138324845644,0.0,0.1157,mem_leak_recommendationservice_1
2026-10-02T17:46:00,frontend,14.94140625,0.023929852658552405,0.0,0.1157,mem_leak_recommendationservice_1
2026-10-02T17:46:00,emailservice,36.734375,0.007218939282020241,0.0,0.1157,mem_leak_recommendationservice_1
2026-10-02T17:46:00,paymentservice,37.8828125,0.0010743803969945,0.0,0.1157,mem_leak_recommendationservice_1
2026-10-02T17:46:00,productcatalogservice,12.7578125,0.0061330789946139885,0.0,0.1157,mem_leak_recommendationservice_1
2026-10-02T17:46:00,currencyservice,35.328125,0.031614153473483834,0.0,0.1157,mem_leak_recommendationservice_1
2026-10-02T17:46:00,cartservice,47.63671875,0.008071741222634378,0.0,0.1157,mem_leak_recommendationservice_1
2026-10-02T17:46:00,recommendationservice,0,0,4.0,0.1157,mem_leak_recommendationservice_1
2026-10-02T17:46:05,loadgenerator,56.3984375,0.006522164139431875,0.0,0.107,mem_leak_recommendationservice_1
2026-10-02T17:46:05,redis-cart,6.3984375,0.004666578660770251,0.0,0.107,mem_leak_recommendationservice_1
2026-10-02T17:46:05,checkoutservice,12.91015625,0.0009262447941505804,0.0,0.107,mem_leak_recommendationservice_1
2026-10-02T17:46:05,shippingservice,12.54296875,0.0019162392807459037,0.0,0.107,mem_leak_recommendationservice_1
2026-10-02T17:46:05,adservice,110.25390625,0.0023494600397024573,0.0,0.107,mem_leak_recommendationservice_1
2026-10-02T17:46:05,frontend,14.94140625,0.019720097305514887,0.0,0.107,mem_leak_recommendationservice_1
2026-10-02T17:46:05,emailservice,36.734375,0.005726814611340332,0.0,0.107,mem_leak_recommendationservice_1
2026-10-02T17:46:05,paymentservice,37.8828125,0.0008623514256476355,0.0,0.107,mem_leak_recommendationservice_1
2026-10-02T17:46:05,productcatalogservice,12.7578125,0.0061330789946139885,0.0,0.107,mem_leak_recommendationservice_1
2026-10-02T17:46:05,currencyservice,35.328125,0.031614153473483834,0.0,0.107,mem_leak_recommendationservice_1
2026-10-02T17:46:05,cartservice,47.63671875,0.007215254878371899,0.0,0.107,mem_leak_recommendationservice_1
2026-10-02T17:46:05,recommendationservice,0,0,4.0,0.107,mem_leak_recommendationservice_1
2026-10-02T17:46:10,loadgenerator,56.15234375,0.00861155751499218,0.0,0.0816,mem_leak_recommendationservice_1
2026-10-02T17:46:10,redis-cart,6.6484375,0.004695844491201213,0.0,0.0816,mem_leak_recommendationservice_1
2026-10-02T17:46:10,checkoutservice,12.828125,0.0011705706424213309,0.0,0.0816,mem_leak_recommendationservice_1
2026-10-02T17:46:10,shippingservice,12.54296875,0.00188318948039178,0.0,0.0816,mem_leak_recommendationservice_1
2026-10-02T17:46:10,adservice,110.50390625,0.00301112523077629,0.0,0.0816,mem_leak_recommendationservice_1
2026-10-02T17:46:10,frontend,15.49609375,0.022325363584703075,0.0,0.0816,mem_leak_recommendationservice_1
2026-10-02T17:46:10,emailservice,36.73046875,0.00728676626505992,0.0,0.0816,mem_leak_recommendationservice_1
2026-10-02T17:46:10,paymentservice,37.8984375,0.0007705918081707081,0.0,0.0816,mem_leak_recommendationservice_1
2026-10-02T17:46:10,productcatalogservice,12.7578125,0.004956038917564321,0.0,0.0816,mem_leak_recommendationservice_1
2026-10-02T17:46:10,currencyservice,35.328125,0.021243111111111074,0.0,0.0816,mem_leak_recommendationservice_1
2026-10-02T17:46:10,cartservice,47.390625,0.00995597753771906,0.0,0.0816,mem_leak_recommendationservice_1
2026-10-02T17:46:10,recommendationservice,0,0,4.0,0.0816,mem_leak_recommendationservice_1
2026-10-02T17:46:15,loadgenerator,56.15234375,0.007222010946968901,0.0,0.0645,mem_leak_recommendationservice_1
2026-10-02T17:46:15,redis-cart,6.6484375,0.004695844491201213,0.0,0.0645,mem_leak_recommendationservice_1
2026-10-02T17:46:15,checkoutservice,12.828125,0.0005177408555712849,0.0,0.0645,mem_leak_recommendationservice_1
2026-10-02T17:46:15,shippingservice,12.54296875,0.0014807675816777268,0.0,0.0645,mem_leak_recommendationservice_1
2026-10-02T17:46:15,adservice,110.50390625,0.00301112523077629,0.0,0.0645,mem_leak_recommendationservice_1
2026-10-02T17:46:15,frontend,15.49609375,0.022325363584703075,0.0,0.0645,mem_leak_recommendationservice_1
2026-10-02T17:46:15,emailservice,36.73046875,0.007147336470719015,0.0,0.0645,mem_leak_recommendationservice_1
2026-10-02T17:46:15,paymentservice,37.8984375,0.000770591808170708,0.0,0.0645,mem_leak_recommendationservice_1
2026-10-02T17:46:15,productcatalogservice,12.7578125,0.004416071868193436,0.0,0.0645,mem_leak_recommendationservice_1
2026-10-02T17:46:15,currencyservice,35.328125,0.02303162347183785,0.0,0.0645,mem_leak_recommendationservice_1
2026-10-02T17:46:15,cartservice,47.390625,0.007757569510743411,0.0,0.0645,mem_leak_recommendationservice_1
2026-10-02T17:46:15,recommendationservice,0,0,4.0,0.0645,mem_leak_recommendationservice_1
2026-10-02T17:46:20,loadgenerator,56.15234375,0.006345555270197948,0.0,0.1279,mem_leak_recommendationservice_1
2026-10-02T17:46:20,redis-cart,6.6484375,0.0037130577841502014,0.0,0.1279,mem_leak_recommendationservice_1
2026-10-02T17:46:20,checkoutservice,12.828125,0.00046266046689009656,0.0,0.1279,mem_leak_recommendationservice_1
2026-10-02T17:46:20,shippingservice,12.54296875,0.002172585759584894,0.0,0.1279,mem_leak_recommendationservice_1
2026-10-02T17:46:20,adservice,110.50390625,0.0024746076355025492,0.0,0.1279,mem_leak_recommendationservice_1
2026-10-02T17:46:20,frontend,15.49609375,0.02165443683520279,0.0,0.1279,mem_leak_recommendationservice_1
2026-10-02T17:46:20,emailservice,36.73046875,0.007147336470719015,0.0,0.1279,mem_leak_recommendationservice_1
2026-10-02T17:46:20,paymentservice,37.8984375,0.0007705918081707081,0.0,0.1279,mem_leak_recommendationservice_1
2026-10-02T17:46:20,productcatalogservice,12.5,0.0053221870135644,0.0,0.1279,mem_leak_recommendationservice_1
2026-10-02T17:46:20,currencyservice,34.63671875,0.026609614220223232,0.0,0.1279,mem_leak_recommendationservice_1
2026-10-02T17:46:20,cartservice,48.4296875,0.010434812438202472,0.0,0.1279,mem_leak_recommendationservice_1
2026-10-02T17:46:20,recommendationservice,0,0,4.0,0.1279,mem_leak_recommendationservice_1
2026-10-02T17:46:26,loadgenerator,55.890625,0.008832970529135694,0.0,0.052,mem_leak_recommendationservice_1
2026-10-02T17:46:26,redis-cart,6.89453125,0.004821960497754127,0.0,0.052,mem_leak_recommendationservice_1
2026-10-02T17:46:26,checkoutservice,12.86328125,0.0018738754476374266,0.0,0.052,mem_leak_recommendationservice_1
2026-10-02T17:46:26,shippingservice,12.54296875,0.002172585759584894,0.0,0.052,mem_leak_recommendationservice_1
2026-10-02T17:46:26,adservice,111.00390625,0.003259881737066414,0.0,0.052,mem_leak_recommendationservice_1
2026-10-02T17:46:26,frontend,14.53515625,0.02239081053175025,0.0,0.052,mem_leak_recommendationservice_1
2026-10-02T17:46:26,emailservice,37.203125,0.007378526156465927,0.0,0.052,mem_leak_recommendationservice_1
2026-10-02T17:46:26,paymentservice,37.97265625,0.0010122455954773484,0.0,0.052,mem_leak_recommendationservice_1
2026-10-02T17:46:26,productcatalogservice,12.32421875,0.005511815969223551,0.0,0.052,mem_leak_recommendationservice_1
2026-10-02T17:46:26,currencyservice,34.9453125,0.027125180568740016,0.0,0.052,mem_leak_recommendationservice_1
2026-10-02T17:46:26,cartservice,48.4296875,0.011059943877246391,0.0,0.052,mem_leak_recommendationservice_1
2026-10-02T17:46:26,recommendationservice,0,0,4.0,0.052,mem_leak_recommendationservice_1
2026-10-02T17:46:31,loadgenerator,55.890625,0.009334592451534266,0.0,0.0849,mem_leak_recommendationservice_1
2026-10-02T17:46:31,redis-cart,6.89453125,0.004821960497754127,0.0,0.0849,mem_leak_recommendationservice_1
2026-10-02T17:46:31,checkoutservice,12.86328125,0.0018738754476374266,0.0,0.0849,mem_leak_recommendationservice_1
2026-10-02T17:46:31,shippingservice,12.54296875,0.002172585759584894,0.0,0.0849,mem_leak_recommendationservice_1
2026-10-02T17:46:31,adservice,111.00390625,0.0032572983821918936,0.0,0.0849,mem_leak_recommendationservice_1
2026-10-02T17:46:31,frontend,14.53515625,0.02154846995756185,0.0,0.0849,mem_leak_recommendationservice_1
2026-10-02T17:46:31,emailservice,37.203125,0.0076342425802031315,0.0,0.0849,mem_leak_recommendationservice_1
2026-10-02T17:46:31,paymentservice,37.97265625,0.0012346277800822458,0.0,0.0849,mem_leak_recommendationservice_1
2026-10-02T17:46:31,productcatalogservice,12.32421875,0.005511815969223551,0.0,0.0849,mem_leak_recommendationservice_1
2026-10-02T17:46:31,currencyservice,34.9453125,0.027125180568740016,0.0,0.0849,mem_leak_recommendationservice_1
2026-10-02T17:46:31,cartservice,48.4296875,0.011059943877246394,0.0,0.0849,mem_leak_recommendationservice_1
2026-10-02T17:46:31,recommendationservice,0,0,4.0,0.0849,mem_leak_recommendationservice_1
