time,service,memory_mb,cpu_cores,restarts,latency_s,latency_product_s,latency_cart_s,label
2026-10-04T06:02:23,redis-cart,6.921875,0.004749576070000061,0.0,0.0719,0.0328,0.0313,mem_leak_checkoutservice_3
2026-10-04T06:02:23,productcatalogservice,14.87109375,0.013525832410929183,0.0,0.0719,0.0328,0.0313,mem_leak_checkoutservice_3
2026-10-04T06:02:23,adservice,112.140625,0.003269045892748338,0.0,0.0719,0.0328,0.0313,mem_leak_checkoutservice_3
2026-10-04T06:02:23,recommendationservice,32.8671875,0.016599487152917234,4.0,0.0719,0.0328,0.0313,mem_leak_checkoutservice_3
2026-10-04T06:02:23,emailservice,36.98046875,0.005508955577958795,0.0,0.0719,0.0328,0.0313,mem_leak_checkoutservice_3
2026-10-04T06:02:23,shippingservice,11.6875,0.0012334454951438557,0.0,0.0719,0.0328,0.0313,mem_leak_checkoutservice_3
2026-10-04T06:02:23,frontend,15.265625,0.03158236305167688,0.0,0.0719,0.0328,0.0313,mem_leak_checkoutservice_3
2026-10-04T06:02:23,loadgenerator,90.296875,0.008815205520830198,0.0,0.0719,0.0328,0.0313,mem_leak_checkoutservice_3
2026-10-04T06:02:23,cartservice,58.890625,0.009689604767526876,0.0,0.0719,0.0328,0.0313,mem_leak_checkoutservice_3
2026-10-04T06:02:23,checkoutservice,7.21484375,0.0019013357079252036,0.0,0.0719,0.0328,0.0313,mem_leak_checkoutservice_3
2026-10-04T06:02:23,currencyservice,38.1171875,0.02086047917528362,0.0,0.0719,0.0328,0.0313,mem_leak_checkoutservice_3
2026-10-04T06:02:23,paymentservice,30.84375,0.0034292090047776456,0.0,0.0719,0.0328,0.0313,mem_leak_checkoutservice_3
2026-10-04T06:02:29,redis-cart,6.921875,0.003235475000001032,0.0,0.0399,0.0243,0.0386,mem_leak_checkoutservice_3
2026-10-04T06:02:29,productcatalogservice,14.87109375,0.013525832410929183,0.0,0.0399,0.0243,0.0386,mem_leak_checkoutservice_3
2026-10-04T06:02:29,adservice,112.140625,0.002652108827663961,0.0,0.0399,0.0243,0.0386,mem_leak_checkoutservice_3
2026-10-04T06:02:29,recommendationservice,32.8671875,0.016599487152917237,4.0,0.0399,0.0243,0.0386,mem_leak_checkoutservice_3
2026-10-04T06:02:29,emailservice,36.98046875,0.004544475180147658,0.0,0.0399,0.0243,0.0386,mem_leak_checkoutservice_3
2026-10-04T06:02:29,shippingservice,11.6875,0.0010887765478667243,0.0,0.0399,0.0243,0.0386,mem_leak_checkoutservice_3
2026-10-04T06:02:29,frontend,15.265625,0.025891747602482244,0.0,0.0399,0.0243,0.0386,mem_leak_checkoutservice_3
2026-10-04T06:02:29,loadgenerator,90.296875,0.005170699999999329,0.0,0.0399,0.0243,0.0386,mem_leak_checkoutservice_3
2026-10-04T06:02:29,cartservice,58.890625,0.007630160020895435,0.0,0.0399,0.0243,0.0386,mem_leak_checkoutservice_3
2026-10-04T06:02:29,checkoutservice,7.21484375,0.0019013357079252036,0.0,0.0399,0.0243,0.0386,mem_leak_checkoutservice_3
2026-10-04T06:02:29,currencyservice,38.1171875,0.016425628221281553,0.0,0.0399,0.0243,0.0386,mem_leak_checkoutservice_3
2026-10-04T06:02:29,paymentservice,30.84375,0.0030544261510046257,0.0,0.0399,0.0243,0.0386,mem_leak_checkoutservice_3
2026-10-04T06:02:34,redis-cart,6.921875,0.003534491794942574,0.0,0.0415,0.0352,0.0298,mem_leak_checkoutservice_3
2026-10-04T06:02:34,productcatalogservice,14.1171875,0.012804366358248673,0.0,0.0415,0.0352,0.0298,mem_leak_checkoutservice_3
2026-10-04T06:02:34,adservice,112.64453125,0.0036784714405292043,0.0,0.0415,0.0352,0.0298,mem_leak_checkoutservice_3
2026-10-04T06:02:34,recommendationservice,32.35546875,0.015263956370847424,4.0,0.0415,0.0352,0.0298,mem_leak_checkoutservice_3
2026-10-04T06:02:34,emailservice,36.7421875,0.00539908266190415,0.0,0.0415,0.0352,0.0298,mem_leak_checkoutservice_3
2026-10-04T06:02:34,shippingservice,11.94140625,0.0016673636802316267,0.0,0.0415,0.0352,0.0298,mem_leak_checkoutservice_3
2026-10-04T06:02:34,frontend,15.47265625,0.03271309271863924,0.0,0.0415,0.0352,0.0298,mem_leak_checkoutservice_3
2026-10-04T06:02:34,loadgenerator,89.83984375,0.008496184280925977,0.0,0.0415,0.0352,0.0298,mem_leak_checkoutservice_3
2026-10-04T06:02:34,cartservice,58.6171875,0.009491067793159702,0.0,0.0415,0.0352,0.0298,mem_leak_checkoutservice_3
2026-10-04T06:02:34,checkoutservice,7.21484375,0.0015201539485404194,0.0,0.0415,0.0352,0.0298,mem_leak_checkoutservice_3
2026-10-04T06:02:34,currencyservice,38.90625,0.022043592642518362,0.0,0.0415,0.0352,0.0298,mem_leak_checkoutservice_3
2026-10-04T06:02:34,paymentservice,30.90234375,0.003145994659546061,0.0,0.0415,0.0352,0.0298,mem_leak_checkoutservice_3
2026-10-04T06:02:39,redis-cart,6.18359375,0.004341464464874679,0.0,0.0896,0.0189,0.033,mem_leak_checkoutservice_3
2026-10-04T06:02:39,productcatalogservice,14.1171875,0.013011840992389027,0.0,0.0896,0.0189,0.033,mem_leak_checkoutservice_3
2026-10-04T06:02:39,adservice,112.64453125,0.0036784714405292043,0.0,0.0896,0.0189,0.033,mem_leak_checkoutservice_3
2026-10-04T06:02:39,recommendationservice,33.37109375,0.015130904426941474,4.0,0.0896,0.0189,0.033,mem_leak_checkoutservice_3
2026-10-04T06:02:39,emailservice,36.7421875,0.005221495799382782,0.0,0.0896,0.0189,0.033,mem_leak_checkoutservice_3
2026-10-04T06:02:39,shippingservice,12.18359375,0.0017155245807506554,0.0,0.0896,0.0189,0.033,mem_leak_checkoutservice_3
2026-10-04T06:02:39,frontend,15.47265625,0.03212372298624811,0.0,0.0896,0.0189,0.033,mem_leak_checkoutservice_3
2026-10-04T06:02:39,loadgenerator,89.83984375,0.006875324724732322,0.0,0.0896,0.0189,0.033,mem_leak_checkoutservice_3
2026-10-04T06:02:39,cartservice,58.6171875,0.009491067793159702,0.0,0.0896,0.0189,0.033,mem_leak_checkoutservice_3
2026-10-04T06:02:39,checkoutservice,7.4609375,0.0016797356380274422,0.0,0.0896,0.0189,0.033,mem_leak_checkoutservice_3
2026-10-04T06:02:39,currencyservice,38.90625,0.021543731965373448,0.0,0.0896,0.0189,0.033,mem_leak_checkoutservice_3
2026-10-04T06:02:39,paymentservice,30.6796875,0.0016078238232603967,0.0,0.0896,0.0189,0.033,mem_leak_checkoutservice_3
2026-10-04T06:02:44,redis-cart,6.18359375,0.004341464464874679,0.0,0.025,0.0206,0.025,mem_leak_checkoutservice_3
2026-10-04T06:02:44,productcatalogservice,14.1171875,0.010885435094211988,0.0,0.025,0.0206,0.025,mem_leak_checkoutservice_3
2026-10-04T06:02:44,adservice,112.64453125,0.0029826732405887697,0.0,0.025,0.0206,0.025,mem_leak_checkoutservice_3
2026-10-04T06:02:44,recommendationservice,33.37109375,0.015130904426941474,4.0,0.025,0.0206,0.025,mem_leak_checkoutservice_3
2026-10-04T06:02:44,emailservice,36.7421875,0.004245467697083155,0.0,0.025,0.0206,0.025,mem_leak_checkoutservice_3
2026-10-04T06:02:44,shippingservice,12.18359375,0.0019909040453865764,0.0,0.025,0.0206,0.025,mem_leak_checkoutservice_3
2026-10-04T06:02:44,frontend,15.47265625,0.02708761554764292,0.0,0.025,0.0206,0.025,mem_leak_checkoutservice_3
2026-10-04T06:02:44,loadgenerator,89.83984375,0.006144652876572688,0.0,0.025,0.0206,0.025,mem_leak_checkoutservice_3
2026-10-04T06:02:44,cartservice,58.6171875,0.009491067793159702,0.0,0.025,0.0206,0.025,mem_leak_checkoutservice_3
2026-10-04T06:02:44,checkoutservice,7.4609375,0.0016595598349381005,0.0,0.025,0.0206,0.025,mem_leak_checkoutservice_3
2026-10-04T06:02:44,currencyservice,38.90625,0.016517758828951533,0.0,0.025,0.0206,0.025,mem_leak_checkoutservice_3
2026-10-04T06:02:44,paymentservice,30.6796875,0.001607823823260397,0.0,0.025,0.0206,0.025,mem_leak_checkoutservice_3
2026-10-04T06:02:50,redis-cart,6.18359375,0.0035222004723884782,0.0,0.0431,0.0346,0.0268,mem_leak_checkoutservice_3
2026-10-04T06:02:50,productcatalogservice,15.10546875,0.013322634757326748,0.0,0.0431,0.0346,0.0268,mem_leak_checkoutservice_3
2026-10-04T06:02:50,adservice,112.15234375,0.003592613804680778,0.0,0.0431,0.0346,0.0268,mem_leak_checkoutservice_3
2026-10-04T06:02:50,recommendationservice,33.37109375,0.011690822222221363,4.0,0.0431,0.0346,0.0268,mem_leak_checkoutservice_3
2026-10-04T06:02:50,emailservice,36.98828125,0.005248721754907278,0.0,0.0431,0.0346,0.0268,mem_leak_checkoutservice_3
2026-10-04T06:02:50,shippingservice,12.18359375,0.0019909040453865764,0.0,0.0431,0.0346,0.0268,mem_leak_checkoutservice_3
2026-10-04T06:02:50,frontend,14.69921875,0.033615087040609844,0.0,0.0431,0.0346,0.0268,mem_leak_checkoutservice_3
2026-10-04T06:02:50,loadgenerator,89.828125,0.007964772294209483,0.0,0.0431,0.0346,0.0268,mem_leak_checkoutservice_3
2026-10-04T06:02:50,cartservice,58.640625,0.010285628418584894,0.0,0.0431,0.0346,0.0268,mem_leak_checkoutservice_3
2026-10-04T06:02:50,checkoutservice,7.2265625,0.0013771576402731175,0.0,0.0431,0.0346,0.0268,mem_leak_checkoutservice_3
2026-10-04T06:02:50,currencyservice,37.92578125,0.021662482424143776,0.0,0.0431,0.0346,0.0268,mem_leak_checkoutservice_3
2026-10-04T06:02:50,paymentservice,30.6796875,0.0016078238232603967,0.0,0.0431,0.0346,0.0268,mem_leak_checkoutservice_3
2026-10-04T06:02:55,redis-cart,6.18359375,0.0031495072385164706,0.0,0.0547,0.0619,0.0398,mem_leak_checkoutservice_3
2026-10-04T06:02:55,productcatalogservice,15.10546875,0.008599399999997103,0.0,0.0547,0.0619,0.0398,mem_leak_checkoutservice_3
2026-10-04T06:02:55,adservice,112.15234375,0.0037223475600322523,0.0,0.0547,0.0619,0.0398,mem_leak_checkoutservice_3
2026-10-04T06:02:55,recommendationservice,33.37109375,0.012316095836481465,4.0,0.0547,0.0619,0.0398,mem_leak_checkoutservice_3
2026-10-04T06:02:55,emailservice,36.98828125,0.005233136788813684,0.0,0.0547,0.0619,0.0398,mem_leak_checkoutservice_3
2026-10-04T06:02:55,shippingservice,12.18359375,0.001535385199802128,0.0,0.0547,0.0619,0.0398,mem_leak_checkoutservice_3
2026-10-04T06:02:55,frontend,14.69921875,0.02841100469051454,0.0,0.0547,0.0619,0.0398,mem_leak_checkoutservice_3
2026-10-04T06:02:55,loadgenerator,89.828125,0.0068281107903558555,0.0,0.0547,0.0619,0.0398,mem_leak_checkoutservice_3
2026-10-04T06:02:55,cartservice,58.640625,0.010285628418584894,0.0,0.0547,0.0619,0.0398,mem_leak_checkoutservice_3
2026-10-04T06:02:55,checkoutservice,7.2265625,0.0013771576402731175,0.0,0.0547,0.0619,0.0398,mem_leak_checkoutservice_3
2026-10-04T06:02:55,currencyservice,37.92578125,0.023093657544379018,0.0,0.0547,0.0619,0.0398,mem_leak_checkoutservice_3
2026-10-04T06:02:55,paymentservice,30.6796875,0.0014102464843709544,0.0,0.0547,0.0619,0.0398,mem_leak_checkoutservice_3
2026-10-04T06:03:00,redis-cart,6.41796875,0.003926687623207092,0.0,0.0464,0.0367,0.0267,mem_leak_checkoutservice_3
2026-10-04T06:03:00,productcatalogservice,14.4296875,0.012750052711724384,0.0,0.0464,0.0367,0.0267,mem_leak_checkoutservice_3
2026-10-04T06:03:00,adservice,112.15234375,0.003007796416539561,0.0,0.0464,0.0367,0.0267,mem_leak_checkoutservice_3
2026-10-04T06:03:00,recommendationservice,32.88671875,0.01572662145381636,4.0,0.0464,0.0367,0.0267,mem_leak_checkoutservice_3
2026-10-04T06:03:00,emailservice,36.98828125,0.004380593391706075,0.0,0.0464,0.0367,0.0267,mem_leak_checkoutservice_3
2026-10-04T06:03:00,shippingservice,11.94140625,0.001829945883422109,0.0,0.0464,0.0367,0.0267,mem_leak_checkoutservice_3
2026-10-04T06:03:00,frontend,15.01171875,0.03283532998874927,0.0,0.0464,0.0367,0.0267,mem_leak_checkoutservice_3
2026-10-04T06:03:00,loadgenerator,89.84375,0.007648573324484857,0.0,0.0464,0.0367,0.0267,mem_leak_checkoutservice_3
2026-10-04T06:03:00,cartservice,58.64453125,0.010326587309634311,0.0,0.0464,0.0367,0.0267,mem_leak_checkoutservice_3
2026-10-04T06:03:00,checkoutservice,7.2265625,0.0008744899688650956,0.0,0.0464,0.0367,0.0267,mem_leak_checkoutservice_3
2026-10-04T06:03:00,currencyservice,38.07421875,0.02128541475826982,0.0,0.0464,0.0367,0.0267,mem_leak_checkoutservice_3
2026-10-04T06:03:00,paymentservice,30.765625,0.0014765116132950736,0.0,0.0464,0.0367,0.0267,mem_leak_checkoutservice_3
2026-10-04T06:03:05,redis-cart,6.41796875,0.003926687623207091,0.0,0.1076,0.1045,0.0935,mem_leak_checkoutservice_3
2026-10-04T06:03:05,productcatalogservice,14.4296875,0.012750052711724384,0.0,0.1076,0.1045,0.0935,mem_leak_checkoutservice_3
2026-10-04T06:03:05,adservice,112.15234375,0.0026740879577826695,0.0,0.1076,0.1045,0.0935,mem_leak_checkoutservice_3
2026-10-04T06:03:05,recommendationservice,32.88671875,0.0147568797131945,4.0,0.1076,0.1045,0.0935,mem_leak_checkoutservice_3
2026-10-04T06:03:05,emailservice,36.98828125,0.003911442678588928,0.0,0.1076,0.1045,0.0935,mem_leak_checkoutservice_3
2026-10-04T06:03:05,shippingservice,11.94140625,0.0014087207758018306,0.0,0.1076,0.1045,0.0935,mem_leak_checkoutservice_3
2026-10-04T06:03:05,frontend,15.01171875,0.03283532998874927,0.0,0.1076,0.1045,0.0935,mem_leak_checkoutservice_3
2026-10-04T06:03:05,loadgenerator,89.84375,0.007648573324484857,0.0,0.1076,0.1045,0.0935,mem_leak_checkoutservice_3
2026-10-04T06:03:05,cartservice,58.64453125,0.010326587309634311,0.0,0.1076,0.1045,0.0935,mem_leak_checkoutservice_3
2026-10-04T06:03:05,checkoutservice,7.2265625,0.0007824937524118434,0.0,0.1076,0.1045,0.0935,mem_leak_checkoutservice_3
2026-10-04T06:03:05,currencyservice,38.07421875,0.02128541475826982,0.0,0.1076,0.1045,0.0935,mem_leak_checkoutservice_3
2026-10-04T06:03:05,paymentservice,30.765625,0.001619089574155654,0.0,0.1076,0.1045,0.0935,mem_leak_checkoutservice_3
2026-10-04T06:03:11,redis-cart,6.18359375,0.0039804980373416635,0.0,0.0286,0.0705,0.0394,mem_leak_checkoutservice_3
2026-10-04T06:03:11,productcatalogservice,14.4296875,0.010871580362343413,0.0,0.0286,0.0705,0.0394,mem_leak_checkoutservice_3
2026-10-04T06:03:11,adservice,111.90625,0.003212667846059775,0.0,0.0286,0.0705,0.0394,mem_leak_checkoutservice_3
2026-10-04T06:03:11,recommendationservice,32.88671875,0.012640210274999434,4.0,0.0286,0.0705,0.0394,mem_leak_checkoutservice_3
2026-10-04T06:03:11,emailservice,37.48828125,0.005162088666701505,0.0,0.0286,0.0705,0.0394,mem_leak_checkoutservice_3
2026-10-04T06:03:11,shippingservice,11.703125,0.0016663722517963242,0.0,0.0286,0.0705,0.0394,mem_leak_checkoutservice_3
2026-10-04T06:03:11,frontend,15.01171875,0.03283532998874927,0.0,0.0286,0.0705,0.0394,mem_leak_checkoutservice_3
2026-10-04T06:03:11,loadgenerator,90.3515625,0.007333174729050587,0.0,0.0286,0.0705,0.0394,mem_leak_checkoutservice_3
2026-10-04T06:03:11,cartservice,58.64453125,0.010657493479569268,0.0,0.0286,0.0705,0.0394,mem_leak_checkoutservice_3
2026-10-04T06:03:11,checkoutservice,7.21875,0.0013040156887784095,0.0,0.0286,0.0705,0.0394,mem_leak_checkoutservice_3
2026-10-04T06:03:11,currencyservice,38.07421875,0.01988995949074086,0.0,0.0286,0.0705,0.0394,mem_leak_checkoutservice_3
2026-10-04T06:03:11,paymentservice,30.84765625,0.001630930348034126,0.0,0.0286,0.0705,0.0394,mem_leak_checkoutservice_3
2026-10-04T06:03:16,redis-cart,6.18359375,0.0040743722707413605,0.0,0.1914,0.016,0.1006,mem_leak_checkoutservice_3
2026-10-04T06:03:16,productcatalogservice,14.4296875,0.010340561347577814,0.0,0.1914,0.016,0.1006,mem_leak_checkoutservice_3
2026-10-04T06:03:16,adservice,111.90625,0.003212667846059775,0.0,0.1914,0.016,0.1006,mem_leak_checkoutservice_3
2026-10-04T06:03:16,recommendationservice,32.88671875,0.01265360554352379,4.0,0.1914,0.016,0.1006,mem_leak_checkoutservice_3
2026-10-04T06:03:16,emailservice,37.48828125,0.005162088666701505,0.0,0.1914,0.016,0.1006,mem_leak_checkoutservice_3
2026-10-04T06:03:16,shippingservice,11.703125,0.0016663722517963242,0.0,0.1914,0.016,0.1006,mem_leak_checkoutservice_3
2026-10-04T06:03:16,frontend,15.01171875,0.026062333633689965,0.0,0.1914,0.016,0.1006,mem_leak_checkoutservice_3
2026-10-04T06:03:16,loadgenerator,90.3515625,0.0070162935459208535,0.0,0.1914,0.016,0.1006,mem_leak_checkoutservice_3
2026-10-04T06:03:16,cartservice,58.64453125,0.008497663613488892,0.0,0.1914,0.016,0.1006,mem_leak_checkoutservice_3
2026-10-04T06:03:16,checkoutservice,7.21875,0.000874149999999996,0.0,0.1914,0.016,0.1006,mem_leak_checkoutservice_3
2026-10-04T06:03:16,currencyservice,38.07421875,0.01988995949074086,0.0,0.1914,0.016,0.1006,mem_leak_checkoutservice_3
2026-10-04T06:03:16,paymentservice,30.84765625,0.001630930348034126,0.0,0.1914,0.016,0.1006,mem_leak_checkoutservice_3
2026-10-04T06:03:21,redis-cart,6.18359375,0.0031676207218878714,0.0,0.035,0.0247,0.0586,mem_leak_checkoutservice_3
2026-10-04T06:03:21,productcatalogservice,13.8515625,0.01509516916562337,0.0,0.035,0.0247,0.0586,mem_leak_checkoutservice_3
2026-10-04T06:03:21,adservice,111.90234375,0.0035937180143302194,0.0,0.035,0.0247,0.0586,mem_leak_checkoutservice_3
2026-10-04T06:03:21,recommendationservice,33.62890625,0.017100567185257074,4.0,0.035,0.0247,0.0586,mem_leak_checkoutservice_3
2026-10-04T06:03:21,emailservice,37.48828125,0.005162088666701505,0.0,0.035,0.0247,0.0586,mem_leak_checkoutservice_3
2026-10-04T06:03:21,shippingservice,11.69140625,0.0018599570652859977,0.0,0.035,0.0247,0.0586,mem_leak_checkoutservice_3
2026-10-04T06:03:21,frontend,15.25,0.03439448778460118,0.0,0.035,0.0247,0.0586,mem_leak_checkoutservice_3
2026-10-04T06:03:21,loadgenerator,90.3515625,0.0070162935459208535,0.0,0.035,0.0247,0.0586,mem_leak_checkoutservice_3
2026-10-04T06:03:21,cartservice,58.43359375,0.011206469233434489,0.0,0.035,0.0247,0.0586,mem_leak_checkoutservice_3
2026-10-04T06:03:21,checkoutservice,7.21875,0.0009518768471568225,0.0,0.035,0.0247,0.0586,mem_leak_checkoutservice_3
2026-10-04T06:03:21,currencyservice,39.12109375,0.021465387160820745,0.0,0.035,0.0247,0.0586,mem_leak_checkoutservice_3
2026-10-04T06:03:21,paymentservice,30.84765625,0.0013024114930733637,0.0,0.035,0.0247,0.0586,mem_leak_checkoutservice_3
2026-10-04T06:03:26,redis-cart,6.18359375,0.0028157986763093544,0.0,0.0418,0.0224,0.0327,mem_leak_checkoutservice_3
2026-10-04T06:03:26,productcatalogservice,13.8515625,0.01509516916562337,0.0,0.0418,0.0224,0.0327,mem_leak_checkoutservice_3
2026-10-04T06:03:26,adservice,111.90234375,0.003690533195290349,0.0,0.0418,0.0224,0.0327,mem_leak_checkoutservice_3
2026-10-04T06:03:26,recommendationservice,33.62890625,0.017100567185257074,4.0,0.0418,0.0224,0.0327,mem_leak_checkoutservice_3
2026-10-04T06:03:26,emailservice,37.48828125,0.003793849059495884,0.0,0.0418,0.0224,0.0327,mem_leak_checkoutservice_3
2026-10-04T06:03:26,shippingservice,11.69140625,0.0018599570652859977,0.0,0.0418,0.0224,0.0327,mem_leak_checkoutservice_3
2026-10-04T06:03:26,frontend,15.25,0.028427139694216712,0.0,0.0418,0.0224,0.0327,mem_leak_checkoutservice_3
2026-10-04T06:03:26,loadgenerator,90.3515625,0.005769094384700591,0.0,0.0418,0.0224,0.0327,mem_leak_checkoutservice_3
2026-10-04T06:03:26,cartservice,58.43359375,0.011206469233434489,0.0,0.0418,0.0224,0.0327,mem_leak_checkoutservice_3
2026-10-04T06:03:26,checkoutservice,7.21875,0.0008425210304237555,0.0,0.0418,0.0224,0.0327,mem_leak_checkoutservice_3
2026-10-04T06:03:26,currencyservice,39.12109375,0.02125887092166149,0.0,0.0418,0.0224,0.0327,mem_leak_checkoutservice_3
2026-10-04T06:03:26,paymentservice,30.84765625,0.0010077571729091783,0.0,0.0418,0.0224,0.0327,mem_leak_checkoutservice_3
2026-10-04T06:03:32,redis-cart,6.671875,0.0037994008326703976,0.0,0.0512,0.0446,0.0278,mem_leak_checkoutservice_3
2026-10-04T06:03:32,productcatalogservice,14.5859375,0.016681917596375846,0.0,0.0512,0.0446,0.0278,mem_leak_checkoutservice_3
2026-10-04T06:03:32,adservice,112.140625,0.003676517963442659,0.0,0.0512,0.0446,0.0278,mem_leak_checkoutservice_3
2026-10-04T06:03:32,recommendationservice,33.12109375,0.017070573097098963,4.0,0.0512,0.0446,0.0278,mem_leak_checkoutservice_3
2026-10-04T06:03:32,emailservice,36.74609375,0.0055167078368023635,0.0,0.0512,0.0446,0.0278,mem_leak_checkoutservice_3
2026-10-04T06:03:32,shippingservice,12.1796875,0.0019611657736044105,0.0,0.0512,0.0446,0.0278,mem_leak_checkoutservice_3
2026-10-04T06:03:32,frontend,14.7890625,0.038177693947040243,0.0,0.0512,0.0446,0.0278,mem_leak_checkoutservice_3
2026-10-04T06:03:32,loadgenerator,90.09765625,0.007295798707294744,0.0,0.0512,0.0446,0.0278,mem_leak_checkoutservice_3
2026-10-04T06:03:32,cartservice,58.43359375,0.011310688714626687,0.0,0.0512,0.0446,0.0278,mem_leak_checkoutservice_3
2026-10-04T06:03:32,checkoutservice,10.48046875,0.0014631721167852499,0.0,0.0512,0.0446,0.0278,mem_leak_checkoutservice_3
2026-10-04T06:03:32,currencyservice,38.515625,0.022278065930250175,0.0,0.0512,0.0446,0.0278,mem_leak_checkoutservice_3
2026-10-04T06:03:32,paymentservice,30.875,0.0014763026752017353,0.0,0.0512,0.0446,0.0278,mem_leak_checkoutservice_3
2026-10-04T06:03:37,redis-cart,6.671875,0.003919613535301323,0.0,0.0523,0.0421,0.0258,mem_leak_checkoutservice_3
2026-10-04T06:03:37,productcatalogservice,14.5859375,0.016681917596375846,0.0,0.0523,0.0421,0.0258,mem_leak_checkoutservice_3
2026-10-04T06:03:37,adservice,112.140625,0.003676517963442659,0.0,0.0523,0.0421,0.0258,mem_leak_checkoutservice_3
2026-10-04T06:03:37,recommendationservice,33.12109375,0.017070573097098963,4.0,0.0523,0.0421,0.0258,mem_leak_checkoutservice_3
2026-10-04T06:03:37,emailservice,36.74609375,0.0055167078368023635,0.0,0.0523,0.0421,0.0258,mem_leak_checkoutservice_3
2026-10-04T06:03:37,shippingservice,12.1796875,0.0021558849357355254,0.0,0.0523,0.0421,0.0258,mem_leak_checkoutservice_3
2026-10-04T06:03:37,frontend,14.7890625,0.03157857349914448,0.0,0.0523,0.0421,0.0258,mem_leak_checkoutservice_3
2026-10-04T06:03:37,loadgenerator,90.09765625,0.007295798707294744,0.0,0.0523,0.0421,0.0258,mem_leak_checkoutservice_3
2026-10-04T06:03:37,cartservice,58.43359375,0.008966171455563152,0.0,0.0523,0.0421,0.0258,mem_leak_checkoutservice_3
2026-10-04T06:03:37,checkoutservice,10.48046875,0.0017739197311077792,0.0,0.0523,0.0421,0.0258,mem_leak_checkoutservice_3
2026-10-04T06:03:37,currencyservice,38.515625,0.022278065930250175,0.0,0.0523,0.0421,0.0258,mem_leak_checkoutservice_3
2026-10-04T06:03:37,paymentservice,30.875,0.0017097112860892459,0.0,0.0523,0.0421,0.0258,mem_leak_checkoutservice_3
2026-10-04T06:03:42,redis-cart,6.42578125,0.004323085909612748,0.0,0.0462,0.036,0.0463,mem_leak_checkoutservice_3
2026-10-04T06:03:42,productcatalogservice,14.5859375,0.015471967555764967,0.0,0.0462,0.036,0.0463,mem_leak_checkoutservice_3
2026-10-04T06:03:42,adservice,112.140625,0.0025294750000000475,0.0,0.0462,0.036,0.0463,mem_leak_checkoutservice_3
2026-10-04T06:03:42,recommendationservice,33.12109375,0.017590395568139745,4.0,0.0462,0.036,0.0463,mem_leak_checkoutservice_3
2026-10-04T06:03:42,emailservice,36.7421875,0.005544010693085596,0.0,0.0462,0.036,0.0463,mem_leak_checkoutservice_3
2026-10-04T06:03:42,shippingservice,12.2578125,0.002462801104047748,0.0,0.0462,0.036,0.0463,mem_leak_checkoutservice_3
2026-10-04T06:03:42,frontend,14.81640625,0.033769237569963924,0.0,0.0462,0.036,0.0463,mem_leak_checkoutservice_3
2026-10-04T06:03:42,loadgenerator,90.36328125,0.007168611464969252,0.0,0.0462,0.036,0.0463,mem_leak_checkoutservice_3
2026-10-04T06:03:42,cartservice,58.9296875,0.011376852247088155,0.0,0.0462,0.036,0.0463,mem_leak_checkoutservice_3
2026-10-04T06:03:42,checkoutservice,13.73828125,0.008195399010355455,0.0,0.0462,0.036,0.0463,mem_leak_checkoutservice_3
2026-10-04T06:03:42,currencyservice,38.515625,0.02483667777702208,0.0,0.0462,0.036,0.0463,mem_leak_checkoutservice_3
2026-10-04T06:03:42,paymentservice,30.90625,0.0015962886693352536,0.0,0.0462,0.036,0.0463,mem_leak_checkoutservice_3
2026-10-04T06:03:47,redis-cart,6.42578125,0.004323085909612748,0.0,0.0511,0.0282,0.0326,mem_leak_checkoutservice_3
2026-10-04T06:03:47,productcatalogservice,14.5859375,0.013867249413597836,0.0,0.0511,0.0282,0.0326,mem_leak_checkoutservice_3
2026-10-04T06:03:47,adservice,112.140625,0.002920783036887994,0.0,0.0511,0.0282,0.0326,mem_leak_checkoutservice_3
2026-10-04T06:03:47,recommendationservice,33.12109375,0.014150520421475155,4.0,0.0511,0.0282,0.0326,mem_leak_checkoutservice_3
2026-10-04T06:03:47,emailservice,36.7421875,0.00585678696902161,0.0,0.0511,0.0282,0.0326,mem_leak_checkoutservice_3
2026-10-04T06:03:47,shippingservice,12.2578125,0.002462801104047748,0.0,0.0511,0.0282,0.0326,mem_leak_checkoutservice_3
2026-10-04T06:03:47,frontend,14.81640625,0.04022248901604347,0.0,0.0511,0.0282,0.0326,mem_leak_checkoutservice_3
2026-10-04T06:03:47,loadgenerator,90.36328125,0.007168611464969252,0.0,0.0511,0.0282,0.0326,mem_leak_checkoutservice_3
2026-10-04T06:03:47,cartservice,58.9296875,0.011376852247088155,0.0,0.0511,0.0282,0.0326,mem_leak_checkoutservice_3
2026-10-04T06:03:47,checkoutservice,13.73828125,0.009629064926113977,0.0,0.0511,0.0282,0.0326,mem_leak_checkoutservice_3
2026-10-04T06:03:47,currencyservice,38.515625,0.01936536463505892,0.0,0.0511,0.0282,0.0326,mem_leak_checkoutservice_3
2026-10-04T06:03:47,paymentservice,30.90625,0.0015962886693352536,0.0,0.0511,0.0282,0.0326,mem_leak_checkoutservice_3
2026-10-04T06:03:52,redis-cart,6.42578125,0.004368443221386444,0.0,0.0402,0.0537,0.0405,mem_leak_checkoutservice_3
2026-10-04T06:03:52,productcatalogservice,13.86328125,0.016252898491972135,0.0,0.0402,0.0537,0.0405,mem_leak_checkoutservice_3
2026-10-04T06:03:52,adservice,112.8828125,0.003984330586409012,0.0,0.0402,0.0537,0.0405,mem_leak_checkoutservice_3
2026-10-04T06:03:52,recommendationservice,32.37109375,0.01708687529192069,4.0,0.0402,0.0537,0.0405,mem_leak_checkoutservice_3
2026-10-04T06:03:52,emailservice,36.7421875,0.004732723129992137,0.0,0.0402,0.0537,0.0405,mem_leak_checkoutservice_3
2026-10-04T06:03:52,shippingservice,12.2578125,0.0023026272571810918,0.0,0.0402,0.0537,0.0405,mem_leak_checkoutservice_3
2026-10-04T06:03:52,frontend,14.81640625,0.03446977925366002,0.0,0.0402,0.0537,0.0405,mem_leak_checkoutservice_3
2026-10-04T06:03:52,loadgenerator,89.8515625,0.007141152647358029,0.0,0.0402,0.0537,0.0405,mem_leak_checkoutservice_3
2026-10-04T06:03:52,cartservice,58.96484375,0.01182615128537084,0.0,0.0402,0.0537,0.0405,mem_leak_checkoutservice_3
2026-10-04T06:03:52,checkoutservice,13.73828125,0.010526097835297767,0.0,0.0402,0.0537,0.0405,mem_leak_checkoutservice_3
2026-10-04T06:03:52,currencyservice,38.58984375,0.022160577298140652,0.0,0.0402,0.0537,0.0405,mem_leak_checkoutservice_3
2026-10-04T06:03:52,paymentservice,31.046875,0.001363376598217747,0.0,0.0402,0.0537,0.0405,mem_leak_checkoutservice_3
2026-10-04T06:03:58,redis-cart,6.42578125,0.0034508517227342214,0.0,0.1317,0.0381,0.0234,mem_leak_checkoutservice_3
2026-10-04T06:03:58,productcatalogservice,13.86328125,0.015569446679756944,0.0,0.1317,0.0381,0.0234,mem_leak_checkoutservice_3
2026-10-04T06:03:58,adservice,112.8828125,0.0033291406242289363,0.0,0.1317,0.0381,0.0234,mem_leak_checkoutservice_3
2026-10-04T06:03:58,recommendationservice,32.37109375,0.016404034056994445,4.0,0.1317,0.0381,0.0234,mem_leak_checkoutservice_3
2026-10-04T06:03:58,emailservice,36.7421875,0.004220156657086596,0.0,0.1317,0.0381,0.0234,mem_leak_checkoutservice_3
2026-10-04T06:03:58,shippingservice,12.2578125,0.0020622778831302846,0.0,0.1317,0.0381,0.0234,mem_leak_checkoutservice_3
2026-10-04T06:03:58,frontend,14.81640625,0.030949641089939278,0.0,0.1317,0.0381,0.0234,mem_leak_checkoutservice_3
2026-10-04T06:03:58,loadgenerator,89.8515625,0.00745128231537893,0.0,0.1317,0.0381,0.0234,mem_leak_checkoutservice_3
2026-10-04T06:03:58,cartservice,58.96484375,0.009625272535529587,0.0,0.1317,0.0381,0.0234,mem_leak_checkoutservice_3
2026-10-04T06:03:58,checkoutservice,13.73828125,0.008407668340735855,0.0,0.1317,0.0381,0.0234,mem_leak_checkoutservice_3
2026-10-04T06:03:58,currencyservice,38.58984375,0.016888749429986867,0.0,0.1317,0.0381,0.0234,mem_leak_checkoutservice_3
2026-10-04T06:03:58,paymentservice,31.046875,0.001363376598217747,0.0,0.1317,0.0381,0.0234,mem_leak_checkoutservice_3
2026-10-04T06:04:03,redis-cart,5.93359375,0.003638931319710696,0.0,0.0596,0.0272,0.0235,mem_leak_checkoutservice_3
2026-10-04T06:04:03,productcatalogservice,13.62109375,0.015270905606366965,0.0,0.0596,0.0272,0.0235,mem_leak_checkoutservice_3
2026-10-04T06:04:03,adservice,112.14453125,0.003455198693520894,0.0,0.0596,0.0272,0.0235,mem_leak_checkoutservice_3
2026-10-04T06:04:03,recommendationservice,32.92578125,0.015932305191140046,4.0,0.0596,0.0272,0.0235,mem_leak_checkoutservice_3
2026-10-04T06:04:03,emailservice,36.73828125,0.005257996180929701,0.0,0.0596,0.0272,0.0235,mem_leak_checkoutservice_3
2026-10-04T06:04:03,shippingservice,12.24609375,0.002169423250082985,0.0,0.0596,0.0272,0.0235,mem_leak_checkoutservice_3
2026-10-04T06:04:03,frontend,14.8125,0.03615668650249497,0.0,0.0596,0.0272,0.0235,mem_leak_checkoutservice_3
2026-10-04T06:04:03,loadgenerator,89.8515625,0.006236557713920711,0.0,0.0596,0.0272,0.0235,mem_leak_checkoutservice_3
2026-10-04T06:04:03,cartservice,58.96484375,0.009650756547820874,0.0,0.0596,0.0272,0.0235,mem_leak_checkoutservice_3
2026-10-04T06:04:03,currencyservice,40.00390625,0.022784714692755538,0.0,0.0596,0.0272,0.0235,mem_leak_checkoutservice_3
2026-10-04T06:04:03,paymentservice,31.046875,0.001155885828597875,0.0,0.0596,0.0272,0.0235,mem_leak_checkoutservice_3
2026-10-04T06:04:03,checkoutservice,4.4765625,0.014182904974145451,0.0,0.0596,0.0272,0.0235,mem_leak_checkoutservice_3
2026-10-04T06:04:08,redis-cart,5.93359375,0.0036389313197106965,0.0,0.1054,0.0361,0.0216,mem_leak_checkoutservice_3
2026-10-04T06:04:08,productcatalogservice,13.62109375,0.015270905606366967,0.0,0.1054,0.0361,0.0216,mem_leak_checkoutservice_3
2026-10-04T06:04:08,adservice,112.14453125,0.003455198693520895,0.0,0.1054,0.0361,0.0216,mem_leak_checkoutservice_3
2026-10-04T06:04:08,recommendationservice,32.92578125,0.015932305191140046,4.0,0.1054,0.0361,0.0216,mem_leak_checkoutservice_3
2026-10-04T06:04:08,emailservice,36.73828125,0.005257996180929702,0.0,0.1054,0.0361,0.0216,mem_leak_checkoutservice_3
2026-10-04T06:04:08,shippingservice,12.24609375,0.002169423250082985,0.0,0.1054,0.0361,0.0216,mem_leak_checkoutservice_3
2026-10-04T06:04:08,frontend,14.8125,0.028927056601080817,0.0,0.1054,0.0361,0.0216,mem_leak_checkoutservice_3
2026-10-04T06:04:08,loadgenerator,89.8515625,0.004408349999999928,0.0,0.1054,0.0361,0.0216,mem_leak_checkoutservice_3
2026-10-04T06:04:08,cartservice,58.96484375,0.00863878836507837,0.0,0.1054,0.0361,0.0216,mem_leak_checkoutservice_3
2026-10-04T06:04:08,currencyservice,40.00390625,0.022784714692755538,0.0,0.1054,0.0361,0.0216,mem_leak_checkoutservice_3
2026-10-04T06:04:08,paymentservice,31.046875,0.0005893999999999956,0.0,0.1054,0.0361,0.0216,mem_leak_checkoutservice_3
2026-10-04T06:04:08,checkoutservice,4.4765625,0.012829747585956872,0.0,0.1054,0.0361,0.0216,mem_leak_checkoutservice_3
2026-10-04T06:04:13,redis-cart,5.93359375,0.003638931319710696,0.0,0.1311,0.0384,0.0311,mem_leak_checkoutservice_3
2026-10-04T06:04:13,productcatalogservice,14.33203125,0.013069299245640412,0.0,0.1311,0.0384,0.0311,mem_leak_checkoutservice_3
2026-10-04T06:04:13,adservice,112.14453125,0.003390281209553713,0.0,0.1311,0.0384,0.0311,mem_leak_checkoutservice_3
2026-10-04T06:04:13,recommendationservice,33.125,0.015227770230434989,4.0,0.1311,0.0384,0.0311,mem_leak_checkoutservice_3
2026-10-04T06:04:13,emailservice,36.99609375,0.0050035153246194095,0.0,0.1311,0.0384,0.0311,mem_leak_checkoutservice_3
2026-10-04T06:04:13,shippingservice,12.26171875,0.0020276545723353218,0.0,0.1311,0.0384,0.0311,mem_leak_checkoutservice_3
2026-10-04T06:04:13,frontend,14.1796875,0.034545426012224774,0.0,0.1311,0.0384,0.0311,mem_leak_checkoutservice_3
2026-10-04T06:04:13,loadgenerator,90.12109375,0.0076128875143061814,0.0,0.1311,0.0384,0.0311,mem_leak_checkoutservice_3
2026-10-04T06:04:13,cartservice,59.8671875,0.011669202740793489,0.0,0.1311,0.0384,0.0311,mem_leak_checkoutservice_3
2026-10-04T06:04:13,currencyservice,40.00390625,0.018433910131299722,0.0,0.1311,0.0384,0.0311,mem_leak_checkoutservice_3
2026-10-04T06:04:13,paymentservice,31.60546875,0.0018126861555432864,0.0,0.1311,0.0384,0.0311,mem_leak_checkoutservice_3
2026-10-04T06:04:13,checkoutservice,5.3515625,0.003849117356687898,0.0,0.1311,0.0384,0.0311,mem_leak_checkoutservice_3
2026-10-04T06:04:18,redis-cart,5.93359375,0.002725999262664443,0.0,0.0718,0.0353,0.0196,mem_leak_checkoutservice_3
2026-10-04T06:04:18,productcatalogservice,14.33203125,0.013069299245640414,0.0,0.0718,0.0353,0.0196,mem_leak_checkoutservice_3
2026-10-04T06:04:18,adservice,112.14453125,0.0026744233321564464,0.0,0.0718,0.0353,0.0196,mem_leak_checkoutservice_3
2026-10-04T06:04:18,recommendationservice,33.125,0.015227770230434989,4.0,0.0718,0.0353,0.0196,mem_leak_checkoutservice_3
2026-10-04T06:04:18,emailservice,36.99609375,0.0050035153246194095,0.0,0.0718,0.0353,0.0196,mem_leak_checkoutservice_3
2026-10-04T06:04:18,shippingservice,12.26171875,0.0020276545723353218,0.0,0.0718,0.0353,0.0196,mem_leak_checkoutservice_3
2026-10-04T06:04:18,frontend,14.1796875,0.02848970879179847,0.0,0.0718,0.0353,0.0196,mem_leak_checkoutservice_3
2026-10-04T06:04:18,loadgenerator,90.12109375,0.00761288751430618,0.0,0.0718,0.0353,0.0196,mem_leak_checkoutservice_3
2026-10-04T06:04:18,cartservice,59.8671875,0.009840474943881572,0.0,0.0718,0.0353,0.0196,mem_leak_checkoutservice_3
2026-10-04T06:04:18,currencyservice,40.00390625,0.015907247114442392,0.0,0.0718,0.0353,0.0196,mem_leak_checkoutservice_3
2026-10-04T06:04:18,paymentservice,31.60546875,0.0014528478127106602,0.0,0.0718,0.0353,0.0196,mem_leak_checkoutservice_3
2026-10-04T06:04:18,checkoutservice,5.3515625,0.00460748670761298,0.0,0.0718,0.0353,0.0196,mem_leak_checkoutservice_3
2026-10-04T06:04:24,redis-cart,6.18359375,0.003550475287985517,0.0,0.0783,0.0341,0.0219,mem_leak_checkoutservice_3
2026-10-04T06:04:24,productcatalogservice,14.36328125,0.012141055813865367,0.0,0.0783,0.0341,0.0219,mem_leak_checkoutservice_3
2026-10-04T06:04:24,adservice,111.8984375,0.002950309825907384,0.0,0.0783,0.0341,0.0219,mem_leak_checkoutservice_3
2026-10-04T06:04:24,recommendationservice,33.125,0.01250051888152583,4.0,0.0783,0.0341,0.0219,mem_leak_checkoutservice_3
2026-10-04T06:04:24,emailservice,36.74609375,0.004618512624402648,0.0,0.0783,0.0341,0.0219,mem_leak_checkoutservice_3
2026-10-04T06:04:24,shippingservice,12.26171875,0.0017249088475642224,0.0,0.0783,0.0341,0.0219,mem_leak_checkoutservice_3
2026-10-04T06:04:24,frontend,14.890625,0.03034945262459471,0.0,0.0783,0.0341,0.0219,mem_leak_checkoutservice_3
2026-10-04T06:04:24,loadgenerator,90.12109375,0.00595772771137769,0.0,0.0783,0.0341,0.0219,mem_leak_checkoutservice_3
2026-10-04T06:04:24,cartservice,59.109375,0.010649061435397969,0.0,0.0783,0.0341,0.0219,mem_leak_checkoutservice_3
2026-10-04T06:04:24,currencyservice,38.4921875,0.020966163053486208,0.0,0.0783,0.0341,0.0219,mem_leak_checkoutservice_3
2026-10-04T06:04:24,paymentservice,31.83984375,0.001639291166398483,0.0,0.0783,0.0341,0.0219,mem_leak_checkoutservice_3
2026-10-04T06:04:24,checkoutservice,5.3515625,0.00537907830603579,0.0,0.0783,0.0341,0.0219,mem_leak_checkoutservice_3
2026-10-04T06:04:29,redis-cart,6.42578125,0.0035727776815105967,0.0,0.1401,0.0693,0.0348,mem_leak_checkoutservice_3
2026-10-04T06:04:29,productcatalogservice,14.36328125,0.009893333802560265,0.0,0.1401,0.0693,0.0348,mem_leak_checkoutservice_3
2026-10-04T06:04:29,adservice,112.39453125,0.0030655460709662907,0.0,0.1401,0.0693,0.0348,mem_leak_checkoutservice_3
2026-10-04T06:04:29,recommendationservice,33.38671875,0.013737206937159201,4.0,0.1401,0.0693,0.0348,mem_leak_checkoutservice_3
2026-10-04T06:04:29,emailservice,36.74609375,0.004618512624402648,0.0,0.1401,0.0693,0.0348,mem_leak_checkoutservice_3
2026-10-04T06:04:29,shippingservice,12.53515625,0.0014761026991445647,0.0,0.1401,0.0693,0.0348,mem_leak_checkoutservice_3
2026-10-04T06:04:29,frontend,14.890625,0.030349452624594705,0.0,0.1401,0.0693,0.0348,mem_leak_checkoutservice_3
2026-10-04T06:04:29,loadgenerator,90.15234375,0.007309409237378335,0.0,0.1401,0.0693,0.0348,mem_leak_checkoutservice_3
2026-10-04T06:04:29,cartservice,59.109375,0.009083738146573098,0.0,0.1401,0.0693,0.0348,mem_leak_checkoutservice_3
2026-10-04T06:04:29,currencyservice,38.4921875,0.02285649400850418,0.0,0.1401,0.0693,0.0348,mem_leak_checkoutservice_3
2026-10-04T06:04:29,paymentservice,31.14453125,0.0018196282262384162,0.0,0.1401,0.0693,0.0348,mem_leak_checkoutservice_3
2026-10-04T06:04:29,checkoutservice,5.37890625,0.0037032064574891257,0.0,0.1401,0.0693,0.0348,mem_leak_checkoutservice_3
2026-10-04T06:04:34,redis-cart,6.42578125,0.0035727776815105967,0.0,0.5301,0.1118,0.1414,mem_leak_checkoutservice_3
2026-10-04T06:04:34,productcatalogservice,14.36328125,0.009283360709301379,0.0,0.5301,0.1118,0.1414,mem_leak_checkoutservice_3
2026-10-04T06:04:34,adservice,112.39453125,0.0030655460709662907,0.0,0.5301,0.1118,0.1414,mem_leak_checkoutservice_3
2026-10-04T06:04:34,recommendationservice,33.38671875,0.011650601521221037,4.0,0.5301,0.1118,0.1414,mem_leak_checkoutservice_3
2026-10-04T06:04:34,emailservice,36.74609375,0.0024258250000002593,0.0,0.5301,0.1118,0.1414,mem_leak_checkoutservice_3
2026-10-04T06:04:34,shippingservice,12.53515625,0.0014761026991445647,0.0,0.5301,0.1118,0.1414,mem_leak_checkoutservice_3
2026-10-04T06:04:34,frontend,14.890625,0.024226534861617792,0.0,0.5301,0.1118,0.1414,mem_leak_checkoutservice_3
2026-10-04T06:04:34,loadgenerator,90.15234375,0.007309409237378334,0.0,0.5301,0.1118,0.1414,mem_leak_checkoutservice_3
2026-10-04T06:04:34,cartservice,59.109375,0.007052792049368467,0.0,0.5301,0.1118,0.1414,mem_leak_checkoutservice_3
2026-10-04T06:04:34,currencyservice,38.4921875,0.01793130049123834,0.0,0.5301,0.1118,0.1414,mem_leak_checkoutservice_3
2026-10-04T06:04:34,paymentservice,31.14453125,0.0021145361917815344,0.0,0.5301,0.1118,0.1414,mem_leak_checkoutservice_3
2026-10-04T06:04:34,checkoutservice,5.37890625,0.0035145999999999997,0.0,0.5301,0.1118,0.1414,mem_leak_checkoutservice_3
2026-10-04T06:04:40,redis-cart,6.42578125,0.0028973298133369023,0.0,0.332,0.0257,0.0242,mem_leak_checkoutservice_3
2026-10-04T06:04:40,productcatalogservice,13.625,0.012151529928075031,0.0,0.332,0.0257,0.0242,mem_leak_checkoutservice_3
2026-10-04T06:04:40,adservice,112.39453125,0.0030655460709662907,0.0,0.332,0.0257,0.0242,mem_leak_checkoutservice_3
2026-10-04T06:04:40,recommendationservice,33.38671875,0.010351290698414728,4.0,0.332,0.0257,0.0242,mem_leak_checkoutservice_3
2026-10-04T06:04:40,emailservice,36.75,0.004413515266413212,0.0,0.332,0.0257,0.0242,mem_leak_checkoutservice_3
2026-10-04T06:04:40,shippingservice,12.53515625,0.0012866182938109955,0.0,0.332,0.0257,0.0242,mem_leak_checkoutservice_3
2026-10-04T06:04:40,frontend,15.07421875,0.029100996336344623,0.0,0.332,0.0257,0.0242,mem_leak_checkoutservice_3
2026-10-04T06:04:40,loadgenerator,89.859375,0.007545004369355675,0.0,0.332,0.0257,0.0242,mem_leak_checkoutservice_3
2026-10-04T06:04:40,cartservice,58.875,0.0086596585726076,0.0,0.332,0.0257,0.0242,mem_leak_checkoutservice_3
2026-10-04T06:04:40,currencyservice,39.1015625,0.01932000633989792,0.0,0.332,0.0257,0.0242,mem_leak_checkoutservice_3
2026-10-04T06:04:40,paymentservice,31.14453125,0.0018019313843848535,0.0,0.332,0.0257,0.0242,mem_leak_checkoutservice_3
2026-10-04T06:04:40,checkoutservice,7.1171875,0.0044377482499980345,0.0,0.332,0.0257,0.0242,mem_leak_checkoutservice_3
2026-10-04T06:04:46,redis-cart,6.42578125,0.0025799420931485666,0.0,0.1919,0.038,0.0225,mem_leak_checkoutservice_3
2026-10-04T06:04:46,productcatalogservice,13.625,0.011578128199875927,0.0,0.1919,0.038,0.0225,mem_leak_checkoutservice_3
2026-10-04T06:04:46,adservice,112.39453125,0.002453556825681273,0.0,0.1919,0.038,0.0225,mem_leak_checkoutservice_3
2026-10-04T06:04:46,recommendationservice,33.38671875,0.008807411229893019,4.0,0.1919,0.038,0.0225,mem_leak_checkoutservice_3
2026-10-04T06:04:46,emailservice,36.75,0.004413515266413212,0.0,0.1919,0.038,0.0225,mem_leak_checkoutservice_3
2026-10-04T06:04:46,shippingservice,12.53515625,0.0011459873209692874,0.0,0.1919,0.038,0.0225,mem_leak_checkoutservice_3
2026-10-04T06:04:46,frontend,15.07421875,0.029100996336344623,0.0,0.1919,0.038,0.0225,mem_leak_checkoutservice_3
2026-10-04T06:04:46,loadgenerator,89.859375,0.007545004369355675,0.0,0.1919,0.038,0.0225,mem_leak_checkoutservice_3
2026-10-04T06:04:46,cartservice,58.875,0.007329604211713731,0.0,0.1919,0.038,0.0225,mem_leak_checkoutservice_3
2026-10-04T06:04:46,currencyservice,39.1015625,0.016729500983539005,0.0,0.1919,0.038,0.0225,mem_leak_checkoutservice_3
2026-10-04T06:04:46,paymentservice,31.14453125,0.0016150063850313662,0.0,0.1919,0.038,0.0225,mem_leak_checkoutservice_3
2026-10-04T06:04:46,checkoutservice,7.1171875,0.004458426648435842,0.0,0.1919,0.038,0.0225,mem_leak_checkoutservice_3
2026-10-04T06:04:51,redis-cart,6.42578125,0.003573233675282518,0.0,0.0812,0.0284,0.0204,mem_leak_checkoutservice_3
2026-10-04T06:04:51,productcatalogservice,13.625,0.009358922638631929,0.0,0.0812,0.0284,0.0204,mem_leak_checkoutservice_3
2026-10-04T06:04:51,adservice,112.02734375,0.0030516331209124374,0.0,0.0812,0.0284,0.0204,mem_leak_checkoutservice_3
2026-10-04T06:04:51,recommendationservice,33.60546875,0.013716124080010083,4.0,0.0812,0.0284,0.0204,mem_leak_checkoutservice_3
2026-10-04T06:04:51,emailservice,37.01171875,0.004678884661414831,0.0,0.0812,0.0284,0.0204,mem_leak_checkoutservice_3
2026-10-04T06:04:51,shippingservice,12.046875,0.0015030134952181999,0.0,0.0812,0.0284,0.0204,mem_leak_checkoutservice_3
2026-10-04T06:04:51,frontend,15.07421875,0.02573327688399024,0.0,0.0812,0.0284,0.0204,mem_leak_checkoutservice_3
2026-10-04T06:04:51,loadgenerator,89.859375,0.007319686974518654,0.0,0.0812,0.0284,0.0204,mem_leak_checkoutservice_3
2026-10-04T06:04:51,cartservice,59.35546875,0.007665453065285732,0.0,0.0812,0.0284,0.0204,mem_leak_checkoutservice_3
2026-10-04T06:04:51,currencyservice,38.6796875,0.018038420742486953,0.0,0.0812,0.0284,0.0204,mem_leak_checkoutservice_3
2026-10-04T06:04:51,paymentservice,31.4921875,0.0016002365601373136,0.0,0.0812,0.0284,0.0204,mem_leak_checkoutservice_3
2026-10-04T06:04:51,checkoutservice,7.1171875,0.0038244259945097977,0.0,0.0812,0.0284,0.0204,mem_leak_checkoutservice_3
2026-10-04T06:04:56,redis-cart,6.42578125,0.0035819630499653392,0.0,0.1743,0.0292,0.0172,mem_leak_checkoutservice_3
2026-10-04T06:04:56,productcatalogservice,13.625,0.008138225648542637,0.0,0.1743,0.0292,0.0172,mem_leak_checkoutservice_3
2026-10-04T06:04:56,adservice,112.02734375,0.0030516331209124374,0.0,0.1743,0.0292,0.0172,mem_leak_checkoutservice_3
2026-10-04T06:04:56,recommendationservice,33.60546875,0.013346377254665226,4.0,0.1743,0.0292,0.0172,mem_leak_checkoutservice_3
2026-10-04T06:04:56,emailservice,37.01171875,0.004784239723535239,0.0,0.1743,0.0292,0.0172,mem_leak_checkoutservice_3
2026-10-04T06:04:56,shippingservice,12.046875,0.0013831436330906761,0.0,0.1743,0.0292,0.0172,mem_leak_checkoutservice_3
2026-10-04T06:04:56,frontend,15.07421875,0.019641352469653615,0.0,0.1743,0.0292,0.0172,mem_leak_checkoutservice_3
2026-10-04T06:04:56,loadgenerator,89.859375,0.005586507093735545,0.0,0.1743,0.0292,0.0172,mem_leak_checkoutservice_3
2026-10-04T06:04:56,cartservice,59.35546875,0.007665453065285732,0.0,0.1743,0.0292,0.0172,mem_leak_checkoutservice_3
2026-10-04T06:04:56,currencyservice,38.6796875,0.01414901252838762,0.0,0.1743,0.0292,0.0172,mem_leak_checkoutservice_3
2026-10-04T06:04:56,paymentservice,31.4921875,0.0016002365601373136,0.0,0.1743,0.0292,0.0172,mem_leak_checkoutservice_3
2026-10-04T06:04:56,checkoutservice,7.1171875,0.001512455027959654,0.0,0.1743,0.0292,0.0172,mem_leak_checkoutservice_3
2026-10-04T06:05:02,redis-cart,6.67578125,0.0036007574340748915,0.0,0.0582,0.0218,0.0172,mem_leak_checkoutservice_3
2026-10-04T06:05:02,productcatalogservice,13.35546875,0.011324811961736401,0.0,0.0582,0.0218,0.0172,mem_leak_checkoutservice_3
2026-10-04T06:05:02,adservice,112.02734375,0.0026542802729102796,0.0,0.0582,0.0218,0.0172,mem_leak_checkoutservice_3
2026-10-04T06:05:02,recommendationservice,32.12890625,0.013467900574327268,4.0,0.0582,0.0218,0.0172,mem_leak_checkoutservice_3
2026-10-04T06:05:02,emailservice,37.01171875,0.004784239723535239,0.0,0.0582,0.0218,0.0172,mem_leak_checkoutservice_3
2026-10-04T06:05:02,shippingservice,12.046875,0.0010862230367554063,0.0,0.0582,0.0218,0.0172,mem_leak_checkoutservice_3
2026-10-04T06:05:02,frontend,15.3515625,0.02564423873181395,0.0,0.0582,0.0218,0.0172,mem_leak_checkoutservice_3
2026-10-04T06:05:02,loadgenerator,90.34375,0.007663360770929395,0.0,0.0582,0.0218,0.0172,mem_leak_checkoutservice_3
2026-10-04T06:05:02,cartservice,59.35546875,0.006482351975065763,0.0,0.0582,0.0218,0.0172,mem_leak_checkoutservice_3
2026-10-04T06:05:02,currencyservice,38.6796875,0.016956093868281646,0.0,0.0582,0.0218,0.0172,mem_leak_checkoutservice_3
2026-10-04T06:05:02,paymentservice,31.24609375,0.0015800204358054374,0.0,0.0582,0.0218,0.0172,mem_leak_checkoutservice_3
2026-10-04T06:05:02,checkoutservice,6.44140625,0.0018529999049158503,0.0,0.0582,0.0218,0.0172,mem_leak_checkoutservice_3
2026-10-04T06:05:07,redis-cart,6.67578125,0.0036007574340748915,0.0,0.0471,0.0329,0.0211,mem_leak_checkoutservice_3
2026-10-04T06:05:07,productcatalogservice,13.35546875,0.012212277455949333,0.0,0.0471,0.0329,0.0211,mem_leak_checkoutservice_3
2026-10-04T06:05:07,adservice,112.02734375,0.002385189253949267,0.0,0.0471,0.0329,0.0211,mem_leak_checkoutservice_3
2026-10-04T06:05:07,recommendationservice,32.12890625,0.01180994278886324,4.0,0.0471,0.0329,0.0211,mem_leak_checkoutservice_3
2026-10-04T06:05:07,emailservice,37.01171875,0.004942750951652313,0.0,0.0471,0.0329,0.0211,mem_leak_checkoutservice_3
2026-10-04T06:05:07,shippingservice,12.046875,0.0009678489941567295,0.0,0.0471,0.0329,0.0211,mem_leak_checkoutservice_3
2026-10-04T06:05:07,frontend,15.3515625,0.02564423873181395,0.0,0.0471,0.0329,0.0211,mem_leak_checkoutservice_3
2026-10-04T06:05:07,loadgenerator,90.34375,0.008124369427964637,0.0,0.0471,0.0329,0.0211,mem_leak_checkoutservice_3
2026-10-04T06:05:07,cartservice,59.35546875,0.005807380821850524,0.0,0.0471,0.0329,0.0211,mem_leak_checkoutservice_3
2026-10-04T06:05:07,currencyservice,38.6796875,0.013341902460257418,0.0,0.0471,0.0329,0.0211,mem_leak_checkoutservice_3
2026-10-04T06:05:07,paymentservice,31.24609375,0.0015800204358054374,0.0,0.0471,0.0329,0.0211,mem_leak_checkoutservice_3
2026-10-04T06:05:07,checkoutservice,6.44140625,0.0015709218471680769,0.0,0.0471,0.0329,0.0211,mem_leak_checkoutservice_3
2026-10-04T06:05:12,redis-cart,6.17578125,0.003726657034495194,0.0,0.0901,0.0207,0.0288,mem_leak_checkoutservice_3
2026-10-04T06:05:12,productcatalogservice,13.125,0.012313887989642903,0.0,0.0901,0.0207,0.0288,mem_leak_checkoutservice_3
2026-10-04T06:05:12,adservice,112.0234375,0.003034703437355667,0.0,0.0901,0.0207,0.0288,mem_leak_checkoutservice_3
2026-10-04T06:05:12,recommendationservice,33.125,0.014032491778143764,4.0,0.0901,0.0207,0.0288,mem_leak_checkoutservice_3
2026-10-04T06:05:12,emailservice,36.7421875,0.0050605701794321535,0.0,0.0901,0.0207,0.0288,mem_leak_checkoutservice_3
2026-10-04T06:05:12,shippingservice,11.8359375,0.0015948530965968562,0.0,0.0901,0.0207,0.0288,mem_leak_checkoutservice_3
2026-10-04T06:05:12,frontend,13.83984375,0.0273140129101685,0.0,0.0901,0.0207,0.0288,mem_leak_checkoutservice_3
2026-10-04T06:05:12,loadgenerator,90.6171875,0.008237232440328162,0.0,0.0901,0.0207,0.0288,mem_leak_checkoutservice_3
2026-10-04T06:05:12,cartservice,58.87109375,0.007943045407098179,0.0,0.0901,0.0207,0.0288,mem_leak_checkoutservice_3
2026-10-04T06:05:12,currencyservice,38.7265625,0.017132271762207944,0.0,0.0901,0.0207,0.0288,mem_leak_checkoutservice_3
2026-10-04T06:05:12,paymentservice,31.24609375,0.0013106752299028154,0.0,0.0901,0.0207,0.0288,mem_leak_checkoutservice_3
2026-10-04T06:05:12,checkoutservice,7.765625,0.002947525513003402,0.0,0.0901,0.0207,0.0288,mem_leak_checkoutservice_3
2026-10-04T06:05:17,redis-cart,6.17578125,0.003726657034495194,0.0,0.5209,0.0582,0.0243,mem_leak_checkoutservice_3
2026-10-04T06:05:17,productcatalogservice,13.125,0.011968881944216796,0.0,0.5209,0.0582,0.0243,mem_leak_checkoutservice_3
2026-10-04T06:05:17,adservice,112.0234375,0.002908464042616039,0.0,0.5209,0.0582,0.0243,mem_leak_checkoutservice_3
2026-10-04T06:05:17,recommendationservice,33.125,0.011517908230644233,4.0,0.5209,0.0582,0.0243,mem_leak_checkoutservice_3
2026-10-04T06:05:17,emailservice,36.7421875,0.0035585999999995016,0.0,0.5209,0.0582,0.0243,mem_leak_checkoutservice_3
2026-10-04T06:05:17,shippingservice,11.8359375,0.0015948530965968562,0.0,0.5209,0.0582,0.0243,mem_leak_checkoutservice_3
2026-10-04T06:05:17,frontend,13.83984375,0.028061534440704264,0.0,0.5209,0.0582,0.0243,mem_leak_checkoutservice_3
2026-10-04T06:05:17,loadgenerator,90.6171875,0.008237232440328162,0.0,0.5209,0.0582,0.0243,mem_leak_checkoutservice_3
2026-10-04T06:05:17,cartservice,58.87109375,0.006635217544821573,0.0,0.5209,0.0582,0.0243,mem_leak_checkoutservice_3
2026-10-04T06:05:17,currencyservice,38.7265625,0.013533224999999763,0.0,0.5209,0.0582,0.0243,mem_leak_checkoutservice_3
2026-10-04T06:05:17,paymentservice,31.24609375,0.0010254359144039739,0.0,0.5209,0.0582,0.0243,mem_leak_checkoutservice_3
2026-10-04T06:05:17,checkoutservice,7.765625,0.002947525513003402,0.0,0.5209,0.0582,0.0243,mem_leak_checkoutservice_3
2026-10-04T06:05:23,redis-cart,6.17578125,0.002899415971532779,0.0,4.8905,0.1362,0.0345,mem_leak_checkoutservice_3
2026-10-04T06:05:23,productcatalogservice,13.65625,0.012393629598723177,0.0,4.8905,0.1362,0.0345,mem_leak_checkoutservice_3
2026-10-04T06:05:23,adservice,112.046875,0.0025789440334800127,0.0,4.8905,0.1362,0.0345,mem_leak_checkoutservice_3
2026-10-04T06:05:23,recommendationservice,33.125,0.00862970443741249,4.0,4.8905,0.1362,0.0345,mem_leak_checkoutservice_3
2026-10-04T06:05:23,emailservice,36.75,0.004107691902830967,0.0,4.8905,0.1362,0.0345,mem_leak_checkoutservice_3
2026-10-04T06:05:23,shippingservice,12.20703125,0.0017739132833184427,0.0,4.8905,0.1362,0.0345,mem_leak_checkoutservice_3
2026-10-04T06:05:23,frontend,13.83984375,0.023049276697353804,0.0,4.8905,0.1362,0.0345,mem_leak_checkoutservice_3
2026-10-04T06:05:23,loadgenerator,90.6171875,0.006363723519243424,0.0,4.8905,0.1362,0.0345,mem_leak_checkoutservice_3
2026-10-04T06:05:23,cartservice,58.875,0.008517619790927659,0.0,4.8905,0.1362,0.0345,mem_leak_checkoutservice_3
2026-10-04T06:05:23,currencyservice,38.703125,0.020267036792645972,0.0,4.8905,0.1362,0.0345,mem_leak_checkoutservice_3
2026-10-04T06:05:23,paymentservice,31.328125,0.0011336000000000015,0.0,4.8905,0.1362,0.0345,mem_leak_checkoutservice_3
2026-10-04T06:05:23,checkoutservice,6.8671875,0.0023437682855471033,0.0,4.8905,0.1362,0.0345,mem_leak_checkoutservice_3
2026-10-04T06:05:33,redis-cart,6.6796875,0.004187016682347772,0.0,0.1332,0.0483,0.0241,mem_leak_checkoutservice_3
2026-10-04T06:05:33,productcatalogservice,13.65625,0.010422732651786224,0.0,0.1332,0.0483,0.0241,mem_leak_checkoutservice_3
2026-10-04T06:05:33,adservice,112.046875,0.0024577195689332674,0.0,0.1332,0.0483,0.0241,mem_leak_checkoutservice_3
2026-10-04T06:05:33,recommendationservice,32.86328125,0.015520279685476063,4.0,0.1332,0.0483,0.0241,mem_leak_checkoutservice_3
2026-10-04T06:05:33,emailservice,36.74609375,0.00452722608293756,0.0,0.1332,0.0483,0.0241,mem_leak_checkoutservice_3
2026-10-04T06:05:33,shippingservice,12.20703125,0.0017739132833184427,0.0,0.1332,0.0483,0.0241,mem_leak_checkoutservice_3
2026-10-04T06:05:33,frontend,14.84375,0.030063591703060083,0.0,0.1332,0.0483,0.0241,mem_leak_checkoutservice_3
2026-10-04T06:05:33,loadgenerator,90.83984375,0.008364123574353585,0.0,0.1332,0.0483,0.0241,mem_leak_checkoutservice_3
2026-10-04T06:05:33,cartservice,59.35546875,0.00910235820534525,0.0,0.1332,0.0483,0.0241,mem_leak_checkoutservice_3
2026-10-04T06:05:33,currencyservice,38.703125,0.020267036792645972,0.0,0.1332,0.0483,0.0241,mem_leak_checkoutservice_3
2026-10-04T06:05:33,paymentservice,31.4296875,0.001486868640040794,0.0,0.1332,0.0483,0.0241,mem_leak_checkoutservice_3
2026-10-04T06:05:33,checkoutservice,6.8671875,0.0019684919202262526,0.0,0.1332,0.0483,0.0241,mem_leak_checkoutservice_3
2026-10-04T06:05:38,redis-cart,6.6796875,0.004187016682347771,0.0,0.1536,0.0362,0.0359,mem_leak_checkoutservice_3
2026-10-04T06:05:38,productcatalogservice,13.65625,0.00963575725247965,0.0,0.1536,0.0362,0.0359,mem_leak_checkoutservice_3
2026-10-04T06:05:38,adservice,112.046875,0.0021870037418434784,0.0,0.1536,0.0362,0.0359,mem_leak_checkoutservice_3
2026-10-04T06:05:38,recommendationservice,32.86328125,0.012325171440892724,4.0,0.1536,0.0362,0.0359,mem_leak_checkoutservice_3
2026-10-04T06:05:38,emailservice,36.74609375,0.004490221729178092,0.0,0.1536,0.0362,0.0359,mem_leak_checkoutservice_3
2026-10-04T06:05:38,shippingservice,12.20703125,0.0014060036683581976,0.0,0.1536,0.0362,0.0359,mem_leak_checkoutservice_3
2026-10-04T06:05:38,frontend,14.84375,0.03245731009034429,0.0,0.1536,0.0362,0.0359,mem_leak_checkoutservice_3
2026-10-04T06:05:38,loadgenerator,90.83984375,0.005558099999998945,0.0,0.1536,0.0362,0.0359,mem_leak_checkoutservice_3
2026-10-04T06:05:38,cartservice,59.35546875,0.009102358205345253,0.0,0.1536,0.0362,0.0359,mem_leak_checkoutservice_3
2026-10-04T06:05:38,currencyservice,38.703125,0.015406748570244674,0.0,0.1536,0.0362,0.0359,mem_leak_checkoutservice_3
2026-10-04T06:05:38,paymentservice,31.4296875,0.001486868640040794,0.0,0.1536,0.0362,0.0359,mem_leak_checkoutservice_3
2026-10-04T06:05:38,checkoutservice,6.8671875,0.0020587837228808227,0.0,0.1536,0.0362,0.0359,mem_leak_checkoutservice_3
2026-10-04T06:05:44,redis-cart,6.6796875,0.003610384371228747,0.0,0.0348,0.0352,0.0287,mem_leak_checkoutservice_3
2026-10-04T06:05:44,productcatalogservice,14.1171875,0.012871360613680372,0.0,0.0348,0.0352,0.0287,mem_leak_checkoutservice_3
2026-10-04T06:05:44,adservice,112.10546875,0.01916802695462949,0.0,0.0348,0.0352,0.0287,mem_leak_checkoutservice_3
2026-10-04T06:05:44,recommendationservice,32.875,0.014119372730715798,4.0,0.0348,0.0352,0.0287,mem_leak_checkoutservice_3
2026-10-04T06:05:44,emailservice,37.7421875,0.005176475502277676,0.0,0.0348,0.0352,0.0287,mem_leak_checkoutservice_3
2026-10-04T06:05:44,shippingservice,13.02734375,0.001824274061990256,0.0,0.0348,0.0352,0.0287,mem_leak_checkoutservice_3
2026-10-04T06:05:44,frontend,15.92578125,0.029603931470546747,0.0,0.0348,0.0352,0.0287,mem_leak_checkoutservice_3
2026-10-04T06:05:44,loadgenerator,89.890625,0.007700630491479735,0.0,0.0348,0.0352,0.0287,mem_leak_checkoutservice_3
2026-10-04T06:05:44,cartservice,59.40625,0.007595852156008128,0.0,0.0348,0.0352,0.0287,mem_leak_checkoutservice_3
2026-10-04T06:05:44,currencyservice,38.48828125,0.018865521028785855,0.0,0.0348,0.0352,0.0287,mem_leak_checkoutservice_3
2026-10-04T06:05:44,paymentservice,31.4296875,0.0012491472558329387,0.0,0.0348,0.0352,0.0287,mem_leak_checkoutservice_3
2026-10-04T06:05:44,checkoutservice,6.90625,0.0021813486940113216,0.0,0.0348,0.0352,0.0287,mem_leak_checkoutservice_3
2026-10-04T06:05:49,redis-cart,6.6796875,0.003228669402957435,0.0,0.1265,0.0405,0.0364,mem_leak_checkoutservice_3
2026-10-04T06:05:49,productcatalogservice,14.1171875,0.010305633644240603,0.0,0.1265,0.0405,0.0364,mem_leak_checkoutservice_3
2026-10-04T06:05:49,adservice,112.10546875,0.0268970565572512,0.0,0.1265,0.0405,0.0364,mem_leak_checkoutservice_3
2026-10-04T06:05:49,recommendationservice,32.875,0.014119372730715798,4.0,0.1265,0.0405,0.0364,mem_leak_checkoutservice_3
2026-10-04T06:05:49,emailservice,37.7421875,0.005103940635969174,0.0,0.1265,0.0405,0.0364,mem_leak_checkoutservice_3
2026-10-04T06:05:49,shippingservice,13.02734375,0.0015144059102773614,0.0,0.1265,0.0405,0.0364,mem_leak_checkoutservice_3
2026-10-04T06:05:49,frontend,15.92578125,0.029603931470546747,0.0,0.1265,0.0405,0.0364,mem_leak_checkoutservice_3
2026-10-04T06:05:49,loadgenerator,89.890625,0.006521942041557491,0.0,0.1265,0.0405,0.0364,mem_leak_checkoutservice_3
2026-10-04T06:05:49,cartservice,59.40625,0.00897206764276831,0.0,0.1265,0.0405,0.0364,mem_leak_checkoutservice_3
2026-10-04T06:05:49,currencyservice,38.48828125,0.01573270560511336,0.0,0.1265,0.0405,0.0364,mem_leak_checkoutservice_3
2026-10-04T06:05:49,paymentservice,31.4296875,0.001268496416838743,0.0,0.1265,0.0405,0.0364,mem_leak_checkoutservice_3
2026-10-04T06:05:49,checkoutservice,6.90625,0.0017783324041888743,0.0,0.1265,0.0405,0.0364,mem_leak_checkoutservice_3
2026-10-04T06:05:54,redis-cart,5.93359375,0.004145011915895084,0.0,0.0487,0.0758,0.038,mem_leak_checkoutservice_3
2026-10-04T06:05:54,productcatalogservice,14.078125,0.012883738850229936,0.0,0.0487,0.0758,0.038,mem_leak_checkoutservice_3
2026-10-04T06:05:54,adservice,112.3828125,0.02744402451024275,0.0,0.0487,0.0758,0.038,mem_leak_checkoutservice_3
2026-10-04T06:05:54,recommendationservice,32.875,0.011623105714474002,4.0,0.0487,0.0758,0.038,mem_leak_checkoutservice_3
2026-10-04T06:05:54,emailservice,37.7421875,0.004137977337773375,0.0,0.0487,0.0758,0.038,mem_leak_checkoutservice_3
2026-10-04T06:05:54,shippingservice,12.3515625,0.0017670229140021704,0.0,0.0487,0.0758,0.038,mem_leak_checkoutservice_3
2026-10-04T06:05:54,frontend,15.92578125,0.029108992284628987,0.0,0.0487,0.0758,0.038,mem_leak_checkoutservice_3
2026-10-04T06:05:54,loadgenerator,90.125,0.007068037225929842,0.0,0.0487,0.0758,0.038,mem_leak_checkoutservice_3
2026-10-04T06:05:54,cartservice,58.93359375,0.009071103667865838,0.0,0.0487,0.0758,0.038,mem_leak_checkoutservice_3
2026-10-04T06:05:54,currencyservice,38.96875,0.01826834391559674,0.0,0.0487,0.0758,0.038,mem_leak_checkoutservice_3
2026-10-04T06:05:54,paymentservice,31.4296875,0.0013839503937720483,0.0,0.0487,0.0758,0.038,mem_leak_checkoutservice_3
2026-10-04T06:05:54,checkoutservice,6.90625,0.0007584348251273116,0.0,0.0487,0.0758,0.038,mem_leak_checkoutservice_3
2026-10-04T06:05:59,redis-cart,5.93359375,0.004067419164238824,0.0,0.1038,0.0721,0.0327,mem_leak_checkoutservice_3
2026-10-04T06:05:59,productcatalogservice,14.078125,0.012883738850229936,0.0,0.1038,0.0721,0.0327,mem_leak_checkoutservice_3
2026-10-04T06:05:59,adservice,112.3828125,0.02744402451024275,0.0,0.1038,0.0721,0.0327,mem_leak_checkoutservice_3
2026-10-04T06:05:59,recommendationservice,32.609375,0.01449967351945797,4.0,0.1038,0.0721,0.0327,mem_leak_checkoutservice_3
2026-10-04T06:05:59,emailservice,36.7421875,0.005218004190197063,0.0,0.1038,0.0721,0.0327,mem_leak_checkoutservice_3
2026-10-04T06:05:59,shippingservice,12.3515625,0.0017670229140021704,0.0,0.1038,0.0721,0.0327,mem_leak_checkoutservice_3
2026-10-04T06:05:59,frontend,14.29296875,0.030151005507603967,0.0,0.1038,0.0721,0.0327,mem_leak_checkoutservice_3
2026-10-04T06:05:59,loadgenerator,90.17578125,0.007041069797275012,0.0,0.1038,0.0721,0.0327,mem_leak_checkoutservice_3
2026-10-04T06:05:59,cartservice,58.93359375,0.007815442344025455,0.0,0.1038,0.0721,0.0327,mem_leak_checkoutservice_3
2026-10-04T06:05:59,currencyservice,38.96875,0.015575082568440127,0.0,0.1038,0.0721,0.0327,mem_leak_checkoutservice_3
2026-10-04T06:05:59,paymentservice,31.4296875,0.000756198107612659,0.0,0.1038,0.0721,0.0327,mem_leak_checkoutservice_3
2026-10-04T06:05:59,checkoutservice,7.0234375,0.0011699131932323297,0.0,0.1038,0.0721,0.0327,mem_leak_checkoutservice_3
2026-10-04T06:06:04,redis-cart,5.93359375,0.004067419164238824,0.0,0.0688,0.032,0.0237,mem_leak_checkoutservice_3
2026-10-04T06:06:04,productcatalogservice,14.078125,0.010386281403406453,0.0,0.0688,0.032,0.0237,mem_leak_checkoutservice_3
2026-10-04T06:06:04,adservice,112.3828125,0.03054659552296404,0.0,0.0688,0.032,0.0237,mem_leak_checkoutservice_3
2026-10-04T06:06:04,recommendationservice,32.609375,0.012699751623996723,4.0,0.0688,0.032,0.0237,mem_leak_checkoutservice_3
2026-10-04T06:06:04,emailservice,36.7421875,0.005218004190197063,0.0,0.0688,0.032,0.0237,mem_leak_checkoutservice_3
2026-10-04T06:06:04,shippingservice,12.3515625,0.0014666270015704372,0.0,0.0688,0.032,0.0237,mem_leak_checkoutservice_3
2026-10-04T06:06:04,frontend,14.29296875,0.030151005507603967,0.0,0.0688,0.032,0.0237,mem_leak_checkoutservice_3
2026-10-04T06:06:04,loadgenerator,90.17578125,0.007041069797275012,0.0,0.0688,0.032,0.0237,mem_leak_checkoutservice_3
2026-10-04T06:06:04,cartservice,58.93359375,0.007358830665853689,0.0,0.0688,0.032,0.0237,mem_leak_checkoutservice_3
2026-10-04T06:06:04,currencyservice,38.96875,0.012289164805289951,0.0,0.0688,0.032,0.0237,mem_leak_checkoutservice_3
2026-10-04T06:06:04,paymentservice,31.4296875,0.0006724919374355834,0.0,0.0688,0.032,0.0237,mem_leak_checkoutservice_3
2026-10-04T06:06:04,checkoutservice,7.0234375,0.0011699131932323297,0.0,0.0688,0.032,0.0237,mem_leak_checkoutservice_3
2026-10-04T06:06:10,redis-cart,5.93359375,0.003728815768039143,0.0,0.0553,0.0221,0.0611,mem_leak_checkoutservice_3
2026-10-04T06:06:10,productcatalogservice,13.67578125,0.013361866346887618,0.0,0.0553,0.0221,0.0611,mem_leak_checkoutservice_3
2026-10-04T06:06:10,adservice,112.1640625,0.0274324884458353,0.0,0.0553,0.0221,0.0611,mem_leak_checkoutservice_3
2026-10-04T06:06:10,recommendationservice,32.8671875,0.0136759000476177,4.0,0.0553,0.0221,0.0611,mem_leak_checkoutservice_3
2026-10-04T06:06:10,emailservice,36.7421875,0.005218004190197063,0.0,0.0553,0.0221,0.0611,mem_leak_checkoutservice_3
2026-10-04T06:06:10,shippingservice,11.84765625,0.0016570137459480216,0.0,0.0553,0.0221,0.0611,mem_leak_checkoutservice_3
2026-10-04T06:06:10,frontend,14.29296875,0.028168455531827532,0.0,0.0553,0.0221,0.0611,mem_leak_checkoutservice_3
2026-10-04T06:06:10,loadgenerator,90.17578125,0.006531814422540556,0.0,0.0553,0.0221,0.0611,mem_leak_checkoutservice_3
2026-10-04T06:06:10,cartservice,59.18359375,0.010082702149437014,0.0,0.0553,0.0221,0.0611,mem_leak_checkoutservice_3
2026-10-04T06:06:10,currencyservice,38.8046875,0.01964498941509485,0.0,0.0553,0.0221,0.0611,mem_leak_checkoutservice_3
2026-10-04T06:06:10,paymentservice,32.01953125,0.0014623615227764817,0.0,0.0553,0.0221,0.0611,mem_leak_checkoutservice_3
2026-10-04T06:06:10,checkoutservice,7.02734375,0.001395739757724241,0.0,0.0553,0.0221,0.0611,mem_leak_checkoutservice_3
2026-10-04T06:06:15,redis-cart,5.93359375,0.003001619009609675,0.0,0.2974,0.0364,0.0476,mem_leak_checkoutservice_3
2026-10-04T06:06:15,productcatalogservice,13.67578125,0.013361866346887618,0.0,0.2974,0.0364,0.0476,mem_leak_checkoutservice_3
2026-10-04T06:06:15,adservice,112.1640625,0.014015656509797294,0.0,0.2974,0.0364,0.0476,mem_leak_checkoutservice_3
2026-10-04T06:06:15,recommendationservice,32.8671875,0.013675900047617701,4.0,0.2974,0.0364,0.0476,mem_leak_checkoutservice_3
2026-10-04T06:06:15,emailservice,36.7421875,0.0037338632220306027,0.0,0.2974,0.0364,0.0476,mem_leak_checkoutservice_3
2026-10-04T06:06:15,shippingservice,11.84765625,0.0014123418579109132,0.0,0.2974,0.0364,0.0476,mem_leak_checkoutservice_3
2026-10-04T06:06:15,frontend,14.29296875,0.023194493127730368,0.0,0.2974,0.0364,0.0476,mem_leak_checkoutservice_3
2026-10-04T06:06:15,loadgenerator,90.17578125,0.005274458290130451,0.0,0.2974,0.0364,0.0476,mem_leak_checkoutservice_3
2026-10-04T06:06:15,cartservice,59.18359375,0.009906502654961671,0.0,0.2974,0.0364,0.0476,mem_leak_checkoutservice_3
2026-10-04T06:06:15,currencyservice,38.8046875,0.019644989415094856,0.0,0.2974,0.0364,0.0476,mem_leak_checkoutservice_3
2026-10-04T06:06:15,paymentservice,32.01953125,0.0015876465989054002,0.0,0.2974,0.0364,0.0476,mem_leak_checkoutservice_3
2026-10-04T06:06:15,checkoutservice,7.02734375,0.001395739757724241,0.0,0.2974,0.0364,0.0476,mem_leak_checkoutservice_3
2026-10-04T06:06:20,redis-cart,6.91796875,0.003761305800318201,0.0,0.0789,0.0369,0.0308,mem_leak_checkoutservice_3
2026-10-04T06:06:20,productcatalogservice,14.140625,0.013212598089388131,0.0,0.0789,0.0369,0.0308,mem_leak_checkoutservice_3
2026-10-04T06:06:20,adservice,112.41015625,0.013204012563609516,0.0,0.0789,0.0369,0.0308,mem_leak_checkoutservice_3
2026-10-04T06:06:20,recommendationservice,32.8671875,0.01524882135671518,4.0,0.0789,0.0369,0.0308,mem_leak_checkoutservice_3
2026-10-04T06:06:20,emailservice,36.97265625,0.004805824866956598,0.0,0.0789,0.0369,0.0308,mem_leak_checkoutservice_3
2026-10-04T06:06:20,shippingservice,12.84375,0.0017312102193339806,0.0,0.0789,0.0369,0.0308,mem_leak_checkoutservice_3
2026-10-04T06:06:20,frontend,14.9296875,0.029351500577141677,0.0,0.0789,0.0369,0.0308,mem_leak_checkoutservice_3
2026-10-04T06:06:20,loadgenerator,90.84765625,0.007051395148142917,0.0,0.0789,0.0369,0.0308,mem_leak_checkoutservice_3
2026-10-04T06:06:20,cartservice,59.18359375,0.007954288716486822,0.0,0.0789,0.0369,0.0308,mem_leak_checkoutservice_3
2026-10-04T06:06:20,currencyservice,39.3203125,0.020387389166885952,0.0,0.0789,0.0369,0.0308,mem_leak_checkoutservice_3
2026-10-04T06:06:20,paymentservice,31.546875,0.0014017948717948742,0.0,0.0789,0.0369,0.0308,mem_leak_checkoutservice_3
2026-10-04T06:06:20,checkoutservice,7.0703125,0.0013005249067183844,0.0,0.0789,0.0369,0.0308,mem_leak_checkoutservice_3
2026-10-04T06:06:25,redis-cart,6.91796875,0.0038719753334684015,0.0,0.214,0.0832,0.0596,mem_leak_checkoutservice_3
2026-10-04T06:06:25,productcatalogservice,14.140625,0.013212598089388131,0.0,0.214,0.0832,0.0596,mem_leak_checkoutservice_3
2026-10-04T06:06:25,adservice,112.41015625,0.013204012563609516,0.0,0.214,0.0832,0.0596,mem_leak_checkoutservice_3
2026-10-04T06:06:25,recommendationservice,32.8671875,0.01524882135671518,4.0,0.214,0.0832,0.0596,mem_leak_checkoutservice_3
2026-10-04T06:06:25,emailservice,36.97265625,0.00487368949216837,0.0,0.214,0.0832,0.0596,mem_leak_checkoutservice_3
2026-10-04T06:06:25,shippingservice,12.84375,0.0017312102193339806,0.0,0.214,0.0832,0.0596,mem_leak_checkoutservice_3
2026-10-04T06:06:25,frontend,14.9296875,0.03176134666853971,0.0,0.214,0.0832,0.0596,mem_leak_checkoutservice_3
2026-10-04T06:06:25,loadgenerator,90.84765625,0.007051395148142917,0.0,0.214,0.0832,0.0596,mem_leak_checkoutservice_3
2026-10-04T06:06:25,cartservice,59.18359375,0.00792931628897348,0.0,0.214,0.0832,0.0596,mem_leak_checkoutservice_3
2026-10-04T06:06:25,currencyservice,39.3203125,0.020387389166885952,0.0,0.214,0.0832,0.0596,mem_leak_checkoutservice_3
2026-10-04T06:06:25,paymentservice,31.546875,0.0011928573461538483,0.0,0.214,0.0832,0.0596,mem_leak_checkoutservice_3
2026-10-04T06:06:25,checkoutservice,7.0703125,0.0013005249067183844,0.0,0.214,0.0832,0.0596,mem_leak_checkoutservice_3
2026-10-04T06:06:31,redis-cart,6.421875,0.003946639598247821,0.0,0.0852,0.0393,0.0468,mem_leak_checkoutservice_3
2026-10-04T06:06:31,productcatalogservice,14.140625,0.013505655118769827,0.0,0.0852,0.0393,0.0468,mem_leak_checkoutservice_3
2026-10-04T06:06:31,adservice,122.03515625,0.021388184570222363,0.0,0.0852,0.0393,0.0468,mem_leak_checkoutservice_3
2026-10-04T06:06:31,recommendationservice,32.86328125,0.014790035977537497,4.0,0.0852,0.0393,0.0468,mem_leak_checkoutservice_3
2026-10-04T06:06:31,emailservice,37.46484375,0.004804002623367431,0.0,0.0852,0.0393,0.0468,mem_leak_checkoutservice_3
2026-10-04T06:06:31,shippingservice,12.84375,0.0017717479400237667,0.0,0.0852,0.0393,0.0468,mem_leak_checkoutservice_3
2026-10-04T06:06:31,frontend,14.9296875,0.031761346668539706,0.0,0.0852,0.0393,0.0468,mem_leak_checkoutservice_3
2026-10-04T06:06:31,loadgenerator,90.84765625,0.005957684586248462,0.0,0.0852,0.0393,0.0468,mem_leak_checkoutservice_3
2026-10-04T06:06:31,cartservice,58.66796875,0.010226399404787954,0.0,0.0852,0.0393,0.0468,mem_leak_checkoutservice_3
2026-10-04T06:06:31,currencyservice,38.73046875,0.022088860126751764,0.0,0.0852,0.0393,0.0468,mem_leak_checkoutservice_3
2026-10-04T06:06:31,paymentservice,31.58203125,0.0015028911606119056,0.0,0.0852,0.0393,0.0468,mem_leak_checkoutservice_3
2026-10-04T06:06:31,checkoutservice,7.0703125,0.0010585151678213494,0.0,0.0852,0.0393,0.0468,mem_leak_checkoutservice_3
2026-10-04T06:06:36,redis-cart,6.421875,0.003946639598247821,0.0,0.0354,0.0225,0.0219,mem_leak_checkoutservice_3
2026-10-04T06:06:36,productcatalogservice,14.140625,0.010943688616302185,0.0,0.0354,0.0225,0.0219,mem_leak_checkoutservice_3
2026-10-04T06:06:36,adservice,122.03515625,0.01920848131836838,0.0,0.0354,0.0225,0.0219,mem_leak_checkoutservice_3
2026-10-04T06:06:36,recommendationservice,32.86328125,0.012499993153318997,4.0,0.0354,0.0225,0.0219,mem_leak_checkoutservice_3
2026-10-04T06:06:36,emailservice,37.46484375,0.004804002623367431,0.0,0.0354,0.0225,0.0219,mem_leak_checkoutservice_3
2026-10-04T06:06:36,shippingservice,12.84375,0.0013967279593854027,0.0,0.0354,0.0225,0.0219,mem_leak_checkoutservice_3
2026-10-04T06:06:36,frontend,14.9296875,0.024597971944283932,0.0,0.0354,0.0225,0.0219,mem_leak_checkoutservice_3
2026-10-04T06:06:36,loadgenerator,90.84765625,0.005616105687118759,0.0,0.0354,0.0225,0.0219,mem_leak_checkoutservice_3
2026-10-04T06:06:36,cartservice,58.66796875,0.010501339155749578,0.0,0.0354,0.0225,0.0219,mem_leak_checkoutservice_3
2026-10-04T06:06:36,currencyservice,38.73046875,0.022088860126751764,0.0,0.0354,0.0225,0.0219,mem_leak_checkoutservice_3
2026-10-04T06:06:36,paymentservice,31.58203125,0.0012695464344385655,0.0,0.0354,0.0225,0.0219,mem_leak_checkoutservice_3
2026-10-04T06:06:36,checkoutservice,7.0703125,0.0010584087576511736,0.0,0.0354,0.0225,0.0219,mem_leak_checkoutservice_3
2026-10-04T06:06:41,redis-cart,6.421875,0.003967631144088626,0.0,0.0578,0.0995,0.0599,mem_leak_checkoutservice_3
2026-10-04T06:06:41,productcatalogservice,14.88671875,0.012955099692400038,0.0,0.0578,0.0995,0.0599,mem_leak_checkoutservice_3
2026-10-04T06:06:41,adservice,122.03515625,0.01920848131836838,0.0,0.0578,0.0995,0.0599,mem_leak_checkoutservice_3
2026-10-04T06:06:41,recommendationservice,32.6171875,0.013967922002477859,4.0,0.0578,0.0995,0.0599,mem_leak_checkoutservice_3
2026-10-04T06:06:41,emailservice,37.46484375,0.0048111646711254995,0.0,0.0578,0.0995,0.0599,mem_leak_checkoutservice_3
2026-10-04T06:06:41,shippingservice,13.08984375,0.0016123122393619036,0.0,0.0578,0.0995,0.0599,mem_leak_checkoutservice_3
2026-10-04T06:06:41,frontend,15.4921875,0.031458409211899394,0.0,0.0578,0.0995,0.0599,mem_leak_checkoutservice_3
2026-10-04T06:06:41,loadgenerator,89.90625,0.006908463681167436,0.0,0.0578,0.0995,0.0599,mem_leak_checkoutservice_3
2026-10-04T06:06:41,cartservice,58.95703125,0.010174500157018727,0.0,0.0578,0.0995,0.0599,mem_leak_checkoutservice_3
2026-10-04T06:06:41,currencyservice,38.73046875,0.022088860126751767,0.0,0.0578,0.0995,0.0599,mem_leak_checkoutservice_3
2026-10-04T06:06:41,paymentservice,31.58203125,0.00047677499999998485,0.0,0.0578,0.0995,0.0599,mem_leak_checkoutservice_3
2026-10-04T06:06:41,checkoutservice,7.58984375,0.0014669641724123345,0.0,0.0578,0.0995,0.0599,mem_leak_checkoutservice_3
2026-10-04T06:06:47,redis-cart,6.421875,0.0031398345012638345,0.0,0.2281,0.0699,0.0348,mem_leak_checkoutservice_3
2026-10-04T06:06:47,productcatalogservice,14.88671875,0.012021621064202785,0.0,0.2281,0.0699,0.0348,mem_leak_checkoutservice_3
2026-10-04T06:06:47,adservice,122.03515625,0.016722324999999216,0.0,0.2281,0.0699,0.0348,mem_leak_checkoutservice_3
2026-10-04T06:06:47,recommendationservice,32.6171875,0.01167683359602143,4.0,0.2281,0.0699,0.0348,mem_leak_checkoutservice_3
2026-10-04T06:06:47,emailservice,37.46484375,0.0038466664802010776,0.0,0.2281,0.0699,0.0348,mem_leak_checkoutservice_3
2026-10-04T06:06:47,shippingservice,13.08984375,0.001698037503071188,0.0,0.2281,0.0699,0.0348,mem_leak_checkoutservice_3
2026-10-04T06:06:47,frontend,15.4921875,0.031458409211899394,0.0,0.2281,0.0699,0.0348,mem_leak_checkoutservice_3
2026-10-04T06:06:47,loadgenerator,89.90625,0.006885835412970968,0.0,0.2281,0.0699,0.0348,mem_leak_checkoutservice_3
2026-10-04T06:06:47,cartservice,58.95703125,0.010174500157018727,0.0,0.2281,0.0699,0.0348,mem_leak_checkoutservice_3
2026-10-04T06:06:47,currencyservice,38.73046875,0.016527923779914983,0.0,0.2281,0.0699,0.0348,mem_leak_checkoutservice_3
2026-10-04T06:06:47,paymentservice,31.58203125,0.00047677499999998485,0.0,0.2281,0.0699,0.0348,mem_leak_checkoutservice_3
2026-10-04T06:06:47,checkoutservice,7.58984375,0.0014669641724123345,0.0,0.2281,0.0699,0.0348,mem_leak_checkoutservice_3
2026-10-04T06:06:52,redis-cart,5.93359375,0.003916204367429601,0.0,0.1062,0.0416,0.0261,mem_leak_checkoutservice_3
2026-10-04T06:06:52,productcatalogservice,13.28515625,0.011658629936056967,0.0,0.1062,0.0416,0.0261,mem_leak_checkoutservice_3
2026-10-04T06:06:52,adservice,112.3515625,0.017973427547769875,0.0,0.1062,0.0416,0.0261,mem_leak_checkoutservice_3
2026-10-04T06:06:52,recommendationservice,32.625,0.0113455307904109,4.0,0.1062,0.0416,0.0261,mem_leak_checkoutservice_3
2026-10-04T06:06:52,emailservice,36.98828125,0.004811437244888952,0.0,0.1062,0.0416,0.0261,mem_leak_checkoutservice_3
2026-10-04T06:06:52,shippingservice,13.08984375,0.001698037503071188,0.0,0.1062,0.0416,0.0261,mem_leak_checkoutservice_3
2026-10-04T06:06:52,frontend,14.96875,0.03076632897893972,0.0,0.1062,0.0416,0.0261,mem_leak_checkoutservice_3
2026-10-04T06:06:52,loadgenerator,90.328125,0.00710280818657681,0.0,0.1062,0.0416,0.0261,mem_leak_checkoutservice_3
2026-10-04T06:06:52,cartservice,58.95703125,0.009203090238624867,0.0,0.1062,0.0416,0.0261,mem_leak_checkoutservice_3
2026-10-04T06:06:52,currencyservice,38.4296875,0.020843076056093722,0.0,0.1062,0.0416,0.0261,mem_leak_checkoutservice_3
2026-10-04T06:06:52,paymentservice,31.66796875,0.0009686491585165905,0.0,0.1062,0.0416,0.0261,mem_leak_checkoutservice_3
2026-10-04T06:06:52,checkoutservice,7.58984375,0.001356270242627422,0.0,0.1062,0.0416,0.0261,mem_leak_checkoutservice_3
2026-10-04T06:06:57,redis-cart,5.93359375,0.0039500043830169385,0.0,0.2283,0.1109,0.0888,mem_leak_checkoutservice_3
2026-10-04T06:06:57,productcatalogservice,13.28515625,0.011658629936056967,0.0,0.2283,0.1109,0.0888,mem_leak_checkoutservice_3
2026-10-04T06:06:57,adservice,112.3515625,0.01540133021330874,0.0,0.2283,0.1109,0.0888,mem_leak_checkoutservice_3
2026-10-04T06:06:57,recommendationservice,32.625,0.013311576718534444,4.0,0.2283,0.1109,0.0888,mem_leak_checkoutservice_3
2026-10-04T06:06:57,emailservice,36.98828125,0.0039716816304068755,0.0,0.2283,0.1109,0.0888,mem_leak_checkoutservice_3
2026-10-04T06:06:57,shippingservice,13.08984375,0.001342503825709395,0.0,0.2283,0.1109,0.0888,mem_leak_checkoutservice_3
2026-10-04T06:06:57,frontend,14.96875,0.03032614392259611,0.0,0.2283,0.1109,0.0888,mem_leak_checkoutservice_3
2026-10-04T06:06:57,loadgenerator,90.328125,0.005785164497074938,0.0,0.2283,0.1109,0.0888,mem_leak_checkoutservice_3
2026-10-04T06:06:57,cartservice,58.95703125,0.00701356003222803,0.0,0.2283,0.1109,0.0888,mem_leak_checkoutservice_3
2026-10-04T06:06:57,currencyservice,38.4296875,0.020843076056093722,0.0,0.2283,0.1109,0.0888,mem_leak_checkoutservice_3
2026-10-04T06:06:57,paymentservice,31.66796875,0.0007783149802522946,0.0,0.2283,0.1109,0.0888,mem_leak_checkoutservice_3
2026-10-04T06:06:57,checkoutservice,7.58984375,0.0010678706777847227,0.0,0.2283,0.1109,0.0888,mem_leak_checkoutservice_3
2026-10-04T06:07:03,redis-cart,6.18359375,0.003989249730118209,0.0,0.1941,0.0273,0.0702,mem_leak_checkoutservice_3
2026-10-04T06:07:03,productcatalogservice,13.28515625,0.00948909038721792,0.0,0.1941,0.0273,0.0702,mem_leak_checkoutservice_3
2026-10-04T06:07:03,adservice,112.234375,0.01698884758364315,0.0,0.1941,0.0273,0.0702,mem_leak_checkoutservice_3
2026-10-04T06:07:03,recommendationservice,32.625,0.013311576718534444,4.0,0.1941,0.0273,0.0702,mem_leak_checkoutservice_3
2026-10-04T06:07:03,emailservice,36.98828125,0.0037459392729294817,0.0,0.1941,0.0273,0.0702,mem_leak_checkoutservice_3
2026-10-04T06:07:03,shippingservice,11.84765625,0.001394209185603999,0.0,0.1941,0.0273,0.0702,mem_leak_checkoutservice_3
2026-10-04T06:07:03,frontend,14.96875,0.03032614392259611,0.0,0.1941,0.0273,0.0702,mem_leak_checkoutservice_3
2026-10-04T06:07:03,loadgenerator,90.328125,0.005768786473791494,0.0,0.1941,0.0273,0.0702,mem_leak_checkoutservice_3
2026-10-04T06:07:03,cartservice,58.95703125,0.010026205874817055,0.0,0.1941,0.0273,0.0702,mem_leak_checkoutservice_3
2026-10-04T06:07:03,currencyservice,38.4296875,0.018033631080606356,0.0,0.1941,0.0273,0.0702,mem_leak_checkoutservice_3
2026-10-04T06:07:03,paymentservice,31.67578125,0.001047562575696402,0.0,0.1941,0.0273,0.0702,mem_leak_checkoutservice_3
2026-10-04T06:07:03,checkoutservice,7.18359375,0.0015781049935979516,0.0,0.1941,0.0273,0.0702,mem_leak_checkoutservice_3
2026-10-04T06:07:08,redis-cart,6.18359375,0.003989249730118209,0.0,0.0929,0.0674,0.0495,mem_leak_checkoutservice_3
2026-10-04T06:07:08,productcatalogservice,13.28515625,0.008488571401775403,0.0,0.0929,0.0674,0.0495,mem_leak_checkoutservice_3
2026-10-04T06:07:08,adservice,112.234375,0.01698884758364315,0.0,0.0929,0.0674,0.0495,mem_leak_checkoutservice_3
2026-10-04T06:07:08,recommendationservice,32.625,0.010375300264559103,4.0,0.0929,0.0674,0.0495,mem_leak_checkoutservice_3
2026-10-04T06:07:08,emailservice,36.98828125,0.0033299946295803295,0.0,0.0929,0.0674,0.0495,mem_leak_checkoutservice_3
2026-10-04T06:07:08,shippingservice,11.84765625,0.001394209185603999,0.0,0.0929,0.0674,0.0495,mem_leak_checkoutservice_3
2026-10-04T06:07:08,frontend,14.96875,0.02471012114493034,0.0,0.0929,0.0674,0.0495,mem_leak_checkoutservice_3
2026-10-04T06:07:08,loadgenerator,90.328125,0.005162914143935393,0.0,0.0929,0.0674,0.0495,mem_leak_checkoutservice_3
2026-10-04T06:07:08,cartservice,58.95703125,0.00990249754758426,0.0,0.0929,0.0674,0.0495,mem_leak_checkoutservice_3
2026-10-04T06:07:08,currencyservice,38.4296875,0.016151709300111353,0.0,0.0929,0.0674,0.0495,mem_leak_checkoutservice_3
2026-10-04T06:07:08,paymentservice,31.67578125,0.0008321720705490475,0.0,0.0929,0.0674,0.0495,mem_leak_checkoutservice_3
2026-10-04T06:07:08,checkoutservice,7.18359375,0.001294966655996586,0.0,0.0929,0.0674,0.0495,mem_leak_checkoutservice_3
2026-10-04T06:07:13,redis-cart,6.4296875,0.003916605595006776,0.0,0.3196,0.148,0.1434,mem_leak_checkoutservice_3
2026-10-04T06:07:13,productcatalogservice,13.28125,0.01215686590904117,0.0,0.3196,0.148,0.1434,mem_leak_checkoutservice_3
2026-10-04T06:07:13,adservice,112.73046875,0.0037063896805170403,0.0,0.3196,0.148,0.1434,mem_leak_checkoutservice_3
2026-10-04T06:07:13,recommendationservice,32.8828125,0.013657946465910144,4.0,0.3196,0.148,0.1434,mem_leak_checkoutservice_3
2026-10-04T06:07:13,emailservice,36.9921875,0.004514655227067474,0.0,0.3196,0.148,0.1434,mem_leak_checkoutservice_3
2026-10-04T06:07:13,shippingservice,11.84765625,0.001394209185603999,0.0,0.3196,0.148,0.1434,mem_leak_checkoutservice_3
2026-10-04T06:07:13,frontend,14.9296875,0.02380238995704015,0.0,0.3196,0.148,0.1434,mem_leak_checkoutservice_3
2026-10-04T06:07:13,loadgenerator,89.9140625,0.006759892462412849,0.0,0.3196,0.148,0.1434,mem_leak_checkoutservice_3
2026-10-04T06:07:13,cartservice,59.6953125,0.011271304809052382,0.0,0.3196,0.148,0.1434,mem_leak_checkoutservice_3
2026-10-04T06:07:13,currencyservice,39.125,0.023193760124545038,0.0,0.3196,0.148,0.1434,mem_leak_checkoutservice_3
2026-10-04T06:07:13,paymentservice,31.9765625,0.0010472368568546198,0.0,0.3196,0.148,0.1434,mem_leak_checkoutservice_3
2026-10-04T06:07:13,checkoutservice,7.1953125,0.0014049992912158016,0.0,0.3196,0.148,0.1434,mem_leak_checkoutservice_3
2026-10-04T06:07:19,redis-cart,6.6640625,0.0037604152303659173,0.0,0.1323,0.0233,0.0393,mem_leak_checkoutservice_3
2026-10-04T06:07:19,productcatalogservice,13.9453125,0.011728634699688632,0.0,0.1323,0.0233,0.0393,mem_leak_checkoutservice_3
2026-10-04T06:07:19,adservice,112.7265625,0.0035883291318737297,0.0,0.1323,0.0233,0.0393,mem_leak_checkoutservice_3
2026-10-04T06:07:19,recommendationservice,32.875,0.013380217630097443,4.0,0.1323,0.0233,0.0393,mem_leak_checkoutservice_3
2026-10-04T06:07:19,emailservice,36.9921875,0.004487023601273853,0.0,0.1323,0.0233,0.0393,mem_leak_checkoutservice_3
2026-10-04T06:07:19,shippingservice,11.84765625,0.0015110851126056792,0.0,0.1323,0.0233,0.0393,mem_leak_checkoutservice_3
2026-10-04T06:07:19,frontend,14.93359375,0.02772739783800567,0.0,0.1323,0.0233,0.0393,mem_leak_checkoutservice_3
2026-10-04T06:07:19,loadgenerator,89.9140625,0.007019236916280287,0.0,0.1323,0.0233,0.0393,mem_leak_checkoutservice_3
2026-10-04T06:07:19,cartservice,59.6953125,0.011271304809052382,0.0,0.1323,0.0233,0.0393,mem_leak_checkoutservice_3
2026-10-04T06:07:19,currencyservice,38.6796875,0.021814759952923955,0.0,0.1323,0.0233,0.0393,mem_leak_checkoutservice_3
2026-10-04T06:07:19,paymentservice,31.9765625,0.0010472368568546198,0.0,0.1323,0.0233,0.0393,mem_leak_checkoutservice_3
2026-10-04T06:07:19,checkoutservice,8.46484375,0.0009018890375488018,0.0,0.1323,0.0233,0.0393,mem_leak_checkoutservice_3
2026-10-04T06:07:25,redis-cart,6.6640625,0.003760415230365918,0.0,0.0604,0.0263,0.05,mem_leak_checkoutservice_3
2026-10-04T06:07:25,productcatalogservice,13.9453125,0.011728634699688632,0.0,0.0604,0.0263,0.05,mem_leak_checkoutservice_3
2026-10-04T06:07:25,adservice,112.7265625,0.0035883291318737297,0.0,0.0604,0.0263,0.05,mem_leak_checkoutservice_3
2026-10-04T06:07:25,recommendationservice,32.875,0.013681600668688296,4.0,0.0604,0.0263,0.05,mem_leak_checkoutservice_3
2026-10-04T06:07:25,emailservice,36.9921875,0.003409595754949642,0.0,0.0604,0.0263,0.05,mem_leak_checkoutservice_3
2026-10-04T06:07:25,shippingservice,11.84765625,0.0015110851126056792,0.0,0.0604,0.0263,0.05,mem_leak_checkoutservice_3
2026-10-04T06:07:25,frontend,14.93359375,0.02772739783800567,0.0,0.0604,0.0263,0.05,mem_leak_checkoutservice_3
2026-10-04T06:07:25,loadgenerator,89.9140625,0.005712167262007443,0.0,0.0604,0.0263,0.05,mem_leak_checkoutservice_3
2026-10-04T06:07:25,cartservice,59.6953125,0.010095451661797527,0.0,0.0604,0.0263,0.05,mem_leak_checkoutservice_3
2026-10-04T06:07:25,currencyservice,38.6796875,0.021814759952923955,0.0,0.0604,0.0263,0.05,mem_leak_checkoutservice_3
2026-10-04T06:07:25,paymentservice,31.9765625,0.0006690000000000086,0.0,0.0604,0.0263,0.05,mem_leak_checkoutservice_3
2026-10-04T06:07:25,checkoutservice,8.46484375,0.0010820035575262307,0.0,0.0604,0.0263,0.05,mem_leak_checkoutservice_3
2026-10-04T06:07:30,redis-cart,6.6640625,0.002774999999999434,0.0,0.1548,0.0499,0.02,mem_leak_checkoutservice_3
2026-10-04T06:07:30,productcatalogservice,13.9453125,0.011728634699688632,0.0,0.1548,0.0499,0.02,mem_leak_checkoutservice_3
2026-10-04T06:07:30,adservice,112.7265625,0.003609355281977128,0.0,0.1548,0.0499,0.02,mem_leak_checkoutservice_3
2026-10-04T06:07:30,recommendationservice,32.875,0.013681600668688294,4.0,0.1548,0.0499,0.02,mem_leak_checkoutservice_3
2026-10-04T06:07:30,emailservice,36.9921875,0.003966280501452763,0.0,0.1548,0.0499,0.02,mem_leak_checkoutservice_3
2026-10-04T06:07:30,shippingservice,12.35546875,0.0015444746610552666,0.0,0.1548,0.0499,0.02,mem_leak_checkoutservice_3
2026-10-04T06:07:30,frontend,14.93359375,0.02772739783800567,0.0,0.1548,0.0499,0.02,mem_leak_checkoutservice_3
2026-10-04T06:07:30,loadgenerator,90.1640625,0.007192282696992192,0.0,0.1548,0.0499,0.02,mem_leak_checkoutservice_3
2026-10-04T06:07:30,cartservice,59.21875,0.011154221454044324,0.0,0.1548,0.0499,0.02,mem_leak_checkoutservice_3
2026-10-04T06:07:30,currencyservice,38.6796875,0.021989026672163972,0.0,0.1548,0.0499,0.02,mem_leak_checkoutservice_3
2026-10-04T06:07:30,paymentservice,31.8828125,0.0008838056476736081,0.0,0.1548,0.0499,0.02,mem_leak_checkoutservice_3
2026-10-04T06:07:30,checkoutservice,7.20703125,0.0009850339075532005,0.0,0.1548,0.0499,0.02,mem_leak_checkoutservice_3
2026-10-04T06:07:35,redis-cart,6.6640625,0.0029569952202913286,0.0,0.1919,0.0264,0.0235,mem_leak_checkoutservice_3
2026-10-04T06:07:35,productcatalogservice,13.9453125,0.009639550945569333,0.0,0.1919,0.0264,0.0235,mem_leak_checkoutservice_3
2026-10-04T06:07:35,adservice,112.7265625,0.0029194370458140943,0.0,0.1919,0.0264,0.0235,mem_leak_checkoutservice_3
2026-10-04T06:07:35,recommendationservice,32.875,0.011370046196532589,4.0,0.1919,0.0264,0.0235,mem_leak_checkoutservice_3
2026-10-04T06:07:35,emailservice,36.9921875,0.003966280501452763,0.0,0.1919,0.0264,0.0235,mem_leak_checkoutservice_3
2026-10-04T06:07:35,shippingservice,12.35546875,0.0015444746610552666,0.0,0.1919,0.0264,0.0235,mem_leak_checkoutservice_3
2026-10-04T06:07:35,frontend,14.93359375,0.021619765826847007,0.0,0.1919,0.0264,0.0235,mem_leak_checkoutservice_3
2026-10-04T06:07:35,loadgenerator,90.1640625,0.007020569990635119,0.0,0.1919,0.0264,0.0235,mem_leak_checkoutservice_3
2026-10-04T06:07:35,cartservice,59.21875,0.009235425444940657,0.0,0.1919,0.0264,0.0235,mem_leak_checkoutservice_3
2026-10-04T06:07:35,currencyservice,38.6796875,0.018357813780089497,0.0,0.1919,0.0264,0.0235,mem_leak_checkoutservice_3
2026-10-04T06:07:35,paymentservice,31.8828125,0.0007386847603256017,0.0,0.1919,0.0264,0.0235,mem_leak_checkoutservice_3
2026-10-04T06:07:35,checkoutservice,7.20703125,0.0009850339075532005,0.0,0.1919,0.0264,0.0235,mem_leak_checkoutservice_3
2026-10-04T06:07:40,redis-cart,6.4296875,0.003710225523793252,0.0,0.0962,0.021,0.0222,mem_leak_checkoutservice_3
2026-10-04T06:07:40,productcatalogservice,13.41015625,0.012041957443163278,0.0,0.0962,0.021,0.0222,mem_leak_checkoutservice_3
2026-10-04T06:07:40,adservice,112.28515625,0.004471813886954943,0.0,0.0962,0.021,0.0222,mem_leak_checkoutservice_3
2026-10-04T06:07:40,recommendationservice,32.86328125,0.014477947672441087,4.0,0.0962,0.021,0.0222,mem_leak_checkoutservice_3
2026-10-04T06:07:40,emailservice,37.4921875,0.004249575892448504,0.0,0.0962,0.021,0.0222,mem_leak_checkoutservice_3
2026-10-04T06:07:40,shippingservice,12.35546875,0.0016289899718156826,0.0,0.0962,0.021,0.0222,mem_leak_checkoutservice_3
2026-10-04T06:07:40,frontend,15.109375,0.028765831149339408,0.0,0.0962,0.021,0.0222,mem_leak_checkoutservice_3
2026-10-04T06:07:40,loadgenerator,90.1953125,0.007163999375463815,0.0,0.0962,0.021,0.0222,mem_leak_checkoutservice_3
2026-10-04T06:07:40,cartservice,59.21875,0.007417047136710549,0.0,0.0962,0.021,0.0222,mem_leak_checkoutservice_3
2026-10-04T06:07:40,currencyservice,38.578125,0.021517563634873022,0.0,0.0962,0.021,0.0222,mem_leak_checkoutservice_3
2026-10-04T06:07:40,paymentservice,31.875,0.0009144606290901454,0.0,0.0962,0.021,0.0222,mem_leak_checkoutservice_3
2026-10-04T06:07:40,checkoutservice,7.20703125,0.0008675579417393161,0.0,0.0962,0.021,0.0222,mem_leak_checkoutservice_3
2026-10-04T06:07:46,redis-cart,6.4296875,0.0036010911925170586,0.0,0.0521,0.0193,0.0329,mem_leak_checkoutservice_3
2026-10-04T06:07:46,productcatalogservice,13.41015625,0.012041957443163278,0.0,0.0521,0.0193,0.0329,mem_leak_checkoutservice_3
2026-10-04T06:07:46,adservice,112.28515625,0.004744798136645691,0.0,0.0521,0.0193,0.0329,mem_leak_checkoutservice_3
2026-10-04T06:07:46,recommendationservice,32.86328125,0.014477947672441087,4.0,0.0521,0.0193,0.0329,mem_leak_checkoutservice_3
2026-10-04T06:07:46,emailservice,37.4921875,0.004278428368171431,0.0,0.0521,0.0193,0.0329,mem_leak_checkoutservice_3
2026-10-04T06:07:46,shippingservice,12.35546875,0.0013070336788027447,0.0,0.0521,0.0193,0.0329,mem_leak_checkoutservice_3
2026-10-04T06:07:46,frontend,15.109375,0.028765831149339408,0.0,0.0521,0.0193,0.0329,mem_leak_checkoutservice_3
2026-10-04T06:07:46,loadgenerator,90.1953125,0.006101071350753417,0.0,0.0521,0.0193,0.0329,mem_leak_checkoutservice_3
2026-10-04T06:07:46,cartservice,59.21875,0.006624493709777225,0.0,0.0521,0.0193,0.0329,mem_leak_checkoutservice_3
2026-10-04T06:07:46,currencyservice,38.578125,0.021517563634873022,0.0,0.0521,0.0193,0.0329,mem_leak_checkoutservice_3
2026-10-04T06:07:46,paymentservice,31.875,0.0009144606290901454,0.0,0.0521,0.0193,0.0329,mem_leak_checkoutservice_3
2026-10-04T06:07:46,checkoutservice,7.20703125,0.0006924076328348342,0.0,0.0521,0.0193,0.0329,mem_leak_checkoutservice_3
2026-10-04T06:07:51,redis-cart,6.4296875,0.0028846540997657893,0.0,0.0842,0.0521,0.0317,mem_leak_checkoutservice_3
2026-10-04T06:07:51,productcatalogservice,13.41015625,0.009341657179044933,0.0,0.0842,0.0521,0.0317,mem_leak_checkoutservice_3
2026-10-04T06:07:51,adservice,112.28515625,0.0040253285791923155,0.0,0.0842,0.0521,0.0317,mem_leak_checkoutservice_3
2026-10-04T06:07:51,recommendationservice,33.625,0.011571542413553687,4.0,0.0842,0.0521,0.0317,mem_leak_checkoutservice_3
2026-10-04T06:07:51,emailservice,36.984375,0.004149948975253155,0.0,0.0842,0.0521,0.0317,mem_leak_checkoutservice_3
2026-10-04T06:07:51,shippingservice,11.84765625,0.0019177992155199098,0.0,0.0842,0.0521,0.0317,mem_leak_checkoutservice_3
2026-10-04T06:07:51,frontend,15.03515625,0.030762526605171862,0.0,0.0842,0.0521,0.0317,mem_leak_checkoutservice_3
2026-10-04T06:07:51,loadgenerator,90.1953125,0.007517607952585882,0.0,0.0842,0.0521,0.0317,mem_leak_checkoutservice_3
2026-10-04T06:07:51,cartservice,58.66796875,0.00872178477690285,0.0,0.0842,0.0521,0.0317,mem_leak_checkoutservice_3
2026-10-04T06:07:51,currencyservice,38.578125,0.018850163275558992,0.0,0.0842,0.0521,0.0317,mem_leak_checkoutservice_3
2026-10-04T06:07:51,paymentservice,31.875,0.0008859244483231587,0.0,0.0842,0.0521,0.0317,mem_leak_checkoutservice_3
2026-10-04T06:07:51,checkoutservice,7.2109375,0.000702091378705051,0.0,0.0842,0.0521,0.0317,mem_leak_checkoutservice_3
2026-10-04T06:07:56,redis-cart,6.4296875,0.002485448213564054,0.0,0.1544,0.046,0.0446,mem_leak_checkoutservice_3
2026-10-04T06:07:56,productcatalogservice,13.41015625,0.008337375757881217,0.0,0.1544,0.046,0.0446,mem_leak_checkoutservice_3
2026-10-04T06:07:56,adservice,112.28515625,0.003602329825310352,0.0,0.1544,0.046,0.0446,mem_leak_checkoutservice_3
2026-10-04T06:07:56,recommendationservice,33.625,0.012384541851964232,4.0,0.1544,0.046,0.0446,mem_leak_checkoutservice_3
2026-10-04T06:07:56,emailservice,36.984375,0.004149948975253156,0.0,0.1544,0.046,0.0446,mem_leak_checkoutservice_3
2026-10-04T06:07:56,shippingservice,11.84765625,0.0020369084597114877,0.0,0.1544,0.046,0.0446,mem_leak_checkoutservice_3
2026-10-04T06:07:56,frontend,15.03515625,0.030762526605171862,0.0,0.1544,0.046,0.0446,mem_leak_checkoutservice_3
2026-10-04T06:07:56,loadgenerator,90.1953125,0.006083029091667212,0.0,0.1544,0.046,0.0446,mem_leak_checkoutservice_3
2026-10-04T06:07:56,cartservice,58.66796875,0.00872178477690285,0.0,0.1544,0.046,0.0446,mem_leak_checkoutservice_3
2026-10-04T06:07:56,currencyservice,38.578125,0.014605420675291034,0.0,0.1544,0.046,0.0446,mem_leak_checkoutservice_3
2026-10-04T06:07:56,paymentservice,31.875,0.0007150443876490935,0.0,0.1544,0.046,0.0446,mem_leak_checkoutservice_3
2026-10-04T06:07:56,checkoutservice,7.2109375,0.0005969336922056721,0.0,0.1544,0.046,0.0446,mem_leak_checkoutservice_3
2026-10-04T06:08:01,redis-cart,6.43359375,0.00360068960944155,0.0,0.0776,0.0216,0.0569,mem_leak_checkoutservice_3
2026-10-04T06:08:01,productcatalogservice,13.95703125,0.011717675965605951,0.0,0.0776,0.0216,0.0569,mem_leak_checkoutservice_3
2026-10-04T06:08:01,adservice,113.46875,0.004458554606325525,0.0,0.0776,0.0216,0.0569,mem_leak_checkoutservice_3
2026-10-04T06:08:01,recommendationservice,32.6328125,0.01468442656765935,4.0,0.0776,0.0216,0.0569,mem_leak_checkoutservice_3
2026-10-04T06:08:01,emailservice,36.984375,0.004149948975253155,0.0,0.0776,0.0216,0.0569,mem_leak_checkoutservice_3
2026-10-04T06:08:01,shippingservice,11.84765625,0.0016820620317925822,0.0,0.0776,0.0216,0.0569,mem_leak_checkoutservice_3
2026-10-04T06:08:01,frontend,15.03515625,0.03329160310517926,0.0,0.0776,0.0216,0.0569,mem_leak_checkoutservice_3
2026-10-04T06:08:01,loadgenerator,90.23828125,0.0069956347333649275,0.0,0.0776,0.0216,0.0569,mem_leak_checkoutservice_3
2026-10-04T06:08:01,cartservice,59.40625,0.008624707353108295,0.0,0.0776,0.0216,0.0569,mem_leak_checkoutservice_3
2026-10-04T06:08:01,currencyservice,38.375,0.02038596558907511,0.0,0.0776,0.0216,0.0569,mem_leak_checkoutservice_3
2026-10-04T06:08:01,paymentservice,32.16796875,0.0010695868822063763,0.0,0.0776,0.0216,0.0569,mem_leak_checkoutservice_3
2026-10-04T06:08:01,checkoutservice,7.45703125,0.0009605830097345613,0.0,0.0776,0.0216,0.0569,mem_leak_checkoutservice_3
2026-10-04T06:08:07,redis-cart,6.43359375,0.0037296971833051546,0.0,0.0585,0.0282,0.0345,mem_leak_checkoutservice_3
2026-10-04T06:08:07,productcatalogservice,13.95703125,0.011717675965605951,0.0,0.0585,0.0282,0.0345,mem_leak_checkoutservice_3
2026-10-04T06:08:07,adservice,113.46875,0.0037894989481507555,0.0,0.0585,0.0282,0.0345,mem_leak_checkoutservice_3
2026-10-04T06:08:07,recommendationservice,32.6328125,0.01468442656765935,4.0,0.0585,0.0282,0.0345,mem_leak_checkoutservice_3
2026-10-04T06:08:07,emailservice,36.984375,0.0036185242856682453,0.0,0.0585,0.0282,0.0345,mem_leak_checkoutservice_3
2026-10-04T06:08:07,shippingservice,11.84765625,0.00150675211036008,0.0,0.0585,0.0282,0.0345,mem_leak_checkoutservice_3
2026-10-04T06:08:07,frontend,15.03515625,0.02601613939158115,0.0,0.0585,0.0282,0.0345,mem_leak_checkoutservice_3
2026-10-04T06:08:07,loadgenerator,90.23828125,0.006749424075052451,0.0,0.0585,0.0282,0.0345,mem_leak_checkoutservice_3
2026-10-04T06:08:07,cartservice,59.40625,0.008624707353108295,0.0,0.0585,0.0282,0.0345,mem_leak_checkoutservice_3
2026-10-04T06:08:07,currencyservice,38.375,0.02182404251321826,0.0,0.0585,0.0282,0.0345,mem_leak_checkoutservice_3
2026-10-04T06:08:07,paymentservice,32.16796875,0.0012512922994937273,0.0,0.0585,0.0282,0.0345,mem_leak_checkoutservice_3
2026-10-04T06:08:07,checkoutservice,7.45703125,0.000831950271586551,0.0,0.0585,0.0282,0.0345,mem_leak_checkoutservice_3
2026-10-04T06:08:12,redis-cart,5.93359375,0.0038069520252803296,0.0,0.0981,0.0228,0.0352,mem_leak_checkoutservice_3
2026-10-04T06:08:12,productcatalogservice,13.88671875,0.012465475150620983,0.0,0.0981,0.0228,0.0352,mem_leak_checkoutservice_3
2026-10-04T06:08:12,adservice,113.23046875,0.004626381504271623,0.0,0.0981,0.0228,0.0352,mem_leak_checkoutservice_3
2026-10-04T06:08:12,recommendationservice,32.6328125,0.013011978802244742,4.0,0.0981,0.0228,0.0352,mem_leak_checkoutservice_3
2026-10-04T06:08:12,emailservice,36.74609375,0.005004725085910877,0.0,0.0981,0.0228,0.0352,mem_leak_checkoutservice_3
2026-10-04T06:08:12,shippingservice,12.109375,0.0022225857850110063,0.0,0.0981,0.0228,0.0352,mem_leak_checkoutservice_3
2026-10-04T06:08:12,frontend,14.8203125,0.03242124622322978,0.0,0.0981,0.0228,0.0352,mem_leak_checkoutservice_3
2026-10-04T06:08:12,loadgenerator,89.93359375,0.006627234325904857,0.0,0.0981,0.0228,0.0352,mem_leak_checkoutservice_3
2026-10-04T06:08:12,cartservice,59.16796875,0.008288452229018917,0.0,0.0981,0.0228,0.0352,mem_leak_checkoutservice_3
2026-10-04T06:08:12,currencyservice,39.3515625,0.021413109538474046,0.0,0.0981,0.0228,0.0352,mem_leak_checkoutservice_3
2026-10-04T06:08:12,paymentservice,31.953125,0.0011911227154047066,0.0,0.0981,0.0228,0.0352,mem_leak_checkoutservice_3
2026-10-04T06:08:12,checkoutservice,7.484375,0.0011140014853613734,0.0,0.0981,0.0228,0.0352,mem_leak_checkoutservice_3
2026-10-04T06:08:17,redis-cart,5.93359375,0.0038069520252803296,0.0,0.0841,0.048,0.0386,mem_leak_checkoutservice_3
2026-10-04T06:08:17,productcatalogservice,13.88671875,0.008852849999999536,0.0,0.0841,0.048,0.0386,mem_leak_checkoutservice_3
2026-10-04T06:08:17,adservice,113.23046875,0.004626381504271623,0.0,0.0841,0.048,0.0386,mem_leak_checkoutservice_3
2026-10-04T06:08:17,recommendationservice,32.6328125,0.011665204364869734,4.0,0.0841,0.048,0.0386,mem_leak_checkoutservice_3
2026-10-04T06:08:17,emailservice,36.74609375,0.005004725085910877,0.0,0.0841,0.048,0.0386,mem_leak_checkoutservice_3
2026-10-04T06:08:17,shippingservice,12.109375,0.0022225857850110063,0.0,0.0841,0.048,0.0386,mem_leak_checkoutservice_3
2026-10-04T06:08:17,frontend,14.8203125,0.032567034619463316,0.0,0.0841,0.048,0.0386,mem_leak_checkoutservice_3
2026-10-04T06:08:17,loadgenerator,89.93359375,0.006627234325904857,0.0,0.0841,0.048,0.0386,mem_leak_checkoutservice_3
2026-10-04T06:08:17,cartservice,59.16796875,0.008288452229018918,0.0,0.0841,0.048,0.0386,mem_leak_checkoutservice_3
2026-10-04T06:08:17,currencyservice,39.3515625,0.021413109538474046,0.0,0.0841,0.048,0.0386,mem_leak_checkoutservice_3
2026-10-04T06:08:17,paymentservice,31.953125,0.0011911227154047066,0.0,0.0841,0.048,0.0386,mem_leak_checkoutservice_3
2026-10-04T06:08:17,checkoutservice,7.484375,0.0012531507983747831,0.0,0.0841,0.048,0.0386,mem_leak_checkoutservice_3
2026-10-04T06:08:22,redis-cart,5.93359375,0.0030869797449737313,0.0,0.0548,0.0261,0.0293,mem_leak_checkoutservice_3
2026-10-04T06:08:22,productcatalogservice,14.41796875,0.012198172764861256,0.0,0.0548,0.0261,0.0293,mem_leak_checkoutservice_3
2026-10-04T06:08:22,adservice,113.23046875,0.0037696888264574244,0.0,0.0548,0.0261,0.0293,mem_leak_checkoutservice_3
2026-10-04T06:08:22,recommendationservice,32.890625,0.014075404442007028,4.0,0.0548,0.0261,0.0293,mem_leak_checkoutservice_3
2026-10-04T06:08:22,emailservice,36.74609375,0.0042089977242462644,0.0,0.0548,0.0261,0.0293,mem_leak_checkoutservice_3
2026-10-04T06:08:22,shippingservice,12.109375,0.0017715305214912307,0.0,0.0548,0.0261,0.0293,mem_leak_checkoutservice_3
2026-10-04T06:08:22,frontend,15.50390625,0.03238199534935793,0.0,0.0548,0.0261,0.0293,mem_leak_checkoutservice_3
2026-10-04T06:08:22,loadgenerator,89.93359375,0.006173608646553978,0.0,0.0548,0.0261,0.0293,mem_leak_checkoutservice_3
2026-10-04T06:08:22,cartservice,58.66796875,0.00663813185170709,0.0,0.0548,0.0261,0.0293,mem_leak_checkoutservice_3
2026-10-04T06:08:22,currencyservice,38.2734375,0.021464938044974968,0.0,0.0548,0.0261,0.0293,mem_leak_checkoutservice_3
2026-10-04T06:08:22,paymentservice,31.953125,0.0012324389107130987,0.0,0.0548,0.0261,0.0293,mem_leak_checkoutservice_3
2026-10-04T06:08:22,checkoutservice,7.234375,0.0013436948853615524,0.0,0.0548,0.0261,0.0293,mem_leak_checkoutservice_3
2026-10-04T06:08:27,redis-cart,5.93359375,0.0027424013772778056,0.0,0.1794,0.0501,0.042,mem_leak_checkoutservice_3
2026-10-04T06:08:27,productcatalogservice,14.41796875,0.012198172764861256,0.0,0.1794,0.0501,0.042,mem_leak_checkoutservice_3
2026-10-04T06:08:27,adservice,113.23046875,0.003058395666015239,0.0,0.1794,0.0501,0.042,mem_leak_checkoutservice_3
2026-10-04T06:08:27,recommendationservice,32.890625,0.014075404442007028,4.0,0.1794,0.0501,0.042,mem_leak_checkoutservice_3
2026-10-04T06:08:27,emailservice,36.74609375,0.005010413337594505,0.0,0.1794,0.0501,0.042,mem_leak_checkoutservice_3
2026-10-04T06:08:27,shippingservice,12.109375,0.0014463187037030841,0.0,0.1794,0.0501,0.042,mem_leak_checkoutservice_3
2026-10-04T06:08:27,frontend,15.50390625,0.03238199534935793,0.0,0.1794,0.0501,0.042,mem_leak_checkoutservice_3
2026-10-04T06:08:27,loadgenerator,89.93359375,0.004934128093911463,0.0,0.1794,0.0501,0.042,mem_leak_checkoutservice_3
2026-10-04T06:08:27,cartservice,58.66796875,0.008094158557295741,0.0,0.1794,0.0501,0.042,mem_leak_checkoutservice_3
2026-10-04T06:08:27,currencyservice,38.2734375,0.021464938044974968,0.0,0.1794,0.0501,0.042,mem_leak_checkoutservice_3
2026-10-04T06:08:27,paymentservice,31.953125,0.0009568963812504176,0.0,0.1794,0.0501,0.042,mem_leak_checkoutservice_3
2026-10-04T06:08:27,checkoutservice,7.234375,0.0016828974723711572,0.0,0.1794,0.0501,0.042,mem_leak_checkoutservice_3
2026-10-04T06:08:33,redis-cart,6.43359375,0.0034297344259304964,0.0,0.1139,0.0256,0.071,mem_leak_checkoutservice_3
2026-10-04T06:08:33,productcatalogservice,14.41796875,0.010712891285733541,0.0,0.1139,0.0256,0.071,mem_leak_checkoutservice_3
2026-10-04T06:08:33,adservice,112.96875,0.003683787799686121,0.0,0.1139,0.0256,0.071,mem_leak_checkoutservice_3
2026-10-04T06:08:33,recommendationservice,32.890625,0.01436997270791233,4.0,0.1139,0.0256,0.071,mem_leak_checkoutservice_3
2026-10-04T06:08:33,emailservice,36.74609375,0.004096179917261428,0.0,0.1139,0.0256,0.071,mem_leak_checkoutservice_3
2026-10-04T06:08:33,shippingservice,11.8515625,0.0017280241658658377,0.0,0.1139,0.0256,0.071,mem_leak_checkoutservice_3
2026-10-04T06:08:33,frontend,15.50390625,0.03238199534935793,0.0,0.1139,0.0256,0.071,mem_leak_checkoutservice_3
2026-10-04T06:08:33,loadgenerator,89.953125,0.00674205506080132,0.0,0.1139,0.0256,0.071,mem_leak_checkoutservice_3
2026-10-04T06:08:33,cartservice,61.8984375,0.008597161684810764,0.0,0.1139,0.0256,0.071,mem_leak_checkoutservice_3
2026-10-04T06:08:33,currencyservice,38.2734375,0.021464938044974968,0.0,0.1139,0.0256,0.071,mem_leak_checkoutservice_3
2026-10-04T06:08:33,paymentservice,32.0,0.0014506992466252746,0.0,0.1139,0.0256,0.071,mem_leak_checkoutservice_3
2026-10-04T06:08:33,checkoutservice,7.234375,0.0014128952717900093,0.0,0.1139,0.0256,0.071,mem_leak_checkoutservice_3
2026-10-04T06:08:38,redis-cart,6.43359375,0.0035551259501328393,0.0,0.078,0.0504,0.0197,mem_leak_checkoutservice_3
2026-10-04T06:08:38,productcatalogservice,14.41796875,0.00978211989760192,0.0,0.078,0.0504,0.0197,mem_leak_checkoutservice_3
2026-10-04T06:08:38,adservice,112.96875,0.003833918701059255,0.0,0.078,0.0504,0.0197,mem_leak_checkoutservice_3
2026-10-04T06:08:38,recommendationservice,32.890625,0.01111319801832285,4.0,0.078,0.0504,0.0197,mem_leak_checkoutservice_3
2026-10-04T06:08:38,emailservice,36.74609375,0.003660190450001746,0.0,0.078,0.0504,0.0197,mem_leak_checkoutservice_3
2026-10-04T06:08:38,shippingservice,11.8515625,0.0017280241658658377,0.0,0.078,0.0504,0.0197,mem_leak_checkoutservice_3
2026-10-04T06:08:38,frontend,15.50390625,0.025217780696317475,0.0,0.078,0.0504,0.0197,mem_leak_checkoutservice_3
2026-10-04T06:08:38,loadgenerator,89.953125,0.004556024999999409,0.0,0.078,0.0504,0.0197,mem_leak_checkoutservice_3
2026-10-04T06:08:38,cartservice,61.8984375,0.008597161684810764,0.0,0.078,0.0504,0.0197,mem_leak_checkoutservice_3
2026-10-04T06:08:38,currencyservice,38.2734375,0.011972300000000047,0.0,0.078,0.0504,0.0197,mem_leak_checkoutservice_3
2026-10-04T06:08:38,paymentservice,32.0,0.0009676750000000122,0.0,0.078,0.0504,0.0197,mem_leak_checkoutservice_3
2026-10-04T06:08:38,checkoutservice,7.234375,0.001266455143402512,0.0,0.078,0.0504,0.0197,mem_leak_checkoutservice_3
2026-10-04T06:08:43,redis-cart,6.42578125,0.004122714932127133,0.0,0.0484,0.026,0.036,mem_leak_checkoutservice_3
2026-10-04T06:08:43,productcatalogservice,14.40234375,0.012572718642747645,0.0,0.0484,0.026,0.036,mem_leak_checkoutservice_3
2026-10-04T06:08:43,adservice,112.96875,0.003833918701059255,0.0,0.0484,0.026,0.036,mem_leak_checkoutservice_3
2026-10-04T06:08:43,recommendationservice,32.62890625,0.013897097559137808,4.0,0.0484,0.026,0.036,mem_leak_checkoutservice_3
2026-10-04T06:08:43,emailservice,37.2265625,0.005525968124486645,0.0,0.0484,0.026,0.036,mem_leak_checkoutservice_3
2026-10-04T06:08:43,shippingservice,11.84765625,0.0016773498598200262,0.0,0.0484,0.026,0.036,mem_leak_checkoutservice_3
2026-10-04T06:08:43,frontend,15.66015625,0.029193587430633848,0.0,0.0484,0.026,0.036,mem_leak_checkoutservice_3
2026-10-04T06:08:43,loadgenerator,89.96484375,0.007060980798892528,0.0,0.0484,0.026,0.036,mem_leak_checkoutservice_3
2026-10-04T06:08:43,cartservice,61.8984375,0.007305041631339702,0.0,0.0484,0.026,0.036,mem_leak_checkoutservice_3
2026-10-04T06:08:43,currencyservice,38.7109375,0.017322372990009858,0.0,0.0484,0.026,0.036,mem_leak_checkoutservice_3
2026-10-04T06:08:43,paymentservice,32.0,0.001136371620714393,0.0,0.0484,0.026,0.036,mem_leak_checkoutservice_3
2026-10-04T06:08:43,checkoutservice,7.1875,0.001665747760165402,0.0,0.0484,0.026,0.036,mem_leak_checkoutservice_3
2026-10-04T06:08:48,redis-cart,6.42578125,0.004122714932127133,0.0,0.0691,0.0274,0.0245,mem_leak_checkoutservice_3
2026-10-04T06:08:48,productcatalogservice,14.40234375,0.010156696134451424,0.0,0.0691,0.0274,0.0245,mem_leak_checkoutservice_3
2026-10-04T06:08:48,adservice,112.96875,0.0029017652675417138,0.0,0.0691,0.0274,0.0245,mem_leak_checkoutservice_3
2026-10-04T06:08:48,recommendationservice,32.62890625,0.013897097559137808,4.0,0.0691,0.0274,0.0245,mem_leak_checkoutservice_3
2026-10-04T06:08:48,emailservice,37.2265625,0.005525968124486645,0.0,0.0691,0.0274,0.0245,mem_leak_checkoutservice_3
2026-10-04T06:08:48,shippingservice,11.84765625,0.0016773498598200262,0.0,0.0691,0.0274,0.0245,mem_leak_checkoutservice_3
2026-10-04T06:08:48,frontend,15.66015625,0.022783589345075995,0.0,0.0691,0.0274,0.0245,mem_leak_checkoutservice_3
2026-10-04T06:08:48,loadgenerator,89.96484375,0.006028547723081125,0.0,0.0691,0.0274,0.0245,mem_leak_checkoutservice_3
2026-10-04T06:08:48,cartservice,61.8984375,0.006558073916184391,0.0,0.0691,0.0274,0.0245,mem_leak_checkoutservice_3
2026-10-04T06:08:48,currencyservice,38.7109375,0.014439256476633714,0.0,0.0691,0.0274,0.0245,mem_leak_checkoutservice_3
2026-10-04T06:08:48,paymentservice,32.0,0.001006011127297627,0.0,0.0691,0.0274,0.0245,mem_leak_checkoutservice_3
2026-10-04T06:08:48,checkoutservice,7.1875,0.0013775595164254527,0.0,0.0691,0.0274,0.0245,mem_leak_checkoutservice_3
2026-10-04T06:08:54,redis-cart,6.42578125,0.0034531029679638493,0.0,0.1439,0.1387,0.1005,mem_leak_checkoutservice_3
2026-10-04T06:08:54,productcatalogservice,14.171875,0.012265019075170566,0.0,0.1439,0.1387,0.1005,mem_leak_checkoutservice_3
2026-10-04T06:08:54,adservice,112.6171875,0.0036679659423890323,0.0,0.1439,0.1387,0.1005,mem_leak_checkoutservice_3
2026-10-04T06:08:54,recommendationservice,32.62890625,0.013897097559137808,4.0,0.1439,0.1387,0.1005,mem_leak_checkoutservice_3
2026-10-04T06:08:54,emailservice,36.7421875,0.005040614581146757,0.0,0.1439,0.1387,0.1005,mem_leak_checkoutservice_3
2026-10-04T06:08:54,shippingservice,12.09765625,0.0016433869394612206,0.0,0.1439,0.1387,0.1005,mem_leak_checkoutservice_3
2026-10-04T06:08:54,frontend,14.765625,0.029263106487367685,0.0,0.1439,0.1387,0.1005,mem_leak_checkoutservice_3
2026-10-04T06:08:54,loadgenerator,90.4609375,0.007222641131053011,0.0,0.1439,0.1387,0.1005,mem_leak_checkoutservice_3
2026-10-04T06:08:54,cartservice,62.1953125,0.007885917593183694,0.0,0.1439,0.1387,0.1005,mem_leak_checkoutservice_3
2026-10-04T06:08:54,currencyservice,38.7109375,0.012864075359408821,0.0,0.1439,0.1387,0.1005,mem_leak_checkoutservice_3
2026-10-04T06:08:54,paymentservice,32.578125,0.002097518214936247,0.0,0.1439,0.1387,0.1005,mem_leak_checkoutservice_3
2026-10-04T06:08:54,checkoutservice,7.44921875,0.0014900143913954586,0.0,0.1439,0.1387,0.1005,mem_leak_checkoutservice_3
2026-10-04T06:08:59,redis-cart,6.1796875,0.004232218238900946,0.0,0.0237,0.0273,0.0216,mem_leak_checkoutservice_3
2026-10-04T06:08:59,productcatalogservice,14.171875,0.012265019075170566,0.0,0.0237,0.0273,0.0216,mem_leak_checkoutservice_3
2026-10-04T06:08:59,adservice,112.6171875,0.0036679659423890323,0.0,0.0237,0.0273,0.0216,mem_leak_checkoutservice_3
2026-10-04T06:08:59,recommendationservice,33.38671875,0.015347792187541658,4.0,0.0237,0.0273,0.0216,mem_leak_checkoutservice_3
2026-10-04T06:08:59,emailservice,36.7421875,0.005040614581146757,0.0,0.0237,0.0273,0.0216,mem_leak_checkoutservice_3
2026-10-04T06:08:59,shippingservice,11.8515625,0.0016476169380145633,0.0,0.0237,0.0273,0.0216,mem_leak_checkoutservice_3
2026-10-04T06:08:59,frontend,14.765625,0.029263106487367685,0.0,0.0237,0.0273,0.0216,mem_leak_checkoutservice_3
2026-10-04T06:08:59,loadgenerator,90.4609375,0.007528265983032835,0.0,0.0237,0.0273,0.0216,mem_leak_checkoutservice_3
2026-10-04T06:08:59,cartservice,61.6484375,0.009101937090486099,0.0,0.0237,0.0273,0.0216,mem_leak_checkoutservice_3
2026-10-04T06:08:59,currencyservice,38.73828125,0.017603484627325507,0.0,0.0237,0.0273,0.0216,mem_leak_checkoutservice_3
2026-10-04T06:08:59,paymentservice,32.578125,0.002022482449367069,0.0,0.0237,0.0273,0.0216,mem_leak_checkoutservice_3
2026-10-04T06:08:59,checkoutservice,7.44921875,0.0014900143913954586,0.0,0.0237,0.0273,0.0216,mem_leak_checkoutservice_3
